year,team,player
2005,Atlanta Hawks,Al Harrington
2005,Atlanta Hawks,Joe Johnson
2005,Atlanta Hawks,John Edwards
2005,Atlanta Hawks,Josh Childress
2005,Atlanta Hawks,Josh Smith
2005,Atlanta Hawks,Royal Ivey
2005,Atlanta Hawks,Tyronn Lue
2005,Atlanta Hawks,Zaza Pachulia
2005,Boston Celtics,Al Jefferson
2005,Boston Celtics,Brian Scalabrine
2005,Boston Celtics,Dan Dickau
2005,Boston Celtics,Delonte West
2005,Boston Celtics,Kendrick Perkins
2005,Boston Celtics,Michael Olowokandi
2005,Boston Celtics,Paul Pierce
2005,Boston Celtics,Raef LaFrentz
2005,Boston Celtics,Tony Allen
2005,Boston Celtics,Wally Szczerbiak
2005,Brooklyn Nets,Bostjan Nachbar
2005,Brooklyn Nets,Jacque Vaughn
2005,Brooklyn Nets,Jason Collins
2005,Brooklyn Nets,Jason Kidd
2005,Brooklyn Nets,John Thomas
2005,Brooklyn Nets,Lamond Murray
2005,Brooklyn Nets,Nenad Krstic
2005,Brooklyn Nets,Richard Jefferson
2005,Brooklyn Nets,Scott Padgett
2005,Brooklyn Nets,Vince Carter
2005,Charlotte Hornets,Bernard Robinson
2005,Charlotte Hornets,Brevin Knight
2005,Charlotte Hornets,Emeka Okafor
2005,Charlotte Hornets,Gerald Wallace
2005,Charlotte Hornets,Jake Voskuhl
2005,Charlotte Hornets,Jumaine Jones
2005,Charlotte Hornets,Matt Carroll
2005,Charlotte Hornets,Melvin Ely
2005,Charlotte Hornets,Primoz Brezec
2005,Chicago Bulls,Andres Nocioni
2005,Chicago Bulls,Ben Gordon
2005,Chicago Bulls,Chris Duhon
2005,Chicago Bulls,Darius Songaila
2005,Chicago Bulls,Eric Piatkowski
2005,Chicago Bulls,Jannero Pargo
2005,Chicago Bulls,Kirk Hinrich
2005,Chicago Bulls,Malik Allen
2005,Chicago Bulls,Michael Sweetney
2005,Chicago Bulls,Othella Harrington
2005,Chicago Bulls,Randy Livingston
2005,Chicago Bulls,Tyson Chandler
2005,Cleveland Cavaliers,Alan Henderson
2005,Cleveland Cavaliers,Damon Jones
2005,Cleveland Cavaliers,Drew Gooden
2005,Cleveland Cavaliers,Flip Murray
2005,Cleveland Cavaliers,Ira Newble
2005,Cleveland Cavaliers,Larry Hughes
2005,Cleveland Cavaliers,LeBron James
2005,Cleveland Cavaliers,Sasha Pavlovic
2005,Cleveland Cavaliers,Zydrunas Ilgauskas
2005,Dallas Mavericks,Adrian Griffin
2005,Dallas Mavericks,Darrell Armstrong
2005,Dallas Mavericks,DeSagana Diop
2005,Dallas Mavericks,Devin Harris
2005,Dallas Mavericks,Erick Dampier
2005,Dallas Mavericks,Jason Terry
2005,Dallas Mavericks,Jerry Stackhouse
2005,Dallas Mavericks,Josh Howard
2005,Dallas Mavericks,Marquis Daniels
2005,Denver Nuggets,Andre Miller
2005,Denver Nuggets,Carmelo Anthony
2005,Denver Nuggets,DerMarr Johnson
2005,Denver Nuggets,Earl Boykins
2005,Denver Nuggets,Eduardo Najera
2005,Denver Nuggets,Francisco Elson
2005,Denver Nuggets,Greg Buckner
2005,Denver Nuggets,Howard Eisley
2005,Denver Nuggets,Kenyon Martin
2005,Denver Nuggets,Marcus Camby
2005,Denver Nuggets,Nene
2005,Denver Nuggets,Reggie Evans
2005,Denver Nuggets,Ruben Patterson
2005,Detroit Pistons,Antonio McDyess
2005,Detroit Pistons,Ben Wallace
2005,Detroit Pistons,Carlos Delfino
2005,Detroit Pistons,Chauncey Billups
2005,Detroit Pistons,Dale Davis
2005,Detroit Pistons,Kelvin Cato
2005,Detroit Pistons,Lindsey Hunter
2005,Detroit Pistons,Maurice Evans
2005,Detroit Pistons,Rasheed Wallace
2005,Detroit Pistons,Richard Hamilton
2005,Detroit Pistons,Tayshaun Prince
2005,Detroit Pistons,Tony Delk
2005,Golden State Warriors,Adonal Foyle
2005,Golden State Warriors,Baron Davis
2005,Golden State Warriors,Derek Fisher
2005,Golden State Warriors,Jason Richardson
2005,Golden State Warriors,Mickael Pietrus
2005,Golden State Warriors,Mike Dunleavy
2005,Golden State Warriors,Troy Murphy
2005,Houston Rockets,David Wesley
2005,Houston Rockets,Keith Bogans
2005,Houston Rockets,Maciej Lampe
2005,Houston Rockets,Rafer Alston
2005,Houston Rockets,Richie Frahm
2005,Houston Rockets,Rick Brunson
2005,Houston Rockets,Ryan Bowen
2005,Houston Rockets,Stromile Swift
2005,Houston Rockets,Tracy McGrady
2005,Indiana Pacers,Anthony Johnson
2005,Indiana Pacers,Austin Croshere
2005,Indiana Pacers,Fred Jones
2005,Indiana Pacers,Jamaal Tinsley
2005,Indiana Pacers,Jermaine O'Neal
2005,Indiana Pacers,Peja Stojakovic
2005,Indiana Pacers,Scot Pollard
2005,Indiana Pacers,Stephen Jackson
2005,Los Angeles Clippers,Chris Kaman
2005,Los Angeles Clippers,Cuttino Mobley
2005,Los Angeles Clippers,Elton Brand
2005,Los Angeles Clippers,Quinton Ross
2005,Los Angeles Clippers,Sam Cassell
2005,Los Angeles Clippers,Shaun Livingston
2005,Los Angeles Clippers,Vin Baker
2005,Los Angeles Clippers,Vladimir Radmanovic
2005,Los Angeles Clippers,Walter McCarty
2005,Los Angeles Lakers,Aaron McKie
2005,Los Angeles Lakers,Brian Cook
2005,Los Angeles Lakers,Chris Mihm
2005,Los Angeles Lakers,Devean George
2005,Los Angeles Lakers,Jim Jackson
2005,Los Angeles Lakers,Kwame Brown
2005,Los Angeles Lakers,Luke Walton
2005,Los Angeles Lakers,Sasha Vujacic
2005,Memphis Grizzlies,Bobby Jackson
2005,Memphis Grizzlies,Brian Cardinal
2005,Memphis Grizzlies,Chucky Atkins
2005,Memphis Grizzlies,Dahntay Jones
2005,Memphis Grizzlies,Damon Stoudamire
2005,Memphis Grizzlies,Eddie Jones
2005,Memphis Grizzlies,Lorenzen Wright
2005,Memphis Grizzlies,Mike Miller
2005,Memphis Grizzlies,Pau Gasol
2005,Memphis Grizzlies,Shane Battier
2005,Miami Heat,Antoine Walker
2005,Miami Heat,Derek Anderson
2005,Miami Heat,Dorell Wright
2005,Miami Heat,Gary Payton
2005,Miami Heat,James Posey
2005,Miami Heat,Jason Kapono
2005,Miami Heat,Jason Williams
2005,Miami Heat,Michael Doleac
2005,Miami Heat,Shaquille O'Neal
2005,Milwaukee Bucks,Bobby Simmons
2005,Milwaukee Bucks,Dan Gadzuric
2005,Milwaukee Bucks,Ervin Johnson
2005,Milwaukee Bucks,Jamaal Magloire
2005,Milwaukee Bucks,Jermaine Jackson
2005,Milwaukee Bucks,Jiri Welsch
2005,Milwaukee Bucks,Michael Redd
2005,Milwaukee Bucks,Mo Williams
2005,Minnesota Timberwolves,Anthony Carter
2005,Minnesota Timberwolves,Justin Reed
2005,Minnesota Timberwolves,Kevin Garnett
2005,Minnesota Timberwolves,Marcus Banks
2005,Minnesota Timberwolves,Mark Blount
2005,Minnesota Timberwolves,Marko Jaric
2005,Minnesota Timberwolves,Ricky Davis
2005,Minnesota Timberwolves,Ronald Dupree
2005,Minnesota Timberwolves,Trenton Hassell
2005,New Orleans Pelicans,Aaron Williams
2005,New Orleans Pelicans,David West
2005,New Orleans Pelicans,Desmond Mason
2005,New Orleans Pelicans,JR Smith
2005,New Orleans Pelicans,Kirk Snyder
2005,New Orleans Pelicans,Marc Jackson
2005,New Orleans Pelicans,Marcus Fizer
2005,New Orleans Pelicans,Moochie Norris
2005,New Orleans Pelicans,P.J. Brown
2005,New Orleans Pelicans,Rasual Butler
2005,New York Knicks,Jackie Butler
2005,New York Knicks,Jalen Rose
2005,New York Knicks,Jamal Crawford
2005,New York Knicks,Jerome James
2005,New York Knicks,Malik Rose
2005,New York Knicks,Quentin Richardson
2005,New York Knicks,Stephon Marbury
2005,New York Knicks,Steve Francis
2005,Oklahoma City Thunder,Chris Wilcox
2005,Oklahoma City Thunder,Damien Wilkins
2005,Oklahoma City Thunder,Earl Watson
2005,Oklahoma City Thunder,Luke Ridnour
2005,Oklahoma City Thunder,Mike Wilks
2005,Oklahoma City Thunder,Mikki Moore
2005,Oklahoma City Thunder,Rashard Lewis
2005,Oklahoma City Thunder,Ray Allen
2005,Orlando Magic,Bo Outlaw
2005,Orlando Magic,Carlos Arroyo
2005,Orlando Magic,Darko Milicic
2005,Orlando Magic,DeShawn Stevenson
2005,Orlando Magic,Dwight Howard
2005,Orlando Magic,Keyon Dooling
2005,Orlando Magic,Tony Battie
2005,Orlando Magic,Trevor Ariza
2005,Philadelphia 76ers,Allen Iverson
2005,Philadelphia 76ers,Andre Iguodala
2005,Philadelphia 76ers,Chris Webber
2005,Philadelphia 76ers,John Salmons
2005,Philadelphia 76ers,Kevin Ollie
2005,Philadelphia 76ers,Kyle Korver
2005,Philadelphia 76ers,Samuel Dalembert
2005,Philadelphia 76ers,Steven Hunter
2005,Philadelphia 76ers,Willie Green
2005,Phoenix Suns,Amar'e Stoudemire
2005,Phoenix Suns,Boris Diaw
2005,Phoenix Suns,Brian Grant
2005,Phoenix Suns,Eddie House
2005,Phoenix Suns,James Jones
2005,Phoenix Suns,Kurt Thomas
2005,Phoenix Suns,Leandro Barbosa
2005,Phoenix Suns,Nikoloz Tskitishvili
2005,Phoenix Suns,Raja Bell
2005,Phoenix Suns,Shawn Marion
2005,Phoenix Suns,Steve Nash
2005,Phoenix Suns,Tim Thomas
2005,Portland Trail Blazers,Brian Skinner
2005,Portland Trail Blazers,Darius Miles
2005,Portland Trail Blazers,Joel Przybilla
2005,Portland Trail Blazers,Juan Dixon
2005,Portland Trail Blazers,Sebastian Telfair
2005,Portland Trail Blazers,Steve Blake
2005,Portland Trail Blazers,Theo Ratliff
2005,Portland Trail Blazers,Travis Outlaw
2005,Portland Trail Blazers,Viktor Khryapa
2005,Portland Trail Blazers,Voshon Lenard
2005,Sacramento Kings,Bonzi Wells
2005,Sacramento Kings,Brad Miller
2005,Sacramento Kings,Jason Hart
2005,Sacramento Kings,Kevin Martin
2005,Sacramento Kings,Metta World Peace
2005,Sacramento Kings,Mike Bibby
2005,Sacramento Kings,Shareef Abdur-Rahim
2005,Sacramento Kings,Vitaly Potapenko
2005,San Antonio Spurs,Beno Udrih
2005,San Antonio Spurs,Brent Barry
2005,San Antonio Spurs,Eric Williams
2005,San Antonio Spurs,Matt Bonner
2005,San Antonio Spurs,Michael Finley
2005,San Antonio Spurs,Nazr Mohammed
2005,San Antonio Spurs,Sean Marks
2005,Toronto Raptors,Andre Barrett
2005,Toronto Raptors,Chris Bosh
2005,Toronto Raptors,Kris Humphries
2005,Toronto Raptors,Mike James
2005,Toronto Raptors,Morris Peterson
2005,Toronto Raptors,Rasho Nesterovic
2005,Utah Jazz,Devin Brown
2005,Utah Jazz,Gordan Giricek
2005,Utah Jazz,Jarron Collins
2005,Utah Jazz,Keith McLeod
2005,Utah Jazz,Milt Palacio
2005,Utah Jazz,Rafael Araujo
2005,Washington Wizards,Antawn Jamison
2005,Washington Wizards,Antonio Daniels
2005,Washington Wizards,Billy Thomas
2005,Washington Wizards,Brendan Haywood
2005,Washington Wizards,Calvin Booth
2005,Washington Wizards,Caron Butler
2005,Washington Wizards,Etan Thomas
2005,Washington Wizards,Gilbert Arenas
2005,Washington Wizards,Jared Jeffries
2005,Washington Wizards,Michael Ruffin
2006,Atlanta Hawks,Anthony Johnson
2006,Atlanta Hawks,Joe Johnson
2006,Atlanta Hawks,Josh Childress
2006,Atlanta Hawks,Josh Smith
2006,Atlanta Hawks,Lorenzen Wright
2006,Atlanta Hawks,Marvin Williams
2006,Atlanta Hawks,Royal Ivey
2006,Atlanta Hawks,Salim Stoudamire
2006,Atlanta Hawks,Slava Medvedenko
2006,Atlanta Hawks,Speedy Claxton
2006,Atlanta Hawks,Tyronn Lue
2006,Atlanta Hawks,Zaza Pachulia
2006,Boston Celtics,Al Jefferson
2006,Boston Celtics,Brian Scalabrine
2006,Boston Celtics,Delonte West
2006,Boston Celtics,Gerald Green
2006,Boston Celtics,Kendrick Perkins
2006,Boston Celtics,Michael Olowokandi
2006,Boston Celtics,Paul Pierce
2006,Boston Celtics,Ryan Gomes
2006,Boston Celtics,Sebastian Telfair
2006,Boston Celtics,Theo Ratliff
2006,Boston Celtics,Tony Allen
2006,Boston Celtics,Wally Szczerbiak
2006,Brooklyn Nets,Antoine Wright
2006,Brooklyn Nets,Bernard Robinson
2006,Brooklyn Nets,Bostjan Nachbar
2006,Brooklyn Nets,Eddie House
2006,Brooklyn Nets,Jason Collins
2006,Brooklyn Nets,Jason Kidd
2006,Brooklyn Nets,Mikki Moore
2006,Brooklyn Nets,Nenad Krstic
2006,Brooklyn Nets,Richard Jefferson
2006,Brooklyn Nets,Vince Carter
2006,Charlotte Hornets,Alan Anderson
2006,Charlotte Hornets,Brevin Knight
2006,Charlotte Hornets,Derek Anderson
2006,Charlotte Hornets,Emeka Okafor
2006,Charlotte Hornets,Gerald Wallace
2006,Charlotte Hornets,Jake Voskuhl
2006,Charlotte Hornets,Jeff McInnis
2006,Charlotte Hornets,Matt Carroll
2006,Charlotte Hornets,Othella Harrington
2006,Charlotte Hornets,Primoz Brezec
2006,Charlotte Hornets,Raymond Felton
2006,Charlotte Hornets,Sean May
2006,Chicago Bulls,Adrian Griffin
2006,Chicago Bulls,Andre Barrett
2006,Chicago Bulls,Andres Nocioni
2006,Chicago Bulls,Ben Gordon
2006,Chicago Bulls,Ben Wallace
2006,Chicago Bulls,Chris Duhon
2006,Chicago Bulls,Kirk Hinrich
2006,Chicago Bulls,Luol Deng
2006,Chicago Bulls,Malik Allen
2006,Chicago Bulls,Martynas Andriuskevicius
2006,Chicago Bulls,Michael Sweetney
2006,Chicago Bulls,P.J. Brown
2006,Chicago Bulls,Viktor Khryapa
2006,Cleveland Cavaliers,Damon Jones
2006,Cleveland Cavaliers,David Wesley
2006,Cleveland Cavaliers,Donyell Marshall
2006,Cleveland Cavaliers,Drew Gooden
2006,Cleveland Cavaliers,Dwayne Jones
2006,Cleveland Cavaliers,Ira Newble
2006,Cleveland Cavaliers,Larry Hughes
2006,Cleveland Cavaliers,LeBron James
2006,Cleveland Cavaliers,Sasha Pavlovic
2006,Cleveland Cavaliers,Scot Pollard
2006,Cleveland Cavaliers,Zydrunas Ilgauskas
2006,Dallas Mavericks,Austin Croshere
2006,Dallas Mavericks,DJ Mbenga
2006,Dallas Mavericks,DeSagana Diop
2006,Dallas Mavericks,Devean George
2006,Dallas Mavericks,Devin Harris
2006,Dallas Mavericks,Erick Dampier
2006,Dallas Mavericks,Greg Buckner
2006,Dallas Mavericks,Jason Terry
2006,Dallas Mavericks,Jerry Stackhouse
2006,Dallas Mavericks,Josh Howard
2006,Dallas Mavericks,Kevin Willis
2006,Denver Nuggets,Allen Iverson
2006,Denver Nuggets,Anthony Carter
2006,Denver Nuggets,Carmelo Anthony
2006,Denver Nuggets,DerMarr Johnson
2006,Denver Nuggets,Eduardo Najera
2006,Denver Nuggets,JR Smith
2006,Denver Nuggets,Jamal Sampson
2006,Denver Nuggets,Kenyon Martin
2006,Denver Nuggets,Linas Kleiza
2006,Denver Nuggets,Marcus Camby
2006,Denver Nuggets,Nene
2006,Denver Nuggets,Reggie Evans
2006,Denver Nuggets,Steve Blake
2006,Detroit Pistons,Antonio McDyess
2006,Detroit Pistons,Chauncey Billups
2006,Detroit Pistons,Chris Webber
2006,Detroit Pistons,Dale Davis
2006,Detroit Pistons,Flip Murray
2006,Detroit Pistons,Jason Maxiell
2006,Detroit Pistons,Lindsey Hunter
2006,Detroit Pistons,Nazr Mohammed
2006,Detroit Pistons,Rasheed Wallace
2006,Detroit Pistons,Richard Hamilton
2006,Detroit Pistons,Ronald Dupree
2006,Detroit Pistons,Tayshaun Prince
2006,Golden State Warriors,Adonal Foyle
2006,Golden State Warriors,Al Harrington
2006,Golden State Warriors,Baron Davis
2006,Golden State Warriors,Jason Richardson
2006,Golden State Warriors,Josh Powell
2006,Golden State Warriors,Matt Barnes
2006,Golden State Warriors,Mickael Pietrus
2006,Golden State Warriors,Monta Ellis
2006,Golden State Warriors,Sarunas Jasikevicius
2006,Golden State Warriors,Stephen Jackson
2006,Houston Rockets,Bonzi Wells
2006,Houston Rockets,Chuck Hayes
2006,Houston Rockets,Jake Tsakalidis
2006,Houston Rockets,Kirk Snyder
2006,Houston Rockets,Luther Head
2006,Houston Rockets,Rafer Alston
2006,Houston Rockets,Shane Battier
2006,Houston Rockets,Tracy McGrady
2006,Indiana Pacers,Danny Granger
2006,Indiana Pacers,Darrell Armstrong
2006,Indiana Pacers,Ike Diogu
2006,Indiana Pacers,Jamaal Tinsley
2006,Indiana Pacers,Jermaine O'Neal
2006,Indiana Pacers,Keith McLeod
2006,Indiana Pacers,Marquis Daniels
2006,Indiana Pacers,Mike Dunleavy
2006,Indiana Pacers,Orien Greene
2006,Indiana Pacers,Troy Murphy
2006,Los Angeles Clippers,Aaron Williams
2006,Los Angeles Clippers,Chris Kaman
2006,Los Angeles Clippers,Corey Maggette
2006,Los Angeles Clippers,Cuttino Mobley
2006,Los Angeles Clippers,Elton Brand
2006,Los Angeles Clippers,James Singleton
2006,Los Angeles Clippers,Jason Hart
2006,Los Angeles Clippers,Quinton Ross
2006,Los Angeles Clippers,Sam Cassell
2006,Los Angeles Clippers,Shaun Livingston
2006,Los Angeles Clippers,Tim Thomas
2006,Los Angeles Lakers,Aaron McKie
2006,Los Angeles Lakers,Andrew Bynum
2006,Los Angeles Lakers,Brian Cook
2006,Los Angeles Lakers,Chris Mihm
2006,Los Angeles Lakers,Kwame Brown
2006,Los Angeles Lakers,Lamar Odom
2006,Los Angeles Lakers,Luke Walton
2006,Los Angeles Lakers,Maurice Evans
2006,Los Angeles Lakers,Ronny Turiaf
2006,Los Angeles Lakers,Sasha Vujacic
2006,Los Angeles Lakers,Smush Parker
2006,Los Angeles Lakers,Vladimir Radmanovic
2006,Memphis Grizzlies,Brian Cardinal
2006,Memphis Grizzlies,Chucky Atkins
2006,Memphis Grizzlies,Dahntay Jones
2006,Memphis Grizzlies,Damon Stoudamire
2006,Memphis Grizzlies,Hakim Warrick
2006,Memphis Grizzlies,Mike Miller
2006,Memphis Grizzlies,Pau Gasol
2006,Memphis Grizzlies,Stromile Swift
2006,Miami Heat,Antoine Walker
2006,Miami Heat,Dorell Wright
2006,Miami Heat,Eddie Jones
2006,Miami Heat,Gary Payton
2006,Miami Heat,James Posey
2006,Miami Heat,Jason Kapono
2006,Miami Heat,Jason Williams
2006,Miami Heat,Michael Doleac
2006,Miami Heat,Shaquille O'Neal
2006,Milwaukee Bucks,Andrew Bogut
2006,Milwaukee Bucks,Bobby Simmons
2006,Milwaukee Bucks,Brian Skinner
2006,Milwaukee Bucks,Charlie Bell
2006,Milwaukee Bucks,Charlie Villanueva
2006,Milwaukee Bucks,Dan Gadzuric
2006,Milwaukee Bucks,Earl Boykins
2006,Milwaukee Bucks,Jared Reiner
2006,Milwaukee Bucks,Michael Redd
2006,Milwaukee Bucks,Mo Williams
2006,Milwaukee Bucks,Ruben Patterson
2006,Minnesota Timberwolves,Kevin Garnett
2006,Minnesota Timberwolves,Mark Blount
2006,Minnesota Timberwolves,Marko Jaric
2006,Minnesota Timberwolves,Rashad McCants
2006,Minnesota Timberwolves,Ricky Davis
2006,Minnesota Timberwolves,Trenton Hassell
2006,New Orleans Pelicans,Bobby Jackson
2006,New Orleans Pelicans,Brandon Bass
2006,New Orleans Pelicans,Chris Paul
2006,New Orleans Pelicans,David West
2006,New Orleans Pelicans,Desmond Mason
2006,New Orleans Pelicans,Devin Brown
2006,New Orleans Pelicans,Jannero Pargo
2006,New Orleans Pelicans,Linton Johnson
2006,New Orleans Pelicans,Marc Jackson
2006,New Orleans Pelicans,Peja Stojakovic
2006,New Orleans Pelicans,Rasual Butler
2006,New Orleans Pelicans,Tyson Chandler
2006,New York Knicks,Channing Frye
2006,New York Knicks,David Lee
2006,New York Knicks,Eddy Curry
2006,New York Knicks,Jamal Crawford
2006,New York Knicks,Jared Jeffries
2006,New York Knicks,Jerome James
2006,New York Knicks,Kelvin Cato
2006,New York Knicks,Malik Rose
2006,New York Knicks,Nate Robinson
2006,New York Knicks,Quentin Richardson
2006,New York Knicks,Stephon Marbury
2006,New York Knicks,Steve Francis
2006,Oklahoma City Thunder,Chris Wilcox
2006,Oklahoma City Thunder,Damien Wilkins
2006,Oklahoma City Thunder,Earl Watson
2006,Oklahoma City Thunder,Johan Petro
2006,Oklahoma City Thunder,Luke Ridnour
2006,Oklahoma City Thunder,Mike Wilks
2006,Oklahoma City Thunder,Randy Livingston
2006,Oklahoma City Thunder,Rashard Lewis
2006,Oklahoma City Thunder,Ray Allen
2006,Orlando Magic,Bo Outlaw
2006,Orlando Magic,Carlos Arroyo
2006,Orlando Magic,Darko Milicic
2006,Orlando Magic,Dwight Howard
2006,Orlando Magic,Grant Hill
2006,Orlando Magic,Hedo Turkoglu
2006,Orlando Magic,Keith Bogans
2006,Orlando Magic,Keyon Dooling
2006,Orlando Magic,Tony Battie
2006,Orlando Magic,Travis Diener
2006,Orlando Magic,Trevor Ariza
2006,Philadelphia 76ers,Alan Henderson
2006,Philadelphia 76ers,Andre Iguodala
2006,Philadelphia 76ers,Andre Miller
2006,Philadelphia 76ers,Joe Smith
2006,Philadelphia 76ers,Kevin Ollie
2006,Philadelphia 76ers,Kyle Korver
2006,Philadelphia 76ers,Lou Williams
2006,Philadelphia 76ers,Samuel Dalembert
2006,Philadelphia 76ers,Shavlik Randolph
2006,Philadelphia 76ers,Steven Hunter
2006,Philadelphia 76ers,Willie Green
2006,Phoenix Suns,Amar'e Stoudemire
2006,Phoenix Suns,Boris Diaw
2006,Phoenix Suns,Eric Piatkowski
2006,Phoenix Suns,Jalen Rose
2006,Phoenix Suns,James Jones
2006,Phoenix Suns,Jumaine Jones
2006,Phoenix Suns,Kurt Thomas
2006,Phoenix Suns,Leandro Barbosa
2006,Phoenix Suns,Marcus Banks
2006,Phoenix Suns,Raja Bell
2006,Phoenix Suns,Sean Marks
2006,Phoenix Suns,Shawn Marion
2006,Phoenix Suns,Steve Nash
2006,Portland Trail Blazers,Dan Dickau
2006,Portland Trail Blazers,Darius Miles
2006,Portland Trail Blazers,Fred Jones
2006,Portland Trail Blazers,Ime Udoka
2006,Portland Trail Blazers,Jamaal Magloire
2006,Portland Trail Blazers,Jarrett Jack
2006,Portland Trail Blazers,Joel Przybilla
2006,Portland Trail Blazers,Luke Schenscher
2006,Portland Trail Blazers,Martell Webster
2006,Portland Trail Blazers,Raef LaFrentz
2006,Portland Trail Blazers,Travis Outlaw
2006,Portland Trail Blazers,Zach Randolph
2006,Sacramento Kings,Brad Miller
2006,Sacramento Kings,Francisco Garcia
2006,Sacramento Kings,John Salmons
2006,Sacramento Kings,Kevin Martin
2006,Sacramento Kings,Metta World Peace
2006,Sacramento Kings,Mike Bibby
2006,Sacramento Kings,Ronnie Price
2006,Sacramento Kings,Shareef Abdur-Rahim
2006,Sacramento Kings,Vitaly Potapenko
2006,San Antonio Spurs,Beno Udrih
2006,San Antonio Spurs,Brent Barry
2006,San Antonio Spurs,Fabricio Oberto
2006,San Antonio Spurs,Francisco Elson
2006,San Antonio Spurs,Jackie Butler
2006,San Antonio Spurs,Jacque Vaughn
2006,San Antonio Spurs,Matt Bonner
2006,San Antonio Spurs,Melvin Ely
2006,San Antonio Spurs,Michael Finley
2006,Toronto Raptors,Chris Bosh
2006,Toronto Raptors,Joey Graham
2006,Toronto Raptors,Jose Calderon
2006,Toronto Raptors,Juan Dixon
2006,Toronto Raptors,Kris Humphries
2006,Toronto Raptors,Luke Jackson
2006,Toronto Raptors,Morris Peterson
2006,Toronto Raptors,Rasho Nesterovic
2006,Toronto Raptors,T.J. Ford
2006,Utah Jazz,Andrei Kirilenko
2006,Utah Jazz,CJ Miles
2006,Utah Jazz,Carlos Boozer
2006,Utah Jazz,Derek Fisher
2006,Utah Jazz,Deron Williams
2006,Utah Jazz,Gordan Giricek
2006,Utah Jazz,Jarron Collins
2006,Utah Jazz,Rafael Araujo
2006,Washington Wizards,Andray Blatche
2006,Washington Wizards,Antawn Jamison
2006,Washington Wizards,Antonio Daniels
2006,Washington Wizards,Brendan Haywood
2006,Washington Wizards,Calvin Booth
2006,Washington Wizards,Caron Butler
2006,Washington Wizards,Darius Songaila
2006,Washington Wizards,DeShawn Stevenson
2006,Washington Wizards,Etan Thomas
2006,Washington Wizards,Gilbert Arenas
2006,Washington Wizards,Michael Ruffin
2007,Atlanta Hawks,Joe Johnson
2007,Atlanta Hawks,Josh Childress
2007,Atlanta Hawks,Josh Smith
2007,Atlanta Hawks,Marvin Williams
2007,Atlanta Hawks,Mike Bibby
2007,Atlanta Hawks,Salim Stoudamire
2007,Atlanta Hawks,Solomon Jones
2007,Atlanta Hawks,Speedy Claxton
2007,Atlanta Hawks,Zaza Pachulia
2007,Boston Celtics,Brian Scalabrine
2007,Boston Celtics,Eddie House
2007,Boston Celtics,James Posey
2007,Boston Celtics,Kendrick Perkins
2007,Boston Celtics,Kevin Garnett
2007,Boston Celtics,Leon Powe
2007,Boston Celtics,P.J. Brown
2007,Boston Celtics,Paul Pierce
2007,Boston Celtics,Ray Allen
2007,Boston Celtics,Sam Cassell
2007,Boston Celtics,Scot Pollard
2007,Boston Celtics,Tony Allen
2007,Brooklyn Nets,Bostjan Nachbar
2007,Brooklyn Nets,Darrell Armstrong
2007,Brooklyn Nets,DeSagana Diop
2007,Brooklyn Nets,Devin Harris
2007,Brooklyn Nets,Marcus Williams
2007,Brooklyn Nets,Maurice Ager
2007,Brooklyn Nets,Nenad Krstic
2007,Brooklyn Nets,Richard Jefferson
2007,Brooklyn Nets,Stromile Swift
2007,Brooklyn Nets,Trenton Hassell
2007,Brooklyn Nets,Vince Carter
2007,Charlotte Hornets,Adam Morrison
2007,Charlotte Hornets,Derek Anderson
2007,Charlotte Hornets,Earl Boykins
2007,Charlotte Hornets,Emeka Okafor
2007,Charlotte Hornets,Gerald Wallace
2007,Charlotte Hornets,Jason Richardson
2007,Charlotte Hornets,Matt Carroll
2007,Charlotte Hornets,Nazr Mohammed
2007,Charlotte Hornets,Othella Harrington
2007,Charlotte Hornets,Raymond Felton
2007,Charlotte Hornets,Ryan Hollins
2007,Charlotte Hornets,Sean May
2007,Chicago Bulls,Andres Nocioni
2007,Chicago Bulls,Ben Gordon
2007,Chicago Bulls,Cedric Simmons
2007,Chicago Bulls,Chris Duhon
2007,Chicago Bulls,Drew Gooden
2007,Chicago Bulls,Kirk Hinrich
2007,Chicago Bulls,Larry Hughes
2007,Chicago Bulls,Luol Deng
2007,Chicago Bulls,Shannon Brown
2007,Chicago Bulls,Thabo Sefolosha
2007,Chicago Bulls,Tyrus Thomas
2007,Cleveland Cavaliers,Ben Wallace
2007,Cleveland Cavaliers,Billy Thomas
2007,Cleveland Cavaliers,Damon Jones
2007,Cleveland Cavaliers,Delonte West
2007,Cleveland Cavaliers,Devin Brown
2007,Cleveland Cavaliers,Dwayne Jones
2007,Cleveland Cavaliers,Joe Smith
2007,Cleveland Cavaliers,LeBron James
2007,Cleveland Cavaliers,Sasha Pavlovic
2007,Cleveland Cavaliers,Wally Szczerbiak
2007,Cleveland Cavaliers,Zydrunas Ilgauskas
2007,Dallas Mavericks,Antoine Wright
2007,Dallas Mavericks,Brandon Bass
2007,Dallas Mavericks,Devean George
2007,Dallas Mavericks,Eddie Jones
2007,Dallas Mavericks,Erick Dampier
2007,Dallas Mavericks,J.J. Barea
2007,Dallas Mavericks,Jamaal Magloire
2007,Dallas Mavericks,Jason Kidd
2007,Dallas Mavericks,Jason Terry
2007,Dallas Mavericks,Jerry Stackhouse
2007,Dallas Mavericks,Josh Howard
2007,Dallas Mavericks,Juwan Howard
2007,Dallas Mavericks,Malik Allen
2007,Dallas Mavericks,Tyronn Lue
2007,Denver Nuggets,Allen Iverson
2007,Denver Nuggets,Anthony Carter
2007,Denver Nuggets,Bobby Jones
2007,Denver Nuggets,Carmelo Anthony
2007,Denver Nuggets,Chucky Atkins
2007,Denver Nuggets,Eduardo Najera
2007,Denver Nuggets,JR Smith
2007,Denver Nuggets,Kenyon Martin
2007,Denver Nuggets,Linas Kleiza
2007,Denver Nuggets,Marcus Camby
2007,Denver Nuggets,Nene
2007,Denver Nuggets,Steven Hunter
2007,Denver Nuggets,Yakhouba Diawara
2007,Detroit Pistons,Amir Johnson
2007,Detroit Pistons,Antonio McDyess
2007,Detroit Pistons,Chauncey Billups
2007,Detroit Pistons,Jarvis Hayes
2007,Detroit Pistons,Jason Maxiell
2007,Detroit Pistons,Juan Dixon
2007,Detroit Pistons,Lindsey Hunter
2007,Detroit Pistons,Rasheed Wallace
2007,Detroit Pistons,Richard Hamilton
2007,Detroit Pistons,Tayshaun Prince
2007,Detroit Pistons,Theo Ratliff
2007,Detroit Pistons,Walter Herrmann
2007,Golden State Warriors,Al Harrington
2007,Golden State Warriors,Austin Croshere
2007,Golden State Warriors,Baron Davis
2007,Golden State Warriors,Kelenna Azubuike
2007,Golden State Warriors,Matt Barnes
2007,Golden State Warriors,Mickael Pietrus
2007,Golden State Warriors,Monta Ellis
2007,Golden State Warriors,Patrick O'Bryant
2007,Golden State Warriors,Stephen Jackson
2007,Houston Rockets,Bobby Jackson
2007,Houston Rockets,Chuck Hayes
2007,Houston Rockets,Loren Woods
2007,Houston Rockets,Luther Head
2007,Houston Rockets,Rafer Alston
2007,Houston Rockets,Shane Battier
2007,Houston Rockets,Steve Francis
2007,Houston Rockets,Steve Novak
2007,Houston Rockets,Tracy McGrady
2007,Indiana Pacers,Andre Owens
2007,Indiana Pacers,Danny Granger
2007,Indiana Pacers,Flip Murray
2007,Indiana Pacers,Ike Diogu
2007,Indiana Pacers,Jamaal Tinsley
2007,Indiana Pacers,Jermaine O'Neal
2007,Indiana Pacers,Marquis Daniels
2007,Indiana Pacers,Mike Dunleavy
2007,Indiana Pacers,Shawne Williams
2007,Indiana Pacers,Stephen Graham
2007,Indiana Pacers,Travis Diener
2007,Indiana Pacers,Troy Murphy
2007,Los Angeles Clippers,Brevin Knight
2007,Los Angeles Clippers,Chris Kaman
2007,Los Angeles Clippers,Corey Maggette
2007,Los Angeles Clippers,Cuttino Mobley
2007,Los Angeles Clippers,Dan Dickau
2007,Los Angeles Clippers,Elton Brand
2007,Los Angeles Clippers,Josh Powell
2007,Los Angeles Clippers,Marcus Williams
2007,Los Angeles Clippers,Quinton Ross
2007,Los Angeles Clippers,Shaun Livingston
2007,Los Angeles Clippers,Smush Parker
2007,Los Angeles Clippers,Tim Thomas
2007,Los Angeles Lakers,Andrew Bynum
2007,Los Angeles Lakers,Chris Mihm
2007,Los Angeles Lakers,DJ Mbenga
2007,Los Angeles Lakers,Derek Fisher
2007,Los Angeles Lakers,Ira Newble
2007,Los Angeles Lakers,Jordan Farmar
2007,Los Angeles Lakers,Lamar Odom
2007,Los Angeles Lakers,Luke Walton
2007,Los Angeles Lakers,Pau Gasol
2007,Los Angeles Lakers,Ronny Turiaf
2007,Los Angeles Lakers,Sasha Vujacic
2007,Los Angeles Lakers,Trevor Ariza
2007,Los Angeles Lakers,Vladimir Radmanovic
2007,Memphis Grizzlies,Andre Brown
2007,Memphis Grizzlies,Brian Cardinal
2007,Memphis Grizzlies,Casey Jacobsen
2007,Memphis Grizzlies,Darko Milicic
2007,Memphis Grizzlies,Hakim Warrick
2007,Memphis Grizzlies,Jason Collins
2007,Memphis Grizzlies,Kwame Brown
2007,Memphis Grizzlies,Kyle Lowry
2007,Memphis Grizzlies,Mike Miller
2007,Memphis Grizzlies,Rudy Gay
2007,Miami Heat,Alexander Johnson
2007,Miami Heat,Chris Quinn
2007,Miami Heat,Dorell Wright
2007,Miami Heat,Earl Barron
2007,Miami Heat,Jason Williams
2007,Miami Heat,Marcus Banks
2007,Miami Heat,Mark Blount
2007,Miami Heat,Ricky Davis
2007,Miami Heat,Shawn Marion
2007,Milwaukee Bucks,Andrew Bogut
2007,Milwaukee Bucks,Awvee Storey
2007,Milwaukee Bucks,Bobby Simmons
2007,Milwaukee Bucks,Charlie Bell
2007,Milwaukee Bucks,Charlie Villanueva
2007,Milwaukee Bucks,Dan Gadzuric
2007,Milwaukee Bucks,Desmond Mason
2007,Milwaukee Bucks,Jake Voskuhl
2007,Milwaukee Bucks,Michael Redd
2007,Milwaukee Bucks,Michael Ruffin
2007,Milwaukee Bucks,Mo Williams
2007,Milwaukee Bucks,Royal Ivey
2007,Minnesota Timberwolves,Al Jefferson
2007,Minnesota Timberwolves,Antoine Walker
2007,Minnesota Timberwolves,Craig Smith
2007,Minnesota Timberwolves,Greg Buckner
2007,Minnesota Timberwolves,Kirk Snyder
2007,Minnesota Timberwolves,Marko Jaric
2007,Minnesota Timberwolves,Michael Doleac
2007,Minnesota Timberwolves,Randy Foye
2007,Minnesota Timberwolves,Rashad McCants
2007,Minnesota Timberwolves,Ryan Gomes
2007,Minnesota Timberwolves,Sebastian Telfair
2007,New Orleans Pelicans,Bonzi Wells
2007,New Orleans Pelicans,Chris Andersen
2007,New Orleans Pelicans,Chris Paul
2007,New Orleans Pelicans,David West
2007,New Orleans Pelicans,Hilton Armstrong
2007,New Orleans Pelicans,Jannero Pargo
2007,New Orleans Pelicans,Melvin Ely
2007,New Orleans Pelicans,Mike James
2007,New Orleans Pelicans,Morris Peterson
2007,New Orleans Pelicans,Peja Stojakovic
2007,New Orleans Pelicans,Rasual Butler
2007,New Orleans Pelicans,Ryan Bowen
2007,New Orleans Pelicans,Tyson Chandler
2007,New York Knicks,David Lee
2007,New York Knicks,Eddy Curry
2007,New York Knicks,Fred Jones
2007,New York Knicks,Jamal Crawford
2007,New York Knicks,Jared Jeffries
2007,New York Knicks,Jerome James
2007,New York Knicks,Malik Rose
2007,New York Knicks,Mardy Collins
2007,New York Knicks,Nate Robinson
2007,New York Knicks,Quentin Richardson
2007,New York Knicks,Randolph Morris
2007,New York Knicks,Renaldo Balkman
2007,New York Knicks,Stephon Marbury
2007,New York Knicks,Zach Randolph
2007,Oklahoma City Thunder,Adrian Griffin
2007,Oklahoma City Thunder,Chris Wilcox
2007,Oklahoma City Thunder,Damien Wilkins
2007,Oklahoma City Thunder,Donyell Marshall
2007,Oklahoma City Thunder,Earl Watson
2007,Oklahoma City Thunder,Francisco Elson
2007,Oklahoma City Thunder,Johan Petro
2007,Oklahoma City Thunder,Luke Ridnour
2007,Oklahoma City Thunder,Mickael Gelabale
2007,Oklahoma City Thunder,Mouhamed Sene
2007,Oklahoma City Thunder,Ronald Dupree
2007,Orlando Magic,Adonal Foyle
2007,Orlando Magic,Brian Cook
2007,Orlando Magic,Carlos Arroyo
2007,Orlando Magic,Dwight Howard
2007,Orlando Magic,Hedo Turkoglu
2007,Orlando Magic,JJ Redick
2007,Orlando Magic,Keith Bogans
2007,Orlando Magic,Keyon Dooling
2007,Orlando Magic,Maurice Evans
2007,Orlando Magic,Rashard Lewis
2007,Orlando Magic,Tony Battie
2007,Philadelphia 76ers,Andre Iguodala
2007,Philadelphia 76ers,Andre Miller
2007,Philadelphia 76ers,Calvin Booth
2007,Philadelphia 76ers,Kevin Ollie
2007,Philadelphia 76ers,Lou Amundson
2007,Philadelphia 76ers,Lou Williams
2007,Philadelphia 76ers,Reggie Evans
2007,Philadelphia 76ers,Rodney Carney
2007,Philadelphia 76ers,Samuel Dalembert
2007,Philadelphia 76ers,Shavlik Randolph
2007,Philadelphia 76ers,Willie Green
2007,Phoenix Suns,Amar'e Stoudemire
2007,Phoenix Suns,Boris Diaw
2007,Phoenix Suns,Brian Skinner
2007,Phoenix Suns,Eric Piatkowski
2007,Phoenix Suns,Gordan Giricek
2007,Phoenix Suns,Grant Hill
2007,Phoenix Suns,Leandro Barbosa
2007,Phoenix Suns,Linton Johnson
2007,Phoenix Suns,Raja Bell
2007,Phoenix Suns,Sean Marks
2007,Phoenix Suns,Shaquille O'Neal
2007,Phoenix Suns,Steve Nash
2007,Portland Trail Blazers,Brandon Roy
2007,Portland Trail Blazers,Channing Frye
2007,Portland Trail Blazers,James Jones
2007,Portland Trail Blazers,Jarrett Jack
2007,Portland Trail Blazers,Joel Przybilla
2007,Portland Trail Blazers,Martell Webster
2007,Portland Trail Blazers,Raef LaFrentz
2007,Portland Trail Blazers,Sergio Rodriguez
2007,Portland Trail Blazers,Steve Blake
2007,Portland Trail Blazers,Travis Outlaw
2007,Portland Trail Blazers,Von Wafer
2007,Sacramento Kings,Anthony Johnson
2007,Sacramento Kings,Beno Udrih
2007,Sacramento Kings,Brad Miller
2007,Sacramento Kings,Francisco Garcia
2007,Sacramento Kings,John Salmons
2007,Sacramento Kings,Kevin Martin
2007,Sacramento Kings,Lorenzen Wright
2007,Sacramento Kings,Metta World Peace
2007,Sacramento Kings,Mikki Moore
2007,Sacramento Kings,Quincy Douby
2007,Sacramento Kings,Shareef Abdur-Rahim
2007,Sacramento Kings,Shelden Williams
2007,San Antonio Spurs,Brent Barry
2007,San Antonio Spurs,Damon Stoudamire
2007,San Antonio Spurs,DerMarr Johnson
2007,San Antonio Spurs,Fabricio Oberto
2007,San Antonio Spurs,Ime Udoka
2007,San Antonio Spurs,Jacque Vaughn
2007,San Antonio Spurs,Kurt Thomas
2007,San Antonio Spurs,Matt Bonner
2007,San Antonio Spurs,Michael Finley
2007,Toronto Raptors,Andrea Bargnani
2007,Toronto Raptors,Anthony Parker
2007,Toronto Raptors,Carlos Delfino
2007,Toronto Raptors,Chris Bosh
2007,Toronto Raptors,Jason Kapono
2007,Toronto Raptors,Joey Graham
2007,Toronto Raptors,Jose Calderon
2007,Toronto Raptors,Kris Humphries
2007,Toronto Raptors,Maceo Baston
2007,Toronto Raptors,Primoz Brezec
2007,Toronto Raptors,Rasho Nesterovic
2007,Toronto Raptors,T.J. Ford
2007,Utah Jazz,Andrei Kirilenko
2007,Utah Jazz,CJ Miles
2007,Utah Jazz,Carlos Boozer
2007,Utah Jazz,Deron Williams
2007,Utah Jazz,Jarron Collins
2007,Utah Jazz,Jason Hart
2007,Utah Jazz,Kyle Korver
2007,Utah Jazz,Paul Millsap
2007,Utah Jazz,Ronnie Brewer
2007,Utah Jazz,Ronnie Price
2007,Washington Wizards,Andray Blatche
2007,Washington Wizards,Antawn Jamison
2007,Washington Wizards,Antonio Daniels
2007,Washington Wizards,Brendan Haywood
2007,Washington Wizards,Caron Butler
2007,Washington Wizards,Darius Songaila
2007,Washington Wizards,DeShawn Stevenson
2007,Washington Wizards,Etan Thomas
2007,Washington Wizards,Gilbert Arenas
2007,Washington Wizards,Roger Mason Jr.
2008,Atlanta Hawks,Acie Law
2008,Atlanta Hawks,Flip Murray
2008,Atlanta Hawks,Joe Johnson
2008,Atlanta Hawks,Josh Smith
2008,Atlanta Hawks,Mario West
2008,Atlanta Hawks,Marvin Williams
2008,Atlanta Hawks,Maurice Evans
2008,Atlanta Hawks,Mike Bibby
2008,Atlanta Hawks,Randolph Morris
2008,Atlanta Hawks,Solomon Jones
2008,Atlanta Hawks,Speedy Claxton
2008,Atlanta Hawks,Zaza Pachulia
2008,Boston Celtics,Brian Scalabrine
2008,Boston Celtics,Eddie House
2008,Boston Celtics,Glen Davis
2008,Boston Celtics,Kendrick Perkins
2008,Boston Celtics,Kevin Garnett
2008,Boston Celtics,Leon Powe
2008,Boston Celtics,Mikki Moore
2008,Boston Celtics,Paul Pierce
2008,Boston Celtics,Ray Allen
2008,Boston Celtics,Stephon Marbury
2008,Boston Celtics,Tony Allen
2008,Brooklyn Nets,Bobby Simmons
2008,Brooklyn Nets,Devin Harris
2008,Brooklyn Nets,Eduardo Najera
2008,Brooklyn Nets,Jarvis Hayes
2008,Brooklyn Nets,Keyon Dooling
2008,Brooklyn Nets,Maurice Ager
2008,Brooklyn Nets,Sean Williams
2008,Brooklyn Nets,Trenton Hassell
2008,Brooklyn Nets,Vince Carter
2008,Brooklyn Nets,Yi Jianlian
2008,Charlotte Hornets,Boris Diaw
2008,Charlotte Hornets,DeSagana Diop
2008,Charlotte Hornets,Emeka Okafor
2008,Charlotte Hornets,Gerald Wallace
2008,Charlotte Hornets,Juwan Howard
2008,Charlotte Hornets,Nazr Mohammed
2008,Charlotte Hornets,Raja Bell
2008,Charlotte Hornets,Raymond Felton
2008,Charlotte Hornets,Sean May
2008,Charlotte Hornets,Vladimir Radmanovic
2008,Chicago Bulls,Aaron Gray
2008,Chicago Bulls,Anthony Roberson
2008,Chicago Bulls,Ben Gordon
2008,Chicago Bulls,Brad Miller
2008,Chicago Bulls,Jerome James
2008,Chicago Bulls,John Salmons
2008,Chicago Bulls,Kirk Hinrich
2008,Chicago Bulls,Lindsey Hunter
2008,Chicago Bulls,Linton Johnson
2008,Chicago Bulls,Luol Deng
2008,Chicago Bulls,Tim Thomas
2008,Chicago Bulls,Tyrus Thomas
2008,Cleveland Cavaliers,Ben Wallace
2008,Cleveland Cavaliers,Delonte West
2008,Cleveland Cavaliers,Joe Smith
2008,Cleveland Cavaliers,LeBron James
2008,Cleveland Cavaliers,Lorenzen Wright
2008,Cleveland Cavaliers,Mo Williams
2008,Cleveland Cavaliers,Sasha Pavlovic
2008,Cleveland Cavaliers,Tarence Kinsey
2008,Cleveland Cavaliers,Wally Szczerbiak
2008,Cleveland Cavaliers,Zydrunas Ilgauskas
2008,Dallas Mavericks,Antoine Wright
2008,Dallas Mavericks,Brandon Bass
2008,Dallas Mavericks,Devean George
2008,Dallas Mavericks,Erick Dampier
2008,Dallas Mavericks,Gerald Green
2008,Dallas Mavericks,J.J. Barea
2008,Dallas Mavericks,James Singleton
2008,Dallas Mavericks,Jason Kidd
2008,Dallas Mavericks,Jason Terry
2008,Dallas Mavericks,Jerry Stackhouse
2008,Dallas Mavericks,Josh Howard
2008,Dallas Mavericks,Matt Carroll
2008,Dallas Mavericks,Ryan Hollins
2008,Dallas Mavericks,Shawne Williams
2008,Denver Nuggets,Anthony Carter
2008,Denver Nuggets,Carmelo Anthony
2008,Denver Nuggets,Chauncey Billups
2008,Denver Nuggets,Chris Andersen
2008,Denver Nuggets,Dahntay Jones
2008,Denver Nuggets,JR Smith
2008,Denver Nuggets,Jason Hart
2008,Denver Nuggets,Johan Petro
2008,Denver Nuggets,Kenyon Martin
2008,Denver Nuggets,Linas Kleiza
2008,Denver Nuggets,Nene
2008,Denver Nuggets,Renaldo Balkman
2008,Denver Nuggets,Steven Hunter
2008,Detroit Pistons,Allen Iverson
2008,Detroit Pistons,Amir Johnson
2008,Detroit Pistons,Antonio McDyess
2008,Detroit Pistons,Arron Afflalo
2008,Detroit Pistons,Jason Maxiell
2008,Detroit Pistons,Kwame Brown
2008,Detroit Pistons,Rasheed Wallace
2008,Detroit Pistons,Richard Hamilton
2008,Detroit Pistons,Tayshaun Prince
2008,Detroit Pistons,Walter Herrmann
2008,Detroit Pistons,Will Bynum
2008,Golden State Warriors,Brandan Wright
2008,Golden State Warriors,C.J. Watson
2008,Golden State Warriors,Corey Maggette
2008,Golden State Warriors,Jamal Crawford
2008,Golden State Warriors,Jermareo Davidson
2008,Golden State Warriors,Kelenna Azubuike
2008,Golden State Warriors,Marco Belinelli
2008,Golden State Warriors,Monta Ellis
2008,Golden State Warriors,Ronny Turiaf
2008,Golden State Warriors,Stephen Jackson
2008,Houston Rockets,Aaron Brooks
2008,Houston Rockets,Brent Barry
2008,Houston Rockets,Brian Cook
2008,Houston Rockets,Carl Landry
2008,Houston Rockets,Chuck Hayes
2008,Houston Rockets,James White
2008,Houston Rockets,Kyle Lowry
2008,Houston Rockets,Luis Scola
2008,Houston Rockets,Metta World Peace
2008,Houston Rockets,Shane Battier
2008,Houston Rockets,Tracy McGrady
2008,Houston Rockets,Von Wafer
2008,Indiana Pacers,Danny Granger
2008,Indiana Pacers,Jamaal Tinsley
2008,Indiana Pacers,Jarrett Jack
2008,Indiana Pacers,Josh McRoberts
2008,Indiana Pacers,Maceo Baston
2008,Indiana Pacers,Marquis Daniels
2008,Indiana Pacers,Mike Dunleavy
2008,Indiana Pacers,Rasho Nesterovic
2008,Indiana Pacers,Stephen Graham
2008,Indiana Pacers,T.J. Ford
2008,Indiana Pacers,Travis Diener
2008,Indiana Pacers,Troy Murphy
2008,Los Angeles Clippers,Al Thornton
2008,Los Angeles Clippers,Baron Davis
2008,Los Angeles Clippers,Brian Skinner
2008,Los Angeles Clippers,Chris Kaman
2008,Los Angeles Clippers,Fred Jones
2008,Los Angeles Clippers,Marcus Camby
2008,Los Angeles Clippers,Mardy Collins
2008,Los Angeles Clippers,Ricky Davis
2008,Los Angeles Clippers,Steve Novak
2008,Los Angeles Clippers,Zach Randolph
2008,Los Angeles Lakers,Adam Morrison
2008,Los Angeles Lakers,Andrew Bynum
2008,Los Angeles Lakers,DJ Mbenga
2008,Los Angeles Lakers,Derek Fisher
2008,Los Angeles Lakers,Jordan Farmar
2008,Los Angeles Lakers,Josh Powell
2008,Los Angeles Lakers,Lamar Odom
2008,Los Angeles Lakers,Luke Walton
2008,Los Angeles Lakers,Pau Gasol
2008,Los Angeles Lakers,Sasha Vujacic
2008,Los Angeles Lakers,Shannon Brown
2008,Los Angeles Lakers,Trevor Ariza
2008,Memphis Grizzlies,Chris Mihm
2008,Memphis Grizzlies,Darius Miles
2008,Memphis Grizzlies,Darko Milicic
2008,Memphis Grizzlies,Greg Buckner
2008,Memphis Grizzlies,Hakim Warrick
2008,Memphis Grizzlies,Marko Jaric
2008,Memphis Grizzlies,Mike Wilks
2008,Memphis Grizzlies,Quinton Ross
2008,Memphis Grizzlies,Rudy Gay
2008,Miami Heat,Chris Quinn
2008,Miami Heat,Daequan Cook
2008,Miami Heat,Dorell Wright
2008,Miami Heat,Jamaal Magloire
2008,Miami Heat,Jamario Moon
2008,Miami Heat,James Jones
2008,Miami Heat,Jermaine O'Neal
2008,Miami Heat,Joel Anthony
2008,Miami Heat,Luther Head
2008,Miami Heat,Mark Blount
2008,Miami Heat,Yakhouba Diawara
2008,Milwaukee Bucks,Andrew Bogut
2008,Milwaukee Bucks,Charlie Bell
2008,Milwaukee Bucks,Charlie Villanueva
2008,Milwaukee Bucks,Damon Jones
2008,Milwaukee Bucks,Dan Gadzuric
2008,Milwaukee Bucks,Francisco Elson
2008,Milwaukee Bucks,Keith Bogans
2008,Milwaukee Bucks,Luke Ridnour
2008,Milwaukee Bucks,Malik Allen
2008,Milwaukee Bucks,Michael Redd
2008,Milwaukee Bucks,Ramon Sessions
2008,Milwaukee Bucks,Richard Jefferson
2008,Milwaukee Bucks,Salim Stoudamire
2008,Minnesota Timberwolves,Al Jefferson
2008,Minnesota Timberwolves,Brian Cardinal
2008,Minnesota Timberwolves,Corey Brewer
2008,Minnesota Timberwolves,Craig Smith
2008,Minnesota Timberwolves,Jason Collins
2008,Minnesota Timberwolves,Kevin Ollie
2008,Minnesota Timberwolves,Mike Miller
2008,Minnesota Timberwolves,Randy Foye
2008,Minnesota Timberwolves,Rodney Carney
2008,Minnesota Timberwolves,Ryan Gomes
2008,Minnesota Timberwolves,Sebastian Telfair
2008,Minnesota Timberwolves,Shelden Williams
2008,New Orleans Pelicans,Antonio Daniels
2008,New Orleans Pelicans,Chris Paul
2008,New Orleans Pelicans,David West
2008,New Orleans Pelicans,Devin Brown
2008,New Orleans Pelicans,Hilton Armstrong
2008,New Orleans Pelicans,James Posey
2008,New Orleans Pelicans,Julian Wright
2008,New Orleans Pelicans,Melvin Ely
2008,New Orleans Pelicans,Morris Peterson
2008,New Orleans Pelicans,Peja Stojakovic
2008,New Orleans Pelicans,Rasual Butler
2008,New Orleans Pelicans,Ryan Bowen
2008,New Orleans Pelicans,Sean Marks
2008,New Orleans Pelicans,Tyson Chandler
2008,New York Knicks,Al Harrington
2008,New York Knicks,Chris Duhon
2008,New York Knicks,Chris Wilcox
2008,New York Knicks,Cuttino Mobley
2008,New York Knicks,David Lee
2008,New York Knicks,Eddy Curry
2008,New York Knicks,Jared Jeffries
2008,New York Knicks,Larry Hughes
2008,New York Knicks,Mouhamed Sene
2008,New York Knicks,Nate Robinson
2008,New York Knicks,Quentin Richardson
2008,New York Knicks,Wilson Chandler
2008,Oklahoma City Thunder,Chucky Atkins
2008,Oklahoma City Thunder,Damien Wilkins
2008,Oklahoma City Thunder,Desmond Mason
2008,Oklahoma City Thunder,Earl Watson
2008,Oklahoma City Thunder,Jeff Green
2008,Oklahoma City Thunder,Malik Rose
2008,Oklahoma City Thunder,Nenad Krstic
2008,Oklahoma City Thunder,Shaun Livingston
2008,Oklahoma City Thunder,Thabo Sefolosha
2008,Orlando Magic,Adonal Foyle
2008,Orlando Magic,Anthony Johnson
2008,Orlando Magic,Dwight Howard
2008,Orlando Magic,Hedo Turkoglu
2008,Orlando Magic,JJ Redick
2008,Orlando Magic,Jeremy Richardson
2008,Orlando Magic,Marcin Gortat
2008,Orlando Magic,Mickael Pietrus
2008,Orlando Magic,Rafer Alston
2008,Orlando Magic,Rashard Lewis
2008,Orlando Magic,Tony Battie
2008,Orlando Magic,Tyronn Lue
2008,Philadelphia 76ers,Andre Iguodala
2008,Philadelphia 76ers,Andre Miller
2008,Philadelphia 76ers,Donyell Marshall
2008,Philadelphia 76ers,Elton Brand
2008,Philadelphia 76ers,Jason Smith
2008,Philadelphia 76ers,Kareem Rush
2008,Philadelphia 76ers,Lou Williams
2008,Philadelphia 76ers,Reggie Evans
2008,Philadelphia 76ers,Royal Ivey
2008,Philadelphia 76ers,Samuel Dalembert
2008,Philadelphia 76ers,Theo Ratliff
2008,Philadelphia 76ers,Willie Green
2008,Phoenix Suns,Amar'e Stoudemire
2008,Phoenix Suns,Grant Hill
2008,Phoenix Suns,Jared Dudley
2008,Phoenix Suns,Jason Richardson
2008,Phoenix Suns,Leandro Barbosa
2008,Phoenix Suns,Lou Amundson
2008,Phoenix Suns,Matt Barnes
2008,Phoenix Suns,Shaquille O'Neal
2008,Phoenix Suns,Steve Nash
2008,Phoenix Suns,Stromile Swift
2008,Portland Trail Blazers,Brandon Roy
2008,Portland Trail Blazers,Channing Frye
2008,Portland Trail Blazers,Greg Oden
2008,Portland Trail Blazers,Joel Przybilla
2008,Portland Trail Blazers,Martell Webster
2008,Portland Trail Blazers,Michael Ruffin
2008,Portland Trail Blazers,Raef LaFrentz
2008,Portland Trail Blazers,Sergio Rodriguez
2008,Portland Trail Blazers,Shavlik Randolph
2008,Portland Trail Blazers,Steve Blake
2008,Portland Trail Blazers,Travis Outlaw
2008,Sacramento Kings,Andres Nocioni
2008,Sacramento Kings,Beno Udrih
2008,Sacramento Kings,Bobby Jackson
2008,Sacramento Kings,Calvin Booth
2008,Sacramento Kings,Cedric Simmons
2008,Sacramento Kings,Francisco Garcia
2008,Sacramento Kings,Ike Diogu
2008,Sacramento Kings,Kevin Martin
2008,Sacramento Kings,Rashad McCants
2008,Sacramento Kings,Spencer Hawes
2008,San Antonio Spurs,Drew Gooden
2008,San Antonio Spurs,Fabricio Oberto
2008,San Antonio Spurs,Ian Mahinmi
2008,San Antonio Spurs,Ime Udoka
2008,San Antonio Spurs,Jacque Vaughn
2008,San Antonio Spurs,Kurt Thomas
2008,San Antonio Spurs,Marcus Williams
2008,San Antonio Spurs,Matt Bonner
2008,San Antonio Spurs,Michael Finley
2008,San Antonio Spurs,Roger Mason Jr.
2008,Toronto Raptors,Andrea Bargnani
2008,Toronto Raptors,Anthony Parker
2008,Toronto Raptors,Chris Bosh
2008,Toronto Raptors,Jake Voskuhl
2008,Toronto Raptors,Jason Kapono
2008,Toronto Raptors,Joey Graham
2008,Toronto Raptors,Jose Calderon
2008,Toronto Raptors,Kris Humphries
2008,Toronto Raptors,Marcus Banks
2008,Toronto Raptors,Patrick O'Bryant
2008,Toronto Raptors,Pops Mensah-Bonsu
2008,Toronto Raptors,Quincy Douby
2008,Toronto Raptors,Shawn Marion
2008,Utah Jazz,Andrei Kirilenko
2008,Utah Jazz,Brevin Knight
2008,Utah Jazz,CJ Miles
2008,Utah Jazz,Carlos Boozer
2008,Utah Jazz,Deron Williams
2008,Utah Jazz,Jarron Collins
2008,Utah Jazz,Kyle Korver
2008,Utah Jazz,Kyrylo Fesenko
2008,Utah Jazz,Morris Almond
2008,Utah Jazz,Paul Millsap
2008,Utah Jazz,Ronnie Brewer
2008,Utah Jazz,Ronnie Price
2008,Washington Wizards,Andray Blatche
2008,Washington Wizards,Antawn Jamison
2008,Washington Wizards,Brendan Haywood
2008,Washington Wizards,Caron Butler
2008,Washington Wizards,Darius Songaila
2008,Washington Wizards,DeShawn Stevenson
2008,Washington Wizards,Dominic McGuire
2008,Washington Wizards,Etan Thomas
2008,Washington Wizards,Gilbert Arenas
2008,Washington Wizards,Javaris Crittenton
2008,Washington Wizards,Juan Dixon
2008,Washington Wizards,Mike James
2008,Washington Wizards,Nick Young
2008,Washington Wizards,Oleksiy Pecherov
2009,Atlanta Hawks,Jamal Crawford
2009,Atlanta Hawks,Jason Collins
2009,Atlanta Hawks,Joe Johnson
2009,Atlanta Hawks,Joe Smith
2009,Atlanta Hawks,Josh Smith
2009,Atlanta Hawks,Mario West
2009,Atlanta Hawks,Marvin Williams
2009,Atlanta Hawks,Maurice Evans
2009,Atlanta Hawks,Mike Bibby
2009,Atlanta Hawks,Randolph Morris
2009,Atlanta Hawks,Zaza Pachulia
2009,Boston Celtics,Brian Scalabrine
2009,Boston Celtics,Glen Davis
2009,Boston Celtics,Kendrick Perkins
2009,Boston Celtics,Kevin Garnett
2009,Boston Celtics,Marquis Daniels
2009,Boston Celtics,Michael Finley
2009,Boston Celtics,Nate Robinson
2009,Boston Celtics,Paul Pierce
2009,Boston Celtics,Rasheed Wallace
2009,Boston Celtics,Ray Allen
2009,Boston Celtics,Shelden Williams
2009,Boston Celtics,Tony Allen
2009,Brooklyn Nets,Bobby Simmons
2009,Brooklyn Nets,Chris Douglas-Roberts
2009,Brooklyn Nets,Chris Quinn
2009,Brooklyn Nets,Courtney Lee
2009,Brooklyn Nets,Devin Harris
2009,Brooklyn Nets,Jarvis Hayes
2009,Brooklyn Nets,Keyon Dooling
2009,Brooklyn Nets,Kris Humphries
2009,Brooklyn Nets,Tony Battie
2009,Brooklyn Nets,Trenton Hassell
2009,Brooklyn Nets,Yi Jianlian
2009,Charlotte Hornets,Alexis Ajinca
2009,Charlotte Hornets,Boris Diaw
2009,Charlotte Hornets,D.J. Augustin
2009,Charlotte Hornets,DeSagana Diop
2009,Charlotte Hornets,Gerald Wallace
2009,Charlotte Hornets,Larry Hughes
2009,Charlotte Hornets,Nazr Mohammed
2009,Charlotte Hornets,Raymond Felton
2009,Charlotte Hornets,Stephen Graham
2009,Charlotte Hornets,Stephen Jackson
2009,Charlotte Hornets,Theo Ratliff
2009,Charlotte Hornets,Tyrus Thomas
2009,Charlotte Hornets,Tyson Chandler
2009,Chicago Bulls,Acie Law
2009,Chicago Bulls,Brad Miller
2009,Chicago Bulls,Chris Richard
2009,Chicago Bulls,Devin Brown
2009,Chicago Bulls,Flip Murray
2009,Chicago Bulls,Hakim Warrick
2009,Chicago Bulls,Jannero Pargo
2009,Chicago Bulls,Joe Alexander
2009,Chicago Bulls,Kirk Hinrich
2009,Chicago Bulls,Luol Deng
2009,Chicago Bulls,Rob Kurz
2009,Cleveland Cavaliers,Antawn Jamison
2009,Cleveland Cavaliers,Anthony Parker
2009,Cleveland Cavaliers,Delonte West
2009,Cleveland Cavaliers,JJ Hickson
2009,Cleveland Cavaliers,Jamario Moon
2009,Cleveland Cavaliers,LeBron James
2009,Cleveland Cavaliers,Leon Powe
2009,Cleveland Cavaliers,Mo Williams
2009,Cleveland Cavaliers,Sebastian Telfair
2009,Cleveland Cavaliers,Shaquille O'Neal
2009,Cleveland Cavaliers,Zydrunas Ilgauskas
2009,Dallas Mavericks,Brendan Haywood
2009,Dallas Mavericks,Caron Butler
2009,Dallas Mavericks,DeShawn Stevenson
2009,Dallas Mavericks,Eduardo Najera
2009,Dallas Mavericks,Erick Dampier
2009,Dallas Mavericks,J.J. Barea
2009,Dallas Mavericks,Jason Kidd
2009,Dallas Mavericks,Jason Terry
2009,Dallas Mavericks,Matt Carroll
2009,Dallas Mavericks,Shawn Marion
2009,Dallas Mavericks,Tim Thomas
2009,Denver Nuggets,Anthony Carter
2009,Denver Nuggets,Arron Afflalo
2009,Denver Nuggets,Carmelo Anthony
2009,Denver Nuggets,Chauncey Billups
2009,Denver Nuggets,Chris Andersen
2009,Denver Nuggets,Coby Karl
2009,Denver Nuggets,JR Smith
2009,Denver Nuggets,Joey Graham
2009,Denver Nuggets,Johan Petro
2009,Denver Nuggets,Kenyon Martin
2009,Denver Nuggets,Malik Allen
2009,Denver Nuggets,Nene
2009,Denver Nuggets,Renaldo Balkman
2009,Detroit Pistons,Ben Gordon
2009,Detroit Pistons,Ben Wallace
2009,Detroit Pistons,Charlie Villanueva
2009,Detroit Pistons,Chris Wilcox
2009,Detroit Pistons,Chucky Atkins
2009,Detroit Pistons,Jason Maxiell
2009,Detroit Pistons,Kwame Brown
2009,Detroit Pistons,Richard Hamilton
2009,Detroit Pistons,Tayshaun Prince
2009,Detroit Pistons,Will Bynum
2009,Golden State Warriors,Anthony Morrow
2009,Golden State Warriors,Anthony Randolph
2009,Golden State Warriors,Brandan Wright
2009,Golden State Warriors,C.J. Watson
2009,Golden State Warriors,Chris Hunter
2009,Golden State Warriors,Corey Maggette
2009,Golden State Warriors,Devean George
2009,Golden State Warriors,Kelenna Azubuike
2009,Golden State Warriors,Monta Ellis
2009,Golden State Warriors,Ronny Turiaf
2009,Golden State Warriors,Vladimir Radmanovic
2009,Houston Rockets,Aaron Brooks
2009,Houston Rockets,Alexander Johnson
2009,Houston Rockets,Chuck Hayes
2009,Houston Rockets,Jared Jeffries
2009,Houston Rockets,Kevin Martin
2009,Houston Rockets,Kyle Lowry
2009,Houston Rockets,Luis Scola
2009,Houston Rockets,Shane Battier
2009,Houston Rockets,Trevor Ariza
2009,Indiana Pacers,Brandon Rush
2009,Indiana Pacers,Dahntay Jones
2009,Indiana Pacers,Danny Granger
2009,Indiana Pacers,Earl Watson
2009,Indiana Pacers,Josh McRoberts
2009,Indiana Pacers,Luther Head
2009,Indiana Pacers,Mike Dunleavy
2009,Indiana Pacers,Solomon Jones
2009,Indiana Pacers,T.J. Ford
2009,Indiana Pacers,Troy Murphy
2009,Los Angeles Clippers,Baron Davis
2009,Los Angeles Clippers,Bobby Brown
2009,Los Angeles Clippers,Brian Skinner
2009,Los Angeles Clippers,Chris Kaman
2009,Los Angeles Clippers,Craig Smith
2009,Los Angeles Clippers,Drew Gooden
2009,Los Angeles Clippers,Eric Gordon
2009,Los Angeles Clippers,Mardy Collins
2009,Los Angeles Clippers,Rasual Butler
2009,Los Angeles Clippers,Steve Blake
2009,Los Angeles Clippers,Steve Novak
2009,Los Angeles Clippers,Travis Outlaw
2009,Los Angeles Lakers,Adam Morrison
2009,Los Angeles Lakers,Andrew Bynum
2009,Los Angeles Lakers,DJ Mbenga
2009,Los Angeles Lakers,Derek Fisher
2009,Los Angeles Lakers,Jordan Farmar
2009,Los Angeles Lakers,Josh Powell
2009,Los Angeles Lakers,Lamar Odom
2009,Los Angeles Lakers,Luke Walton
2009,Los Angeles Lakers,Metta World Peace
2009,Los Angeles Lakers,Pau Gasol
2009,Los Angeles Lakers,Sasha Vujacic
2009,Los Angeles Lakers,Shannon Brown
2009,Memphis Grizzlies,Darrell Arthur
2009,Memphis Grizzlies,Hamed Haddadi
2009,Memphis Grizzlies,Jamaal Tinsley
2009,Memphis Grizzlies,Marcus Williams
2009,Memphis Grizzlies,O.J. Mayo
2009,Memphis Grizzlies,Ronnie Brewer
2009,Memphis Grizzlies,Rudy Gay
2009,Memphis Grizzlies,Steven Hunter
2009,Memphis Grizzlies,Zach Randolph
2009,Miami Heat,Carlos Arroyo
2009,Miami Heat,Daequan Cook
2009,Miami Heat,Dorell Wright
2009,Miami Heat,Jamaal Magloire
2009,Miami Heat,James Jones
2009,Miami Heat,Jermaine O'Neal
2009,Miami Heat,Joel Anthony
2009,Miami Heat,Michael Beasley
2009,Miami Heat,Quentin Richardson
2009,Miami Heat,Rafer Alston
2009,Miami Heat,Shavlik Randolph
2009,Miami Heat,Yakhouba Diawara
2009,Milwaukee Bucks,Andrew Bogut
2009,Milwaukee Bucks,Carlos Delfino
2009,Milwaukee Bucks,Charlie Bell
2009,Milwaukee Bucks,Dan Gadzuric
2009,Milwaukee Bucks,Darnell Jackson
2009,Milwaukee Bucks,Jerry Stackhouse
2009,Milwaukee Bucks,John Salmons
2009,Milwaukee Bucks,Kurt Thomas
2009,Milwaukee Bucks,Luc Mbah a Moute
2009,Milwaukee Bucks,Luke Ridnour
2009,Milwaukee Bucks,Michael Redd
2009,Milwaukee Bucks,Primoz Brezec
2009,Milwaukee Bucks,Royal Ivey
2009,Minnesota Timberwolves,Al Jefferson
2009,Minnesota Timberwolves,Brian Cardinal
2009,Minnesota Timberwolves,Corey Brewer
2009,Minnesota Timberwolves,Damien Wilkins
2009,Minnesota Timberwolves,Darko Milicic
2009,Minnesota Timberwolves,Nathan Jawai
2009,Minnesota Timberwolves,Oleksiy Pecherov
2009,Minnesota Timberwolves,Ramon Sessions
2009,Minnesota Timberwolves,Ryan Gomes
2009,Minnesota Timberwolves,Ryan Hollins
2009,Minnesota Timberwolves,Sasha Pavlovic
2009,New Orleans Pelicans,Aaron Gray
2009,New Orleans Pelicans,Chris Paul
2009,New Orleans Pelicans,Darius Songaila
2009,New Orleans Pelicans,David West
2009,New Orleans Pelicans,Emeka Okafor
2009,New Orleans Pelicans,Ike Diogu
2009,New Orleans Pelicans,James Posey
2009,New Orleans Pelicans,Julian Wright
2009,New Orleans Pelicans,Morris Peterson
2009,New Orleans Pelicans,Peja Stojakovic
2009,New Orleans Pelicans,Sean Marks
2009,New York Knicks,Al Harrington
2009,New York Knicks,Chris Duhon
2009,New York Knicks,Danilo Gallinari
2009,New York Knicks,David Lee
2009,New York Knicks,Earl Barron
2009,New York Knicks,Eddie House
2009,New York Knicks,Eddy Curry
2009,New York Knicks,Henry Walker
2009,New York Knicks,J.R. Giddens
2009,New York Knicks,Sergio Rodriguez
2009,New York Knicks,Tracy McGrady
2009,New York Knicks,Wilson Chandler
2009,Oklahoma City Thunder,DJ White
2009,Oklahoma City Thunder,Etan Thomas
2009,Oklahoma City Thunder,Jeff Green
2009,Oklahoma City Thunder,Kevin Ollie
2009,Oklahoma City Thunder,Nenad Krstic
2009,Oklahoma City Thunder,Thabo Sefolosha
2009,Orlando Magic,Adonal Foyle
2009,Orlando Magic,Anthony Johnson
2009,Orlando Magic,Brandon Bass
2009,Orlando Magic,Dwight Howard
2009,Orlando Magic,JJ Redick
2009,Orlando Magic,Jason Williams
2009,Orlando Magic,Marcin Gortat
2009,Orlando Magic,Matt Barnes
2009,Orlando Magic,Mickael Pietrus
2009,Orlando Magic,Rashard Lewis
2009,Orlando Magic,Ryan Anderson
2009,Orlando Magic,Vince Carter
2009,Philadelphia 76ers,Allen Iverson
2009,Philadelphia 76ers,Andre Iguodala
2009,Philadelphia 76ers,Elton Brand
2009,Philadelphia 76ers,Francisco Elson
2009,Philadelphia 76ers,Jason Kapono
2009,Philadelphia 76ers,Jason Smith
2009,Philadelphia 76ers,Lou Williams
2009,Philadelphia 76ers,Marreese Speights
2009,Philadelphia 76ers,Rodney Carney
2009,Philadelphia 76ers,Samuel Dalembert
2009,Philadelphia 76ers,Willie Green
2009,Phoenix Suns,Amar'e Stoudemire
2009,Phoenix Suns,Channing Frye
2009,Phoenix Suns,Dwayne Jones
2009,Phoenix Suns,Goran Dragic
2009,Phoenix Suns,Grant Hill
2009,Phoenix Suns,Jared Dudley
2009,Phoenix Suns,Jarron Collins
2009,Phoenix Suns,Jason Richardson
2009,Phoenix Suns,Leandro Barbosa
2009,Phoenix Suns,Lou Amundson
2009,Phoenix Suns,Robin Lopez
2009,Phoenix Suns,Steve Nash
2009,Portland Trail Blazers,Andre Miller
2009,Portland Trail Blazers,Brandon Roy
2009,Portland Trail Blazers,Greg Oden
2009,Portland Trail Blazers,Jerryd Bayless
2009,Portland Trail Blazers,Joel Przybilla
2009,Portland Trail Blazers,Juwan Howard
2009,Portland Trail Blazers,Marcus Camby
2009,Portland Trail Blazers,Martell Webster
2009,Portland Trail Blazers,Rudy Fernandez
2009,Portland Trail Blazers,Travis Diener
2009,Sacramento Kings,Andres Nocioni
2009,Sacramento Kings,Beno Udrih
2009,Sacramento Kings,Carl Landry
2009,Sacramento Kings,Dominic McGuire
2009,Sacramento Kings,Donte Greene
2009,Sacramento Kings,Francisco Garcia
2009,Sacramento Kings,Ime Udoka
2009,Sacramento Kings,Sean May
2009,Sacramento Kings,Spencer Hawes
2009,San Antonio Spurs,Antonio McDyess
2009,San Antonio Spurs,George Hill
2009,San Antonio Spurs,Ian Mahinmi
2009,San Antonio Spurs,Keith Bogans
2009,San Antonio Spurs,Matt Bonner
2009,San Antonio Spurs,Richard Jefferson
2009,San Antonio Spurs,Roger Mason Jr.
2009,Toronto Raptors,Amir Johnson
2009,Toronto Raptors,Andrea Bargnani
2009,Toronto Raptors,Antoine Wright
2009,Toronto Raptors,Chris Bosh
2009,Toronto Raptors,Hedo Turkoglu
2009,Toronto Raptors,Jarrett Jack
2009,Toronto Raptors,Joey Dorsey
2009,Toronto Raptors,Jose Calderon
2009,Toronto Raptors,Marco Belinelli
2009,Toronto Raptors,Marcus Banks
2009,Toronto Raptors,Patrick O'Bryant
2009,Toronto Raptors,Rasho Nesterovic
2009,Toronto Raptors,Reggie Evans
2009,Toronto Raptors,Sonny Weems
2009,Utah Jazz,Andrei Kirilenko
2009,Utah Jazz,CJ Miles
2009,Utah Jazz,Carlos Boozer
2009,Utah Jazz,Deron Williams
2009,Utah Jazz,Kosta Koufos
2009,Utah Jazz,Kyle Korver
2009,Utah Jazz,Kyrylo Fesenko
2009,Utah Jazz,Paul Millsap
2009,Utah Jazz,Ronnie Price
2009,Washington Wizards,Al Thornton
2009,Washington Wizards,Andray Blatche
2009,Washington Wizards,Cartier Martin
2009,Washington Wizards,Earl Boykins
2009,Washington Wizards,Fabricio Oberto
2009,Washington Wizards,Gilbert Arenas
2009,Washington Wizards,JaVale McGee
2009,Washington Wizards,James Singleton
2009,Washington Wizards,Javaris Crittenton
2009,Washington Wizards,Josh Howard
2009,Washington Wizards,Mike Miller
2009,Washington Wizards,Nick Young
2009,Washington Wizards,Quinton Ross
2009,Washington Wizards,Randy Foye
2009,Washington Wizards,Shaun Livingston
2010,Atlanta Hawks,Damien Wilkins
2010,Atlanta Hawks,Etan Thomas
2010,Atlanta Hawks,Hilton Armstrong
2010,Atlanta Hawks,Jamal Crawford
2010,Atlanta Hawks,Jason Collins
2010,Atlanta Hawks,Joe Johnson
2010,Atlanta Hawks,Josh Powell
2010,Atlanta Hawks,Josh Smith
2010,Atlanta Hawks,Kirk Hinrich
2010,Atlanta Hawks,Marvin Williams
2010,Atlanta Hawks,Zaza Pachulia
2010,Boston Celtics,Carlos Arroyo
2010,Boston Celtics,Delonte West
2010,Boston Celtics,Glen Davis
2010,Boston Celtics,Jeff Green
2010,Boston Celtics,Jermaine O'Neal
2010,Boston Celtics,Kevin Garnett
2010,Boston Celtics,Nenad Krstic
2010,Boston Celtics,Paul Pierce
2010,Boston Celtics,Ray Allen
2010,Boston Celtics,Sasha Pavlovic
2010,Boston Celtics,Shaquille O'Neal
2010,Boston Celtics,Troy Murphy
2010,Boston Celtics,Von Wafer
2010,Brooklyn Nets,Anthony Morrow
2010,Brooklyn Nets,Brandan Wright
2010,Brooklyn Nets,Dan Gadzuric
2010,Brooklyn Nets,Deron Williams
2010,Brooklyn Nets,Johan Petro
2010,Brooklyn Nets,Jordan Farmar
2010,Brooklyn Nets,Kris Humphries
2010,Brooklyn Nets,Mario West
2010,Brooklyn Nets,Sasha Vujacic
2010,Brooklyn Nets,Stephen Graham
2010,Brooklyn Nets,Sundiata Gaines
2010,Brooklyn Nets,Travis Outlaw
2010,Charlotte Hornets,Boris Diaw
2010,Charlotte Hornets,D.J. Augustin
2010,Charlotte Hornets,DJ White
2010,Charlotte Hornets,Dante Cunningham
2010,Charlotte Hornets,DeSagana Diop
2010,Charlotte Hornets,Dominic McGuire
2010,Charlotte Hornets,Eduardo Najera
2010,Charlotte Hornets,Garrett Temple
2010,Charlotte Hornets,Joel Przybilla
2010,Charlotte Hornets,Kwame Brown
2010,Charlotte Hornets,Matt Carroll
2010,Charlotte Hornets,Shaun Livingston
2010,Charlotte Hornets,Stephen Jackson
2010,Charlotte Hornets,Tyrus Thomas
2010,Chicago Bulls,Brian Scalabrine
2010,Chicago Bulls,C.J. Watson
2010,Chicago Bulls,Carlos Boozer
2010,Chicago Bulls,Jannero Pargo
2010,Chicago Bulls,John Lucas III
2010,Chicago Bulls,Keith Bogans
2010,Chicago Bulls,Kurt Thomas
2010,Chicago Bulls,Kyle Korver
2010,Chicago Bulls,Luol Deng
2010,Chicago Bulls,Rasual Butler
2010,Chicago Bulls,Ronnie Brewer
2010,Cleveland Cavaliers,Alonzo Gee
2010,Cleveland Cavaliers,Antawn Jamison
2010,Cleveland Cavaliers,Anthony Parker
2010,Cleveland Cavaliers,Baron Davis
2010,Cleveland Cavaliers,JJ Hickson
2010,Cleveland Cavaliers,Joey Graham
2010,Cleveland Cavaliers,Ramon Sessions
2010,Cleveland Cavaliers,Ryan Hollins
2010,Dallas Mavericks,Brendan Haywood
2010,Dallas Mavericks,Brian Cardinal
2010,Dallas Mavericks,Caron Butler
2010,Dallas Mavericks,Corey Brewer
2010,Dallas Mavericks,DeShawn Stevenson
2010,Dallas Mavericks,Ian Mahinmi
2010,Dallas Mavericks,J.J. Barea
2010,Dallas Mavericks,Jason Kidd
2010,Dallas Mavericks,Jason Terry
2010,Dallas Mavericks,Peja Stojakovic
2010,Dallas Mavericks,Shawn Marion
2010,Dallas Mavericks,Tyson Chandler
2010,Denver Nuggets,Al Harrington
2010,Denver Nuggets,Arron Afflalo
2010,Denver Nuggets,Chris Andersen
2010,Denver Nuggets,Danilo Gallinari
2010,Denver Nuggets,JR Smith
2010,Denver Nuggets,Kenyon Martin
2010,Denver Nuggets,Kosta Koufos
2010,Denver Nuggets,Melvin Ely
2010,Denver Nuggets,Nene
2010,Denver Nuggets,Raymond Felton
2010,Denver Nuggets,Wilson Chandler
2010,Detroit Pistons,Austin Daye
2010,Detroit Pistons,Ben Gordon
2010,Detroit Pistons,Ben Wallace
2010,Detroit Pistons,Charlie Villanueva
2010,Detroit Pistons,Chris Wilcox
2010,Detroit Pistons,DaJuan Summers
2010,Detroit Pistons,Jason Maxiell
2010,Detroit Pistons,Richard Hamilton
2010,Detroit Pistons,Tayshaun Prince
2010,Detroit Pistons,Tracy McGrady
2010,Detroit Pistons,Will Bynum
2010,Golden State Warriors,Acie Law
2010,Golden State Warriors,Al Thornton
2010,Golden State Warriors,Charlie Bell
2010,Golden State Warriors,David Lee
2010,Golden State Warriors,Dorell Wright
2010,Golden State Warriors,Lou Amundson
2010,Golden State Warriors,Monta Ellis
2010,Golden State Warriors,Reggie Williams
2010,Golden State Warriors,Vladimir Radmanovic
2010,Houston Rockets,Brad Miller
2010,Houston Rockets,Chase Budinger
2010,Houston Rockets,Chuck Hayes
2010,Houston Rockets,Courtney Lee
2010,Houston Rockets,Goran Dragic
2010,Houston Rockets,Hasheem Thabeet
2010,Houston Rockets,Jordan Hill
2010,Houston Rockets,Kevin Martin
2010,Houston Rockets,Kyle Lowry
2010,Houston Rockets,Luis Scola
2010,Houston Rockets,Terrence Williams
2010,Indiana Pacers,AJ Price
2010,Indiana Pacers,Brandon Rush
2010,Indiana Pacers,Dahntay Jones
2010,Indiana Pacers,Danny Granger
2010,Indiana Pacers,Darren Collison
2010,Indiana Pacers,James Posey
2010,Indiana Pacers,Josh McRoberts
2010,Indiana Pacers,Mike Dunleavy
2010,Indiana Pacers,Solomon Jones
2010,Indiana Pacers,T.J. Ford
2010,Indiana Pacers,Tyler Hansbrough
2010,Los Angeles Clippers,Brian Cook
2010,Los Angeles Clippers,Chris Kaman
2010,Los Angeles Clippers,Craig Smith
2010,Los Angeles Clippers,Eric Gordon
2010,Los Angeles Clippers,Ike Diogu
2010,Los Angeles Clippers,Jamario Moon
2010,Los Angeles Clippers,Mo Williams
2010,Los Angeles Clippers,Randy Foye
2010,Los Angeles Clippers,Ryan Gomes
2010,Los Angeles Lakers,Andrew Bynum
2010,Los Angeles Lakers,Derek Fisher
2010,Los Angeles Lakers,Joe Smith
2010,Los Angeles Lakers,Lamar Odom
2010,Los Angeles Lakers,Luke Walton
2010,Los Angeles Lakers,Matt Barnes
2010,Los Angeles Lakers,Metta World Peace
2010,Los Angeles Lakers,Pau Gasol
2010,Los Angeles Lakers,Shannon Brown
2010,Los Angeles Lakers,Steve Blake
2010,Los Angeles Lakers,Theo Ratliff
2010,Memphis Grizzlies,Darrell Arthur
2010,Memphis Grizzlies,Hamed Haddadi
2010,Memphis Grizzlies,Leon Powe
2010,Memphis Grizzlies,O.J. Mayo
2010,Memphis Grizzlies,Rudy Gay
2010,Memphis Grizzlies,Sam Young
2010,Memphis Grizzlies,Shane Battier
2010,Memphis Grizzlies,Tony Allen
2010,Memphis Grizzlies,Zach Randolph
2010,Miami Heat,Chris Bosh
2010,Miami Heat,Eddie House
2010,Miami Heat,Erick Dampier
2010,Miami Heat,Jamaal Magloire
2010,Miami Heat,James Jones
2010,Miami Heat,Joel Anthony
2010,Miami Heat,Juwan Howard
2010,Miami Heat,LeBron James
2010,Miami Heat,Mike Bibby
2010,Miami Heat,Mike Miller
2010,Miami Heat,Zydrunas Ilgauskas
2010,Milwaukee Bucks,Andrew Bogut
2010,Milwaukee Bucks,Brandon Jennings
2010,Milwaukee Bucks,Carlos Delfino
2010,Milwaukee Bucks,Chris Douglas-Roberts
2010,Milwaukee Bucks,Corey Maggette
2010,Milwaukee Bucks,Drew Gooden
2010,Milwaukee Bucks,Earl Boykins
2010,Milwaukee Bucks,John Salmons
2010,Milwaukee Bucks,Jon Brockman
2010,Milwaukee Bucks,Keyon Dooling
2010,Milwaukee Bucks,Luc Mbah a Moute
2010,Milwaukee Bucks,Michael Redd
2010,Minnesota Timberwolves,Anthony Randolph
2010,Minnesota Timberwolves,Anthony Tolliver
2010,Minnesota Timberwolves,Darko Milicic
2010,Minnesota Timberwolves,Jonny Flynn
2010,Minnesota Timberwolves,Luke Ridnour
2010,Minnesota Timberwolves,Martell Webster
2010,Minnesota Timberwolves,Michael Beasley
2010,Minnesota Timberwolves,Sebastian Telfair
2010,Minnesota Timberwolves,Wayne Ellington
2010,New Orleans Pelicans,Aaron Gray
2010,New Orleans Pelicans,Carl Landry
2010,New Orleans Pelicans,Chris Paul
2010,New Orleans Pelicans,DJ Mbenga
2010,New Orleans Pelicans,David Andersen
2010,New Orleans Pelicans,David West
2010,New Orleans Pelicans,Emeka Okafor
2010,New Orleans Pelicans,Jarrett Jack
2010,New Orleans Pelicans,Jason Smith
2010,New Orleans Pelicans,Marco Belinelli
2010,New Orleans Pelicans,Marcus Banks
2010,New Orleans Pelicans,Trevor Ariza
2010,New Orleans Pelicans,Willie Green
2010,New York Knicks,Amar'e Stoudemire
2010,New York Knicks,Anthony Carter
2010,New York Knicks,Carmelo Anthony
2010,New York Knicks,Chauncey Billups
2010,New York Knicks,Derrick Brown
2010,New York Knicks,Henry Walker
2010,New York Knicks,Jared Jeffries
2010,New York Knicks,Renaldo Balkman
2010,New York Knicks,Roger Mason Jr.
2010,New York Knicks,Ronny Turiaf
2010,New York Knicks,Shawne Williams
2010,New York Knicks,Shelden Williams
2010,New York Knicks,Toney Douglas
2010,Oklahoma City Thunder,Byron Mullens
2010,Oklahoma City Thunder,Daequan Cook
2010,Oklahoma City Thunder,Eric Maynor
2010,Oklahoma City Thunder,James Harden
2010,Oklahoma City Thunder,Kendrick Perkins
2010,Oklahoma City Thunder,Nate Robinson
2010,Oklahoma City Thunder,Nazr Mohammed
2010,Oklahoma City Thunder,Royal Ivey
2010,Oklahoma City Thunder,Thabo Sefolosha
2010,Orlando Magic,Brandon Bass
2010,Orlando Magic,Chris Duhon
2010,Orlando Magic,Dwight Howard
2010,Orlando Magic,Earl Clark
2010,Orlando Magic,Gilbert Arenas
2010,Orlando Magic,Hedo Turkoglu
2010,Orlando Magic,JJ Redick
2010,Orlando Magic,Jason Richardson
2010,Orlando Magic,Malik Allen
2010,Orlando Magic,Quentin Richardson
2010,Orlando Magic,Ryan Anderson
2010,Philadelphia 76ers,Andre Iguodala
2010,Philadelphia 76ers,Andres Nocioni
2010,Philadelphia 76ers,Antonio Daniels
2010,Philadelphia 76ers,Darius Songaila
2010,Philadelphia 76ers,Elton Brand
2010,Philadelphia 76ers,Jason Kapono
2010,Philadelphia 76ers,Jodie Meeks
2010,Philadelphia 76ers,Jrue Holiday
2010,Philadelphia 76ers,Lou Williams
2010,Philadelphia 76ers,Marreese Speights
2010,Philadelphia 76ers,Spencer Hawes
2010,Philadelphia 76ers,Tony Battie
2010,Phoenix Suns,Aaron Brooks
2010,Phoenix Suns,Channing Frye
2010,Phoenix Suns,Grant Hill
2010,Phoenix Suns,Hakim Warrick
2010,Phoenix Suns,Jared Dudley
2010,Phoenix Suns,Josh Childress
2010,Phoenix Suns,Marcin Gortat
2010,Phoenix Suns,Mickael Pietrus
2010,Phoenix Suns,Robin Lopez
2010,Phoenix Suns,Steve Nash
2010,Phoenix Suns,Vince Carter
2010,Portland Trail Blazers,Andre Miller
2010,Portland Trail Blazers,Brandon Roy
2010,Portland Trail Blazers,Earl Barron
2010,Portland Trail Blazers,Gerald Wallace
2010,Portland Trail Blazers,Greg Oden
2010,Portland Trail Blazers,Marcus Camby
2010,Portland Trail Blazers,Patty Mills
2010,Portland Trail Blazers,Rudy Fernandez
2010,Portland Trail Blazers,Wesley Matthews
2010,Sacramento Kings,Beno Udrih
2010,Sacramento Kings,Darnell Jackson
2010,Sacramento Kings,Donte Greene
2010,Sacramento Kings,Francisco Garcia
2010,Sacramento Kings,Marcus Thornton
2010,Sacramento Kings,Marquis Daniels
2010,Sacramento Kings,Omri Casspi
2010,Sacramento Kings,Samuel Dalembert
2010,Sacramento Kings,Tyreke Evans
2010,San Antonio Spurs,Antonio McDyess
2010,San Antonio Spurs,Chris Quinn
2010,San Antonio Spurs,Danny Green
2010,San Antonio Spurs,DeJuan Blair
2010,San Antonio Spurs,George Hill
2010,San Antonio Spurs,Matt Bonner
2010,San Antonio Spurs,Richard Jefferson
2010,San Antonio Spurs,Steve Novak
2010,Toronto Raptors,Alexis Ajinca
2010,Toronto Raptors,Amir Johnson
2010,Toronto Raptors,Andrea Bargnani
2010,Toronto Raptors,James Johnson
2010,Toronto Raptors,Jerryd Bayless
2010,Toronto Raptors,Joey Dorsey
2010,Toronto Raptors,Jose Calderon
2010,Toronto Raptors,Julian Wright
2010,Toronto Raptors,Leandro Barbosa
2010,Toronto Raptors,Linas Kleiza
2010,Toronto Raptors,Reggie Evans
2010,Toronto Raptors,Sonny Weems
2010,Utah Jazz,Al Jefferson
2010,Utah Jazz,Andrei Kirilenko
2010,Utah Jazz,CJ Miles
2010,Utah Jazz,Devin Harris
2010,Utah Jazz,Earl Watson
2010,Utah Jazz,Francisco Elson
2010,Utah Jazz,Kyrylo Fesenko
2010,Utah Jazz,Paul Millsap
2010,Utah Jazz,Raja Bell
2010,Utah Jazz,Ronnie Price
2010,Washington Wizards,Andray Blatche
2010,Washington Wizards,JaVale McGee
2010,Washington Wizards,Josh Howard
2010,Washington Wizards,Maurice Evans
2010,Washington Wizards,Mustafa Shakur
2010,Washington Wizards,Nick Young
2010,Washington Wizards,Othyus Jeffers
2010,Washington Wizards,Rashard Lewis
2010,Washington Wizards,Yi Jianlian
2011,Atlanta Hawks,Erick Dampier
2011,Atlanta Hawks,Jannero Pargo
2011,Atlanta Hawks,Jason Collins
2011,Atlanta Hawks,Jerry Stackhouse
2011,Atlanta Hawks,Joe Johnson
2011,Atlanta Hawks,Josh Smith
2011,Atlanta Hawks,Kirk Hinrich
2011,Atlanta Hawks,Marvin Williams
2011,Atlanta Hawks,Tracy McGrady
2011,Atlanta Hawks,Vladimir Radmanovic
2011,Atlanta Hawks,Willie Green
2011,Atlanta Hawks,Zaza Pachulia
2011,Boston Celtics,Brandon Bass
2011,Boston Celtics,Greg Stiemsma
2011,Boston Celtics,Kevin Garnett
2011,Boston Celtics,Keyon Dooling
2011,Boston Celtics,Marquis Daniels
2011,Boston Celtics,Mickael Pietrus
2011,Boston Celtics,Paul Pierce
2011,Boston Celtics,Ray Allen
2011,Boston Celtics,Ryan Hollins
2011,Boston Celtics,Sasha Pavlovic
2011,Boston Celtics,Sean Williams
2011,Brooklyn Nets,Anthony Morrow
2011,Brooklyn Nets,Armon Johnson
2011,Brooklyn Nets,Damion James
2011,Brooklyn Nets,DeShawn Stevenson
2011,Brooklyn Nets,Deron Williams
2011,Brooklyn Nets,Gerald Green
2011,Brooklyn Nets,Gerald Wallace
2011,Brooklyn Nets,Johan Petro
2011,Brooklyn Nets,Jordan Farmar
2011,Brooklyn Nets,Kris Humphries
2011,Brooklyn Nets,Shelden Williams
2011,Brooklyn Nets,Sundiata Gaines
2011,Charlotte Hornets,Byron Mullens
2011,Charlotte Hornets,Corey Maggette
2011,Charlotte Hornets,D.J. Augustin
2011,Charlotte Hornets,DJ White
2011,Charlotte Hornets,DeSagana Diop
2011,Charlotte Hornets,Derrick Brown
2011,Charlotte Hornets,Eduardo Najera
2011,Charlotte Hornets,Jamario Moon
2011,Charlotte Hornets,Matt Carroll
2011,Charlotte Hornets,Reggie Williams
2011,Charlotte Hornets,Tyrus Thomas
2011,Chicago Bulls,Brian Scalabrine
2011,Chicago Bulls,C.J. Watson
2011,Chicago Bulls,Carlos Boozer
2011,Chicago Bulls,John Lucas III
2011,Chicago Bulls,Kyle Korver
2011,Chicago Bulls,Luol Deng
2011,Chicago Bulls,Mike James
2011,Chicago Bulls,Omer Asik
2011,Chicago Bulls,Richard Hamilton
2011,Chicago Bulls,Ronnie Brewer
2011,Cleveland Cavaliers,Alonzo Gee
2011,Cleveland Cavaliers,Antawn Jamison
2011,Cleveland Cavaliers,Anthony Parker
2011,Cleveland Cavaliers,Luke Walton
2011,Cleveland Cavaliers,Omri Casspi
2011,Dallas Mavericks,Brandan Wright
2011,Dallas Mavericks,Brendan Haywood
2011,Dallas Mavericks,Brian Cardinal
2011,Dallas Mavericks,Delonte West
2011,Dallas Mavericks,Ian Mahinmi
2011,Dallas Mavericks,Jason Kidd
2011,Dallas Mavericks,Jason Terry
2011,Dallas Mavericks,Kelenna Azubuike
2011,Dallas Mavericks,Lamar Odom
2011,Dallas Mavericks,Shawn Marion
2011,Dallas Mavericks,Vince Carter
2011,Dallas Mavericks,Yi Jianlian
2011,Denver Nuggets,Al Harrington
2011,Denver Nuggets,Andre Miller
2011,Denver Nuggets,Arron Afflalo
2011,Denver Nuggets,Chris Andersen
2011,Denver Nuggets,Corey Brewer
2011,Denver Nuggets,Danilo Gallinari
2011,Denver Nuggets,JaVale McGee
2011,Denver Nuggets,Kosta Koufos
2011,Denver Nuggets,Rudy Fernandez
2011,Denver Nuggets,Wilson Chandler
2011,Detroit Pistons,Austin Daye
2011,Detroit Pistons,Ben Gordon
2011,Detroit Pistons,Ben Wallace
2011,Detroit Pistons,Charlie Villanueva
2011,Detroit Pistons,Damien Wilkins
2011,Detroit Pistons,Jason Maxiell
2011,Detroit Pistons,Tayshaun Prince
2011,Detroit Pistons,Will Bynum
2011,Golden State Warriors,Andrew Bogut
2011,Golden State Warriors,Brandon Rush
2011,Golden State Warriors,David Lee
2011,Golden State Warriors,Dominic McGuire
2011,Golden State Warriors,Dorell Wright
2011,Golden State Warriors,Mikki Moore
2011,Golden State Warriors,Nate Robinson
2011,Golden State Warriors,Richard Jefferson
2011,Houston Rockets,Chase Budinger
2011,Houston Rockets,Courtney Lee
2011,Houston Rockets,Earl Boykins
2011,Houston Rockets,Goran Dragic
2011,Houston Rockets,Kevin Martin
2011,Houston Rockets,Kyle Lowry
2011,Houston Rockets,Luis Scola
2011,Houston Rockets,Marcus Camby
2011,Houston Rockets,Patrick Patterson
2011,Houston Rockets,Samuel Dalembert
2011,Indiana Pacers,AJ Price
2011,Indiana Pacers,Dahntay Jones
2011,Indiana Pacers,Danny Granger
2011,Indiana Pacers,Darren Collison
2011,Indiana Pacers,David West
2011,Indiana Pacers,George Hill
2011,Indiana Pacers,Jeff Ayres
2011,Indiana Pacers,Kyrylo Fesenko
2011,Indiana Pacers,Leandro Barbosa
2011,Indiana Pacers,Lou Amundson
2011,Indiana Pacers,Tyler Hansbrough
2011,Los Angeles Clippers,Bobby Simmons
2011,Los Angeles Clippers,Caron Butler
2011,Los Angeles Clippers,Chauncey Billups
2011,Los Angeles Clippers,Chris Paul
2011,Los Angeles Clippers,Eric Bledsoe
2011,Los Angeles Clippers,Kenyon Martin
2011,Los Angeles Clippers,Mo Williams
2011,Los Angeles Clippers,Nick Young
2011,Los Angeles Clippers,Randy Foye
2011,Los Angeles Clippers,Reggie Evans
2011,Los Angeles Clippers,Ryan Gomes
2011,Los Angeles Lakers,Andrew Bynum
2011,Los Angeles Lakers,Christian Eyenga
2011,Los Angeles Lakers,Jordan Hill
2011,Los Angeles Lakers,Josh McRoberts
2011,Los Angeles Lakers,Matt Barnes
2011,Los Angeles Lakers,Metta World Peace
2011,Los Angeles Lakers,Pau Gasol
2011,Los Angeles Lakers,Ramon Sessions
2011,Los Angeles Lakers,Steve Blake
2011,Los Angeles Lakers,Troy Murphy
2011,Memphis Grizzlies,Dante Cunningham
2011,Memphis Grizzlies,Darrell Arthur
2011,Memphis Grizzlies,Gilbert Arenas
2011,Memphis Grizzlies,Hamed Haddadi
2011,Memphis Grizzlies,Marreese Speights
2011,Memphis Grizzlies,O.J. Mayo
2011,Memphis Grizzlies,Quincy Pondexter
2011,Memphis Grizzlies,Rudy Gay
2011,Memphis Grizzlies,Tony Allen
2011,Memphis Grizzlies,Zach Randolph
2011,Miami Heat,Chris Bosh
2011,Miami Heat,Eddy Curry
2011,Miami Heat,James Jones
2011,Miami Heat,Joel Anthony
2011,Miami Heat,Juwan Howard
2011,Miami Heat,LeBron James
2011,Miami Heat,Mike Miller
2011,Miami Heat,Ronny Turiaf
2011,Miami Heat,Shane Battier
2011,Milwaukee Bucks,Beno Udrih
2011,Milwaukee Bucks,Brandon Jennings
2011,Milwaukee Bucks,Carlos Delfino
2011,Milwaukee Bucks,Drew Gooden
2011,Milwaukee Bucks,Ekpe Udoh
2011,Milwaukee Bucks,Jon Brockman
2011,Milwaukee Bucks,Kwame Brown
2011,Milwaukee Bucks,Luc Mbah a Moute
2011,Milwaukee Bucks,Mike Dunleavy
2011,Milwaukee Bucks,Monta Ellis
2011,Milwaukee Bucks,Shaun Livingston
2011,Minnesota Timberwolves,Anthony Randolph
2011,Minnesota Timberwolves,Anthony Tolliver
2011,Minnesota Timberwolves,Brad Miller
2011,Minnesota Timberwolves,Darko Milicic
2011,Minnesota Timberwolves,J.J. Barea
2011,Minnesota Timberwolves,Luke Ridnour
2011,Minnesota Timberwolves,Martell Webster
2011,Minnesota Timberwolves,Michael Beasley
2011,Minnesota Timberwolves,Wayne Ellington
2011,Minnesota Timberwolves,Wesley Johnson
2011,New Orleans Pelicans,Al-Farouq Aminu
2011,New Orleans Pelicans,Carl Landry
2011,New Orleans Pelicans,Chris Kaman
2011,New Orleans Pelicans,Emeka Okafor
2011,New Orleans Pelicans,Eric Gordon
2011,New Orleans Pelicans,Greivis Vasquez
2011,New Orleans Pelicans,Jarrett Jack
2011,New Orleans Pelicans,Jason Smith
2011,New Orleans Pelicans,Marco Belinelli
2011,New Orleans Pelicans,Trevor Ariza
2011,New Orleans Pelicans,Xavier Henry
2011,New York Knicks,Amar'e Stoudemire
2011,New York Knicks,Baron Davis
2011,New York Knicks,Carmelo Anthony
2011,New York Knicks,Dan Gadzuric
2011,New York Knicks,JR Smith
2011,New York Knicks,Jared Jeffries
2011,New York Knicks,Jeremy Lin
2011,New York Knicks,Landry Fields
2011,New York Knicks,Mike Bibby
2011,New York Knicks,Steve Novak
2011,New York Knicks,Toney Douglas
2011,New York Knicks,Tyson Chandler
2011,Oklahoma City Thunder,Cole Aldrich
2011,Oklahoma City Thunder,Daequan Cook
2011,Oklahoma City Thunder,Derek Fisher
2011,Oklahoma City Thunder,Eric Maynor
2011,Oklahoma City Thunder,James Harden
2011,Oklahoma City Thunder,Kendrick Perkins
2011,Oklahoma City Thunder,Lazar Hayward
2011,Oklahoma City Thunder,Nazr Mohammed
2011,Oklahoma City Thunder,Royal Ivey
2011,Oklahoma City Thunder,Thabo Sefolosha
2011,Orlando Magic,Chris Duhon
2011,Orlando Magic,Daniel Orton
2011,Orlando Magic,Dwight Howard
2011,Orlando Magic,Earl Clark
2011,Orlando Magic,Glen Davis
2011,Orlando Magic,Hedo Turkoglu
2011,Orlando Magic,Ish Smith
2011,Orlando Magic,JJ Redick
2011,Orlando Magic,Jason Richardson
2011,Orlando Magic,Quentin Richardson
2011,Orlando Magic,Ryan Anderson
2011,Orlando Magic,Von Wafer
2011,Philadelphia 76ers,Andre Iguodala
2011,Philadelphia 76ers,Elton Brand
2011,Philadelphia 76ers,Evan Turner
2011,Philadelphia 76ers,Jodie Meeks
2011,Philadelphia 76ers,Jrue Holiday
2011,Philadelphia 76ers,Lou Williams
2011,Philadelphia 76ers,Sam Young
2011,Philadelphia 76ers,Spencer Hawes
2011,Philadelphia 76ers,Tony Battie
2011,Phoenix Suns,Channing Frye
2011,Phoenix Suns,Grant Hill
2011,Phoenix Suns,Hakim Warrick
2011,Phoenix Suns,Jared Dudley
2011,Phoenix Suns,Josh Childress
2011,Phoenix Suns,Marcin Gortat
2011,Phoenix Suns,Michael Redd
2011,Phoenix Suns,Robin Lopez
2011,Phoenix Suns,Ronnie Price
2011,Phoenix Suns,Sebastian Telfair
2011,Phoenix Suns,Shannon Brown
2011,Phoenix Suns,Steve Nash
2011,Portland Trail Blazers,Craig Smith
2011,Portland Trail Blazers,Elliot Williams
2011,Portland Trail Blazers,Hasheem Thabeet
2011,Portland Trail Blazers,JJ Hickson
2011,Portland Trail Blazers,Jamal Crawford
2011,Portland Trail Blazers,Joel Przybilla
2011,Portland Trail Blazers,Jonny Flynn
2011,Portland Trail Blazers,Kurt Thomas
2011,Portland Trail Blazers,Luke Babbitt
2011,Portland Trail Blazers,Raymond Felton
2011,Portland Trail Blazers,Shawne Williams
2011,Portland Trail Blazers,Wesley Matthews
2011,Sacramento Kings,Chuck Hayes
2011,Sacramento Kings,Donte Greene
2011,Sacramento Kings,Francisco Garcia
2011,Sacramento Kings,John Salmons
2011,Sacramento Kings,Marcus Thornton
2011,Sacramento Kings,Terrence Williams
2011,Sacramento Kings,Travis Outlaw
2011,Sacramento Kings,Tyreke Evans
2011,San Antonio Spurs,Boris Diaw
2011,San Antonio Spurs,Danny Green
2011,San Antonio Spurs,DeJuan Blair
2011,San Antonio Spurs,Gary Neal
2011,San Antonio Spurs,James Anderson
2011,San Antonio Spurs,Matt Bonner
2011,San Antonio Spurs,Patty Mills
2011,San Antonio Spurs,Stephen Jackson
2011,Toronto Raptors,Aaron Gray
2011,Toronto Raptors,Alan Anderson
2011,Toronto Raptors,Amir Johnson
2011,Toronto Raptors,Andrea Bargnani
2011,Toronto Raptors,Ben Uzoh
2011,Toronto Raptors,Ed Davis
2011,Toronto Raptors,Gary Forbes
2011,Toronto Raptors,Jamaal Magloire
2011,Toronto Raptors,James Johnson
2011,Toronto Raptors,Jerryd Bayless
2011,Toronto Raptors,Jose Calderon
2011,Toronto Raptors,Linas Kleiza
2011,Utah Jazz,Al Jefferson
2011,Utah Jazz,Blake Ahearn
2011,Utah Jazz,CJ Miles
2011,Utah Jazz,DeMarre Carroll
2011,Utah Jazz,Devin Harris
2011,Utah Jazz,Earl Watson
2011,Utah Jazz,Jamaal Tinsley
2011,Utah Jazz,Josh Howard
2011,Utah Jazz,Paul Millsap
2011,Utah Jazz,Raja Bell
2011,Washington Wizards,Andray Blatche
2011,Washington Wizards,Brian Cook
2011,Washington Wizards,Cartier Martin
2011,Washington Wizards,James Singleton
2011,Washington Wizards,Jordan Crawford
2011,Washington Wizards,Maurice Evans
2011,Washington Wizards,Morris Almond
2011,Washington Wizards,Nene
2011,Washington Wizards,Rashard Lewis
2012,Atlanta Hawks,Anthony Tolliver
2012,Atlanta Hawks,Dahntay Jones
2012,Atlanta Hawks,DeShawn Stevenson
2012,Atlanta Hawks,Devin Harris
2012,Atlanta Hawks,Johan Petro
2012,Atlanta Hawks,Josh Smith
2012,Atlanta Hawks,Kyle Korver
2012,Atlanta Hawks,Lou Williams
2012,Atlanta Hawks,Shelvin Mack
2012,Atlanta Hawks,Zaza Pachulia
2012,Boston Celtics,Brandon Bass
2012,Boston Celtics,Chris Wilcox
2012,Boston Celtics,Courtney Lee
2012,Boston Celtics,DJ White
2012,Boston Celtics,Jason Terry
2012,Boston Celtics,Jeff Green
2012,Boston Celtics,Jordan Crawford
2012,Boston Celtics,Kevin Garnett
2012,Boston Celtics,Paul Pierce
2012,Boston Celtics,Shavlik Randolph
2012,Boston Celtics,Terrence Williams
2012,Brooklyn Nets,Andray Blatche
2012,Brooklyn Nets,C.J. Watson
2012,Brooklyn Nets,Deron Williams
2012,Brooklyn Nets,Gerald Wallace
2012,Brooklyn Nets,Jerry Stackhouse
2012,Brooklyn Nets,Joe Johnson
2012,Brooklyn Nets,Keith Bogans
2012,Brooklyn Nets,Kris Humphries
2012,Brooklyn Nets,MarShon Brooks
2012,Brooklyn Nets,Reggie Evans
2012,Charlotte Hornets,Ben Gordon
2012,Charlotte Hornets,Brendan Haywood
2012,Charlotte Hornets,Byron Mullens
2012,Charlotte Hornets,DeSagana Diop
2012,Charlotte Hornets,Jannero Pargo
2012,Charlotte Hornets,Jeff Adrien
2012,Charlotte Hornets,Josh McRoberts
2012,Charlotte Hornets,Ramon Sessions
2012,Charlotte Hornets,Reggie Williams
2012,Charlotte Hornets,Tyrus Thomas
2012,Chicago Bulls,Carlos Boozer
2012,Chicago Bulls,Daequan Cook
2012,Chicago Bulls,Kirk Hinrich
2012,Chicago Bulls,Luol Deng
2012,Chicago Bulls,Marco Belinelli
2012,Chicago Bulls,Nate Robinson
2012,Chicago Bulls,Nazr Mohammed
2012,Chicago Bulls,Richard Hamilton
2012,Chicago Bulls,Vladimir Radmanovic
2012,Cleveland Cavaliers,Alonzo Gee
2012,Cleveland Cavaliers,CJ Miles
2012,Cleveland Cavaliers,Chris Quinn
2012,Cleveland Cavaliers,Luke Walton
2012,Cleveland Cavaliers,Marreese Speights
2012,Cleveland Cavaliers,Omri Casspi
2012,Cleveland Cavaliers,Shaun Livingston
2012,Cleveland Cavaliers,Wayne Ellington
2012,Dallas Mavericks,Anthony Morrow
2012,Dallas Mavericks,Brandan Wright
2012,Dallas Mavericks,Chris Kaman
2012,Dallas Mavericks,Darren Collison
2012,Dallas Mavericks,Elton Brand
2012,Dallas Mavericks,Mike James
2012,Dallas Mavericks,O.J. Mayo
2012,Dallas Mavericks,Shawn Marion
2012,Dallas Mavericks,Vince Carter
2012,Denver Nuggets,Andre Iguodala
2012,Denver Nuggets,Andre Miller
2012,Denver Nuggets,Anthony Randolph
2012,Denver Nuggets,Corey Brewer
2012,Denver Nuggets,Danilo Gallinari
2012,Denver Nuggets,JaVale McGee
2012,Denver Nuggets,Jordan Hamilton
2012,Denver Nuggets,Julyan Stone
2012,Denver Nuggets,Kosta Koufos
2012,Denver Nuggets,Wilson Chandler
2012,Detroit Pistons,Brandon Knight
2012,Detroit Pistons,Charlie Villanueva
2012,Detroit Pistons,Corey Maggette
2012,Detroit Pistons,Jason Maxiell
2012,Detroit Pistons,Jose Calderon
2012,Detroit Pistons,Will Bynum
2012,Golden State Warriors,Andrew Bogut
2012,Golden State Warriors,Brandon Rush
2012,Golden State Warriors,Carl Landry
2012,Golden State Warriors,David Lee
2012,Golden State Warriors,Dwayne Jones
2012,Golden State Warriors,Jarrett Jack
2012,Golden State Warriors,Richard Jefferson
2012,Houston Rockets,Aaron Brooks
2012,Houston Rockets,Carlos Delfino
2012,Houston Rockets,Francisco Garcia
2012,Houston Rockets,Greg Smith
2012,Houston Rockets,James Anderson
2012,Houston Rockets,James Harden
2012,Houston Rockets,Jeremy Lin
2012,Houston Rockets,Omer Asik
2012,Indiana Pacers,D.J. Augustin
2012,Indiana Pacers,Danny Granger
2012,Indiana Pacers,David West
2012,Indiana Pacers,George Hill
2012,Indiana Pacers,Gerald Green
2012,Indiana Pacers,Ian Mahinmi
2012,Indiana Pacers,Jeff Ayres
2012,Indiana Pacers,Sam Young
2012,Indiana Pacers,Tyler Hansbrough
2012,Los Angeles Clippers,Caron Butler
2012,Los Angeles Clippers,Chauncey Billups
2012,Los Angeles Clippers,Chris Paul
2012,Los Angeles Clippers,DaJuan Summers
2012,Los Angeles Clippers,Eric Bledsoe
2012,Los Angeles Clippers,Grant Hill
2012,Los Angeles Clippers,Jamal Crawford
2012,Los Angeles Clippers,Lamar Odom
2012,Los Angeles Clippers,Matt Barnes
2012,Los Angeles Clippers,Ronny Turiaf
2012,Los Angeles Clippers,Ryan Hollins
2012,Los Angeles Clippers,Willie Green
2012,Los Angeles Lakers,Antawn Jamison
2012,Los Angeles Lakers,Chris Duhon
2012,Los Angeles Lakers,Dwight Howard
2012,Los Angeles Lakers,Earl Clark
2012,Los Angeles Lakers,Jodie Meeks
2012,Los Angeles Lakers,Jordan Hill
2012,Los Angeles Lakers,Metta World Peace
2012,Los Angeles Lakers,Pau Gasol
2012,Los Angeles Lakers,Steve Blake
2012,Los Angeles Lakers,Steve Nash
2012,Memphis Grizzlies,Austin Daye
2012,Memphis Grizzlies,Darrell Arthur
2012,Memphis Grizzlies,Donte Greene
2012,Memphis Grizzlies,Ed Davis
2012,Memphis Grizzlies,Jerryd Bayless
2012,Memphis Grizzlies,Jon Leuer
2012,Memphis Grizzlies,Keyon Dooling
2012,Memphis Grizzlies,Quincy Pondexter
2012,Memphis Grizzlies,Tayshaun Prince
2012,Memphis Grizzlies,Tony Allen
2012,Memphis Grizzlies,Zach Randolph
2012,Miami Heat,Chris Andersen
2012,Miami Heat,Chris Bosh
2012,Miami Heat,James Jones
2012,Miami Heat,Joel Anthony
2012,Miami Heat,Juwan Howard
2012,Miami Heat,LeBron James
2012,Miami Heat,Mike Miller
2012,Miami Heat,Rashard Lewis
2012,Miami Heat,Ray Allen
2012,Miami Heat,Shane Battier
2012,Milwaukee Bucks,Brandon Jennings
2012,Milwaukee Bucks,Drew Gooden
2012,Milwaukee Bucks,Ekpe Udoh
2012,Milwaukee Bucks,Gustavo Ayon
2012,Milwaukee Bucks,Ish Smith
2012,Milwaukee Bucks,JJ Redick
2012,Milwaukee Bucks,Joel Przybilla
2012,Milwaukee Bucks,Luc Mbah a Moute
2012,Milwaukee Bucks,Marquis Daniels
2012,Milwaukee Bucks,Mike Dunleavy
2012,Milwaukee Bucks,Monta Ellis
2012,Milwaukee Bucks,Samuel Dalembert
2012,Minnesota Timberwolves,Andrei Kirilenko
2012,Minnesota Timberwolves,Brandon Roy
2012,Minnesota Timberwolves,Chase Budinger
2012,Minnesota Timberwolves,Chris Johnson
2012,Minnesota Timberwolves,Dante Cunningham
2012,Minnesota Timberwolves,Derrick Williams
2012,Minnesota Timberwolves,Greg Stiemsma
2012,Minnesota Timberwolves,J.J. Barea
2012,Minnesota Timberwolves,Luke Ridnour
2012,Minnesota Timberwolves,Mickael Gelabale
2012,New Orleans Pelicans,Al-Farouq Aminu
2012,New Orleans Pelicans,Eric Gordon
2012,New Orleans Pelicans,Greivis Vasquez
2012,New Orleans Pelicans,Jason Smith
2012,New Orleans Pelicans,Lou Amundson
2012,New Orleans Pelicans,Robin Lopez
2012,New Orleans Pelicans,Roger Mason Jr.
2012,New Orleans Pelicans,Ryan Anderson
2012,New Orleans Pelicans,Terrel Harris
2012,New Orleans Pelicans,Xavier Henry
2012,New York Knicks,Amar'e Stoudemire
2012,New York Knicks,Carmelo Anthony
2012,New York Knicks,Earl Barron
2012,New York Knicks,JR Smith
2012,New York Knicks,James White
2012,New York Knicks,Jason Kidd
2012,New York Knicks,Kenyon Martin
2012,New York Knicks,Marcus Camby
2012,New York Knicks,Quentin Richardson
2012,New York Knicks,Raymond Felton
2012,New York Knicks,Steve Novak
2012,New York Knicks,Tyson Chandler
2012,Oklahoma City Thunder,Daniel Orton
2012,Oklahoma City Thunder,DeAndre Liggins
2012,Oklahoma City Thunder,Derek Fisher
2012,Oklahoma City Thunder,Hasheem Thabeet
2012,Oklahoma City Thunder,Kendrick Perkins
2012,Oklahoma City Thunder,Kevin Martin
2012,Oklahoma City Thunder,Ronnie Brewer
2012,Oklahoma City Thunder,Thabo Sefolosha
2012,Orlando Magic,Al Harrington
2012,Orlando Magic,Arron Afflalo
2012,Orlando Magic,Beno Udrih
2012,Orlando Magic,E'Twaun Moore
2012,Orlando Magic,Glen Davis
2012,Orlando Magic,Hedo Turkoglu
2012,Orlando Magic,Nikola Vučević
2012,Orlando Magic,Tobias Harris
2012,Philadelphia 76ers,Andrew Bynum
2012,Philadelphia 76ers,Charles Jenkins
2012,Philadelphia 76ers,Damien Wilkins
2012,Philadelphia 76ers,Dorell Wright
2012,Philadelphia 76ers,Evan Turner
2012,Philadelphia 76ers,Jason Richardson
2012,Philadelphia 76ers,Jrue Holiday
2012,Philadelphia 76ers,Kwame Brown
2012,Philadelphia 76ers,Lavoy Allen
2012,Philadelphia 76ers,Nick Young
2012,Philadelphia 76ers,Royal Ivey
2012,Philadelphia 76ers,Spencer Hawes
2012,Phoenix Suns,Channing Frye
2012,Phoenix Suns,Goran Dragic
2012,Phoenix Suns,Hamed Haddadi
2012,Phoenix Suns,Jared Dudley
2012,Phoenix Suns,Jermaine O'Neal
2012,Phoenix Suns,Luis Scola
2012,Phoenix Suns,Marcin Gortat
2012,Phoenix Suns,Marcus Morris Sr.
2012,Phoenix Suns,Michael Beasley
2012,Phoenix Suns,Shannon Brown
2012,Phoenix Suns,Wesley Johnson
2012,Portland Trail Blazers,Elliot Williams
2012,Portland Trail Blazers,Eric Maynor
2012,Portland Trail Blazers,JJ Hickson
2012,Portland Trail Blazers,Jared Jeffries
2012,Portland Trail Blazers,Luke Babbitt
2012,Portland Trail Blazers,Sasha Pavlovic
2012,Portland Trail Blazers,Wesley Matthews
2012,Sacramento Kings,Chuck Hayes
2012,Sacramento Kings,Cole Aldrich
2012,Sacramento Kings,James Johnson
2012,Sacramento Kings,Jimmer Fredette
2012,Sacramento Kings,John Salmons
2012,Sacramento Kings,Marcus Thornton
2012,Sacramento Kings,Patrick Patterson
2012,Sacramento Kings,Toney Douglas
2012,Sacramento Kings,Travis Outlaw
2012,Sacramento Kings,Tyreke Evans
2012,San Antonio Spurs,Boris Diaw
2012,San Antonio Spurs,Danny Green
2012,San Antonio Spurs,DeJuan Blair
2012,San Antonio Spurs,Gary Neal
2012,San Antonio Spurs,Matt Bonner
2012,San Antonio Spurs,Patty Mills
2012,San Antonio Spurs,Tracy McGrady
2012,Toronto Raptors,Aaron Gray
2012,Toronto Raptors,Alan Anderson
2012,Toronto Raptors,Amir Johnson
2012,Toronto Raptors,Andrea Bargnani
2012,Toronto Raptors,John Lucas III
2012,Toronto Raptors,Kyle Lowry
2012,Toronto Raptors,Landry Fields
2012,Toronto Raptors,Linas Kleiza
2012,Toronto Raptors,Mickael Pietrus
2012,Toronto Raptors,Rudy Gay
2012,Toronto Raptors,Sebastian Telfair
2012,Utah Jazz,Al Jefferson
2012,Utah Jazz,DeMarre Carroll
2012,Utah Jazz,Earl Watson
2012,Utah Jazz,Jamaal Tinsley
2012,Utah Jazz,Marvin Williams
2012,Utah Jazz,Mo Williams
2012,Utah Jazz,Paul Millsap
2012,Utah Jazz,Randy Foye
2012,Washington Wizards,AJ Price
2012,Washington Wizards,Cartier Martin
2012,Washington Wizards,Emeka Okafor
2012,Washington Wizards,Garrett Temple
2012,Washington Wizards,Jan Vesely
2012,Washington Wizards,Jason Collins
2012,Washington Wizards,Leandro Barbosa
2012,Washington Wizards,Martell Webster
2012,Washington Wizards,Nene
2012,Washington Wizards,Trevor Ariza
2013,Atlanta Hawks,Cartier Martin
2013,Atlanta Hawks,DeMarre Carroll
2013,Atlanta Hawks,Elton Brand
2013,Atlanta Hawks,Gustavo Ayon
2013,Atlanta Hawks,Kyle Korver
2013,Atlanta Hawks,Lou Williams
2013,Atlanta Hawks,Paul Millsap
2013,Atlanta Hawks,Shelvin Mack
2013,Boston Celtics,Brandon Bass
2013,Boston Celtics,Chris Johnson
2013,Boston Celtics,Gerald Wallace
2013,Boston Celtics,Jeff Green
2013,Boston Celtics,Jerryd Bayless
2013,Boston Celtics,Joel Anthony
2013,Boston Celtics,Keith Bogans
2013,Boston Celtics,Kris Humphries
2013,Brooklyn Nets,Alan Anderson
2013,Brooklyn Nets,Andray Blatche
2013,Brooklyn Nets,Andrei Kirilenko
2013,Brooklyn Nets,Deron Williams
2013,Brooklyn Nets,Jason Collins
2013,Brooklyn Nets,Joe Johnson
2013,Brooklyn Nets,Kevin Garnett
2013,Brooklyn Nets,Marcus Thornton
2013,Brooklyn Nets,Marquis Teague
2013,Brooklyn Nets,Paul Pierce
2013,Brooklyn Nets,Shaun Livingston
2013,Charlotte Hornets,Al Jefferson
2013,Charlotte Hornets,Anthony Tolliver
2013,Charlotte Hornets,Brendan Haywood
2013,Charlotte Hornets,Chris Douglas-Roberts
2013,Charlotte Hornets,DJ White
2013,Charlotte Hornets,Gary Neal
2013,Charlotte Hornets,Jannero Pargo
2013,Charlotte Hornets,Josh McRoberts
2013,Charlotte Hornets,Luke Ridnour
2013,Chicago Bulls,Carlos Boozer
2013,Chicago Bulls,D.J. Augustin
2013,Chicago Bulls,Greg Smith
2013,Chicago Bulls,Jimmer Fredette
2013,Chicago Bulls,Kirk Hinrich
2013,Chicago Bulls,Lou Amundson
2013,Chicago Bulls,Mike Dunleavy
2013,Chicago Bulls,Mike James
2013,Chicago Bulls,Nazr Mohammed
2013,Chicago Bulls,Ronnie Brewer
2013,Cleveland Cavaliers,Alonzo Gee
2013,Cleveland Cavaliers,CJ Miles
2013,Cleveland Cavaliers,Jarrett Jack
2013,Cleveland Cavaliers,Luol Deng
2013,Cleveland Cavaliers,Spencer Hawes
2013,Dallas Mavericks,Brandan Wright
2013,Dallas Mavericks,DeJuan Blair
2013,Dallas Mavericks,Devin Harris
2013,Dallas Mavericks,Monta Ellis
2013,Dallas Mavericks,Raymond Felton
2013,Dallas Mavericks,Shawn Marion
2013,Dallas Mavericks,Tyson Chandler
2013,Dallas Mavericks,Vince Carter
2013,Denver Nuggets,Aaron Brooks
2013,Denver Nuggets,Anthony Randolph
2013,Denver Nuggets,Danilo Gallinari
2013,Denver Nuggets,Darrell Arthur
2013,Denver Nuggets,JJ Hickson
2013,Denver Nuggets,JaVale McGee
2013,Denver Nuggets,Jan Vesely
2013,Denver Nuggets,Nate Robinson
2013,Denver Nuggets,Randy Foye
2013,Denver Nuggets,Wilson Chandler
2013,Detroit Pistons,Brandon Jennings
2013,Detroit Pistons,Charlie Villanueva
2013,Detroit Pistons,Chauncey Billups
2013,Detroit Pistons,Josh Harrellson
2013,Detroit Pistons,Josh Smith
2013,Detroit Pistons,Will Bynum
2013,Golden State Warriors,Andre Iguodala
2013,Golden State Warriors,Andrew Bogut
2013,Golden State Warriors,David Lee
2013,Golden State Warriors,Hilton Armstrong
2013,Golden State Warriors,Jermaine O'Neal
2013,Golden State Warriors,Jordan Crawford
2013,Golden State Warriors,Marreese Speights
2013,Golden State Warriors,Steve Blake
2013,Houston Rockets,Dwight Howard
2013,Houston Rockets,Francisco Garcia
2013,Houston Rockets,James Harden
2013,Houston Rockets,Jeremy Lin
2013,Houston Rockets,Jordan Hamilton
2013,Houston Rockets,Josh Powell
2013,Houston Rockets,Omer Asik
2013,Houston Rockets,Omri Casspi
2013,Indiana Pacers,Andrew Bynum
2013,Indiana Pacers,C.J. Watson
2013,Indiana Pacers,Chris Copeland
2013,Indiana Pacers,David West
2013,Indiana Pacers,Donald Sloan
2013,Indiana Pacers,Evan Turner
2013,Indiana Pacers,George Hill
2013,Indiana Pacers,Ian Mahinmi
2013,Indiana Pacers,Lavoy Allen
2013,Indiana Pacers,Luis Scola
2013,Indiana Pacers,Rasual Butler
2013,Los Angeles Clippers,Chris Paul
2013,Los Angeles Clippers,Danny Granger
2013,Los Angeles Clippers,Darren Collison
2013,Los Angeles Clippers,Glen Davis
2013,Los Angeles Clippers,Hedo Turkoglu
2013,Los Angeles Clippers,JJ Redick
2013,Los Angeles Clippers,Jamal Crawford
2013,Los Angeles Clippers,Jared Dudley
2013,Los Angeles Clippers,Matt Barnes
2013,Los Angeles Clippers,Ryan Hollins
2013,Los Angeles Clippers,Willie Green
2013,Los Angeles Lakers,Chris Kaman
2013,Los Angeles Lakers,Jodie Meeks
2013,Los Angeles Lakers,Jordan Farmar
2013,Los Angeles Lakers,Jordan Hill
2013,Los Angeles Lakers,Kendall Marshall
2013,Los Angeles Lakers,Kent Bazemore
2013,Los Angeles Lakers,MarShon Brooks
2013,Los Angeles Lakers,Nick Young
2013,Los Angeles Lakers,Pau Gasol
2013,Los Angeles Lakers,Steve Nash
2013,Los Angeles Lakers,Wesley Johnson
2013,Los Angeles Lakers,Xavier Henry
2013,Memphis Grizzlies,Beno Udrih
2013,Memphis Grizzlies,Courtney Lee
2013,Memphis Grizzlies,Ed Davis
2013,Memphis Grizzlies,James Johnson
2013,Memphis Grizzlies,Jon Leuer
2013,Memphis Grizzlies,Kosta Koufos
2013,Memphis Grizzlies,Mike Miller
2013,Memphis Grizzlies,Quincy Pondexter
2013,Memphis Grizzlies,Tayshaun Prince
2013,Memphis Grizzlies,Tony Allen
2013,Memphis Grizzlies,Zach Randolph
2013,Miami Heat,Chris Andersen
2013,Miami Heat,Chris Bosh
2013,Miami Heat,Greg Oden
2013,Miami Heat,James Jones
2013,Miami Heat,LeBron James
2013,Miami Heat,Michael Beasley
2013,Miami Heat,Rashard Lewis
2013,Miami Heat,Ray Allen
2013,Miami Heat,Shane Battier
2013,Miami Heat,Toney Douglas
2013,Milwaukee Bucks,Brandon Knight
2013,Milwaukee Bucks,Carlos Delfino
2013,Milwaukee Bucks,Chris Wright
2013,Milwaukee Bucks,Ekpe Udoh
2013,Milwaukee Bucks,Jeff Adrien
2013,Milwaukee Bucks,Khris Middleton
2013,Milwaukee Bucks,O.J. Mayo
2013,Milwaukee Bucks,Ramon Sessions
2013,Milwaukee Bucks,Zaza Pachulia
2013,Minnesota Timberwolves,Chase Budinger
2013,Minnesota Timberwolves,Corey Brewer
2013,Minnesota Timberwolves,Dante Cunningham
2013,Minnesota Timberwolves,J.J. Barea
2013,Minnesota Timberwolves,Kevin Martin
2013,Minnesota Timberwolves,Luc Mbah a Moute
2013,Minnesota Timberwolves,Othyus Jeffers
2013,Minnesota Timberwolves,Ronny Turiaf
2013,New Orleans Pelicans,Al-Farouq Aminu
2013,New Orleans Pelicans,Alexis Ajinca
2013,New Orleans Pelicans,Anthony Morrow
2013,New Orleans Pelicans,Eric Gordon
2013,New Orleans Pelicans,Jason Smith
2013,New Orleans Pelicans,Jrue Holiday
2013,New Orleans Pelicans,Luke Babbitt
2013,New Orleans Pelicans,Melvin Ely
2013,New Orleans Pelicans,Ryan Anderson
2013,New Orleans Pelicans,Tyreke Evans
2013,New York Knicks,Amar'e Stoudemire
2013,New York Knicks,Andrea Bargnani
2013,New York Knicks,Carmelo Anthony
2013,New York Knicks,Cole Aldrich
2013,New York Knicks,JR Smith
2013,New York Knicks,Jeremy Tyler
2013,New York Knicks,Jose Calderon
2013,New York Knicks,Kenyon Martin
2013,New York Knicks,Lamar Odom
2013,New York Knicks,Samuel Dalembert
2013,New York Knicks,Shannon Brown
2013,New York Knicks,Wayne Ellington
2013,Oklahoma City Thunder,Caron Butler
2013,Oklahoma City Thunder,Derek Fisher
2013,Oklahoma City Thunder,Hasheem Thabeet
2013,Oklahoma City Thunder,Kendrick Perkins
2013,Oklahoma City Thunder,Thabo Sefolosha
2013,Orlando Magic,Arron Afflalo
2013,Orlando Magic,E'Twaun Moore
2013,Orlando Magic,Jason Maxiell
2013,Orlando Magic,Nikola Vučević
2013,Orlando Magic,Ronnie Price
2013,Orlando Magic,Tobias Harris
2013,Philadelphia 76ers,Byron Mullens
2013,Philadelphia 76ers,Elliot Williams
2013,Philadelphia 76ers,James Anderson
2013,Philadelphia 76ers,Jarvis Varnado
2013,Philadelphia 76ers,Jason Richardson
2013,Philadelphia 76ers,Tony Wroten
2013,Phoenix Suns,Channing Frye
2013,Phoenix Suns,Emeka Okafor
2013,Phoenix Suns,Eric Bledsoe
2013,Phoenix Suns,Gerald Green
2013,Phoenix Suns,Goran Dragic
2013,Phoenix Suns,Ish Smith
2013,Phoenix Suns,Leandro Barbosa
2013,Phoenix Suns,Marcus Morris Sr.
2013,Phoenix Suns,Miles Plumlee
2013,Phoenix Suns,Shavlik Randolph
2013,Portland Trail Blazers,Dorell Wright
2013,Portland Trail Blazers,Earl Watson
2013,Portland Trail Blazers,Mo Williams
2013,Portland Trail Blazers,Robin Lopez
2013,Portland Trail Blazers,Thomas Robinson
2013,Portland Trail Blazers,Wesley Matthews
2013,Sacramento Kings,Aaron Gray
2013,Sacramento Kings,Carl Landry
2013,Sacramento Kings,Derrick Williams
2013,Sacramento Kings,Jared Cunningham
2013,Sacramento Kings,Jason Terry
2013,Sacramento Kings,Quincy Acy
2013,Sacramento Kings,Reggie Evans
2013,Sacramento Kings,Rudy Gay
2013,Sacramento Kings,Travis Outlaw
2013,Sacramento Kings,Willie Reed
2013,San Antonio Spurs,Austin Daye
2013,San Antonio Spurs,Boris Diaw
2013,San Antonio Spurs,Damion James
2013,San Antonio Spurs,Danny Green
2013,San Antonio Spurs,Jeff Ayres
2013,San Antonio Spurs,Marco Belinelli
2013,San Antonio Spurs,Matt Bonner
2013,San Antonio Spurs,Patty Mills
2013,Toronto Raptors,Amir Johnson
2013,Toronto Raptors,Chuck Hayes
2013,Toronto Raptors,Greivis Vasquez
2013,Toronto Raptors,John Salmons
2013,Toronto Raptors,Julyan Stone
2013,Toronto Raptors,Kyle Lowry
2013,Toronto Raptors,Landry Fields
2013,Toronto Raptors,Nando De Colo
2013,Toronto Raptors,Patrick Patterson
2013,Toronto Raptors,Steve Novak
2013,Toronto Raptors,Tyler Hansbrough
2013,Utah Jazz,Brandon Rush
2013,Utah Jazz,Diante Garrett
2013,Utah Jazz,John Lucas III
2013,Utah Jazz,Malcolm Thomas
2013,Utah Jazz,Marvin Williams
2013,Utah Jazz,Richard Jefferson
2013,Washington Wizards,Al Harrington
2013,Washington Wizards,Andre Miller
2013,Washington Wizards,Drew Gooden
2013,Washington Wizards,Garrett Temple
2013,Washington Wizards,Marcin Gortat
2013,Washington Wizards,Martell Webster
2013,Washington Wizards,Nene
2013,Washington Wizards,Trevor Ariza
2015,Detroit Pistons,Spencer Dinwiddie
2016,Atlanta Hawks,Dennis Schröder
2016,Atlanta Hawks,Dwight Howard
2016,Atlanta Hawks,Ersan Ilyasova
2016,Atlanta Hawks,Jose Calderon
2016,Atlanta Hawks,Kent Bazemore
2016,Atlanta Hawks,Mike Dunleavy
2016,Atlanta Hawks,Mike Muscala
2016,Atlanta Hawks,Paul Millsap
2016,Atlanta Hawks,Ryan Kelly
2016,Atlanta Hawks,Thabo Sefolosha
2016,Atlanta Hawks,Tim Hardaway Jr.
2016,Boston Celtics,Al Horford
2016,Boston Celtics,Amir Johnson
2016,Boston Celtics,Avery Bradley
2016,Boston Celtics,Gerald Green
2016,Boston Celtics,Isaiah Thomas
2016,Boston Celtics,Jae Crowder
2016,Boston Celtics,Jonas Jerebko
2016,Boston Celtics,Jordan Mickey
2016,Boston Celtics,Kelly Olynyk
2016,Boston Celtics,Marcus Smart
2016,Boston Celtics,Terry Rozier
2016,Boston Celtics,Tyler Zeller
2016,Brooklyn Nets,Andrew Nicholson
2016,Brooklyn Nets,Archie Goodwin
2016,Brooklyn Nets,Brook Lopez
2016,Brooklyn Nets,Jeremy Lin
2016,Brooklyn Nets,KJ McDaniels
2016,Brooklyn Nets,Quincy Acy
2016,Brooklyn Nets,Randy Foye
2016,Brooklyn Nets,Rondae Hollis-Jefferson
2016,Brooklyn Nets,Sean Kilpatrick
2016,Brooklyn Nets,Spencer Dinwiddie
2016,Brooklyn Nets,Trevor Booker
2016,Charlotte Hornets,Brian Roberts
2016,Charlotte Hornets,Briante Weber
2016,Charlotte Hornets,Christian Wood
2016,Charlotte Hornets,Cody Zeller
2016,Charlotte Hornets,Frank Kaminsky
2016,Charlotte Hornets,Jeremy Lamb
2016,Charlotte Hornets,Johnny O'Bryant III
2016,Charlotte Hornets,Kemba Walker
2016,Charlotte Hornets,Marco Belinelli
2016,Charlotte Hornets,Marvin Williams
2016,Charlotte Hornets,Michael Kidd-Gilchrist
2016,Charlotte Hornets,Miles Plumlee
2016,Charlotte Hornets,Nicolas Batum
2016,Charlotte Hornets,Ramon Sessions
2016,Chicago Bulls,Anthony Morrow
2016,Chicago Bulls,Bobby Portis
2016,Chicago Bulls,Cameron Payne
2016,Chicago Bulls,Dwyane Wade
2016,Chicago Bulls,Isaiah Canaan
2016,Chicago Bulls,Jerian Grant
2016,Chicago Bulls,Jimmy Butler III
2016,Chicago Bulls,Joffrey Lauvergne
2016,Chicago Bulls,Michael Carter-Williams
2016,Chicago Bulls,Nikola Mirotic
2016,Chicago Bulls,Rajon Rondo
2016,Chicago Bulls,Robin Lopez
2016,Cleveland Cavaliers,Channing Frye
2016,Cleveland Cavaliers,Deron Williams
2016,Cleveland Cavaliers,Derrick Williams
2016,Cleveland Cavaliers,Edy Tavares
2016,Cleveland Cavaliers,Iman Shumpert
2016,Cleveland Cavaliers,JR Smith
2016,Cleveland Cavaliers,Kevin Love
2016,Cleveland Cavaliers,Kyle Korver
2016,Cleveland Cavaliers,Kyrie Irving
2016,Cleveland Cavaliers,LeBron James
2016,Cleveland Cavaliers,Richard Jefferson
2016,Cleveland Cavaliers,Tristan Thompson
2016,Dallas Mavericks,Devin Harris
2016,Dallas Mavericks,Harrison Barnes
2016,Dallas Mavericks,Nerlens Noel
2016,Dallas Mavericks,Seth Curry
2016,Dallas Mavericks,Wesley Matthews
2016,Denver Nuggets,Danilo Gallinari
2016,Denver Nuggets,Emmanuel Mudiay
2016,Denver Nuggets,Gary Harris
2016,Denver Nuggets,Jameer Nelson
2016,Denver Nuggets,Kenneth Faried
2016,Denver Nuggets,Mason Plumlee
2016,Denver Nuggets,Roy Hibbert
2016,Denver Nuggets,Will Barton
2016,Denver Nuggets,Wilson Chandler
2016,Detroit Pistons,Andre Drummond
2016,Detroit Pistons,Aron Baynes
2016,Detroit Pistons,Boban Marjanovic
2016,Detroit Pistons,Darrun Hilliard
2016,Detroit Pistons,Ish Smith
2016,Detroit Pistons,Jon Leuer
2016,Detroit Pistons,Kentavious Caldwell-Pope
2016,Detroit Pistons,Marcus Morris Sr.
2016,Detroit Pistons,Reggie Bullock Jr.
2016,Detroit Pistons,Reggie Jackson
2016,Detroit Pistons,Stanley Johnson
2016,Detroit Pistons,Tobias Harris
2016,Golden State Warriors,Andre Iguodala
2016,Golden State Warriors,David West
2016,Golden State Warriors,Ian Clark
2016,Golden State Warriors,JaVale McGee
2016,Golden State Warriors,Kevin Durant
2016,Golden State Warriors,Kevon Looney
2016,Golden State Warriors,Klay Thompson
2016,Golden State Warriors,Matt Barnes
2016,Golden State Warriors,Zaza Pachulia
2016,Houston Rockets,Clint Capela
2016,Houston Rockets,Eric Gordon
2016,Houston Rockets,James Harden
2016,Houston Rockets,Lou Williams
2016,Houston Rockets,Montrezl Harrell
2016,Houston Rockets,Nene
2016,Houston Rockets,Patrick Beverley
2016,Houston Rockets,Ryan Anderson
2016,Houston Rockets,Sam Dekker
2016,Houston Rockets,Trevor Ariza
2016,Indiana Pacers,Aaron Brooks
2016,Indiana Pacers,Al Jefferson
2016,Indiana Pacers,CJ Miles
2016,Indiana Pacers,Glenn Robinson III
2016,Indiana Pacers,Jeff Teague
2016,Indiana Pacers,Kevin Seraphin
2016,Indiana Pacers,Lance Stephenson
2016,Indiana Pacers,Myles Turner
2016,Indiana Pacers,Paul George
2016,Indiana Pacers,Thaddeus Young
2016,Los Angeles Clippers,Alan Anderson
2016,Los Angeles Clippers,Austin Rivers
2016,Los Angeles Clippers,Blake Griffin
2016,Los Angeles Clippers,Brandon Bass
2016,Los Angeles Clippers,Chris Paul
2016,Los Angeles Clippers,DeAndre Jordan
2016,Los Angeles Clippers,JJ Redick
2016,Los Angeles Clippers,Jamal Crawford
2016,Los Angeles Clippers,Luc Mbah a Moute
2016,Los Angeles Clippers,Marreese Speights
2016,Los Angeles Clippers,Raymond Felton
2016,Los Angeles Clippers,Wesley Johnson
2016,Los Angeles Lakers,Corey Brewer
2016,Los Angeles Lakers,D'Angelo Russell
2016,Los Angeles Lakers,Jordan Clarkson
2016,Los Angeles Lakers,Julius Randle
2016,Los Angeles Lakers,Larry Nance Jr.
2016,Los Angeles Lakers,Luol Deng
2016,Los Angeles Lakers,Nick Young
2016,Los Angeles Lakers,Tarik Black
2016,Los Angeles Lakers,Thomas Robinson
2016,Los Angeles Lakers,Timofey Mozgov
2016,Los Angeles Lakers,Tyler Ennis
2016,Memphis Grizzlies,Chandler Parsons
2016,Memphis Grizzlies,JaMychal Green
2016,Memphis Grizzlies,James Ennis III
2016,Memphis Grizzlies,Jarell Martin
2016,Memphis Grizzlies,Marc Gasol
2016,Memphis Grizzlies,Mike Conley
2016,Memphis Grizzlies,Troy Daniels
2016,Memphis Grizzlies,Vince Carter
2016,Memphis Grizzlies,Zach Randolph
2016,Miami Heat,Dion Waiters
2016,Miami Heat,Goran Dragic
2016,Miami Heat,Hassan Whiteside
2016,Miami Heat,James Johnson
2016,Miami Heat,Josh Richardson
2016,Miami Heat,Justise Winslow
2016,Miami Heat,Luke Babbitt
2016,Miami Heat,Tyler Johnson
2016,Miami Heat,Wayne Ellington
2016,Miami Heat,Willie Reed
2016,Milwaukee Bucks,Greg Monroe
2016,Milwaukee Bucks,Jabari Parker
2016,Milwaukee Bucks,Jason Terry
2016,Milwaukee Bucks,John Henson
2016,Milwaukee Bucks,Khris Middleton
2016,Milwaukee Bucks,Matthew Dellavedova
2016,Milwaukee Bucks,Michael Beasley
2016,Milwaukee Bucks,Mirza Teletovic
2016,Milwaukee Bucks,Spencer Hawes
2016,Milwaukee Bucks,Tony Snell
2016,Minnesota Timberwolves,Andrew Wiggins
2016,Minnesota Timberwolves,Brandon Rush
2016,Minnesota Timberwolves,Cole Aldrich
2016,Minnesota Timberwolves,Gorgui Dieng
2016,Minnesota Timberwolves,Jordan Hill
2016,Minnesota Timberwolves,Karl-Anthony Towns
2016,Minnesota Timberwolves,Nemanja Bjelica
2016,Minnesota Timberwolves,Omri Casspi
2016,Minnesota Timberwolves,Ricky Rubio
2016,Minnesota Timberwolves,Shabazz Muhammad
2016,Minnesota Timberwolves,Tyus Jones
2016,Minnesota Timberwolves,Zach LaVine
2016,New Orleans Pelicans,Anthony Davis
2016,New Orleans Pelicans,Axel Toupane
2016,New Orleans Pelicans,Dante Cunningham
2016,New Orleans Pelicans,DeMarcus Cousins
2016,New Orleans Pelicans,Donatas Motiejunas
2016,New Orleans Pelicans,E'Twaun Moore
2016,New Orleans Pelicans,Jrue Holiday
2016,New Orleans Pelicans,Omer Asik
2016,New Orleans Pelicans,Quincy Pondexter
2016,New Orleans Pelicans,Solomon Hill
2016,New Orleans Pelicans,Tim Frazier
2016,New York Knicks,Carmelo Anthony
2016,New York Knicks,Courtney Lee
2016,New York Knicks,Derrick Rose
2016,New York Knicks,Joakim Noah
2016,New York Knicks,Justin Holiday
2016,New York Knicks,Kristaps Porziņģis
2016,New York Knicks,Kyle O'Quinn
2016,New York Knicks,Lance Thomas
2016,Oklahoma City Thunder,Doug McDermott
2016,Oklahoma City Thunder,Enes Freedom
2016,Oklahoma City Thunder,Jerami Grant
2016,Oklahoma City Thunder,Norris Cole
2016,Oklahoma City Thunder,Russell Westbrook
2016,Oklahoma City Thunder,Steven Adams
2016,Oklahoma City Thunder,Taj Gibson
2016,Oklahoma City Thunder,Victor Oladipo
2016,Orlando Magic,Aaron Gordon
2016,Orlando Magic,Bismack Biyombo
2016,Orlando Magic,D.J. Augustin
2016,Orlando Magic,Damjan Rudez
2016,Orlando Magic,Elfrid Payton
2016,Orlando Magic,Evan Fournier
2016,Orlando Magic,Jeff Green
2016,Orlando Magic,Jodie Meeks
2016,Orlando Magic,Mario Hezonja
2016,Orlando Magic,Nikola Vučević
2016,Orlando Magic,Terrence Ross
2016,Philadelphia 76ers,Gerald Henderson
2016,Philadelphia 76ers,Jahlil Okafor
2016,Philadelphia 76ers,Jerryd Bayless
2016,Philadelphia 76ers,Justin Anderson
2016,Philadelphia 76ers,Nik Stauskas
2016,Philadelphia 76ers,Richaun Holmes
2016,Philadelphia 76ers,Robert Covington
2016,Philadelphia 76ers,T.J. McConnell
2016,Philadelphia 76ers,Tiago Splitter
2016,Phoenix Suns,Alan Williams
2016,Phoenix Suns,Alex Len
2016,Phoenix Suns,Brandon Knight
2016,Phoenix Suns,Eric Bledsoe
2016,Phoenix Suns,Jared Dudley
2016,Phoenix Suns,Leandro Barbosa
2016,Phoenix Suns,T.J. Warren
2016,Phoenix Suns,Tyson Chandler
2016,Portland Trail Blazers,Al-Farouq Aminu
2016,Portland Trail Blazers,Allen Crabbe
2016,Portland Trail Blazers,CJ McCollum
2016,Portland Trail Blazers,Damian Lillard
2016,Portland Trail Blazers,Ed Davis
2016,Portland Trail Blazers,Evan Turner
2016,Portland Trail Blazers,Festus Ezeli
2016,Portland Trail Blazers,Jusuf Nurkić
2016,Portland Trail Blazers,Maurice Harkless
2016,Portland Trail Blazers,Meyers Leonard
2016,Portland Trail Blazers,Noah Vonleh
2016,Portland Trail Blazers,Pat Connaughton
2016,Portland Trail Blazers,Shabazz Napier
2016,Sacramento Kings,Arron Afflalo
2016,Sacramento Kings,Ben McLemore
2016,Sacramento Kings,Darren Collison
2016,Sacramento Kings,Garrett Temple
2016,Sacramento Kings,Langston Galloway
2016,Sacramento Kings,Rudy Gay
2016,Sacramento Kings,Ty Lawson
2016,Sacramento Kings,Tyreke Evans
2016,Sacramento Kings,Willie Cauley-Stein
2016,San Antonio Spurs,Danny Green
2016,San Antonio Spurs,David Lee
2016,San Antonio Spurs,Dewayne Dedmon
2016,San Antonio Spurs,Joel Anthony
2016,San Antonio Spurs,Jonathon Simmons
2016,San Antonio Spurs,Kawhi Leonard
2016,San Antonio Spurs,Kyle Anderson
2016,San Antonio Spurs,LaMarcus Aldridge
2016,San Antonio Spurs,Patty Mills
2016,San Antonio Spurs,Pau Gasol
2016,San Antonio Spurs,Tony Parker
2016,Toronto Raptors,Bruno Caboclo
2016,Toronto Raptors,Cory Joseph
2016,Toronto Raptors,DeMar DeRozan
2016,Toronto Raptors,DeMarre Carroll
2016,Toronto Raptors,Delon Wright
2016,Toronto Raptors,Jonas Valančiūnas
2016,Toronto Raptors,Kyle Lowry
2016,Toronto Raptors,Norman Powell
2016,Toronto Raptors,P.J. Tucker
2016,Toronto Raptors,Patrick Patterson
2016,Toronto Raptors,Serge Ibaka
2016,Utah Jazz,Alec Burks
2016,Utah Jazz,Boris Diaw
2016,Utah Jazz,Danté Exum
2016,Utah Jazz,Derrick Favors
2016,Utah Jazz,George Hill
2016,Utah Jazz,Gordon Hayward
2016,Utah Jazz,Joe Ingles
2016,Utah Jazz,Joe Johnson
2016,Utah Jazz,Raul Neto
2016,Utah Jazz,Rodney Hood
2016,Utah Jazz,Rudy Gobert
2016,Utah Jazz,Shelvin Mack
2016,Utah Jazz,Trey Lyles
2016,Washington Wizards,Bojan Bogdanovic
2016,Washington Wizards,Bradley Beal
2016,Washington Wizards,Brandon Jennings
2016,Washington Wizards,Chris McCullough
2016,Washington Wizards,Ian Mahinmi
2016,Washington Wizards,Jason Smith
2016,Washington Wizards,John Wall
2016,Washington Wizards,Kelly Oubre Jr.
2016,Washington Wizards,Markieff Morris
2016,Washington Wizards,Otto Porter Jr.
2016,Washington Wizards,Trey Burke
2017,Atlanta Hawks,DeAndre' Bembry
2017,Atlanta Hawks,Dennis Schröder
2017,Atlanta Hawks,Dewayne Dedmon
2017,Atlanta Hawks,Isaiah Taylor
2017,Atlanta Hawks,Jeremy Evans
2017,Atlanta Hawks,Kent Bazemore
2017,Atlanta Hawks,Mike Muscala
2017,Atlanta Hawks,Miles Plumlee
2017,Atlanta Hawks,Taurean Prince
2017,Boston Celtics,Al Horford
2017,Boston Celtics,Aron Baynes
2017,Boston Celtics,Gordon Hayward
2017,Boston Celtics,Greg Monroe
2017,Boston Celtics,Kyrie Irving
2017,Boston Celtics,Marcus Morris Sr.
2017,Boston Celtics,Marcus Smart
2017,Boston Celtics,Shane Larkin
2017,Boston Celtics,Terry Rozier
2017,Brooklyn Nets,Allen Crabbe
2017,Brooklyn Nets,Caris LeVert
2017,Brooklyn Nets,D'Angelo Russell
2017,Brooklyn Nets,Dante Cunningham
2017,Brooklyn Nets,DeMarre Carroll
2017,Brooklyn Nets,Isaiah Whitehead
2017,Brooklyn Nets,Jahlil Okafor
2017,Brooklyn Nets,Jeremy Lin
2017,Brooklyn Nets,Nik Stauskas
2017,Brooklyn Nets,Quincy Acy
2017,Brooklyn Nets,Rondae Hollis-Jefferson
2017,Brooklyn Nets,Spencer Dinwiddie
2017,Brooklyn Nets,Timofey Mozgov
2017,Charlotte Hornets,Cody Zeller
2017,Charlotte Hornets,Dwight Howard
2017,Charlotte Hornets,Frank Kaminsky
2017,Charlotte Hornets,Jeremy Lamb
2017,Charlotte Hornets,Kemba Walker
2017,Charlotte Hornets,Marvin Williams
2017,Charlotte Hornets,Michael Carter-Williams
2017,Charlotte Hornets,Michael Kidd-Gilchrist
2017,Charlotte Hornets,Nicolas Batum
2017,Charlotte Hornets,Treveon Graham
2017,Charlotte Hornets,Willy Hernangomez
2017,Chicago Bulls,Bobby Portis
2017,Chicago Bulls,Cameron Payne
2017,Chicago Bulls,David Nwaba
2017,Chicago Bulls,Jarell Eddie
2017,Chicago Bulls,Jerian Grant
2017,Chicago Bulls,Justin Holiday
2017,Chicago Bulls,Kris Dunn
2017,Chicago Bulls,Noah Vonleh
2017,Chicago Bulls,Omer Asik
2017,Chicago Bulls,Robin Lopez
2017,Chicago Bulls,Sean Kilpatrick
2017,Chicago Bulls,Zach LaVine
2017,Cleveland Cavaliers,George Hill
2017,Cleveland Cavaliers,JR Smith
2017,Cleveland Cavaliers,Jeff Green
2017,Cleveland Cavaliers,Jordan Clarkson
2017,Cleveland Cavaliers,Jose Calderon
2017,Cleveland Cavaliers,Kendrick Perkins
2017,Cleveland Cavaliers,Kevin Love
2017,Cleveland Cavaliers,Kyle Korver
2017,Cleveland Cavaliers,Larry Nance Jr.
2017,Cleveland Cavaliers,LeBron James
2017,Cleveland Cavaliers,Okaro White
2017,Cleveland Cavaliers,Rodney Hood
2017,Cleveland Cavaliers,Tristan Thompson
2017,Dallas Mavericks,Aaron Harrison
2017,Dallas Mavericks,Dorian Finney-Smith
2017,Dallas Mavericks,Doug McDermott
2017,Dallas Mavericks,Harrison Barnes
2017,Dallas Mavericks,Nerlens Noel
2017,Dallas Mavericks,Seth Curry
2017,Dallas Mavericks,Wesley Matthews
2017,Dallas Mavericks,Yogi Ferrell
2017,Denver Nuggets,Devin Harris
2017,Denver Nuggets,Gary Harris
2017,Denver Nuggets,Juancho Hernangomez
2017,Denver Nuggets,Kenneth Faried
2017,Denver Nuggets,Malik Beasley
2017,Denver Nuggets,Mason Plumlee
2017,Denver Nuggets,Paul Millsap
2017,Denver Nuggets,Richard Jefferson
2017,Denver Nuggets,Trey Lyles
2017,Denver Nuggets,Will Barton
2017,Denver Nuggets,Wilson Chandler
2017,Detroit Pistons,Andre Drummond
2017,Detroit Pistons,Anthony Tolliver
2017,Detroit Pistons,Blake Griffin
2017,Detroit Pistons,Eric Moreland
2017,Detroit Pistons,Henry Ellenson
2017,Detroit Pistons,Ish Smith
2017,Detroit Pistons,Jameer Nelson
2017,Detroit Pistons,James Ennis III
2017,Detroit Pistons,Jon Leuer
2017,Detroit Pistons,Kay Felder
2017,Detroit Pistons,Langston Galloway
2017,Detroit Pistons,Reggie Bullock Jr.
2017,Detroit Pistons,Reggie Jackson
2017,Detroit Pistons,Stanley Johnson
2017,Golden State Warriors,Andre Iguodala
2017,Golden State Warriors,Damian Jones
2017,Golden State Warriors,David West
2017,Golden State Warriors,JaVale McGee
2017,Golden State Warriors,Kevin Durant
2017,Golden State Warriors,Kevon Looney
2017,Golden State Warriors,Klay Thompson
2017,Golden State Warriors,Nick Young
2017,Golden State Warriors,Patrick McCaw
2017,Golden State Warriors,Quinn Cook
2017,Golden State Warriors,Zaza Pachulia
2017,Houston Rockets,Chris Paul
2017,Houston Rockets,Clint Capela
2017,Houston Rockets,Eric Gordon
2017,Houston Rockets,Gerald Green
2017,Houston Rockets,James Harden
2017,Houston Rockets,Joe Johnson
2017,Houston Rockets,Luc Mbah a Moute
2017,Houston Rockets,Markel Brown
2017,Houston Rockets,Nene
2017,Houston Rockets,P.J. Tucker
2017,Houston Rockets,RJ Hunter
2017,Houston Rockets,Ryan Anderson
2017,Houston Rockets,Tarik Black
2017,Houston Rockets,Trevor Ariza
2017,Indiana Pacers,Al Jefferson
2017,Indiana Pacers,Alex Poythress
2017,Indiana Pacers,Bojan Bogdanovic
2017,Indiana Pacers,Cory Joseph
2017,Indiana Pacers,Darren Collison
2017,Indiana Pacers,Domantas Sabonis
2017,Indiana Pacers,Glenn Robinson III
2017,Indiana Pacers,Lance Stephenson
2017,Indiana Pacers,Myles Turner
2017,Indiana Pacers,Thaddeus Young
2017,Indiana Pacers,Trevor Booker
2017,Indiana Pacers,Victor Oladipo
2017,Los Angeles Clippers,Austin Rivers
2017,Los Angeles Clippers,Avery Bradley
2017,Los Angeles Clippers,Boban Marjanovic
2017,Los Angeles Clippers,Danilo Gallinari
2017,Los Angeles Clippers,DeAndre Jordan
2017,Los Angeles Clippers,Lou Williams
2017,Los Angeles Clippers,Montrezl Harrell
2017,Los Angeles Clippers,Patrick Beverley
2017,Los Angeles Clippers,Sam Dekker
2017,Los Angeles Clippers,Tobias Harris
2017,Los Angeles Clippers,Wesley Johnson
2017,Los Angeles Lakers,Brandon Ingram
2017,Los Angeles Lakers,Brook Lopez
2017,Los Angeles Lakers,Channing Frye
2017,Los Angeles Lakers,Gary Payton II
2017,Los Angeles Lakers,Isaiah Thomas
2017,Los Angeles Lakers,Ivica Zubac
2017,Los Angeles Lakers,Julius Randle
2017,Los Angeles Lakers,Kentavious Caldwell-Pope
2017,Los Angeles Lakers,Luol Deng
2017,Los Angeles Lakers,Tyler Ennis
2017,Memphis Grizzlies,Ben McLemore
2017,Memphis Grizzlies,Briante Weber
2017,Memphis Grizzlies,Chandler Parsons
2017,Memphis Grizzlies,JaMychal Green
2017,Memphis Grizzlies,Jarell Martin
2017,Memphis Grizzlies,Marc Gasol
2017,Memphis Grizzlies,Mike Conley
2017,Memphis Grizzlies,Tyreke Evans
2017,Memphis Grizzlies,Wayne Selden
2017,Miami Heat,Derrick Jones Jr.
2017,Miami Heat,Dion Waiters
2017,Miami Heat,Dwyane Wade
2017,Miami Heat,Goran Dragic
2017,Miami Heat,Hassan Whiteside
2017,Miami Heat,James Johnson
2017,Miami Heat,Jordan Mickey
2017,Miami Heat,Josh Richardson
2017,Miami Heat,Justise Winslow
2017,Miami Heat,Kelly Olynyk
2017,Miami Heat,Luke Babbitt
2017,Miami Heat,Rodney McGruder
2017,Miami Heat,Tyler Johnson
2017,Miami Heat,Wayne Ellington
2017,Milwaukee Bucks,Brandon Jennings
2017,Milwaukee Bucks,Eric Bledsoe
2017,Milwaukee Bucks,Jabari Parker
2017,Milwaukee Bucks,Jason Terry
2017,Milwaukee Bucks,John Henson
2017,Milwaukee Bucks,Khris Middleton
2017,Milwaukee Bucks,Malcolm Brogdon
2017,Milwaukee Bucks,Marshall Plumlee
2017,Milwaukee Bucks,Matthew Dellavedova
2017,Milwaukee Bucks,Shabazz Muhammad
2017,Milwaukee Bucks,Thon Maker
2017,Milwaukee Bucks,Tony Snell
2017,Milwaukee Bucks,Tyler Zeller
2017,Milwaukee Bucks,Xavier Munford
2017,Minnesota Timberwolves,Aaron Brooks
2017,Minnesota Timberwolves,Andrew Wiggins
2017,Minnesota Timberwolves,Anthony Brown
2017,Minnesota Timberwolves,Cole Aldrich
2017,Minnesota Timberwolves,Derrick Rose
2017,Minnesota Timberwolves,Gorgui Dieng
2017,Minnesota Timberwolves,Jamal Crawford
2017,Minnesota Timberwolves,Jeff Teague
2017,Minnesota Timberwolves,Jimmy Butler III
2017,Minnesota Timberwolves,Karl-Anthony Towns
2017,Minnesota Timberwolves,Marcus Georges-Hunt
2017,Minnesota Timberwolves,Nemanja Bjelica
2017,Minnesota Timberwolves,Taj Gibson
2017,Minnesota Timberwolves,Tyus Jones
2017,New Orleans Pelicans,Anthony Davis
2017,New Orleans Pelicans,Cheick Diallo
2017,New Orleans Pelicans,DeAndre Liggins
2017,New Orleans Pelicans,DeMarcus Cousins
2017,New Orleans Pelicans,E'Twaun Moore
2017,New Orleans Pelicans,Ian Clark
2017,New Orleans Pelicans,Jrue Holiday
2017,New Orleans Pelicans,Nikola Mirotic
2017,New Orleans Pelicans,Rajon Rondo
2017,New Orleans Pelicans,Solomon Hill
2017,New York Knicks,Courtney Lee
2017,New York Knicks,Emmanuel Mudiay
2017,New York Knicks,Enes Freedom
2017,New York Knicks,Jarrett Jack
2017,New York Knicks,Joakim Noah
2017,New York Knicks,Kristaps Porziņģis
2017,New York Knicks,Kyle O'Quinn
2017,New York Knicks,Lance Thomas
2017,New York Knicks,Michael Beasley
2017,New York Knicks,Tim Hardaway Jr.
2017,New York Knicks,Trey Burke
2017,New York Knicks,Troy Williams
2017,Oklahoma City Thunder,Carmelo Anthony
2017,Oklahoma City Thunder,Corey Brewer
2017,Oklahoma City Thunder,Jerami Grant
2017,Oklahoma City Thunder,Patrick Patterson
2017,Oklahoma City Thunder,Paul George
2017,Oklahoma City Thunder,Raymond Felton
2017,Oklahoma City Thunder,Russell Westbrook
2017,Oklahoma City Thunder,Steven Adams
2017,Orlando Magic,Aaron Gordon
2017,Orlando Magic,Arron Afflalo
2017,Orlando Magic,Bismack Biyombo
2017,Orlando Magic,D.J. Augustin
2017,Orlando Magic,Evan Fournier
2017,Orlando Magic,Jonathon Simmons
2017,Orlando Magic,Mario Hezonja
2017,Orlando Magic,Marreese Speights
2017,Orlando Magic,Nikola Vučević
2017,Orlando Magic,Terrence Ross
2017,Philadelphia 76ers,Amir Johnson
2017,Philadelphia 76ers,Ben Simmons
2017,Philadelphia 76ers,Dario Šarić
2017,Philadelphia 76ers,Demetrius Jackson
2017,Philadelphia 76ers,Ersan Ilyasova
2017,Philadelphia 76ers,JJ Redick
2017,Philadelphia 76ers,Jerryd Bayless
2017,Philadelphia 76ers,Justin Anderson
2017,Philadelphia 76ers,Marco Belinelli
2017,Philadelphia 76ers,Richaun Holmes
2017,Philadelphia 76ers,Robert Covington
2017,Philadelphia 76ers,T.J. McConnell
2017,Philadelphia 76ers,Timothe Luwawu-Cabarrot
2017,Phoenix Suns,Alan Williams
2017,Phoenix Suns,Alex Len
2017,Phoenix Suns,Brandon Knight
2017,Phoenix Suns,Elfrid Payton
2017,Phoenix Suns,Jared Dudley
2017,Phoenix Suns,Marquese Chriss
2017,Phoenix Suns,T.J. Warren
2017,Phoenix Suns,Troy Daniels
2017,Phoenix Suns,Tyson Chandler
2017,Portland Trail Blazers,Al-Farouq Aminu
2017,Portland Trail Blazers,C.J. Wilcox
2017,Portland Trail Blazers,CJ McCollum
2017,Portland Trail Blazers,Damian Lillard
2017,Portland Trail Blazers,Ed Davis
2017,Portland Trail Blazers,Evan Turner
2017,Portland Trail Blazers,Georgios Papagiannis
2017,Portland Trail Blazers,Jake Layman
2017,Portland Trail Blazers,Jusuf Nurkić
2017,Portland Trail Blazers,Maurice Harkless
2017,Portland Trail Blazers,Meyers Leonard
2017,Portland Trail Blazers,Pat Connaughton
2017,Portland Trail Blazers,Shabazz Napier
2017,Portland Trail Blazers,Wade Baldwin IV
2017,Sacramento Kings,Bruno Caboclo
2017,Sacramento Kings,Buddy Hield
2017,Sacramento Kings,Garrett Temple
2017,Sacramento Kings,Iman Shumpert
2017,Sacramento Kings,JaKarr Sampson
2017,Sacramento Kings,Skal Labissiere
2017,Sacramento Kings,Vince Carter
2017,Sacramento Kings,Willie Cauley-Stein
2017,Sacramento Kings,Zach Randolph
2017,San Antonio Spurs,Bryn Forbes
2017,San Antonio Spurs,Danny Green
2017,San Antonio Spurs,Darrun Hilliard
2017,San Antonio Spurs,Davis Bertans
2017,San Antonio Spurs,Dejounte Murray
2017,San Antonio Spurs,Joffrey Lauvergne
2017,San Antonio Spurs,Kawhi Leonard
2017,San Antonio Spurs,Kyle Anderson
2017,San Antonio Spurs,LaMarcus Aldridge
2017,San Antonio Spurs,Patty Mills
2017,San Antonio Spurs,Pau Gasol
2017,San Antonio Spurs,Rudy Gay
2017,San Antonio Spurs,Tony Parker
2017,Toronto Raptors,CJ Miles
2017,Toronto Raptors,DeMar DeRozan
2017,Toronto Raptors,Delon Wright
2017,Toronto Raptors,Fred VanVleet
2017,Toronto Raptors,Jakob Poeltl
2017,Toronto Raptors,Jonas Valančiūnas
2017,Toronto Raptors,Kyle Lowry
2017,Toronto Raptors,Lorenzo Brown
2017,Toronto Raptors,Malachi Richardson
2017,Toronto Raptors,Norman Powell
2017,Toronto Raptors,Pascal Siakam
2017,Toronto Raptors,Serge Ibaka
2017,Utah Jazz,Alec Burks
2017,Utah Jazz,Danté Exum
2017,Utah Jazz,Derrick Favors
2017,Utah Jazz,Georges Niang
2017,Utah Jazz,Jae Crowder
2017,Utah Jazz,Joe Ingles
2017,Utah Jazz,Jonas Jerebko
2017,Utah Jazz,Raul Neto
2017,Utah Jazz,Ricky Rubio
2017,Utah Jazz,Rudy Gobert
2017,Utah Jazz,Thabo Sefolosha
2017,Washington Wizards,Bradley Beal
2017,Washington Wizards,Chris McCullough
2017,Washington Wizards,Ian Mahinmi
2017,Washington Wizards,Jason Smith
2017,Washington Wizards,Jodie Meeks
2017,Washington Wizards,John Wall
2017,Washington Wizards,Kelly Oubre Jr.
2017,Washington Wizards,Markieff Morris
2017,Washington Wizards,Mike Scott
2017,Washington Wizards,Otto Porter Jr.
2017,Washington Wizards,Ramon Sessions
2017,Washington Wizards,Tim Frazier
2017,Washington Wizards,Tomas Satoransky
2017,Washington Wizards,Ty Lawson
2018,Atlanta Hawks,Alex Len
2018,Atlanta Hawks,Alex Poythress
2018,Atlanta Hawks,DeAndre' Bembry
2018,Atlanta Hawks,Dewayne Dedmon
2018,Atlanta Hawks,John Collins
2018,Atlanta Hawks,Justin Anderson
2018,Atlanta Hawks,Kent Bazemore
2018,Atlanta Hawks,Miles Plumlee
2018,Atlanta Hawks,Taurean Prince
2018,Atlanta Hawks,Vince Carter
2018,Boston Celtics,Al Horford
2018,Boston Celtics,Aron Baynes
2018,Boston Celtics,Daniel Theis
2018,Boston Celtics,Gordon Hayward
2018,Boston Celtics,Guerschon Yabusele
2018,Boston Celtics,Kyrie Irving
2018,Boston Celtics,Marcus Morris Sr.
2018,Boston Celtics,Marcus Smart
2018,Boston Celtics,PJ Dozier
2018,Boston Celtics,RJ Hunter
2018,Boston Celtics,Terry Rozier
2018,Brooklyn Nets,Alan Williams
2018,Brooklyn Nets,Allen Crabbe
2018,Brooklyn Nets,Caris LeVert
2018,Brooklyn Nets,D'Angelo Russell
2018,Brooklyn Nets,DeMarre Carroll
2018,Brooklyn Nets,Ed Davis
2018,Brooklyn Nets,Jared Dudley
2018,Brooklyn Nets,Jarrett Allen
2018,Brooklyn Nets,Rondae Hollis-Jefferson
2018,Brooklyn Nets,Shabazz Napier
2018,Brooklyn Nets,Spencer Dinwiddie
2018,Brooklyn Nets,Treveon Graham
2018,Charlotte Hornets,Bismack Biyombo
2018,Charlotte Hornets,Cody Zeller
2018,Charlotte Hornets,Dwayne Bacon
2018,Charlotte Hornets,Frank Kaminsky
2018,Charlotte Hornets,Jeremy Lamb
2018,Charlotte Hornets,Kemba Walker
2018,Charlotte Hornets,Malik Monk
2018,Charlotte Hornets,Marvin Williams
2018,Charlotte Hornets,Michael Kidd-Gilchrist
2018,Charlotte Hornets,Nicolas Batum
2018,Charlotte Hornets,Shelvin Mack
2018,Charlotte Hornets,Tony Parker
2018,Charlotte Hornets,Willy Hernangomez
2018,Chicago Bulls,Kris Dunn
2018,Chicago Bulls,Lauri Markkanen
2018,Chicago Bulls,Otto Porter Jr.
2018,Chicago Bulls,Robin Lopez
2018,Chicago Bulls,Ryan Arcidiacono
2018,Chicago Bulls,Shaquille Harrison
2018,Chicago Bulls,Timothe Luwawu-Cabarrot
2018,Chicago Bulls,Wayne Selden
2018,Chicago Bulls,Zach LaVine
2018,Cleveland Cavaliers,Brandon Knight
2018,Cleveland Cavaliers,Cedi Osman
2018,Cleveland Cavaliers,Channing Frye
2018,Cleveland Cavaliers,David Nwaba
2018,Cleveland Cavaliers,JR Smith
2018,Cleveland Cavaliers,John Henson
2018,Cleveland Cavaliers,Jordan Clarkson
2018,Cleveland Cavaliers,Kevin Love
2018,Cleveland Cavaliers,Larry Nance Jr.
2018,Cleveland Cavaliers,Marquese Chriss
2018,Cleveland Cavaliers,Matthew Dellavedova
2018,Cleveland Cavaliers,Nik Stauskas
2018,Cleveland Cavaliers,Tristan Thompson
2018,Dallas Mavericks,Courtney Lee
2018,Dallas Mavericks,Devin Harris
2018,Dallas Mavericks,Dorian Finney-Smith
2018,Dallas Mavericks,Justin Jackson
2018,Dallas Mavericks,Kristaps Porziņģis
2018,Dallas Mavericks,Maxi Kleber
2018,Dallas Mavericks,Tim Hardaway Jr.
2018,Dallas Mavericks,Trey Burke
2018,Denver Nuggets,Gary Harris
2018,Denver Nuggets,Isaiah Thomas
2018,Denver Nuggets,Juancho Hernangomez
2018,Denver Nuggets,Malik Beasley
2018,Denver Nuggets,Mason Plumlee
2018,Denver Nuggets,Monté Morris
2018,Denver Nuggets,Paul Millsap
2018,Denver Nuggets,Torrey Craig
2018,Denver Nuggets,Trey Lyles
2018,Denver Nuggets,Will Barton
2018,Detroit Pistons,Andre Drummond
2018,Detroit Pistons,Blake Griffin
2018,Detroit Pistons,Glenn Robinson III
2018,Detroit Pistons,Isaiah Whitehead
2018,Detroit Pistons,Ish Smith
2018,Detroit Pistons,Jon Leuer
2018,Detroit Pistons,Jose Calderon
2018,Detroit Pistons,Langston Galloway
2018,Detroit Pistons,Luke Kennard
2018,Detroit Pistons,Reggie Jackson
2018,Detroit Pistons,Thon Maker
2018,Detroit Pistons,Wayne Ellington
2018,Detroit Pistons,Zaza Pachulia
2018,Golden State Warriors,Alfonzo McKinnie
2018,Golden State Warriors,Andre Iguodala
2018,Golden State Warriors,Damian Jones
2018,Golden State Warriors,Damion Lee
2018,Golden State Warriors,DeMarcus Cousins
2018,Golden State Warriors,Jonas Jerebko
2018,Golden State Warriors,Jordan Bell
2018,Golden State Warriors,Kevin Durant
2018,Golden State Warriors,Kevon Looney
2018,Golden State Warriors,Klay Thompson
2018,Golden State Warriors,Quinn Cook
2018,Houston Rockets,Austin Rivers
2018,Houston Rockets,Chris Paul
2018,Houston Rockets,Clint Capela
2018,Houston Rockets,Danuel House Jr.
2018,Houston Rockets,Eric Gordon
2018,Houston Rockets,Gerald Green
2018,Houston Rockets,Iman Shumpert
2018,Houston Rockets,James Harden
2018,Houston Rockets,Kenneth Faried
2018,Houston Rockets,Nene
2018,Houston Rockets,P.J. Tucker
2018,Indiana Pacers,Bojan Bogdanovic
2018,Indiana Pacers,Cory Joseph
2018,Indiana Pacers,Darren Collison
2018,Indiana Pacers,Davon Reed
2018,Indiana Pacers,Domantas Sabonis
2018,Indiana Pacers,Doug McDermott
2018,Indiana Pacers,Edmond Sumner
2018,Indiana Pacers,Kyle O'Quinn
2018,Indiana Pacers,Myles Turner
2018,Indiana Pacers,T.J. Leaf
2018,Indiana Pacers,Thaddeus Young
2018,Indiana Pacers,Victor Oladipo
2018,Indiana Pacers,Wesley Matthews
2018,Los Angeles Clippers,Danilo Gallinari
2018,Los Angeles Clippers,Garrett Temple
2018,Los Angeles Clippers,Ivica Zubac
2018,Los Angeles Clippers,JaMychal Green
2018,Los Angeles Clippers,Johnathan Motley
2018,Los Angeles Clippers,Lou Williams
2018,Los Angeles Clippers,Montrezl Harrell
2018,Los Angeles Clippers,Patrick Beverley
2018,Los Angeles Clippers,Rodney McGruder
2018,Los Angeles Clippers,Sindarius Thornwell
2018,Los Angeles Clippers,Wilson Chandler
2018,Los Angeles Lakers,Alex Caruso
2018,Los Angeles Lakers,Brandon Ingram
2018,Los Angeles Lakers,JaVale McGee
2018,Los Angeles Lakers,Josh Hart
2018,Los Angeles Lakers,Kentavious Caldwell-Pope
2018,Los Angeles Lakers,Kyle Kuzma
2018,Los Angeles Lakers,Lance Stephenson
2018,Los Angeles Lakers,LeBron James
2018,Los Angeles Lakers,Lonzo Ball
2018,Los Angeles Lakers,Mike Muscala
2018,Los Angeles Lakers,Rajon Rondo
2018,Los Angeles Lakers,Reggie Bullock Jr.
2018,Los Angeles Lakers,Tyson Chandler
2018,Memphis Grizzlies,Avery Bradley
2018,Memphis Grizzlies,Bruno Caboclo
2018,Memphis Grizzlies,CJ Miles
2018,Memphis Grizzlies,Chandler Parsons
2018,Memphis Grizzlies,Delon Wright
2018,Memphis Grizzlies,Dillon Brooks
2018,Memphis Grizzlies,Joakim Noah
2018,Memphis Grizzlies,Jonas Valančiūnas
2018,Memphis Grizzlies,Justin Holiday
2018,Memphis Grizzlies,Kyle Anderson
2018,Memphis Grizzlies,Mike Conley
2018,Memphis Grizzlies,Tyler Dorsey
2018,Memphis Grizzlies,Tyler Zeller
2018,Miami Heat,Derrick Jones Jr.
2018,Miami Heat,Dion Waiters
2018,Miami Heat,Dwyane Wade
2018,Miami Heat,Goran Dragic
2018,Miami Heat,Hassan Whiteside
2018,Miami Heat,James Johnson
2018,Miami Heat,Josh Richardson
2018,Miami Heat,Justise Winslow
2018,Miami Heat,Kelly Olynyk
2018,Miami Heat,Ryan Anderson
2018,Milwaukee Bucks,Brook Lopez
2018,Milwaukee Bucks,D.J. Wilson
2018,Milwaukee Bucks,Eric Bledsoe
2018,Milwaukee Bucks,Ersan Ilyasova
2018,Milwaukee Bucks,George Hill
2018,Milwaukee Bucks,Khris Middleton
2018,Milwaukee Bucks,Malcolm Brogdon
2018,Milwaukee Bucks,Nikola Mirotic
2018,Milwaukee Bucks,Pat Connaughton
2018,Milwaukee Bucks,Pau Gasol
2018,Milwaukee Bucks,Sterling Brown
2018,Milwaukee Bucks,Tim Frazier
2018,Milwaukee Bucks,Tony Snell
2018,Minnesota Timberwolves,Andrew Wiggins
2018,Minnesota Timberwolves,Anthony Tolliver
2018,Minnesota Timberwolves,C.J. Williams
2018,Minnesota Timberwolves,Dario Šarić
2018,Minnesota Timberwolves,Derrick Rose
2018,Minnesota Timberwolves,Gorgui Dieng
2018,Minnesota Timberwolves,Jeff Teague
2018,Minnesota Timberwolves,Jerryd Bayless
2018,Minnesota Timberwolves,Karl-Anthony Towns
2018,Minnesota Timberwolves,Luol Deng
2018,Minnesota Timberwolves,Robert Covington
2018,Minnesota Timberwolves,Taj Gibson
2018,Minnesota Timberwolves,Tyus Jones
2018,New Orleans Pelicans,Anthony Davis
2018,New Orleans Pelicans,Cheick Diallo
2018,New Orleans Pelicans,Christian Wood
2018,New Orleans Pelicans,E'Twaun Moore
2018,New Orleans Pelicans,Elfrid Payton
2018,New Orleans Pelicans,Frank Jackson
2018,New Orleans Pelicans,Ian Clark
2018,New Orleans Pelicans,Jahlil Okafor
2018,New Orleans Pelicans,Jrue Holiday
2018,New Orleans Pelicans,Julius Randle
2018,New Orleans Pelicans,Solomon Hill
2018,New Orleans Pelicans,Stanley Johnson
2018,New York Knicks,Damyean Dotson
2018,New York Knicks,DeAndre Jordan
2018,New York Knicks,Dennis Smith Jr.
2018,New York Knicks,Emmanuel Mudiay
2018,New York Knicks,Frank Ntilikina
2018,New York Knicks,Henry Ellenson
2018,New York Knicks,John Jenkins
2018,New York Knicks,Kadeem Allen
2018,New York Knicks,Lance Thomas
2018,New York Knicks,Luke Kornet
2018,New York Knicks,Mario Hezonja
2018,New York Knicks,Noah Vonleh
2018,Oklahoma City Thunder,Abdel Nader
2018,Oklahoma City Thunder,Dennis Schröder
2018,Oklahoma City Thunder,Jawun Evans
2018,Oklahoma City Thunder,Jerami Grant
2018,Oklahoma City Thunder,Markieff Morris
2018,Oklahoma City Thunder,Nerlens Noel
2018,Oklahoma City Thunder,Patrick Patterson
2018,Oklahoma City Thunder,Paul George
2018,Oklahoma City Thunder,Raymond Felton
2018,Oklahoma City Thunder,Russell Westbrook
2018,Oklahoma City Thunder,Steven Adams
2018,Orlando Magic,Aaron Gordon
2018,Orlando Magic,Amile Jefferson
2018,Orlando Magic,D.J. Augustin
2018,Orlando Magic,Evan Fournier
2018,Orlando Magic,Jarell Martin
2018,Orlando Magic,Jerian Grant
2018,Orlando Magic,Khem Birch
2018,Orlando Magic,Markelle Fultz
2018,Orlando Magic,Michael Carter-Williams
2018,Orlando Magic,Nikola Vučević
2018,Orlando Magic,Terrence Ross
2018,Orlando Magic,Timofey Mozgov
2018,Orlando Magic,Wes Iwundu
2018,Philadelphia 76ers,Amir Johnson
2018,Philadelphia 76ers,Ben Simmons
2018,Philadelphia 76ers,Boban Marjanovic
2018,Philadelphia 76ers,Greg Monroe
2018,Philadelphia 76ers,JJ Redick
2018,Philadelphia 76ers,James Ennis III
2018,Philadelphia 76ers,Jimmy Butler III
2018,Philadelphia 76ers,Jonathon Simmons
2018,Philadelphia 76ers,Mike Scott
2018,Philadelphia 76ers,T.J. McConnell
2018,Philadelphia 76ers,Tobias Harris
2018,Phoenix Suns,Jamal Crawford
2018,Phoenix Suns,Josh Jackson
2018,Phoenix Suns,Kelly Oubre Jr.
2018,Phoenix Suns,Richaun Holmes
2018,Phoenix Suns,T.J. Warren
2018,Phoenix Suns,Troy Daniels
2018,Phoenix Suns,Tyler Johnson
2018,Portland Trail Blazers,Al-Farouq Aminu
2018,Portland Trail Blazers,CJ McCollum
2018,Portland Trail Blazers,Damian Lillard
2018,Portland Trail Blazers,Enes Freedom
2018,Portland Trail Blazers,Evan Turner
2018,Portland Trail Blazers,Jake Layman
2018,Portland Trail Blazers,Jusuf Nurkić
2018,Portland Trail Blazers,Maurice Harkless
2018,Portland Trail Blazers,Meyers Leonard
2018,Portland Trail Blazers,Rodney Hood
2018,Portland Trail Blazers,Seth Curry
2018,Portland Trail Blazers,Skal Labissiere
2018,Portland Trail Blazers,Zach Collins
2018,Sacramento Kings,Alec Burks
2018,Sacramento Kings,Bogdan Bogdanović
2018,Sacramento Kings,Buddy Hield
2018,Sacramento Kings,Caleb Swanigan
2018,Sacramento Kings,Corey Brewer
2018,Sacramento Kings,De'Aaron Fox
2018,Sacramento Kings,Frank Mason III
2018,Sacramento Kings,Harrison Barnes
2018,Sacramento Kings,Harry Giles III
2018,Sacramento Kings,Nemanja Bjelica
2018,Sacramento Kings,Troy Williams
2018,Sacramento Kings,Willie Cauley-Stein
2018,Sacramento Kings,Yogi Ferrell
2018,San Antonio Spurs,Ben Moore
2018,San Antonio Spurs,Bryn Forbes
2018,San Antonio Spurs,Dante Cunningham
2018,San Antonio Spurs,Davis Bertans
2018,San Antonio Spurs,DeMar DeRozan
2018,San Antonio Spurs,Dejounte Murray
2018,San Antonio Spurs,Derrick White
2018,San Antonio Spurs,Donatas Motiejunas
2018,San Antonio Spurs,Jakob Poeltl
2018,San Antonio Spurs,LaMarcus Aldridge
2018,San Antonio Spurs,Marco Belinelli
2018,San Antonio Spurs,Patty Mills
2018,San Antonio Spurs,Quincy Pondexter
2018,San Antonio Spurs,Rudy Gay
2018,Toronto Raptors,Danny Green
2018,Toronto Raptors,Eric Moreland
2018,Toronto Raptors,Fred VanVleet
2018,Toronto Raptors,Jeremy Lin
2018,Toronto Raptors,Jodie Meeks
2018,Toronto Raptors,Kawhi Leonard
2018,Toronto Raptors,Kyle Lowry
2018,Toronto Raptors,Marc Gasol
2018,Toronto Raptors,Norman Powell
2018,Toronto Raptors,OG Anunoby
2018,Toronto Raptors,Pascal Siakam
2018,Toronto Raptors,Patrick McCaw
2018,Toronto Raptors,Serge Ibaka
2018,Utah Jazz,Danté Exum
2018,Utah Jazz,Derrick Favors
2018,Utah Jazz,Donovan Mitchell
2018,Utah Jazz,Georges Niang
2018,Utah Jazz,Jae Crowder
2018,Utah Jazz,Joe Ingles
2018,Utah Jazz,Kyle Korver
2018,Utah Jazz,Raul Neto
2018,Utah Jazz,Ricky Rubio
2018,Utah Jazz,Royce O'Neale
2018,Utah Jazz,Rudy Gobert
2018,Utah Jazz,Thabo Sefolosha
2018,Utah Jazz,Tony Bradley
2018,Utah Jazz,Tyler Cavanaugh
2018,Washington Wizards,Bobby Portis
2018,Washington Wizards,Bradley Beal
2018,Washington Wizards,Chasson Randle
2018,Washington Wizards,Dwight Howard
2018,Washington Wizards,Ian Mahinmi
2018,Washington Wizards,Jabari Parker
2018,Washington Wizards,Jeff Green
2018,Washington Wizards,John Wall
2018,Washington Wizards,Jordan McRae
2018,Washington Wizards,Sam Dekker
2018,Washington Wizards,Thomas Bryant
2018,Washington Wizards,Tomas Satoransky
2018,Washington Wizards,Trevor Ariza
2018,Washington Wizards,Wesley Johnson
2019,Atlanta Hawks,Brandon Goodwin
2019,Atlanta Hawks,Clint Capela
2019,Atlanta Hawks,Damian Jones
2019,Atlanta Hawks,DeAndre' Bembry
2019,Atlanta Hawks,Dewayne Dedmon
2019,Atlanta Hawks,Jeff Teague
2019,Atlanta Hawks,John Collins
2019,Atlanta Hawks,Kevin Huerter
2019,Atlanta Hawks,Skal Labissiere
2019,Atlanta Hawks,Treveon Graham
2019,Atlanta Hawks,Vince Carter
2019,Boston Celtics,Brad Wanamaker
2019,Boston Celtics,Daniel Theis
2019,Boston Celtics,Enes Freedom
2019,Boston Celtics,Gordon Hayward
2019,Boston Celtics,Kemba Walker
2019,Boston Celtics,Marcus Smart
2019,Boston Celtics,Robert Williams III
2019,Brooklyn Nets,Caris LeVert
2019,Brooklyn Nets,Chris Chiozza
2019,Brooklyn Nets,DeAndre Jordan
2019,Brooklyn Nets,Garrett Temple
2019,Brooklyn Nets,Jamal Crawford
2019,Brooklyn Nets,Jarrett Allen
2019,Brooklyn Nets,Justin Anderson
2019,Brooklyn Nets,Kevin Durant
2019,Brooklyn Nets,Kyrie Irving
2019,Brooklyn Nets,Lance Thomas
2019,Brooklyn Nets,Spencer Dinwiddie
2019,Brooklyn Nets,Taurean Prince
2019,Brooklyn Nets,Timothe Luwawu-Cabarrot
2019,Brooklyn Nets,Tyler Johnson
2019,Brooklyn Nets,Wilson Chandler
2019,Charlotte Hornets,Bismack Biyombo
2019,Charlotte Hornets,Cody Zeller
2019,Charlotte Hornets,Devonte' Graham
2019,Charlotte Hornets,Dwayne Bacon
2019,Charlotte Hornets,Kobi Simmons
2019,Charlotte Hornets,Malik Monk
2019,Charlotte Hornets,Nicolas Batum
2019,Charlotte Hornets,Ray Spalding
2019,Charlotte Hornets,Terry Rozier
2019,Charlotte Hornets,Willy Hernangomez
2019,Chicago Bulls,Chandler Hutchison
2019,Chicago Bulls,Kris Dunn
2019,Chicago Bulls,Lauri Markkanen
2019,Chicago Bulls,Luke Kornet
2019,Chicago Bulls,Otto Porter Jr.
2019,Chicago Bulls,Ryan Arcidiacono
2019,Chicago Bulls,Shaquille Harrison
2019,Chicago Bulls,Thaddeus Young
2019,Chicago Bulls,Tomas Satoransky
2019,Chicago Bulls,Wendell Carter Jr.
2019,Chicago Bulls,Zach LaVine
2019,Cleveland Cavaliers,Alfonzo McKinnie
2019,Cleveland Cavaliers,Andre Drummond
2019,Cleveland Cavaliers,Cedi Osman
2019,Cleveland Cavaliers,Collin Sexton
2019,Cleveland Cavaliers,Danté Exum
2019,Cleveland Cavaliers,Jordan Bell
2019,Cleveland Cavaliers,Kevin Love
2019,Cleveland Cavaliers,Larry Nance Jr.
2019,Cleveland Cavaliers,Matthew Dellavedova
2019,Cleveland Cavaliers,Tristan Thompson
2019,Dallas Mavericks,Antonius Cleveland
2019,Dallas Mavericks,Boban Marjanovic
2019,Dallas Mavericks,Courtney Lee
2019,Dallas Mavericks,Delon Wright
2019,Dallas Mavericks,Dorian Finney-Smith
2019,Dallas Mavericks,Jalen Brunson
2019,Dallas Mavericks,Justin Jackson
2019,Dallas Mavericks,Kristaps Porziņģis
2019,Dallas Mavericks,Luka Dončić
2019,Dallas Mavericks,Maxi Kleber
2019,Dallas Mavericks,Michael Kidd-Gilchrist
2019,Dallas Mavericks,Seth Curry
2019,Dallas Mavericks,Tim Hardaway Jr.
2019,Dallas Mavericks,Trey Burke
2019,Dallas Mavericks,Willie Cauley-Stein
2019,Denver Nuggets,Gary Harris
2019,Denver Nuggets,Jerami Grant
2019,Denver Nuggets,Keita Bates-Diop
2019,Denver Nuggets,Mason Plumlee
2019,Denver Nuggets,Michael Porter Jr.
2019,Denver Nuggets,Monté Morris
2019,Denver Nuggets,Noah Vonleh
2019,Denver Nuggets,PJ Dozier
2019,Denver Nuggets,Paul Millsap
2019,Denver Nuggets,Torrey Craig
2019,Denver Nuggets,Troy Daniels
2019,Denver Nuggets,Will Barton
2019,Detroit Pistons,Blake Griffin
2019,Detroit Pistons,Brandon Knight
2019,Detroit Pistons,Bruce Brown
2019,Detroit Pistons,Christian Wood
2019,Detroit Pistons,Derrick Rose
2019,Detroit Pistons,John Henson
2019,Detroit Pistons,Jordan McRae
2019,Detroit Pistons,Justin Patton
2019,Detroit Pistons,Khyri Thomas
2019,Detroit Pistons,Langston Galloway
2019,Detroit Pistons,Luke Kennard
2019,Detroit Pistons,Svi Mykhailiuk
2019,Detroit Pistons,Thon Maker
2019,Detroit Pistons,Tony Snell
2019,Golden State Warriors,Andrew Wiggins
2019,Golden State Warriors,Damion Lee
2019,Golden State Warriors,Kevon Looney
2019,Golden State Warriors,Klay Thompson
2019,Golden State Warriors,Marquese Chriss
2019,Houston Rockets,Austin Rivers
2019,Houston Rockets,Ben McLemore
2019,Houston Rockets,Bruno Caboclo
2019,Houston Rockets,Danuel House Jr.
2019,Houston Rockets,David Nwaba
2019,Houston Rockets,DeMarre Carroll
2019,Houston Rockets,Eric Gordon
2019,Houston Rockets,James Harden
2019,Houston Rockets,Jeff Green
2019,Houston Rockets,Luc Mbah a Moute
2019,Houston Rockets,P.J. Tucker
2019,Houston Rockets,Robert Covington
2019,Houston Rockets,Russell Westbrook
2019,Houston Rockets,Thabo Sefolosha
2019,Houston Rockets,Tyson Chandler
2019,Indiana Pacers,Aaron Holiday
2019,Indiana Pacers,Alize Johnson
2019,Indiana Pacers,Domantas Sabonis
2019,Indiana Pacers,Doug McDermott
2019,Indiana Pacers,Edmond Sumner
2019,Indiana Pacers,JaKarr Sampson
2019,Indiana Pacers,Jeremy Lamb
2019,Indiana Pacers,Justin Holiday
2019,Indiana Pacers,Malcolm Brogdon
2019,Indiana Pacers,Myles Turner
2019,Indiana Pacers,Naz Mitrou-Long
2019,Indiana Pacers,T.J. Leaf
2019,Indiana Pacers,T.J. McConnell
2019,Indiana Pacers,T.J. Warren
2019,Indiana Pacers,Victor Oladipo
2019,Los Angeles Clippers,Ivica Zubac
2019,Los Angeles Clippers,JaMychal Green
2019,Los Angeles Clippers,Joakim Noah
2019,Los Angeles Clippers,Johnathan Motley
2019,Los Angeles Clippers,Kawhi Leonard
2019,Los Angeles Clippers,Landry Shamet
2019,Los Angeles Clippers,Lou Williams
2019,Los Angeles Clippers,Marcus Morris Sr.
2019,Los Angeles Clippers,Montrezl Harrell
2019,Los Angeles Clippers,Patrick Beverley
2019,Los Angeles Clippers,Patrick Patterson
2019,Los Angeles Clippers,Paul George
2019,Los Angeles Clippers,Reggie Jackson
2019,Los Angeles Clippers,Rodney McGruder
2019,Los Angeles Lakers,Alex Caruso
2019,Los Angeles Lakers,Anthony Davis
2019,Los Angeles Lakers,Avery Bradley
2019,Los Angeles Lakers,Danny Green
2019,Los Angeles Lakers,Dion Waiters
2019,Los Angeles Lakers,Dwight Howard
2019,Los Angeles Lakers,JR Smith
2019,Los Angeles Lakers,JaVale McGee
2019,Los Angeles Lakers,Jared Dudley
2019,Los Angeles Lakers,Kentavious Caldwell-Pope
2019,Los Angeles Lakers,Kostas Antetokounmpo
2019,Los Angeles Lakers,Kyle Kuzma
2019,Los Angeles Lakers,LeBron James
2019,Los Angeles Lakers,Markieff Morris
2019,Los Angeles Lakers,Quinn Cook
2019,Los Angeles Lakers,Rajon Rondo
2019,Memphis Grizzlies,Anthony Tolliver
2019,Memphis Grizzlies,De'Anthony Melton
2019,Memphis Grizzlies,Dillon Brooks
2019,Memphis Grizzlies,Gorgui Dieng
2019,Memphis Grizzlies,Grayson Allen
2019,Memphis Grizzlies,Jonas Valančiūnas
2019,Memphis Grizzlies,Josh Jackson
2019,Memphis Grizzlies,Justise Winslow
2019,Memphis Grizzlies,Kyle Anderson
2019,Memphis Grizzlies,Tyus Jones
2019,Memphis Grizzlies,Yuta Watanabe
2019,Miami Heat,Andre Iguodala
2019,Miami Heat,Derrick Jones Jr.
2019,Miami Heat,Duncan Robinson
2019,Miami Heat,Goran Dragic
2019,Miami Heat,Jae Crowder
2019,Miami Heat,Jimmy Butler III
2019,Miami Heat,Kelly Olynyk
2019,Miami Heat,Kendrick Nunn
2019,Miami Heat,Meyers Leonard
2019,Miami Heat,Solomon Hill
2019,Milwaukee Bucks,Brook Lopez
2019,Milwaukee Bucks,Cam Reynolds
2019,Milwaukee Bucks,D.J. Wilson
2019,Milwaukee Bucks,Donte DiVincenzo
2019,Milwaukee Bucks,Eric Bledsoe
2019,Milwaukee Bucks,Ersan Ilyasova
2019,Milwaukee Bucks,Frank Mason III
2019,Milwaukee Bucks,George Hill
2019,Milwaukee Bucks,Khris Middleton
2019,Milwaukee Bucks,Kyle Korver
2019,Milwaukee Bucks,Marvin Williams
2019,Milwaukee Bucks,Pat Connaughton
2019,Milwaukee Bucks,Robin Lopez
2019,Milwaukee Bucks,Sterling Brown
2019,Milwaukee Bucks,Wesley Matthews
2019,Minnesota Timberwolves,D'Angelo Russell
2019,Minnesota Timberwolves,Evan Turner
2019,Minnesota Timberwolves,Jacob Evans
2019,Minnesota Timberwolves,Jake Layman
2019,Minnesota Timberwolves,James Johnson
2019,Minnesota Timberwolves,Jarred Vanderbilt
2019,Minnesota Timberwolves,Josh Okogie
2019,Minnesota Timberwolves,Juancho Hernangomez
2019,Minnesota Timberwolves,Karl-Anthony Towns
2019,Minnesota Timberwolves,Malik Beasley
2019,Minnesota Timberwolves,Omari Spellman
2019,New Orleans Pelicans,Brandon Ingram
2019,New Orleans Pelicans,Derrick Favors
2019,New Orleans Pelicans,E'Twaun Moore
2019,New Orleans Pelicans,Frank Jackson
2019,New Orleans Pelicans,JJ Redick
2019,New Orleans Pelicans,Jahlil Okafor
2019,New Orleans Pelicans,Josh Hart
2019,New Orleans Pelicans,Jrue Holiday
2019,New Orleans Pelicans,Kenrich Williams
2019,New Orleans Pelicans,Lonzo Ball
2019,New Orleans Pelicans,Sindarius Thornwell
2019,New York Knicks,Bobby Portis
2019,New York Knicks,Damyean Dotson
2019,New York Knicks,Dennis Smith Jr.
2019,New York Knicks,Elfrid Payton
2019,New York Knicks,Frank Ntilikina
2019,New York Knicks,Julius Randle
2019,New York Knicks,Kevin Knox II
2019,New York Knicks,Maurice Harkless
2019,New York Knicks,Reggie Bullock Jr.
2019,New York Knicks,Taj Gibson
2019,New York Knicks,Theo Pinson
2019,New York Knicks,Wayne Ellington
2019,Oklahoma City Thunder,Abdel Nader
2019,Oklahoma City Thunder,Chris Paul
2019,Oklahoma City Thunder,Danilo Gallinari
2019,Oklahoma City Thunder,Dennis Schröder
2019,Oklahoma City Thunder,Hamidou Diallo
2019,Oklahoma City Thunder,Mike Muscala
2019,Oklahoma City Thunder,Nerlens Noel
2019,Oklahoma City Thunder,Shai Gilgeous-Alexander
2019,Oklahoma City Thunder,Steven Adams
2019,Orlando Magic,Aaron Gordon
2019,Orlando Magic,Al-Farouq Aminu
2019,Orlando Magic,BJ Johnson
2019,Orlando Magic,D.J. Augustin
2019,Orlando Magic,Evan Fournier
2019,Orlando Magic,Gary Clark
2019,Orlando Magic,James Ennis III
2019,Orlando Magic,Khem Birch
2019,Orlando Magic,Markelle Fultz
2019,Orlando Magic,Melvin Frazier Jr.
2019,Orlando Magic,Michael Carter-Williams
2019,Orlando Magic,Mo Bamba
2019,Orlando Magic,Nikola Vučević
2019,Orlando Magic,Terrence Ross
2019,Orlando Magic,Wes Iwundu
2019,Philadelphia 76ers,Al Horford
2019,Philadelphia 76ers,Alec Burks
2019,Philadelphia 76ers,Ben Simmons
2019,Philadelphia 76ers,Glenn Robinson III
2019,Philadelphia 76ers,Josh Richardson
2019,Philadelphia 76ers,Kyle O'Quinn
2019,Philadelphia 76ers,Mike Scott
2019,Philadelphia 76ers,Raul Neto
2019,Philadelphia 76ers,Ryan Broekhoff
2019,Philadelphia 76ers,Shake Milton
2019,Philadelphia 76ers,Tobias Harris
2019,Phoenix Suns,Aron Baynes
2019,Phoenix Suns,Cameron Payne
2019,Phoenix Suns,Cheick Diallo
2019,Phoenix Suns,Dario Šarić
2019,Phoenix Suns,Deandre Ayton
2019,Phoenix Suns,Frank Kaminsky
2019,Phoenix Suns,Jevon Carter
2019,Phoenix Suns,Kelly Oubre Jr.
2019,Phoenix Suns,Mikal Bridges
2019,Phoenix Suns,Ricky Rubio
2019,Portland Trail Blazers,Anfernee Simons
2019,Portland Trail Blazers,CJ McCollum
2019,Portland Trail Blazers,Caleb Swanigan
2019,Portland Trail Blazers,Carmelo Anthony
2019,Portland Trail Blazers,Damian Lillard
2019,Portland Trail Blazers,Gary Trent Jr.
2019,Portland Trail Blazers,Hassan Whiteside
2019,Portland Trail Blazers,Jaylen Adams
2019,Portland Trail Blazers,Jusuf Nurkić
2019,Portland Trail Blazers,Mario Hezonja
2019,Portland Trail Blazers,Rodney Hood
2019,Portland Trail Blazers,Trevor Ariza
2019,Portland Trail Blazers,Wenyen Gabriel
2019,Portland Trail Blazers,Zach Collins
2019,Sacramento Kings,Alex Len
2019,Sacramento Kings,Bogdan Bogdanović
2019,Sacramento Kings,Buddy Hield
2019,Sacramento Kings,Corey Brewer
2019,Sacramento Kings,Cory Joseph
2019,Sacramento Kings,De'Aaron Fox
2019,Sacramento Kings,Harrison Barnes
2019,Sacramento Kings,Harry Giles III
2019,Sacramento Kings,Jabari Parker
2019,Sacramento Kings,Kent Bazemore
2019,Sacramento Kings,Marvin Bagley III
2019,Sacramento Kings,Nemanja Bjelica
2019,Sacramento Kings,Richaun Holmes
2019,Sacramento Kings,Yogi Ferrell
2019,San Antonio Spurs,Bryn Forbes
2019,San Antonio Spurs,Chimezie Metu
2019,San Antonio Spurs,DeMar DeRozan
2019,San Antonio Spurs,Dejounte Murray
2019,San Antonio Spurs,Derrick White
2019,San Antonio Spurs,Drew Eubanks
2019,San Antonio Spurs,Jakob Poeltl
2019,San Antonio Spurs,LaMarcus Aldridge
2019,San Antonio Spurs,Lonnie Walker IV
2019,San Antonio Spurs,Marco Belinelli
2019,San Antonio Spurs,Patty Mills
2019,San Antonio Spurs,Rudy Gay
2019,San Antonio Spurs,Trey Lyles
2019,San Antonio Spurs,Tyler Zeller
2019,Toronto Raptors,Chris Boucher
2019,Toronto Raptors,Fred VanVleet
2019,Toronto Raptors,Kyle Lowry
2019,Toronto Raptors,Marc Gasol
2019,Toronto Raptors,Norman Powell
2019,Toronto Raptors,OG Anunoby
2019,Toronto Raptors,Pascal Siakam
2019,Toronto Raptors,Patrick McCaw
2019,Toronto Raptors,Rondae Hollis-Jefferson
2019,Toronto Raptors,Serge Ibaka
2019,Toronto Raptors,Stanley Johnson
2019,Utah Jazz,Bojan Bogdanovic
2019,Utah Jazz,Donovan Mitchell
2019,Utah Jazz,Ed Davis
2019,Utah Jazz,Emmanuel Mudiay
2019,Utah Jazz,Georges Niang
2019,Utah Jazz,Joe Ingles
2019,Utah Jazz,Jordan Clarkson
2019,Utah Jazz,Mike Conley
2019,Utah Jazz,Royce O'Neale
2019,Utah Jazz,Rudy Gobert
2019,Utah Jazz,Tony Bradley
2019,Washington Wizards,Bradley Beal
2019,Washington Wizards,Davis Bertans
2019,Washington Wizards,Gary Payton II
2019,Washington Wizards,Ian Mahinmi
2019,Washington Wizards,Isaac Bonga
2019,Washington Wizards,Ish Smith
2019,Washington Wizards,Jarrod Uthoff
2019,Washington Wizards,Jerian Grant
2019,Washington Wizards,Jerome Robinson
2019,Washington Wizards,John Wall
2019,Washington Wizards,Johnathan Williams
2019,Washington Wizards,Moritz Wagner
2019,Washington Wizards,Shabazz Napier
2019,Washington Wizards,Thomas Bryant
2019,Washington Wizards,Troy Brown Jr.
2020,Atlanta Hawks,Bogdan Bogdanović
2020,Atlanta Hawks,Brandon Goodwin
2020,Atlanta Hawks,Bruno Fernando
2020,Atlanta Hawks,Cam Reddish
2020,Atlanta Hawks,Clint Capela
2020,Atlanta Hawks,Danilo Gallinari
2020,Atlanta Hawks,De'Andre Hunter
2020,Atlanta Hawks,John Collins
2020,Atlanta Hawks,Kevin Huerter
2020,Atlanta Hawks,Kris Dunn
2020,Atlanta Hawks,Lou Williams
2020,Atlanta Hawks,Solomon Hill
2020,Atlanta Hawks,Tony Snell
2020,Boston Celtics,Al Horford
2020,Boston Celtics,Carsen Edwards
2020,Boston Celtics,Evan Fournier
2020,Boston Celtics,Grant Williams
2020,Boston Celtics,Jabari Parker
2020,Boston Celtics,Luke Kornet
2020,Boston Celtics,Marcus Smart
2020,Boston Celtics,Moses Brown
2020,Boston Celtics,Robert Williams III
2020,Boston Celtics,Romeo Langford
2020,Boston Celtics,Tristan Thompson
2020,Brooklyn Nets,Alize Johnson
2020,Brooklyn Nets,Blake Griffin
2020,Brooklyn Nets,Bruce Brown
2020,Brooklyn Nets,Chris Chiozza
2020,Brooklyn Nets,DeAndre Jordan
2020,Brooklyn Nets,James Harden
2020,Brooklyn Nets,Jeff Green
2020,Brooklyn Nets,Kevin Durant
2020,Brooklyn Nets,Kyrie Irving
2020,Brooklyn Nets,Landry Shamet
2020,Brooklyn Nets,Spencer Dinwiddie
2020,Brooklyn Nets,Timothe Luwawu-Cabarrot
2020,Brooklyn Nets,Tyler Johnson
2020,Charlotte Hornets,Bismack Biyombo
2020,Charlotte Hornets,Brad Wanamaker
2020,Charlotte Hornets,Caleb Martin
2020,Charlotte Hornets,Cody Martin
2020,Charlotte Hornets,Cody Zeller
2020,Charlotte Hornets,Devonte' Graham
2020,Charlotte Hornets,Gordon Hayward
2020,Charlotte Hornets,Jalen McDaniels
2020,Charlotte Hornets,Malik Monk
2020,Charlotte Hornets,P.J. Washington
2020,Charlotte Hornets,Terry Rozier
2020,Chicago Bulls,Al-Farouq Aminu
2020,Chicago Bulls,Daniel Theis
2020,Chicago Bulls,Garrett Temple
2020,Chicago Bulls,Javonte Green
2020,Chicago Bulls,Lauri Markkanen
2020,Chicago Bulls,Nikola Vučević
2020,Chicago Bulls,Ryan Arcidiacono
2020,Chicago Bulls,Thaddeus Young
2020,Chicago Bulls,Tomas Satoransky
2020,Chicago Bulls,Troy Brown Jr.
2020,Chicago Bulls,Zach LaVine
2020,Cleveland Cavaliers,Cedi Osman
2020,Cleveland Cavaliers,Collin Sexton
2020,Cleveland Cavaliers,Damyean Dotson
2020,Cleveland Cavaliers,Dylan Windler
2020,Cleveland Cavaliers,Isaiah Hartenstein
2020,Cleveland Cavaliers,Jarrett Allen
2020,Cleveland Cavaliers,Jeremiah Martin
2020,Cleveland Cavaliers,Kevin Love
2020,Cleveland Cavaliers,Larry Nance Jr.
2020,Cleveland Cavaliers,Matthew Dellavedova
2020,Cleveland Cavaliers,Mfiondu Kabengele
2020,Cleveland Cavaliers,Taurean Prince
2020,Dallas Mavericks,Boban Marjanovic
2020,Dallas Mavericks,Dorian Finney-Smith
2020,Dallas Mavericks,JJ Redick
2020,Dallas Mavericks,Jalen Brunson
2020,Dallas Mavericks,Josh Richardson
2020,Dallas Mavericks,Kristaps Porziņģis
2020,Dallas Mavericks,Luka Dončić
2020,Dallas Mavericks,Maxi Kleber
2020,Dallas Mavericks,Nicolo Melli
2020,Dallas Mavericks,Tim Hardaway Jr.
2020,Dallas Mavericks,Trey Burke
2020,Dallas Mavericks,Willie Cauley-Stein
2020,Denver Nuggets,Aaron Gordon
2020,Denver Nuggets,Austin Rivers
2020,Denver Nuggets,Bol Bol
2020,Denver Nuggets,JaMychal Green
2020,Denver Nuggets,JaVale McGee
2020,Denver Nuggets,Michael Porter Jr.
2020,Denver Nuggets,Monté Morris
2020,Denver Nuggets,PJ Dozier
2020,Denver Nuggets,Paul Millsap
2020,Denver Nuggets,Shaquille Harrison
2020,Denver Nuggets,Will Barton
2020,Detroit Pistons,Cory Joseph
2020,Detroit Pistons,Dennis Smith Jr.
2020,Detroit Pistons,Frank Jackson
2020,Detroit Pistons,Hamidou Diallo
2020,Detroit Pistons,Jahlil Okafor
2020,Detroit Pistons,Jerami Grant
2020,Detroit Pistons,Josh Jackson
2020,Detroit Pistons,Mason Plumlee
2020,Detroit Pistons,Rodney McGruder
2020,Detroit Pistons,Tyler Cook
2020,Detroit Pistons,Wayne Ellington
2020,Golden State Warriors,Andrew Wiggins
2020,Golden State Warriors,Damion Lee
2020,Golden State Warriors,Eric Paschall
2020,Golden State Warriors,Gary Payton II
2020,Golden State Warriors,Jordan Bell
2020,Golden State Warriors,Jordan Poole
2020,Golden State Warriors,Juan Toscano-Anderson
2020,Golden State Warriors,Kelly Oubre Jr.
2020,Golden State Warriors,Kent Bazemore
2020,Golden State Warriors,Kevon Looney
2020,Golden State Warriors,Klay Thompson
2020,Golden State Warriors,Mychal Mulder
2020,Houston Rockets,Avery Bradley
2020,Houston Rockets,Christian Wood
2020,Houston Rockets,D.J. Augustin
2020,Houston Rockets,D.J. Wilson
2020,Houston Rockets,Danté Exum
2020,Houston Rockets,Danuel House Jr.
2020,Houston Rockets,David Nwaba
2020,Houston Rockets,Eric Gordon
2020,Houston Rockets,John Wall
2020,Houston Rockets,Kelly Olynyk
2020,Houston Rockets,Kevin Porter Jr.
2020,Houston Rockets,Khyri Thomas
2020,Houston Rockets,Sterling Brown
2020,Indiana Pacers,Aaron Holiday
2020,Indiana Pacers,Caris LeVert
2020,Indiana Pacers,Domantas Sabonis
2020,Indiana Pacers,Doug McDermott
2020,Indiana Pacers,Edmond Sumner
2020,Indiana Pacers,Goga Bitadze
2020,Indiana Pacers,JaKarr Sampson
2020,Indiana Pacers,Jeremy Lamb
2020,Indiana Pacers,Justin Holiday
2020,Indiana Pacers,Kelan Martin
2020,Indiana Pacers,Malcolm Brogdon
2020,Indiana Pacers,Myles Turner
2020,Indiana Pacers,Oshae Brissett
2020,Indiana Pacers,T.J. McConnell
2020,Indiana Pacers,T.J. Warren
2020,Los Angeles Clippers,Amir Coffey
2020,Los Angeles Clippers,DeMarcus Cousins
2020,Los Angeles Clippers,Ivica Zubac
2020,Los Angeles Clippers,Kawhi Leonard
2020,Los Angeles Clippers,Luke Kennard
2020,Los Angeles Clippers,Marcus Morris Sr.
2020,Los Angeles Clippers,Nicolas Batum
2020,Los Angeles Clippers,Patrick Beverley
2020,Los Angeles Clippers,Patrick Patterson
2020,Los Angeles Clippers,Paul George
2020,Los Angeles Clippers,Rajon Rondo
2020,Los Angeles Clippers,Reggie Jackson
2020,Los Angeles Clippers,Serge Ibaka
2020,Los Angeles Clippers,Terance Mann
2020,Los Angeles Clippers,Yogi Ferrell
2020,Los Angeles Lakers,Alex Caruso
2020,Los Angeles Lakers,Alfonzo McKinnie
2020,Los Angeles Lakers,Andre Drummond
2020,Los Angeles Lakers,Anthony Davis
2020,Los Angeles Lakers,Ben McLemore
2020,Los Angeles Lakers,Dennis Schröder
2020,Los Angeles Lakers,Devontae Cacok
2020,Los Angeles Lakers,Jared Dudley
2020,Los Angeles Lakers,Kentavious Caldwell-Pope
2020,Los Angeles Lakers,Kostas Antetokounmpo
2020,Los Angeles Lakers,Kyle Kuzma
2020,Los Angeles Lakers,LeBron James
2020,Los Angeles Lakers,Marc Gasol
2020,Los Angeles Lakers,Markieff Morris
2020,Los Angeles Lakers,Montrezl Harrell
2020,Los Angeles Lakers,Talen Horton-Tucker
2020,Los Angeles Lakers,Wesley Matthews
2020,Memphis Grizzlies,De'Anthony Melton
2020,Memphis Grizzlies,Dillon Brooks
2020,Memphis Grizzlies,Grayson Allen
2020,Memphis Grizzlies,Jonas Valančiūnas
2020,Memphis Grizzlies,Justise Winslow
2020,Memphis Grizzlies,Kyle Anderson
2020,Memphis Grizzlies,Tim Frazier
2020,Memphis Grizzlies,Tyus Jones
2020,Miami Heat,Andre Iguodala
2020,Miami Heat,Dewayne Dedmon
2020,Miami Heat,Duncan Robinson
2020,Miami Heat,Gabe Vincent
2020,Miami Heat,Goran Dragic
2020,Miami Heat,Jimmy Butler III
2020,Miami Heat,Kendrick Nunn
2020,Miami Heat,Max Strus
2020,Miami Heat,Nemanja Bjelica
2020,Miami Heat,Trevor Ariza
2020,Miami Heat,Victor Oladipo
2020,Milwaukee Bucks,Axel Toupane
2020,Milwaukee Bucks,Bobby Portis
2020,Milwaukee Bucks,Brook Lopez
2020,Milwaukee Bucks,Bryn Forbes
2020,Milwaukee Bucks,Donte DiVincenzo
2020,Milwaukee Bucks,Jeff Teague
2020,Milwaukee Bucks,Jrue Holiday
2020,Milwaukee Bucks,Justin Jackson
2020,Milwaukee Bucks,Khris Middleton
2020,Milwaukee Bucks,P.J. Tucker
2020,Milwaukee Bucks,Pat Connaughton
2020,Minnesota Timberwolves,D'Angelo Russell
2020,Minnesota Timberwolves,Ed Davis
2020,Minnesota Timberwolves,Jake Layman
2020,Minnesota Timberwolves,Jarred Vanderbilt
2020,Minnesota Timberwolves,Jarrett Culver
2020,Minnesota Timberwolves,Jordan McLaughlin
2020,Minnesota Timberwolves,Josh Okogie
2020,Minnesota Timberwolves,Juancho Hernangomez
2020,Minnesota Timberwolves,Karl-Anthony Towns
2020,Minnesota Timberwolves,Malik Beasley
2020,Minnesota Timberwolves,Ricky Rubio
2020,New Orleans Pelicans,Brandon Ingram
2020,New Orleans Pelicans,Eric Bledsoe
2020,New Orleans Pelicans,James Johnson
2020,New Orleans Pelicans,Jaxson Hayes
2020,New Orleans Pelicans,Josh Hart
2020,New Orleans Pelicans,Lonzo Ball
2020,New Orleans Pelicans,Nickeil Alexander-Walker
2020,New Orleans Pelicans,Steven Adams
2020,New Orleans Pelicans,Wenyen Gabriel
2020,New Orleans Pelicans,Wes Iwundu
2020,New Orleans Pelicans,Willy Hernangomez
2020,New York Knicks,Alec Burks
2020,New York Knicks,Derrick Rose
2020,New York Knicks,Elfrid Payton
2020,New York Knicks,Frank Ntilikina
2020,New York Knicks,Jared Harper
2020,New York Knicks,Julius Randle
2020,New York Knicks,Kevin Knox II
2020,New York Knicks,Nerlens Noel
2020,New York Knicks,Norvel Pelle
2020,New York Knicks,RJ Barrett
2020,New York Knicks,Reggie Bullock Jr.
2020,New York Knicks,Taj Gibson
2020,New York Knicks,Theo Pinson
2020,Oklahoma City Thunder,Charlie Brown Jr.
2020,Oklahoma City Thunder,Darius Bazley
2020,Oklahoma City Thunder,Isaiah Roby
2020,Oklahoma City Thunder,Jaylen Hoard
2020,Oklahoma City Thunder,Kemba Walker
2020,Oklahoma City Thunder,Kenrich Williams
2020,Oklahoma City Thunder,Mike Muscala
2020,Oklahoma City Thunder,Shai Gilgeous-Alexander
2020,Oklahoma City Thunder,Svi Mykhailiuk
2020,Oklahoma City Thunder,Tony Bradley
2020,Oklahoma City Thunder,Ty Jerome
2020,Orlando Magic,Chasson Randle
2020,Orlando Magic,Dwayne Bacon
2020,Orlando Magic,Gary Harris
2020,Orlando Magic,Ignas Brazdeikis
2020,Orlando Magic,James Ennis III
2020,Orlando Magic,Markelle Fultz
2020,Orlando Magic,Michael Carter-Williams
2020,Orlando Magic,Mo Bamba
2020,Orlando Magic,Moritz Wagner
2020,Orlando Magic,Otto Porter Jr.
2020,Orlando Magic,Sindarius Thornwell
2020,Orlando Magic,Terrence Ross
2020,Orlando Magic,Wendell Carter Jr.
2020,Philadelphia 76ers,Anthony Tolliver
2020,Philadelphia 76ers,Ben Simmons
2020,Philadelphia 76ers,Danny Green
2020,Philadelphia 76ers,Dwight Howard
2020,Philadelphia 76ers,Gary Clark
2020,Philadelphia 76ers,George Hill
2020,Philadelphia 76ers,Matisse Thybulle
2020,Philadelphia 76ers,Mike Scott
2020,Philadelphia 76ers,Rayjon Tucker
2020,Philadelphia 76ers,Seth Curry
2020,Philadelphia 76ers,Shake Milton
2020,Philadelphia 76ers,Tobias Harris
2020,Phoenix Suns,Abdel Nader
2020,Phoenix Suns,Cameron Johnson
2020,Phoenix Suns,Cameron Payne
2020,Phoenix Suns,Chris Paul
2020,Phoenix Suns,Dario Šarić
2020,Phoenix Suns,Deandre Ayton
2020,Phoenix Suns,E'Twaun Moore
2020,Phoenix Suns,Frank Kaminsky
2020,Phoenix Suns,Jae Crowder
2020,Phoenix Suns,Jevon Carter
2020,Phoenix Suns,Langston Galloway
2020,Phoenix Suns,Mikal Bridges
2020,Phoenix Suns,Torrey Craig
2020,Portland Trail Blazers,Anfernee Simons
2020,Portland Trail Blazers,CJ McCollum
2020,Portland Trail Blazers,Carmelo Anthony
2020,Portland Trail Blazers,Damian Lillard
2020,Portland Trail Blazers,Derrick Jones Jr.
2020,Portland Trail Blazers,Enes Freedom
2020,Portland Trail Blazers,Harry Giles III
2020,Portland Trail Blazers,Jusuf Nurkić
2020,Portland Trail Blazers,Nassir Little
2020,Portland Trail Blazers,Norman Powell
2020,Portland Trail Blazers,Robert Covington
2020,Portland Trail Blazers,Rondae Hollis-Jefferson
2020,Portland Trail Blazers,T.J. Leaf
2020,Portland Trail Blazers,Zach Collins
2020,Sacramento Kings,Buddy Hield
2020,Sacramento Kings,Chimezie Metu
2020,Sacramento Kings,Damian Jones
2020,Sacramento Kings,De'Aaron Fox
2020,Sacramento Kings,Delon Wright
2020,Sacramento Kings,Harrison Barnes
2020,Sacramento Kings,Hassan Whiteside
2020,Sacramento Kings,Louis King
2020,Sacramento Kings,Marvin Bagley III
2020,Sacramento Kings,Maurice Harkless
2020,Sacramento Kings,Richaun Holmes
2020,Sacramento Kings,Terence Davis
2020,San Antonio Spurs,DaQuan Jeffries
2020,San Antonio Spurs,DeMar DeRozan
2020,San Antonio Spurs,Dejounte Murray
2020,San Antonio Spurs,Derrick White
2020,San Antonio Spurs,Drew Eubanks
2020,San Antonio Spurs,Gorgui Dieng
2020,San Antonio Spurs,Jakob Poeltl
2020,San Antonio Spurs,Keita Bates-Diop
2020,San Antonio Spurs,Lonnie Walker IV
2020,San Antonio Spurs,Luka Samanic
2020,San Antonio Spurs,Patty Mills
2020,San Antonio Spurs,Quinndary Weatherspoon
2020,San Antonio Spurs,Rudy Gay
2020,San Antonio Spurs,Trey Lyles
2020,Toronto Raptors,Aron Baynes
2020,Toronto Raptors,Chris Boucher
2020,Toronto Raptors,DeAndre' Bembry
2020,Toronto Raptors,Fred VanVleet
2020,Toronto Raptors,Gary Trent Jr.
2020,Toronto Raptors,Khem Birch
2020,Toronto Raptors,Kyle Lowry
2020,Toronto Raptors,OG Anunoby
2020,Toronto Raptors,Pascal Siakam
2020,Toronto Raptors,Rodney Hood
2020,Toronto Raptors,Stanley Johnson
2020,Toronto Raptors,Yuta Watanabe
2020,Utah Jazz,Bojan Bogdanovic
2020,Utah Jazz,Derrick Favors
2020,Utah Jazz,Donovan Mitchell
2020,Utah Jazz,Ersan Ilyasova
2020,Utah Jazz,Georges Niang
2020,Utah Jazz,Joe Ingles
2020,Utah Jazz,Jordan Clarkson
2020,Utah Jazz,Juwan Morgan
2020,Utah Jazz,Matt Thomas
2020,Utah Jazz,Mike Conley
2020,Utah Jazz,Royce O'Neale
2020,Utah Jazz,Rudy Gobert
2020,Washington Wizards,Alex Len
2020,Washington Wizards,Bradley Beal
2020,Washington Wizards,Chandler Hutchison
2020,Washington Wizards,Daniel Gafford
2020,Washington Wizards,Davis Bertans
2020,Washington Wizards,Garrison Mathews
2020,Washington Wizards,Isaac Bonga
2020,Washington Wizards,Ish Smith
2020,Washington Wizards,Raul Neto
2020,Washington Wizards,Robin Lopez
2020,Washington Wizards,Rui Hachimura
2020,Washington Wizards,Russell Westbrook
2020,Washington Wizards,Thomas Bryant
2021,Atlanta Hawks,Bogdan Bogdanović
2021,Atlanta Hawks,Clint Capela
2021,Atlanta Hawks,Danilo Gallinari
2021,Atlanta Hawks,De'Andre Hunter
2021,Atlanta Hawks,Delon Wright
2021,Atlanta Hawks,Gorgui Dieng
2021,Atlanta Hawks,John Collins
2021,Atlanta Hawks,Kevin Huerter
2021,Atlanta Hawks,Kevin Knox II
2021,Atlanta Hawks,Lou Williams
2021,Atlanta Hawks,Skylar Mays
2021,Atlanta Hawks,Timothe Luwawu-Cabarrot
2021,Boston Celtics,Aaron Nesmith
2021,Boston Celtics,Al Horford
2021,Boston Celtics,Brodric Thomas
2021,Boston Celtics,Daniel Theis
2021,Boston Celtics,Derrick White
2021,Boston Celtics,Grant Williams
2021,Boston Celtics,Juwan Morgan
2021,Boston Celtics,Luke Kornet
2021,Boston Celtics,Marcus Smart
2021,Boston Celtics,Nik Stauskas
2021,Boston Celtics,Robert Williams III
2021,Brooklyn Nets,Andre Drummond
2021,Brooklyn Nets,Ben Simmons
2021,Brooklyn Nets,Blake Griffin
2021,Brooklyn Nets,Bruce Brown
2021,Brooklyn Nets,Goran Dragic
2021,Brooklyn Nets,Kevin Durant
2021,Brooklyn Nets,Kyrie Irving
2021,Brooklyn Nets,LaMarcus Aldridge
2021,Brooklyn Nets,Patty Mills
2021,Brooklyn Nets,Seth Curry
2021,Charlotte Hornets,Cody Martin
2021,Charlotte Hornets,Gordon Hayward
2021,Charlotte Hornets,Isaiah Thomas
2021,Charlotte Hornets,Jalen McDaniels
2021,Charlotte Hornets,Kelly Oubre Jr.
2021,Charlotte Hornets,Mason Plumlee
2021,Charlotte Hornets,Montrezl Harrell
2021,Charlotte Hornets,Nick Richards
2021,Charlotte Hornets,P.J. Washington
2021,Charlotte Hornets,Terry Rozier
2021,Chicago Bulls,Alex Caruso
2021,Chicago Bulls,DeMar DeRozan
2021,Chicago Bulls,Derrick Jones Jr.
2021,Chicago Bulls,Javonte Green
2021,Chicago Bulls,Lonzo Ball
2021,Chicago Bulls,Matt Thomas
2021,Chicago Bulls,Nikola Vučević
2021,Chicago Bulls,Tony Bradley
2021,Chicago Bulls,Tristan Thompson
2021,Chicago Bulls,Troy Brown Jr.
2021,Chicago Bulls,Tyler Cook
2021,Chicago Bulls,Zach LaVine
2021,Cleveland Cavaliers,Brandon Goodwin
2021,Cleveland Cavaliers,Caris LeVert
2021,Cleveland Cavaliers,Cedi Osman
2021,Cleveland Cavaliers,Collin Sexton
2021,Cleveland Cavaliers,Dylan Windler
2021,Cleveland Cavaliers,Ed Davis
2021,Cleveland Cavaliers,Isaac Okoro
2021,Cleveland Cavaliers,Jarrett Allen
2021,Cleveland Cavaliers,Kevin Love
2021,Cleveland Cavaliers,Lamar Stevens
2021,Cleveland Cavaliers,Lauri Markkanen
2021,Cleveland Cavaliers,Moses Brown
2021,Cleveland Cavaliers,Rajon Rondo
2021,Dallas Mavericks,Boban Marjanovic
2021,Dallas Mavericks,Davis Bertans
2021,Dallas Mavericks,Dorian Finney-Smith
2021,Dallas Mavericks,Frank Ntilikina
2021,Dallas Mavericks,Jalen Brunson
2021,Dallas Mavericks,Josh Green
2021,Dallas Mavericks,Luka Dončić
2021,Dallas Mavericks,Marquese Chriss
2021,Dallas Mavericks,Maxi Kleber
2021,Dallas Mavericks,Reggie Bullock Jr.
2021,Dallas Mavericks,Spencer Dinwiddie
2021,Dallas Mavericks,Sterling Brown
2021,Dallas Mavericks,Theo Pinson
2021,Dallas Mavericks,Tim Hardaway Jr.
2021,Dallas Mavericks,Trey Burke
2021,Denver Nuggets,Aaron Gordon
2021,Denver Nuggets,Austin Rivers
2021,Denver Nuggets,Bryn Forbes
2021,Denver Nuggets,Davon Reed
2021,Denver Nuggets,DeMarcus Cousins
2021,Denver Nuggets,JaMychal Green
2021,Denver Nuggets,Jeff Green
2021,Denver Nuggets,Michael Porter Jr.
2021,Denver Nuggets,Monté Morris
2021,Denver Nuggets,Will Barton
2021,Detroit Pistons,Carsen Edwards
2021,Detroit Pistons,Cory Joseph
2021,Detroit Pistons,Frank Jackson
2021,Detroit Pistons,Hamidou Diallo
2021,Detroit Pistons,Jerami Grant
2021,Detroit Pistons,Kelly Olynyk
2021,Detroit Pistons,Marvin Bagley III
2021,Detroit Pistons,Rodney McGruder
2021,Detroit Pistons,Saben Lee
2021,Detroit Pistons,Saddiq Bey
2021,Golden State Warriors,Andre Iguodala
2021,Golden State Warriors,Andrew Wiggins
2021,Golden State Warriors,Chris Chiozza
2021,Golden State Warriors,Damion Lee
2021,Golden State Warriors,Gary Payton II
2021,Golden State Warriors,James Wiseman
2021,Golden State Warriors,Jordan Poole
2021,Golden State Warriors,Juan Toscano-Anderson
2021,Golden State Warriors,Kevon Looney
2021,Golden State Warriors,Klay Thompson
2021,Golden State Warriors,Nemanja Bjelica
2021,Golden State Warriors,Otto Porter Jr.
2021,Golden State Warriors,Quinndary Weatherspoon
2021,Houston Rockets,Anthony Lamb
2021,Houston Rockets,Bruno Fernando
2021,Houston Rockets,Christian Wood
2021,Houston Rockets,David Nwaba
2021,Houston Rockets,Dennis Schröder
2021,Houston Rockets,Eric Gordon
2021,Houston Rockets,Garrison Mathews
2021,Houston Rockets,John Wall
2021,Houston Rockets,KJ Martin
2021,Houston Rockets,Kevin Porter Jr.
2021,Indiana Pacers,Buddy Hield
2021,Indiana Pacers,Goga Bitadze
2021,Indiana Pacers,Jalen Smith
2021,Indiana Pacers,Lance Stephenson
2021,Indiana Pacers,Malcolm Brogdon
2021,Indiana Pacers,Myles Turner
2021,Indiana Pacers,Nate Hinton
2021,Indiana Pacers,Oshae Brissett
2021,Indiana Pacers,Ricky Rubio
2021,Indiana Pacers,T.J. McConnell
2021,Indiana Pacers,T.J. Warren
2021,Indiana Pacers,Tyrese Haliburton
2021,Los Angeles Clippers,Amir Coffey
2021,Los Angeles Clippers,Isaiah Hartenstein
2021,Los Angeles Clippers,Ivica Zubac
2021,Los Angeles Clippers,Kawhi Leonard
2021,Los Angeles Clippers,Luke Kennard
2021,Los Angeles Clippers,Marcus Morris Sr.
2021,Los Angeles Clippers,Nicolas Batum
2021,Los Angeles Clippers,Norman Powell
2021,Los Angeles Clippers,Paul George
2021,Los Angeles Clippers,Reggie Jackson
2021,Los Angeles Clippers,Robert Covington
2021,Los Angeles Clippers,Rodney Hood
2021,Los Angeles Clippers,Terance Mann
2021,Los Angeles Lakers,Anthony Davis
2021,Los Angeles Lakers,Avery Bradley
2021,Los Angeles Lakers,Carmelo Anthony
2021,Los Angeles Lakers,D.J. Augustin
2021,Los Angeles Lakers,Dwight Howard
2021,Los Angeles Lakers,Kendrick Nunn
2021,Los Angeles Lakers,Kent Bazemore
2021,Los Angeles Lakers,LeBron James
2021,Los Angeles Lakers,Malik Monk
2021,Los Angeles Lakers,Russell Westbrook
2021,Los Angeles Lakers,Stanley Johnson
2021,Los Angeles Lakers,Talen Horton-Tucker
2021,Los Angeles Lakers,Wayne Ellington
2021,Los Angeles Lakers,Wenyen Gabriel
2021,Memphis Grizzlies,De'Anthony Melton
2021,Memphis Grizzlies,Desmond Bane
2021,Memphis Grizzlies,Dillon Brooks
2021,Memphis Grizzlies,Jarrett Culver
2021,Memphis Grizzlies,Kyle Anderson
2021,Memphis Grizzlies,Steven Adams
2021,Memphis Grizzlies,Tyrell Terry
2021,Memphis Grizzlies,Tyus Jones
2021,Memphis Grizzlies,Xavier Tillman
2021,Miami Heat,Caleb Martin
2021,Miami Heat,Dewayne Dedmon
2021,Miami Heat,Duncan Robinson
2021,Miami Heat,Gabe Vincent
2021,Miami Heat,Haywood Highsmith
2021,Miami Heat,Jimmy Butler III
2021,Miami Heat,Kyle Lowry
2021,Miami Heat,Markieff Morris
2021,Miami Heat,Max Strus
2021,Miami Heat,Mychal Mulder
2021,Miami Heat,Omer Yurtseven
2021,Miami Heat,P.J. Tucker
2021,Miami Heat,Victor Oladipo
2021,Milwaukee Bucks,Bobby Portis
2021,Milwaukee Bucks,Brook Lopez
2021,Milwaukee Bucks,George Hill
2021,Milwaukee Bucks,Grayson Allen
2021,Milwaukee Bucks,Jevon Carter
2021,Milwaukee Bucks,Jordan Nwora
2021,Milwaukee Bucks,Jrue Holiday
2021,Milwaukee Bucks,Khris Middleton
2021,Milwaukee Bucks,Luca Vildoza
2021,Milwaukee Bucks,Pat Connaughton
2021,Milwaukee Bucks,Rayjon Tucker
2021,Milwaukee Bucks,Serge Ibaka
2021,Milwaukee Bucks,Wesley Matthews
2021,Minnesota Timberwolves,D'Angelo Russell
2021,Minnesota Timberwolves,Greg Monroe
2021,Minnesota Timberwolves,Jake Layman
2021,Minnesota Timberwolves,Jarred Vanderbilt
2021,Minnesota Timberwolves,Jordan McLaughlin
2021,Minnesota Timberwolves,Josh Okogie
2021,Minnesota Timberwolves,Karl-Anthony Towns
2021,Minnesota Timberwolves,Malik Beasley
2021,Minnesota Timberwolves,Nathan Knight
2021,Minnesota Timberwolves,Patrick Beverley
2021,Minnesota Timberwolves,Taurean Prince
2021,New Orleans Pelicans,Brandon Ingram
2021,New Orleans Pelicans,CJ McCollum
2021,New Orleans Pelicans,Devonte' Graham
2021,New Orleans Pelicans,Garrett Temple
2021,New Orleans Pelicans,Gary Clark
2021,New Orleans Pelicans,Jared Harper
2021,New Orleans Pelicans,Jaxson Hayes
2021,New Orleans Pelicans,Jonas Valančiūnas
2021,New Orleans Pelicans,Kira Lewis Jr.
2021,New Orleans Pelicans,Larry Nance Jr.
2021,New Orleans Pelicans,Naji Marshall
2021,New Orleans Pelicans,Tony Snell
2021,New Orleans Pelicans,Willy Hernangomez
2021,New York Knicks,Alec Burks
2021,New York Knicks,Cam Reddish
2021,New York Knicks,Derrick Rose
2021,New York Knicks,Evan Fournier
2021,New York Knicks,Immanuel Quickley
2021,New York Knicks,Julius Randle
2021,New York Knicks,Kemba Walker
2021,New York Knicks,Nerlens Noel
2021,New York Knicks,Obi Toppin
2021,New York Knicks,RJ Barrett
2021,New York Knicks,Ryan Arcidiacono
2021,New York Knicks,Taj Gibson
2021,Oklahoma City Thunder,Aleksej Pokusevski
2021,Oklahoma City Thunder,Darius Bazley
2021,Oklahoma City Thunder,Derrick Favors
2021,Oklahoma City Thunder,Isaiah Roby
2021,Oklahoma City Thunder,Kenrich Williams
2021,Oklahoma City Thunder,Melvin Frazier Jr.
2021,Oklahoma City Thunder,Mike Muscala
2021,Oklahoma City Thunder,Shai Gilgeous-Alexander
2021,Oklahoma City Thunder,Theo Maledon
2021,Oklahoma City Thunder,Ty Jerome
2021,Orlando Magic,Admiral Schofield
2021,Orlando Magic,Bol Bol
2021,Orlando Magic,Chuma Okeke
2021,Orlando Magic,Cole Anthony
2021,Orlando Magic,Gary Harris
2021,Orlando Magic,Ignas Brazdeikis
2021,Orlando Magic,Markelle Fultz
2021,Orlando Magic,Mo Bamba
2021,Orlando Magic,Moritz Wagner
2021,Orlando Magic,R.J. Hampton
2021,Orlando Magic,Robin Lopez
2021,Orlando Magic,Terrence Ross
2021,Orlando Magic,Wendell Carter Jr.
2021,Philadelphia 76ers,Charlie Brown Jr.
2021,Philadelphia 76ers,Danny Green
2021,Philadelphia 76ers,DeAndre Jordan
2021,Philadelphia 76ers,Georges Niang
2021,Philadelphia 76ers,Isaiah Joe
2021,Philadelphia 76ers,James Harden
2021,Philadelphia 76ers,Matisse Thybulle
2021,Philadelphia 76ers,Paul Millsap
2021,Philadelphia 76ers,Paul Reed
2021,Philadelphia 76ers,Shake Milton
2021,Philadelphia 76ers,Tobias Harris
2021,Phoenix Suns,Aaron Holiday
2021,Phoenix Suns,Bismack Biyombo
2021,Phoenix Suns,Cameron Johnson
2021,Phoenix Suns,Cameron Payne
2021,Phoenix Suns,Chris Paul
2021,Phoenix Suns,Dario Šarić
2021,Phoenix Suns,Deandre Ayton
2021,Phoenix Suns,Elfrid Payton
2021,Phoenix Suns,JaVale McGee
2021,Phoenix Suns,Jae Crowder
2021,Phoenix Suns,Landry Shamet
2021,Phoenix Suns,Mikal Bridges
2021,Phoenix Suns,Torrey Craig
2021,Portland Trail Blazers,Anfernee Simons
2021,Portland Trail Blazers,Ben McLemore
2021,Portland Trail Blazers,Damian Lillard
2021,Portland Trail Blazers,Didi Louzada
2021,Portland Trail Blazers,Elijah Hughes
2021,Portland Trail Blazers,Eric Bledsoe
2021,Portland Trail Blazers,Joe Ingles
2021,Portland Trail Blazers,Josh Hart
2021,Portland Trail Blazers,Justise Winslow
2021,Portland Trail Blazers,Jusuf Nurkić
2021,Portland Trail Blazers,Nassir Little
2021,Sacramento Kings,Alex Len
2021,Sacramento Kings,Chimezie Metu
2021,Sacramento Kings,Damian Jones
2021,Sacramento Kings,De'Aaron Fox
2021,Sacramento Kings,Domantas Sabonis
2021,Sacramento Kings,Donte DiVincenzo
2021,Sacramento Kings,Harrison Barnes
2021,Sacramento Kings,Jeremy Lamb
2021,Sacramento Kings,Josh Jackson
2021,Sacramento Kings,Justin Holiday
2021,Sacramento Kings,Maurice Harkless
2021,Sacramento Kings,Richaun Holmes
2021,Sacramento Kings,Terence Davis
2021,Sacramento Kings,Trey Lyles
2021,San Antonio Spurs,Dejounte Murray
2021,San Antonio Spurs,Devontae Cacok
2021,San Antonio Spurs,Doug McDermott
2021,San Antonio Spurs,Jakob Poeltl
2021,San Antonio Spurs,Josh Richardson
2021,San Antonio Spurs,Keita Bates-Diop
2021,San Antonio Spurs,Lonnie Walker IV
2021,San Antonio Spurs,Robert Woodard II
2021,San Antonio Spurs,Romeo Langford
2021,San Antonio Spurs,Tre Jones
2021,San Antonio Spurs,Zach Collins
2021,Toronto Raptors,Armoni Brooks
2021,Toronto Raptors,Chris Boucher
2021,Toronto Raptors,Fred VanVleet
2021,Toronto Raptors,Gary Trent Jr.
2021,Toronto Raptors,Isaac Bonga
2021,Toronto Raptors,Khem Birch
2021,Toronto Raptors,Malachi Flynn
2021,Toronto Raptors,OG Anunoby
2021,Toronto Raptors,Pascal Siakam
2021,Toronto Raptors,Precious Achiuwa
2021,Toronto Raptors,Svi Mykhailiuk
2021,Toronto Raptors,Thaddeus Young
2021,Toronto Raptors,Yuta Watanabe
2021,Utah Jazz,Bojan Bogdanovic
2021,Utah Jazz,Danuel House Jr.
2021,Utah Jazz,Donovan Mitchell
2021,Utah Jazz,Eric Paschall
2021,Utah Jazz,Hassan Whiteside
2021,Utah Jazz,Jordan Clarkson
2021,Utah Jazz,Juancho Hernangomez
2021,Utah Jazz,Mike Conley
2021,Utah Jazz,Nickeil Alexander-Walker
2021,Utah Jazz,Royce O'Neale
2021,Utah Jazz,Rudy Gay
2021,Utah Jazz,Rudy Gobert
2021,Utah Jazz,Trent Forrest
2021,Utah Jazz,Udoka Azubuike
2021,Washington Wizards,Bradley Beal
2021,Washington Wizards,Daniel Gafford
2021,Washington Wizards,Deni Avdija
2021,Washington Wizards,Ish Smith
2021,Washington Wizards,Kentavious Caldwell-Pope
2021,Washington Wizards,Kristaps Porziņģis
2021,Washington Wizards,Kyle Kuzma
2021,Washington Wizards,Raul Neto
2021,Washington Wizards,Rui Hachimura
2021,Washington Wizards,Thomas Bryant
2021,Washington Wizards,Tomas Satoransky
2021,Washington Wizards,Vernon Carey Jr.
2022,Atlanta Hawks,Aaron Holiday
2022,Atlanta Hawks,Bogdan Bogdanović
2022,Atlanta Hawks,Bruno Fernando
2022,Atlanta Hawks,Clint Capela
2022,Atlanta Hawks,De'Andre Hunter
2022,Atlanta Hawks,Dejounte Murray
2022,Atlanta Hawks,Garrison Mathews
2022,Atlanta Hawks,John Collins
2022,Atlanta Hawks,Saddiq Bey
2022,Atlanta Hawks,Trent Forrest
2022,Atlanta Hawks,Vít Krejčí
2022,Boston Celtics,Al Horford
2022,Boston Celtics,Blake Griffin
2022,Boston Celtics,Danilo Gallinari
2022,Boston Celtics,Derrick White
2022,Boston Celtics,Grant Williams
2022,Boston Celtics,Justin Champagnie
2022,Boston Celtics,Luke Kornet
2022,Boston Celtics,Malcolm Brogdon
2022,Boston Celtics,Marcus Smart
2022,Boston Celtics,Mfiondu Kabengele
2022,Boston Celtics,Mike Muscala
2022,Boston Celtics,Robert Williams III
2022,Brooklyn Nets,Ben Simmons
2022,Brooklyn Nets,Cameron Johnson
2022,Brooklyn Nets,David Duke Jr.
2022,Brooklyn Nets,Dorian Finney-Smith
2022,Brooklyn Nets,Edmond Sumner
2022,Brooklyn Nets,Mikal Bridges
2022,Brooklyn Nets,Patty Mills
2022,Brooklyn Nets,Royce O'Neale
2022,Brooklyn Nets,Seth Curry
2022,Brooklyn Nets,Spencer Dinwiddie
2022,Brooklyn Nets,Yuta Watanabe
2022,Charlotte Hornets,Cody Martin
2022,Charlotte Hornets,Dennis Smith Jr.
2022,Charlotte Hornets,Gordon Hayward
2022,Charlotte Hornets,JT Thor
2022,Charlotte Hornets,Kai Jones
2022,Charlotte Hornets,Kelly Oubre Jr.
2022,Charlotte Hornets,Kobi Simmons
2022,Charlotte Hornets,Nick Richards
2022,Charlotte Hornets,P.J. Washington
2022,Charlotte Hornets,Svi Mykhailiuk
2022,Charlotte Hornets,Terry Rozier
2022,Charlotte Hornets,Theo Maledon
2022,Charlotte Hornets,Xavier Sneed
2022,Chicago Bulls,Alex Caruso
2022,Chicago Bulls,Andre Drummond
2022,Chicago Bulls,DeMar DeRozan
2022,Chicago Bulls,Derrick Jones Jr.
2022,Chicago Bulls,Javonte Green
2022,Chicago Bulls,Lonzo Ball
2022,Chicago Bulls,Nikola Vučević
2022,Chicago Bulls,Patrick Beverley
2022,Chicago Bulls,Terry Taylor
2022,Chicago Bulls,Zach LaVine
2022,Cleveland Cavaliers,Caris LeVert
2022,Cleveland Cavaliers,Cedi Osman
2022,Cleveland Cavaliers,Danny Green
2022,Cleveland Cavaliers,Donovan Mitchell
2022,Cleveland Cavaliers,Dylan Windler
2022,Cleveland Cavaliers,Isaac Okoro
2022,Cleveland Cavaliers,Jarrett Allen
2022,Cleveland Cavaliers,Lamar Stevens
2022,Cleveland Cavaliers,Mamadi Diakite
2022,Cleveland Cavaliers,Raul Neto
2022,Cleveland Cavaliers,Ricky Rubio
2022,Cleveland Cavaliers,Robin Lopez
2022,Cleveland Cavaliers,Sam Merrill
2022,Dallas Mavericks,Christian Wood
2022,Dallas Mavericks,Davis Bertans
2022,Dallas Mavericks,Frank Ntilikina
2022,Dallas Mavericks,JaVale McGee
2022,Dallas Mavericks,Josh Green
2022,Dallas Mavericks,Justin Holiday
2022,Dallas Mavericks,Kyrie Irving
2022,Dallas Mavericks,Luka Dončić
2022,Dallas Mavericks,Markieff Morris
2022,Dallas Mavericks,Maxi Kleber
2022,Dallas Mavericks,McKinley Wright IV
2022,Dallas Mavericks,Reggie Bullock Jr.
2022,Dallas Mavericks,Theo Pinson
2022,Dallas Mavericks,Tim Hardaway Jr.
2022,Denver Nuggets,Aaron Gordon
2022,Denver Nuggets,Bruce Brown
2022,Denver Nuggets,DeAndre Jordan
2022,Denver Nuggets,Ish Smith
2022,Denver Nuggets,Jeff Green
2022,Denver Nuggets,Kentavious Caldwell-Pope
2022,Denver Nuggets,Michael Porter Jr.
2022,Denver Nuggets,Reggie Jackson
2022,Denver Nuggets,Thomas Bryant
2022,Detroit Pistons,Alec Burks
2022,Detroit Pistons,Bojan Bogdanovic
2022,Detroit Pistons,Cory Joseph
2022,Detroit Pistons,Hamidou Diallo
2022,Detroit Pistons,Isaiah Livers
2022,Detroit Pistons,James Wiseman
2022,Detroit Pistons,Marvin Bagley III
2022,Detroit Pistons,R.J. Hampton
2022,Detroit Pistons,Rodney McGruder
2022,Golden State Warriors,Andre Iguodala
2022,Golden State Warriors,Andrew Wiggins
2022,Golden State Warriors,Anthony Lamb
2022,Golden State Warriors,Donte DiVincenzo
2022,Golden State Warriors,Gary Payton II
2022,Golden State Warriors,JaMychal Green
2022,Golden State Warriors,Jordan Poole
2022,Golden State Warriors,Kevon Looney
2022,Golden State Warriors,Klay Thompson
2022,Golden State Warriors,Ty Jerome
2022,Houston Rockets,Boban Marjanovic
2022,Houston Rockets,D.J. Augustin
2022,Houston Rockets,Daishen Nix
2022,Houston Rockets,Frank Kaminsky
2022,Houston Rockets,Jalen Green
2022,Houston Rockets,Josh Christopher
2022,Houston Rockets,KJ Martin
2022,Houston Rockets,Kevin Porter Jr.
2022,Houston Rockets,Usman Garuba
2022,Houston Rockets,Willie Cauley-Stein
2022,Indiana Pacers,Aaron Nesmith
2022,Indiana Pacers,Buddy Hield
2022,Indiana Pacers,Chris Duarte
2022,Indiana Pacers,Daniel Theis
2022,Indiana Pacers,George Hill
2022,Indiana Pacers,Jalen Smith
2022,Indiana Pacers,James Johnson
2022,Indiana Pacers,Jordan Nwora
2022,Indiana Pacers,Myles Turner
2022,Indiana Pacers,Oshae Brissett
2022,Indiana Pacers,T.J. McConnell
2022,Indiana Pacers,Tyrese Haliburton
2022,Los Angeles Clippers,Amir Coffey
2022,Los Angeles Clippers,Bones Hyland
2022,Los Angeles Clippers,Brandon Boston
2022,Los Angeles Clippers,Eric Gordon
2022,Los Angeles Clippers,Ivica Zubac
2022,Los Angeles Clippers,Jason Preston
2022,Los Angeles Clippers,Kawhi Leonard
2022,Los Angeles Clippers,Marcus Morris Sr.
2022,Los Angeles Clippers,Mason Plumlee
2022,Los Angeles Clippers,Nicolas Batum
2022,Los Angeles Clippers,Norman Powell
2022,Los Angeles Clippers,Paul George
2022,Los Angeles Clippers,Robert Covington
2022,Los Angeles Clippers,Russell Westbrook
2022,Los Angeles Clippers,Terance Mann
2022,Los Angeles Lakers,Anthony Davis
2022,Los Angeles Lakers,D'Angelo Russell
2022,Los Angeles Lakers,Dennis Schröder
2022,Los Angeles Lakers,Jarred Vanderbilt
2022,Los Angeles Lakers,LeBron James
2022,Los Angeles Lakers,Lonnie Walker IV
2022,Los Angeles Lakers,Malik Beasley
2022,Los Angeles Lakers,Mo Bamba
2022,Los Angeles Lakers,Rui Hachimura
2022,Los Angeles Lakers,Shaquille Harrison
2022,Los Angeles Lakers,Tristan Thompson
2022,Los Angeles Lakers,Troy Brown Jr.
2022,Los Angeles Lakers,Wenyen Gabriel
2022,Memphis Grizzlies,Desmond Bane
2022,Memphis Grizzlies,Dillon Brooks
2022,Memphis Grizzlies,Luke Kennard
2022,Memphis Grizzlies,Steven Adams
2022,Memphis Grizzlies,Tyus Jones
2022,Memphis Grizzlies,Xavier Tillman
2022,Memphis Grizzlies,Ziaire Williams
2022,Miami Heat,Caleb Martin
2022,Miami Heat,Cody Zeller
2022,Miami Heat,Duncan Robinson
2022,Miami Heat,Gabe Vincent
2022,Miami Heat,Haywood Highsmith
2022,Miami Heat,Jimmy Butler III
2022,Miami Heat,Kevin Love
2022,Miami Heat,Kyle Lowry
2022,Miami Heat,Max Strus
2022,Miami Heat,Omer Yurtseven
2022,Miami Heat,Victor Oladipo
2022,Milwaukee Bucks,Bobby Portis
2022,Milwaukee Bucks,Brook Lopez
2022,Milwaukee Bucks,Goran Dragic
2022,Milwaukee Bucks,Grayson Allen
2022,Milwaukee Bucks,Jae Crowder
2022,Milwaukee Bucks,Jevon Carter
2022,Milwaukee Bucks,Joe Ingles
2022,Milwaukee Bucks,Jrue Holiday
2022,Milwaukee Bucks,Khris Middleton
2022,Milwaukee Bucks,Meyers Leonard
2022,Milwaukee Bucks,Pat Connaughton
2022,Milwaukee Bucks,Wesley Matthews
2022,Minnesota Timberwolves,Austin Rivers
2022,Minnesota Timberwolves,Jordan McLaughlin
2022,Minnesota Timberwolves,Karl-Anthony Towns
2022,Minnesota Timberwolves,Kyle Anderson
2022,Minnesota Timberwolves,Luka Garza
2022,Minnesota Timberwolves,Matt Ryan
2022,Minnesota Timberwolves,Mike Conley
2022,Minnesota Timberwolves,Nathan Knight
2022,Minnesota Timberwolves,Nickeil Alexander-Walker
2022,Minnesota Timberwolves,Rudy Gobert
2022,Minnesota Timberwolves,Taurean Prince
2022,New Orleans Pelicans,Brandon Ingram
2022,New Orleans Pelicans,CJ McCollum
2022,New Orleans Pelicans,Garrett Temple
2022,New Orleans Pelicans,Jaxson Hayes
2022,New Orleans Pelicans,Jonas Valančiūnas
2022,New Orleans Pelicans,Josh Richardson
2022,New Orleans Pelicans,Kira Lewis Jr.
2022,New Orleans Pelicans,Larry Nance Jr.
2022,New Orleans Pelicans,Naji Marshall
2022,New Orleans Pelicans,Willy Hernangomez
2022,New York Knicks,DaQuan Jeffries
2022,New York Knicks,Derrick Rose
2022,New York Knicks,Duane Washington Jr.
2022,New York Knicks,Evan Fournier
2022,New York Knicks,Immanuel Quickley
2022,New York Knicks,Isaiah Hartenstein
2022,New York Knicks,Isaiah Roby
2022,New York Knicks,Jalen Brunson
2022,New York Knicks,Jericho Sims
2022,New York Knicks,Josh Hart
2022,New York Knicks,Julius Randle
2022,New York Knicks,Obi Toppin
2022,New York Knicks,Quentin Grimes
2022,New York Knicks,RJ Barrett
2022,Oklahoma City Thunder,Aleksej Pokusevski
2022,Oklahoma City Thunder,Dario Šarić
2022,Oklahoma City Thunder,Isaiah Joe
2022,Oklahoma City Thunder,Jared Butler
2022,Oklahoma City Thunder,Jeremiah Robinson-Earl
2022,Oklahoma City Thunder,Josh Giddey
2022,Oklahoma City Thunder,Kenrich Williams
2022,Oklahoma City Thunder,Lindy Waters III
2022,Oklahoma City Thunder,Shai Gilgeous-Alexander
2022,Oklahoma City Thunder,Tre Mann
2022,Orlando Magic,Admiral Schofield
2022,Orlando Magic,Bol Bol
2022,Orlando Magic,Chuma Okeke
2022,Orlando Magic,Cole Anthony
2022,Orlando Magic,Gary Harris
2022,Orlando Magic,Goga Bitadze
2022,Orlando Magic,Markelle Fultz
2022,Orlando Magic,Michael Carter-Williams
2022,Orlando Magic,Moritz Wagner
2022,Orlando Magic,Wendell Carter Jr.
2022,Philadelphia 76ers,Danuel House Jr.
2022,Philadelphia 76ers,De'Anthony Melton
2022,Philadelphia 76ers,Dewayne Dedmon
2022,Philadelphia 76ers,Georges Niang
2022,Philadelphia 76ers,Jaden Springer
2022,Philadelphia 76ers,Jalen McDaniels
2022,Philadelphia 76ers,James Harden
2022,Philadelphia 76ers,Louis King
2022,Philadelphia 76ers,Mac McClung
2022,Philadelphia 76ers,Montrezl Harrell
2022,Philadelphia 76ers,P.J. Tucker
2022,Philadelphia 76ers,Paul Reed
2022,Philadelphia 76ers,Shake Milton
2022,Philadelphia 76ers,Tobias Harris
2022,Phoenix Suns,Bismack Biyombo
2022,Phoenix Suns,Cameron Payne
2022,Phoenix Suns,Chris Paul
2022,Phoenix Suns,Damion Lee
2022,Phoenix Suns,Darius Bazley
2022,Phoenix Suns,Deandre Ayton
2022,Phoenix Suns,Jock Landale
2022,Phoenix Suns,Josh Okogie
2022,Phoenix Suns,Kevin Durant
2022,Phoenix Suns,Landry Shamet
2022,Phoenix Suns,Saben Lee
2022,Phoenix Suns,T.J. Warren
2022,Phoenix Suns,Terrence Ross
2022,Phoenix Suns,Torrey Craig
2022,Portland Trail Blazers,Anfernee Simons
2022,Portland Trail Blazers,Cam Reddish
2022,Portland Trail Blazers,Damian Lillard
2022,Portland Trail Blazers,Drew Eubanks
2022,Portland Trail Blazers,Jerami Grant
2022,Portland Trail Blazers,Justise Winslow
2022,Portland Trail Blazers,Jusuf Nurkić
2022,Portland Trail Blazers,Keon Johnson
2022,Portland Trail Blazers,Kevin Knox II
2022,Portland Trail Blazers,Matisse Thybulle
2022,Portland Trail Blazers,Nassir Little
2022,Portland Trail Blazers,Trendon Watford
2022,Sacramento Kings,Alex Len
2022,Sacramento Kings,Chimezie Metu
2022,Sacramento Kings,Davion Mitchell
2022,Sacramento Kings,De'Aaron Fox
2022,Sacramento Kings,Domantas Sabonis
2022,Sacramento Kings,Harrison Barnes
2022,Sacramento Kings,Kessler Edwards
2022,Sacramento Kings,Kevin Huerter
2022,Sacramento Kings,Malik Monk
2022,Sacramento Kings,Matthew Dellavedova
2022,Sacramento Kings,Neemias Queta
2022,Sacramento Kings,PJ Dozier
2022,Sacramento Kings,Richaun Holmes
2022,Sacramento Kings,Terence Davis
2022,Sacramento Kings,Trey Lyles
2022,San Antonio Spurs,Charles Bassey
2022,San Antonio Spurs,Devonte' Graham
2022,San Antonio Spurs,Doug McDermott
2022,San Antonio Spurs,Gorgui Dieng
2022,San Antonio Spurs,Keita Bates-Diop
2022,San Antonio Spurs,Khem Birch
2022,San Antonio Spurs,Romeo Langford
2022,San Antonio Spurs,Sandro Mamukelashvili
2022,San Antonio Spurs,Tre Jones
2022,San Antonio Spurs,Zach Collins
2022,Toronto Raptors,Chris Boucher
2022,Toronto Raptors,Dalano Banton
2022,Toronto Raptors,Fred VanVleet
2022,Toronto Raptors,Gary Trent Jr.
2022,Toronto Raptors,Jakob Poeltl
2022,Toronto Raptors,Joe Wieskamp
2022,Toronto Raptors,Malachi Flynn
2022,Toronto Raptors,OG Anunoby
2022,Toronto Raptors,Otto Porter Jr.
2022,Toronto Raptors,Pascal Siakam
2022,Toronto Raptors,Precious Achiuwa
2022,Toronto Raptors,Thaddeus Young
2022,Toronto Raptors,Will Barton
2022,Utah Jazz,Collin Sexton
2022,Utah Jazz,Damian Jones
2022,Utah Jazz,Jordan Clarkson
2022,Utah Jazz,Juan Toscano-Anderson
2022,Utah Jazz,Kelly Olynyk
2022,Utah Jazz,Kris Dunn
2022,Utah Jazz,Lauri Markkanen
2022,Utah Jazz,Luka Samanic
2022,Utah Jazz,Rudy Gay
2022,Utah Jazz,Talen Horton-Tucker
2022,Utah Jazz,Udoka Azubuike
2022,Utah Jazz,Vernon Carey Jr.
2022,Washington Wizards,Bradley Beal
2022,Washington Wizards,Daniel Gafford
2022,Washington Wizards,Delon Wright
2022,Washington Wizards,Deni Avdija
2022,Washington Wizards,Kendrick Nunn
2022,Washington Wizards,Kristaps Porziņģis
2022,Washington Wizards,Kyle Kuzma
2022,Washington Wizards,Monté Morris
2022,Washington Wizards,Taj Gibson
2023,Atlanta Hawks,Bogdan Bogdanović
2023,Atlanta Hawks,Bruno Fernando
2023,Atlanta Hawks,Clint Capela
2023,Atlanta Hawks,De'Andre Hunter
2023,Atlanta Hawks,Dejounte Murray
2023,Atlanta Hawks,Dylan Windler
2023,Atlanta Hawks,Garrison Mathews
2023,Atlanta Hawks,Saddiq Bey
2023,Atlanta Hawks,Trent Forrest
2023,Atlanta Hawks,Vít Krejčí
2023,Atlanta Hawks,Wesley Matthews
2023,Boston Celtics,Al Horford
2023,Boston Celtics,Derrick White
2023,Boston Celtics,JD Davison
2023,Boston Celtics,Jaden Springer
2023,Boston Celtics,Jrue Holiday
2023,Boston Celtics,Kristaps Porziņģis
2023,Boston Celtics,Luke Kornet
2023,Boston Celtics,Neemias Queta
2023,Boston Celtics,Oshae Brissett
2023,Boston Celtics,Svi Mykhailiuk
2023,Boston Celtics,Xavier Tillman
2023,Brooklyn Nets,Ben Simmons
2023,Brooklyn Nets,Cameron Johnson
2023,Brooklyn Nets,Dennis Schröder
2023,Brooklyn Nets,Dennis Smith Jr.
2023,Brooklyn Nets,Dorian Finney-Smith
2023,Brooklyn Nets,Jacob Gilyard
2023,Brooklyn Nets,Keita Bates-Diop
2023,Brooklyn Nets,Keon Johnson
2023,Brooklyn Nets,Lonnie Walker IV
2023,Brooklyn Nets,Mikal Bridges
2023,Brooklyn Nets,Trendon Watford
2023,Charlotte Hornets,Aleksej Pokusevski
2023,Charlotte Hornets,Bryce McGowens
2023,Charlotte Hornets,Cody Martin
2023,Charlotte Hornets,Davis Bertans
2023,Charlotte Hornets,Grant Williams
2023,Charlotte Hornets,JT Thor
2023,Charlotte Hornets,Mark Williams
2023,Charlotte Hornets,Nick Richards
2023,Charlotte Hornets,Seth Curry
2023,Charlotte Hornets,Tre Mann
2023,Chicago Bulls,Alex Caruso
2023,Chicago Bulls,Andre Drummond
2023,Chicago Bulls,DeMar DeRozan
2023,Chicago Bulls,Javonte Green
2023,Chicago Bulls,Jevon Carter
2023,Chicago Bulls,Lonzo Ball
2023,Chicago Bulls,Nikola Vučević
2023,Chicago Bulls,Torrey Craig
2023,Chicago Bulls,Zach LaVine
2023,Cleveland Cavaliers,Caris LeVert
2023,Cleveland Cavaliers,Damian Jones
2023,Cleveland Cavaliers,Donovan Mitchell
2023,Cleveland Cavaliers,Georges Niang
2023,Cleveland Cavaliers,Isaac Okoro
2023,Cleveland Cavaliers,Jarrett Allen
2023,Cleveland Cavaliers,Marcus Morris Sr.
2023,Cleveland Cavaliers,Max Strus
2023,Cleveland Cavaliers,Sam Merrill
2023,Cleveland Cavaliers,Tristan Thompson
2023,Cleveland Cavaliers,Ty Jerome
2023,Dallas Mavericks,A.J. Lawson
2023,Dallas Mavericks,Brandon Williams
2023,Dallas Mavericks,Daniel Gafford
2023,Dallas Mavericks,Danté Exum
2023,Dallas Mavericks,Derrick Jones Jr.
2023,Dallas Mavericks,Greg Brown III
2023,Dallas Mavericks,Josh Green
2023,Dallas Mavericks,Kyrie Irving
2023,Dallas Mavericks,Luka Dončić
2023,Dallas Mavericks,Markieff Morris
2023,Dallas Mavericks,Maxi Kleber
2023,Dallas Mavericks,P.J. Washington
2023,Dallas Mavericks,Tim Hardaway Jr.
2023,Denver Nuggets,Aaron Gordon
2023,Denver Nuggets,Braxton Key
2023,Denver Nuggets,Collin Gillespie
2023,Denver Nuggets,DeAndre Jordan
2023,Denver Nuggets,Jay Huff
2023,Denver Nuggets,Justin Holiday
2023,Denver Nuggets,Kentavious Caldwell-Pope
2023,Denver Nuggets,Michael Porter Jr.
2023,Denver Nuggets,Reggie Jackson
2023,Detroit Pistons,Chimezie Metu
2023,Detroit Pistons,Evan Fournier
2023,Detroit Pistons,James Wiseman
2023,Detroit Pistons,Jared Rhoden
2023,Detroit Pistons,Malachi Flynn
2023,Detroit Pistons,Quentin Grimes
2023,Detroit Pistons,Simone Fontecchio
2023,Detroit Pistons,Taj Gibson
2023,Detroit Pistons,Troy Brown Jr.
2023,Golden State Warriors,Andrew Wiggins
2023,Golden State Warriors,Chris Paul
2023,Golden State Warriors,Dario Šarić
2023,Golden State Warriors,Gary Payton II
2023,Golden State Warriors,Jerome Robinson
2023,Golden State Warriors,Kevon Looney
2023,Golden State Warriors,Klay Thompson
2023,Golden State Warriors,Lester Quinones
2023,Golden State Warriors,Usman Garuba
2023,Houston Rockets,Aaron Holiday
2023,Houston Rockets,Boban Marjanovic
2023,Houston Rockets,Dillon Brooks
2023,Houston Rockets,Fred VanVleet
2023,Houston Rockets,Jalen Green
2023,Houston Rockets,Jeff Green
2023,Houston Rockets,Jock Landale
2023,Houston Rockets,Nate Hinton
2023,Houston Rockets,Nate Williams
2023,Houston Rockets,Reggie Bullock Jr.
2023,Houston Rockets,Steven Adams
2023,Indiana Pacers,Aaron Nesmith
2023,Indiana Pacers,Doug McDermott
2023,Indiana Pacers,Jalen Smith
2023,Indiana Pacers,James Johnson
2023,Indiana Pacers,Myles Turner
2023,Indiana Pacers,Obi Toppin
2023,Indiana Pacers,Pascal Siakam
2023,Indiana Pacers,Quenton Jackson
2023,Indiana Pacers,T.J. McConnell
2023,Indiana Pacers,Tyrese Haliburton
2023,Los Angeles Clippers,Amir Coffey
2023,Los Angeles Clippers,Bones Hyland
2023,Los Angeles Clippers,Brandon Boston
2023,Los Angeles Clippers,Daniel Theis
2023,Los Angeles Clippers,Ivica Zubac
2023,Los Angeles Clippers,James Harden
2023,Los Angeles Clippers,Kai Jones
2023,Los Angeles Clippers,Kawhi Leonard
2023,Los Angeles Clippers,Mason Plumlee
2023,Los Angeles Clippers,Moussa Diabaté
2023,Los Angeles Clippers,Norman Powell
2023,Los Angeles Clippers,P.J. Tucker
2023,Los Angeles Clippers,Paul George
2023,Los Angeles Clippers,Russell Westbrook
2023,Los Angeles Clippers,Terance Mann
2023,Los Angeles Lakers,Anthony Davis
2023,Los Angeles Lakers,Cam Reddish
2023,Los Angeles Lakers,Christian Wood
2023,Los Angeles Lakers,D'Angelo Russell
2023,Los Angeles Lakers,Gabe Vincent
2023,Los Angeles Lakers,Harry Giles III
2023,Los Angeles Lakers,Jarred Vanderbilt
2023,Los Angeles Lakers,Jaxson Hayes
2023,Los Angeles Lakers,LeBron James
2023,Los Angeles Lakers,Max Christie
2023,Los Angeles Lakers,Rui Hachimura
2023,Los Angeles Lakers,Skylar Mays
2023,Los Angeles Lakers,Spencer Dinwiddie
2023,Los Angeles Lakers,Taurean Prince
2023,Memphis Grizzlies,Derrick Rose
2023,Memphis Grizzlies,Desmond Bane
2023,Memphis Grizzlies,Jake LaRavia
2023,Memphis Grizzlies,Jordan Goodwin
2023,Memphis Grizzlies,Lamar Stevens
2023,Memphis Grizzlies,Luke Kennard
2023,Memphis Grizzlies,Marcus Smart
2023,Memphis Grizzlies,Scotty Pippen Jr.
2023,Memphis Grizzlies,Yuta Watanabe
2023,Memphis Grizzlies,Ziaire Williams
2023,Miami Heat,Caleb Martin
2023,Miami Heat,Cole Swider
2023,Miami Heat,Delon Wright
2023,Miami Heat,Duncan Robinson
2023,Miami Heat,Haywood Highsmith
2023,Miami Heat,Jamal Cain
2023,Miami Heat,Jimmy Butler III
2023,Miami Heat,Josh Richardson
2023,Miami Heat,Kevin Love
2023,Miami Heat,Orlando Robinson
2023,Miami Heat,Patty Mills
2023,Miami Heat,Terry Rozier
2023,Miami Heat,Thomas Bryant
2023,Milwaukee Bucks,Bobby Portis
2023,Milwaukee Bucks,Brook Lopez
2023,Milwaukee Bucks,Damian Lillard
2023,Milwaukee Bucks,Danilo Gallinari
2023,Milwaukee Bucks,Jae Crowder
2023,Milwaukee Bucks,Khris Middleton
2023,Milwaukee Bucks,Malik Beasley
2023,Milwaukee Bucks,MarJon Beauchamp
2023,Milwaukee Bucks,Pat Connaughton
2023,Milwaukee Bucks,Patrick Beverley
2023,Milwaukee Bucks,Ryan Rollins
2023,Milwaukee Bucks,TyTy Washington Jr.
2023,Minnesota Timberwolves,Daishen Nix
2023,Minnesota Timberwolves,Jordan McLaughlin
2023,Minnesota Timberwolves,Josh Minott
2023,Minnesota Timberwolves,Karl-Anthony Towns
2023,Minnesota Timberwolves,Kyle Anderson
2023,Minnesota Timberwolves,Luka Garza
2023,Minnesota Timberwolves,Mike Conley
2023,Minnesota Timberwolves,Monté Morris
2023,Minnesota Timberwolves,Nickeil Alexander-Walker
2023,Minnesota Timberwolves,Rudy Gobert
2023,Minnesota Timberwolves,T.J. Warren
2023,Minnesota Timberwolves,Wendell Moore Jr.
2023,New Orleans Pelicans,Brandon Ingram
2023,New Orleans Pelicans,CJ McCollum
2023,New Orleans Pelicans,Cody Zeller
2023,New Orleans Pelicans,Dyson Daniels
2023,New Orleans Pelicans,E.J. Liddell
2023,New Orleans Pelicans,Jeremiah Robinson-Earl
2023,New Orleans Pelicans,Jonas Valančiūnas
2023,New Orleans Pelicans,Larry Nance Jr.
2023,New Orleans Pelicans,Malcolm Hill
2023,New Orleans Pelicans,Matt Ryan
2023,New Orleans Pelicans,Naji Marshall
2023,New York Knicks,Alec Burks
2023,New York Knicks,Bojan Bogdanovic
2023,New York Knicks,Charlie Brown Jr.
2023,New York Knicks,DaQuan Jeffries
2023,New York Knicks,Donte DiVincenzo
2023,New York Knicks,Duane Washington Jr.
2023,New York Knicks,Isaiah Hartenstein
2023,New York Knicks,Jalen Brunson
2023,New York Knicks,Jericho Sims
2023,New York Knicks,Josh Hart
2023,New York Knicks,Julius Randle
2023,New York Knicks,Mamadi Diakite
2023,New York Knicks,OG Anunoby
2023,New York Knicks,Precious Achiuwa
2023,New York Knicks,Shake Milton
2023,Oklahoma City Thunder,Bismack Biyombo
2023,Oklahoma City Thunder,Gordon Hayward
2023,Oklahoma City Thunder,Isaiah Joe
2023,Oklahoma City Thunder,Josh Giddey
2023,Oklahoma City Thunder,Kenrich Williams
2023,Oklahoma City Thunder,Lindy Waters III
2023,Oklahoma City Thunder,Mike Muscala
2023,Oklahoma City Thunder,Shai Gilgeous-Alexander
2023,Orlando Magic,Admiral Schofield
2023,Orlando Magic,Caleb Houstan
2023,Orlando Magic,Chuma Okeke
2023,Orlando Magic,Cole Anthony
2023,Orlando Magic,Gary Harris
2023,Orlando Magic,Goga Bitadze
2023,Orlando Magic,Joe Ingles
2023,Orlando Magic,Kevon Harris
2023,Orlando Magic,Markelle Fultz
2023,Orlando Magic,Moritz Wagner
2023,Orlando Magic,Trevelin Queen
2023,Orlando Magic,Wendell Carter Jr.
2023,Philadelphia 76ers,Buddy Hield
2023,Philadelphia 76ers,Cameron Payne
2023,Philadelphia 76ers,De'Anthony Melton
2023,Philadelphia 76ers,Jeff Dowtin Jr.
2023,Philadelphia 76ers,KJ Martin
2023,Philadelphia 76ers,Kelly Oubre Jr.
2023,Philadelphia 76ers,Kyle Lowry
2023,Philadelphia 76ers,Mo Bamba
2023,Philadelphia 76ers,Nicolas Batum
2023,Philadelphia 76ers,Paul Reed
2023,Philadelphia 76ers,Robert Covington
2023,Philadelphia 76ers,Tobias Harris
2023,Phoenix Suns,Bol Bol
2023,Phoenix Suns,Bradley Beal
2023,Phoenix Suns,Damion Lee
2023,Phoenix Suns,David Roddy
2023,Phoenix Suns,Drew Eubanks
2023,Phoenix Suns,Eric Gordon
2023,Phoenix Suns,Grayson Allen
2023,Phoenix Suns,Isaiah Thomas
2023,Phoenix Suns,Josh Okogie
2023,Phoenix Suns,Jusuf Nurkić
2023,Phoenix Suns,Kevin Durant
2023,Phoenix Suns,Nassir Little
2023,Phoenix Suns,Royce O'Neale
2023,Phoenix Suns,Saben Lee
2023,Phoenix Suns,Thaddeus Young
2023,Phoenix Suns,Udoka Azubuike
2023,Portland Trail Blazers,Anfernee Simons
2023,Portland Trail Blazers,Dalano Banton
2023,Portland Trail Blazers,Deandre Ayton
2023,Portland Trail Blazers,Jabari Walker
2023,Portland Trail Blazers,Jerami Grant
2023,Portland Trail Blazers,Malcolm Brogdon
2023,Portland Trail Blazers,Matisse Thybulle
2023,Portland Trail Blazers,Moses Brown
2023,Portland Trail Blazers,Robert Williams III
2023,Sacramento Kings,Alex Len
2023,Sacramento Kings,Chris Duarte
2023,Sacramento Kings,Davion Mitchell
2023,Sacramento Kings,De'Aaron Fox
2023,Sacramento Kings,Domantas Sabonis
2023,Sacramento Kings,Harrison Barnes
2023,Sacramento Kings,JaVale McGee
2023,Sacramento Kings,Kessler Edwards
2023,Sacramento Kings,Kevin Huerter
2023,Sacramento Kings,Malik Monk
2023,Sacramento Kings,Mason Jones
2023,Sacramento Kings,Trey Lyles
2023,San Antonio Spurs,Blake Wesley
2023,San Antonio Spurs,Cedi Osman
2023,San Antonio Spurs,Charles Bassey
2023,San Antonio Spurs,David Duke Jr.
2023,San Antonio Spurs,Devonte' Graham
2023,San Antonio Spurs,Dominick Barlow
2023,San Antonio Spurs,Malaki Branham
2023,San Antonio Spurs,RaiQuan Gray
2023,San Antonio Spurs,Sandro Mamukelashvili
2023,San Antonio Spurs,Tre Jones
2023,San Antonio Spurs,Zach Collins
2023,Toronto Raptors,Bruce Brown
2023,Toronto Raptors,Chris Boucher
2023,Toronto Raptors,Garrett Temple
2023,Toronto Raptors,Gary Trent Jr.
2023,Toronto Raptors,Immanuel Quickley
2023,Toronto Raptors,Jakob Poeltl
2023,Toronto Raptors,Jalen McDaniels
2023,Toronto Raptors,Jordan Nwora
2023,Toronto Raptors,Kelly Olynyk
2023,Toronto Raptors,Ochai Agbaji
2023,Toronto Raptors,RJ Barrett
2023,Utah Jazz,Collin Sexton
2023,Utah Jazz,Darius Bazley
2023,Utah Jazz,Jason Preston
2023,Utah Jazz,John Collins
2023,Utah Jazz,Johnny Juzang
2023,Utah Jazz,Jordan Clarkson
2023,Utah Jazz,Kenneth Lofton Jr.
2023,Utah Jazz,Kira Lewis Jr.
2023,Utah Jazz,Kris Dunn
2023,Utah Jazz,Lauri Markkanen
2023,Utah Jazz,Luka Samanic
2023,Utah Jazz,Omer Yurtseven
2023,Utah Jazz,Talen Horton-Tucker
2023,Washington Wizards,Deni Avdija
2023,Washington Wizards,Eugene Omoruyi
2023,Washington Wizards,Jared Butler
2023,Washington Wizards,Jordan Poole
2023,Washington Wizards,Justin Champagnie
2023,Washington Wizards,Kyle Kuzma
2023,Washington Wizards,Landry Shamet
2023,Washington Wizards,Marvin Bagley III
2023,Washington Wizards,Patrick Baldwin Jr.
2023,Washington Wizards,Richaun Holmes
2023,Washington Wizards,Tyus Jones
2024,Atlanta Hawks,Caris LeVert
2024,Atlanta Hawks,Clint Capela
2024,Atlanta Hawks,Dominick Barlow
2024,Atlanta Hawks,Dyson Daniels
2024,Atlanta Hawks,Garrison Mathews
2024,Atlanta Hawks,Georges Niang
2024,Atlanta Hawks,Jacob Toppin
2024,Atlanta Hawks,Larry Nance Jr.
2024,Atlanta Hawks,Terance Mann
2024,Atlanta Hawks,Vít Krejčí
2024,Boston Celtics,Al Horford
2024,Boston Celtics,Derrick White
2024,Boston Celtics,Drew Peterson
2024,Boston Celtics,JD Davison
2024,Boston Celtics,Jrue Holiday
2024,Boston Celtics,Kristaps Porziņģis
2024,Boston Celtics,Luke Kornet
2024,Boston Celtics,Neemias Queta
2024,Boston Celtics,Torrey Craig
2024,Boston Celtics,Xavier Tillman
2024,Brooklyn Nets,Cameron Johnson
2024,Brooklyn Nets,D'Angelo Russell
2024,Brooklyn Nets,De'Anthony Melton
2024,Brooklyn Nets,Keon Johnson
2024,Brooklyn Nets,Maxwell Lewis
2024,Brooklyn Nets,Tosan Evbuomwan
2024,Brooklyn Nets,Trendon Watford
2024,Brooklyn Nets,Tyrese Martin
2024,Brooklyn Nets,Ziaire Williams
2024,Charlotte Hornets,DaQuan Jeffries
2024,Charlotte Hornets,Grant Williams
2024,Charlotte Hornets,Josh Green
2024,Charlotte Hornets,Josh Okogie
2024,Charlotte Hornets,Jusuf Nurkić
2024,Charlotte Hornets,Mark Williams
2024,Charlotte Hornets,Moussa Diabaté
2024,Charlotte Hornets,Nick Smith Jr.
2024,Charlotte Hornets,Seth Curry
2024,Charlotte Hornets,Taj Gibson
2024,Charlotte Hornets,Tre Mann
2024,Charlotte Hornets,Wendell Moore Jr.
2024,Chicago Bulls,E.J. Liddell
2024,Chicago Bulls,Jalen Smith
2024,Chicago Bulls,Jevon Carter
2024,Chicago Bulls,Josh Giddey
2024,Chicago Bulls,Kevin Huerter
2024,Chicago Bulls,Lonzo Ball
2024,Chicago Bulls,Nikola Vučević
2024,Chicago Bulls,Talen Horton-Tucker
2024,Chicago Bulls,Tre Jones
2024,Chicago Bulls,Zach Collins
2024,Cleveland Cavaliers,Chuma Okeke
2024,Cleveland Cavaliers,De'Andre Hunter
2024,Cleveland Cavaliers,Donovan Mitchell
2024,Cleveland Cavaliers,Isaac Okoro
2024,Cleveland Cavaliers,Jarrett Allen
2024,Cleveland Cavaliers,Javonte Green
2024,Cleveland Cavaliers,Max Strus
2024,Cleveland Cavaliers,Sam Merrill
2024,Cleveland Cavaliers,Tristan Thompson
2024,Cleveland Cavaliers,Ty Jerome
2024,Dallas Mavericks,Anthony Davis
2024,Dallas Mavericks,Brandon Williams
2024,Dallas Mavericks,Caleb Martin
2024,Dallas Mavericks,Daniel Gafford
2024,Dallas Mavericks,Danté Exum
2024,Dallas Mavericks,Kai Jones
2024,Dallas Mavericks,Kessler Edwards
2024,Dallas Mavericks,Klay Thompson
2024,Dallas Mavericks,Kyrie Irving
2024,Dallas Mavericks,Max Christie
2024,Dallas Mavericks,Naji Marshall
2024,Dallas Mavericks,Olivier-Maxence Prosper
2024,Dallas Mavericks,P.J. Washington
2024,Dallas Mavericks,Spencer Dinwiddie
2024,Denver Nuggets,Aaron Gordon
2024,Denver Nuggets,Dario Šarić
2024,Denver Nuggets,DeAndre Jordan
2024,Denver Nuggets,Michael Porter Jr.
2024,Denver Nuggets,Russell Westbrook
2024,Detroit Pistons,Dennis Schröder
2024,Detroit Pistons,Lindy Waters III
2024,Detroit Pistons,Malik Beasley
2024,Detroit Pistons,Paul Reed
2024,Detroit Pistons,Ron Harper Jr.
2024,Detroit Pistons,Simone Fontecchio
2024,Detroit Pistons,Tim Hardaway Jr.
2024,Detroit Pistons,Tobias Harris
2024,Golden State Warriors,Braxton Key
2024,Golden State Warriors,Buddy Hield
2024,Golden State Warriors,Gary Payton II
2024,Golden State Warriors,Jimmy Butler III
2024,Golden State Warriors,Kevin Knox II
2024,Golden State Warriors,Kevon Looney
2024,Houston Rockets,Aaron Holiday
2024,Houston Rockets,Cam Whitmore
2024,Houston Rockets,David Roddy
2024,Houston Rockets,Dillon Brooks
2024,Houston Rockets,Fred VanVleet
2024,Houston Rockets,Jalen Green
2024,Houston Rockets,Jeff Green
2024,Houston Rockets,Jock Landale
2024,Houston Rockets,Nate Williams
2024,Houston Rockets,Steven Adams
2024,Indiana Pacers,Aaron Nesmith
2024,Indiana Pacers,James Johnson
2024,Indiana Pacers,Myles Turner
2024,Indiana Pacers,Obi Toppin
2024,Indiana Pacers,Pascal Siakam
2024,Indiana Pacers,Quenton Jackson
2024,Indiana Pacers,T.J. McConnell
2024,Indiana Pacers,Thomas Bryant
2024,Indiana Pacers,Tony Bradley
2024,Indiana Pacers,Tyrese Haliburton
2024,Los Angeles Clippers,Amir Coffey
2024,Los Angeles Clippers,Ben Simmons
2024,Los Angeles Clippers,Bogdan Bogdanović
2024,Los Angeles Clippers,Derrick Jones Jr.
2024,Los Angeles Clippers,Drew Eubanks
2024,Los Angeles Clippers,Ivica Zubac
2024,Los Angeles Clippers,James Harden
2024,Los Angeles Clippers,Kawhi Leonard
2024,Los Angeles Clippers,Kris Dunn
2024,Los Angeles Clippers,Nicolas Batum
2024,Los Angeles Clippers,Norman Powell
2024,Los Angeles Clippers,Patrick Baldwin Jr.
2024,Los Angeles Clippers,Patty Mills
2024,Los Angeles Clippers,Seth Lundy
2024,Los Angeles Lakers,Alex Len
2024,Los Angeles Lakers,Christian Koloko
2024,Los Angeles Lakers,Dorian Finney-Smith
2024,Los Angeles Lakers,Gabe Vincent
2024,Los Angeles Lakers,Jarred Vanderbilt
2024,Los Angeles Lakers,Jaxson Hayes
2024,Los Angeles Lakers,Jordan Goodwin
2024,Los Angeles Lakers,LeBron James
2024,Los Angeles Lakers,Luka Dončić
2024,Los Angeles Lakers,Markieff Morris
2024,Los Angeles Lakers,Maxi Kleber
2024,Los Angeles Lakers,Rui Hachimura
2024,Los Angeles Lakers,Shake Milton
2024,Los Angeles Lakers,Trey Jemison III
2024,Memphis Grizzlies,Cole Anthony
2024,Memphis Grizzlies,Jay Huff
2024,Memphis Grizzlies,Kentavious Caldwell-Pope
2024,Memphis Grizzlies,Lamar Stevens
2024,Memphis Grizzlies,Luke Kennard
2024,Memphis Grizzlies,Marvin Bagley III
2024,Memphis Grizzlies,Scotty Pippen Jr.
2024,Miami Heat,Alec Burks
2024,Miami Heat,Andrew Wiggins
2024,Miami Heat,Davion Mitchell
2024,Miami Heat,Dru Smith
2024,Miami Heat,Duncan Robinson
2024,Miami Heat,Haywood Highsmith
2024,Miami Heat,Josh Christopher
2024,Miami Heat,Kevin Love
2024,Miami Heat,Kyle Anderson
2024,Miami Heat,Terry Rozier
2024,Milwaukee Bucks,Bobby Portis
2024,Milwaukee Bucks,Brook Lopez
2024,Milwaukee Bucks,Damian Lillard
2024,Milwaukee Bucks,Gary Trent Jr.
2024,Milwaukee Bucks,Jamaree Bouyea
2024,Milwaukee Bucks,Jericho Sims
2024,Milwaukee Bucks,Kevin Porter Jr.
2024,Milwaukee Bucks,Kyle Kuzma
2024,Milwaukee Bucks,Pat Connaughton
2024,Milwaukee Bucks,Pete Nance
2024,Milwaukee Bucks,Ryan Rollins
2024,Milwaukee Bucks,Stanley Umude
2024,Milwaukee Bucks,Taurean Prince
2024,Minnesota Timberwolves,Bones Hyland
2024,Minnesota Timberwolves,Donte DiVincenzo
2024,Minnesota Timberwolves,Joe Ingles
2024,Minnesota Timberwolves,Josh Minott
2024,Minnesota Timberwolves,Julius Randle
2024,Minnesota Timberwolves,Luka Garza
2024,Minnesota Timberwolves,Mike Conley
2024,Minnesota Timberwolves,Nickeil Alexander-Walker
2024,Minnesota Timberwolves,Rudy Gobert
2024,New Orleans Pelicans,Brandon Boston
2024,New Orleans Pelicans,Bruce Brown
2024,New Orleans Pelicans,CJ McCollum
2024,New Orleans Pelicans,Dejounte Murray
2024,New Orleans Pelicans,Elfrid Payton
2024,New Orleans Pelicans,Jamal Cain
2024,New Orleans Pelicans,Jeremiah Robinson-Earl
2024,New Orleans Pelicans,Kelly Olynyk
2024,New Orleans Pelicans,Lester Quinones
2024,New York Knicks,Cameron Payne
2024,New York Knicks,Delon Wright
2024,New York Knicks,Jalen Brunson
2024,New York Knicks,Josh Hart
2024,New York Knicks,Karl-Anthony Towns
2024,New York Knicks,Landry Shamet
2024,New York Knicks,MarJon Beauchamp
2024,New York Knicks,Mikal Bridges
2024,New York Knicks,OG Anunoby
2024,New York Knicks,P.J. Tucker
2024,New York Knicks,Precious Achiuwa
2024,Oklahoma City Thunder,Alex Caruso
2024,Oklahoma City Thunder,Isaiah Hartenstein
2024,Oklahoma City Thunder,Isaiah Joe
2024,Oklahoma City Thunder,Kenrich Williams
2024,Oklahoma City Thunder,Shai Gilgeous-Alexander
2024,Orlando Magic,Caleb Houstan
2024,Orlando Magic,Cory Joseph
2024,Orlando Magic,Desmond Bane
2024,Orlando Magic,Gary Harris
2024,Orlando Magic,Goga Bitadze
2024,Orlando Magic,Mac McClung
2024,Orlando Magic,Moritz Wagner
2024,Orlando Magic,Trevelin Queen
2024,Orlando Magic,Wendell Carter Jr.
2024,Philadelphia 76ers,Andre Drummond
2024,Philadelphia 76ers,Eric Gordon
2024,Philadelphia 76ers,Guerschon Yabusele
2024,Philadelphia 76ers,Jalen Hood-Schifino
2024,Philadelphia 76ers,Jared Butler
2024,Philadelphia 76ers,Jeff Dowtin Jr.
2024,Philadelphia 76ers,Kelly Oubre Jr.
2024,Philadelphia 76ers,Kyle Lowry
2024,Philadelphia 76ers,Lonnie Walker IV
2024,Philadelphia 76ers,Paul George
2024,Philadelphia 76ers,Quentin Grimes
2024,Phoenix Suns,Bol Bol
2024,Phoenix Suns,Bradley Beal
2024,Phoenix Suns,Cody Martin
2024,Phoenix Suns,Collin Gillespie
2024,Phoenix Suns,Damion Lee
2024,Phoenix Suns,Grayson Allen
2024,Phoenix Suns,Kevin Durant
2024,Phoenix Suns,Mason Plumlee
2024,Phoenix Suns,Monté Morris
2024,Phoenix Suns,Nick Richards
2024,Phoenix Suns,Royce O'Neale
2024,Phoenix Suns,TyTy Washington Jr.
2024,Phoenix Suns,Tyus Jones
2024,Phoenix Suns,Vasilije Micic
2024,Portland Trail Blazers,Anfernee Simons
2024,Portland Trail Blazers,Bryce McGowens
2024,Portland Trail Blazers,Dalano Banton
2024,Portland Trail Blazers,Deandre Ayton
2024,Portland Trail Blazers,Deni Avdija
2024,Portland Trail Blazers,Jabari Walker
2024,Portland Trail Blazers,Jerami Grant
2024,Portland Trail Blazers,Matisse Thybulle
2024,Portland Trail Blazers,Robert Williams III
2024,Portland Trail Blazers,Sidy Cissoko
2024,Sacramento Kings,DeMar DeRozan
2024,Sacramento Kings,Domantas Sabonis
2024,Sacramento Kings,Doug McDermott
2024,Sacramento Kings,Jae Crowder
2024,Sacramento Kings,Jake LaRavia
2024,Sacramento Kings,Jonas Valančiūnas
2024,Sacramento Kings,Malik Monk
2024,Sacramento Kings,Markelle Fultz
2024,Sacramento Kings,Mason Jones
2024,Sacramento Kings,Terence Davis
2024,Sacramento Kings,Trey Lyles
2024,Sacramento Kings,Zach LaVine
2024,San Antonio Spurs,Bismack Biyombo
2024,San Antonio Spurs,Blake Wesley
2024,San Antonio Spurs,Charles Bassey
2024,San Antonio Spurs,Chris Paul
2024,San Antonio Spurs,David Duke Jr.
2024,San Antonio Spurs,De'Aaron Fox
2024,San Antonio Spurs,Harrison Barnes
2024,San Antonio Spurs,Jordan McLaughlin
2024,San Antonio Spurs,Malaki Branham
2024,San Antonio Spurs,Sandro Mamukelashvili
2024,Toronto Raptors,A.J. Lawson
2024,Toronto Raptors,Brandon Ingram
2024,Toronto Raptors,Chris Boucher
2024,Toronto Raptors,Colin Castleton
2024,Toronto Raptors,Garrett Temple
2024,Toronto Raptors,Immanuel Quickley
2024,Toronto Raptors,Jakob Poeltl
2024,Toronto Raptors,Jared Rhoden
2024,Toronto Raptors,Ochai Agbaji
2024,Toronto Raptors,RJ Barrett
2024,Utah Jazz,Collin Sexton
2024,Utah Jazz,Jaden Springer
2024,Utah Jazz,John Collins
2024,Utah Jazz,Johnny Juzang
2024,Utah Jazz,Jordan Clarkson
2024,Utah Jazz,KJ Martin
2024,Utah Jazz,Lauri Markkanen
2024,Utah Jazz,Oscar Tshiebwe
2024,Utah Jazz,Svi Mykhailiuk
2024,Washington Wizards,Colby Jones
2024,Washington Wizards,JT Thor
2024,Washington Wizards,Jaylen Martin
2024,Washington Wizards,Jordan Poole
2024,Washington Wizards,Justin Champagnie
2024,Washington Wizards,Khris Middleton
2024,Washington Wizards,Malcolm Brogdon
2024,Washington Wizards,Marcus Smart
2024,Washington Wizards,Richaun Holmes
2024,Washington Wizards,Saddiq Bey
2025,Atlanta Hawks,Caleb Houstan
2025,Atlanta Hawks,Dyson Daniels
2025,Atlanta Hawks,Jacob Toppin
2025,Atlanta Hawks,Kristaps Porziņģis
2025,Atlanta Hawks,Luke Kennard
2025,Atlanta Hawks,N'Faly Dante
2025,Atlanta Hawks,Nickeil Alexander-Walker
2025,Atlanta Hawks,Vít Krejčí
2025,Boston Celtics,Anfernee Simons
2025,Boston Celtics,Chris Boucher
2025,Boston Celtics,Derrick White
2025,Boston Celtics,Josh Minott
2025,Boston Celtics,Luka Garza
2025,Boston Celtics,Neemias Queta
2025,Boston Celtics,Ron Harper Jr.
2025,Boston Celtics,Xavier Tillman
2025,Brooklyn Nets,E.J. Liddell
2025,Brooklyn Nets,Haywood Highsmith
2025,Brooklyn Nets,Michael Porter Jr.
2025,Brooklyn Nets,Terance Mann
2025,Brooklyn Nets,Tyrese Martin
2025,Brooklyn Nets,Ziaire Williams
2025,Charlotte Hornets,Antonio Reeves
2025,Charlotte Hornets,Collin Sexton
2025,Charlotte Hornets,Drew Peterson
2025,Charlotte Hornets,Grant Williams
2025,Charlotte Hornets,Josh Green
2025,Charlotte Hornets,Mason Plumlee
2025,Charlotte Hornets,Moussa Diabaté
2025,Charlotte Hornets,Pat Connaughton
2025,Charlotte Hornets,Tre Mann
2025,Chicago Bulls,Isaac Okoro
2025,Chicago Bulls,Jalen Smith
2025,Chicago Bulls,Jevon Carter
2025,Chicago Bulls,Josh Giddey
2025,Chicago Bulls,Kevin Huerter
2025,Chicago Bulls,Nikola Vučević
2025,Chicago Bulls,Tre Jones
2025,Chicago Bulls,Trentyn Flowers
2025,Chicago Bulls,Zach Collins
2025,Cleveland Cavaliers,De'Andre Hunter
2025,Cleveland Cavaliers,Donovan Mitchell
2025,Cleveland Cavaliers,Jarrett Allen
2025,Cleveland Cavaliers,Larry Nance Jr.
2025,Cleveland Cavaliers,Lonzo Ball
2025,Cleveland Cavaliers,Max Strus
2025,Cleveland Cavaliers,Sam Merrill
2025,Cleveland Cavaliers,Thomas Bryant
2025,Dallas Mavericks,Anthony Davis
2025,Dallas Mavericks,Brandon Williams
2025,Dallas Mavericks,Caleb Martin
2025,Dallas Mavericks,D'Angelo Russell
2025,Dallas Mavericks,Daniel Gafford
2025,Dallas Mavericks,Danté Exum
2025,Dallas Mavericks,Klay Thompson
2025,Dallas Mavericks,Kyrie Irving
2025,Dallas Mavericks,Max Christie
2025,Dallas Mavericks,Naji Marshall
2025,Dallas Mavericks,P.J. Washington
2025,Denver Nuggets,Aaron Gordon
2025,Denver Nuggets,Bruce Brown
2025,Denver Nuggets,Cameron Johnson
2025,Denver Nuggets,Jonas Valančiūnas
2025,Denver Nuggets,Tim Hardaway Jr.
2025,Detroit Pistons,Caris LeVert
2025,Detroit Pistons,Colby Jones
2025,Detroit Pistons,Duncan Robinson
2025,Detroit Pistons,Javonte Green
2025,Detroit Pistons,Paul Reed
2025,Detroit Pistons,Tobias Harris
2025,Golden State Warriors,Al Horford
2025,Golden State Warriors,Buddy Hield
2025,Golden State Warriors,De'Anthony Melton
2025,Golden State Warriors,Gary Payton II
2025,Golden State Warriors,Jimmy Butler III
2025,Houston Rockets,Aaron Holiday
2025,Houston Rockets,Clint Capela
2025,Houston Rockets,Dorian Finney-Smith
2025,Houston Rockets,Fred VanVleet
2025,Houston Rockets,Isaiah Crawford
2025,Houston Rockets,JD Davison
2025,Houston Rockets,Jeff Green
2025,Houston Rockets,Josh Okogie
2025,Houston Rockets,Kevin Durant
2025,Houston Rockets,Kevon Harris
2025,Houston Rockets,Steven Adams
2025,Indiana Pacers,Aaron Nesmith
2025,Indiana Pacers,James Wiseman
2025,Indiana Pacers,Jay Huff
2025,Indiana Pacers,Obi Toppin
2025,Indiana Pacers,Pascal Siakam
2025,Indiana Pacers,Quenton Jackson
2025,Indiana Pacers,T.J. McConnell
2025,Indiana Pacers,Tony Bradley
2025,Indiana Pacers,Tyrese Haliburton
2025,Los Angeles Clippers,Bogdan Bogdanović
2025,Los Angeles Clippers,Bradley Beal
2025,Los Angeles Clippers,Brook Lopez
2025,Los Angeles Clippers,Chris Paul
2025,Los Angeles Clippers,Derrick Jones Jr.
2025,Los Angeles Clippers,Ivica Zubac
2025,Los Angeles Clippers,James Harden
2025,Los Angeles Clippers,John Collins
2025,Los Angeles Clippers,Kawhi Leonard
2025,Los Angeles Clippers,Kris Dunn
2025,Los Angeles Clippers,Nicolas Batum
2025,Los Angeles Lakers,Christian Koloko
2025,Los Angeles Lakers,Deandre Ayton
2025,Los Angeles Lakers,Gabe Vincent
2025,Los Angeles Lakers,Jake LaRavia
2025,Los Angeles Lakers,Jarred Vanderbilt
2025,Los Angeles Lakers,Jaxson Hayes
2025,Los Angeles Lakers,LeBron James
2025,Los Angeles Lakers,Luka Dončić
2025,Los Angeles Lakers,Marcus Smart
2025,Los Angeles Lakers,Maxi Kleber
2025,Los Angeles Lakers,Nick Smith Jr.
2025,Los Angeles Lakers,Rui Hachimura
2025,Memphis Grizzlies,Jock Landale
2025,Memphis Grizzlies,Kentavious Caldwell-Pope
2025,Memphis Grizzlies,Olivier-Maxence Prosper
2025,Memphis Grizzlies,PJ Hall
2025,Memphis Grizzlies,Scotty Pippen Jr.
2025,Memphis Grizzlies,Ty Jerome
2025,Miami Heat,Andrew Wiggins
2025,Miami Heat,Davion Mitchell
2025,Miami Heat,Dru Smith
2025,Miami Heat,Jahmir Young
2025,Miami Heat,Norman Powell
2025,Miami Heat,Simone Fontecchio
2025,Miami Heat,Terry Rozier
2025,Milwaukee Bucks,Amir Coffey
2025,Milwaukee Bucks,Bobby Portis
2025,Milwaukee Bucks,Cole Anthony
2025,Milwaukee Bucks,Gary Harris
2025,Milwaukee Bucks,Gary Trent Jr.
2025,Milwaukee Bucks,Jericho Sims
2025,Milwaukee Bucks,Kevin Porter Jr.
2025,Milwaukee Bucks,Kyle Kuzma
2025,Milwaukee Bucks,Myles Turner
2025,Milwaukee Bucks,Pete Nance
2025,Milwaukee Bucks,Ryan Rollins
2025,Milwaukee Bucks,Taurean Prince
2025,Minnesota Timberwolves,Bones Hyland
2025,Minnesota Timberwolves,Donte DiVincenzo
2025,Minnesota Timberwolves,Enrique Freeman
2025,Minnesota Timberwolves,Joe Ingles
2025,Minnesota Timberwolves,Johnny Juzang
2025,Minnesota Timberwolves,Julius Randle
2025,Minnesota Timberwolves,Mike Conley
2025,Minnesota Timberwolves,Rudy Gobert
2025,New Orleans Pelicans,Bryce McGowens
2025,New Orleans Pelicans,Dejounte Murray
2025,New Orleans Pelicans,Jaden Springer
2025,New Orleans Pelicans,Jordan Poole
2025,New Orleans Pelicans,Kevon Looney
2025,New Orleans Pelicans,Saddiq Bey
2025,New Orleans Pelicans,Trey Alexander
2025,New York Knicks,Guerschon Yabusele
2025,New York Knicks,Jalen Brunson
2025,New York Knicks,Jordan Clarkson
2025,New York Knicks,Josh Hart
2025,New York Knicks,Karl-Anthony Towns
2025,New York Knicks,Landry Shamet
2025,New York Knicks,Mikal Bridges
2025,New York Knicks,OG Anunoby
2025,New York Knicks,Tosan Evbuomwan
2025,New York Knicks,Trey Jemison III
2025,Oklahoma City Thunder,Alex Caruso
2025,Oklahoma City Thunder,Isaiah Hartenstein
2025,Oklahoma City Thunder,Isaiah Joe
2025,Oklahoma City Thunder,Kenrich Williams
2025,Oklahoma City Thunder,Shai Gilgeous-Alexander
2025,Orlando Magic,Colin Castleton
2025,Orlando Magic,Desmond Bane
2025,Orlando Magic,Goga Bitadze
2025,Orlando Magic,Jamal Cain
2025,Orlando Magic,Moritz Wagner
2025,Orlando Magic,Orlando Robinson
2025,Orlando Magic,Tyus Jones
2025,Orlando Magic,Wendell Carter Jr.
2025,Philadelphia 76ers,Andre Drummond
2025,Philadelphia 76ers,Dominick Barlow
2025,Philadelphia 76ers,Eric Gordon
2025,Philadelphia 76ers,Jabari Walker
2025,Philadelphia 76ers,Kelly Oubre Jr.
2025,Philadelphia 76ers,Kyle Lowry
2025,Philadelphia 76ers,Paul George
2025,Philadelphia 76ers,Quentin Grimes
2025,Philadelphia 76ers,Trendon Watford
2025,Phoenix Suns,Collin Gillespie
2025,Phoenix Suns,Dillon Brooks
2025,Phoenix Suns,Grayson Allen
2025,Phoenix Suns,Isaiah Livers
2025,Phoenix Suns,Jalen Green
2025,Phoenix Suns,Jordan Goodwin
2025,Phoenix Suns,Mark Williams
2025,Phoenix Suns,Nick Richards
2025,Phoenix Suns,Nigel Hayes-Davis
2025,Phoenix Suns,Royce O'Neale
2025,Portland Trail Blazers,Blake Wesley
2025,Portland Trail Blazers,Damian Lillard
2025,Portland Trail Blazers,Deni Avdija
2025,Portland Trail Blazers,Jerami Grant
2025,Portland Trail Blazers,Jrue Holiday
2025,Portland Trail Blazers,Matisse Thybulle
2025,Portland Trail Blazers,Robert Williams III
2025,Portland Trail Blazers,Sidy Cissoko
2025,Sacramento Kings,Daeqwon Plowden
2025,Sacramento Kings,Dario Šarić
2025,Sacramento Kings,DeMar DeRozan
2025,Sacramento Kings,Dennis Schröder
2025,Sacramento Kings,Domantas Sabonis
2025,Sacramento Kings,Doug McDermott
2025,Sacramento Kings,Drew Eubanks
2025,Sacramento Kings,Isaiah Stevens
2025,Sacramento Kings,Malik Monk
2025,Sacramento Kings,Russell Westbrook
2025,Sacramento Kings,Zach LaVine
2025,San Antonio Spurs,Bismack Biyombo
2025,San Antonio Spurs,De'Aaron Fox
2025,San Antonio Spurs,Harrison Barnes
2025,San Antonio Spurs,Jordan McLaughlin
2025,San Antonio Spurs,Kelly Olynyk
2025,San Antonio Spurs,Lindy Waters III
2025,San Antonio Spurs,Luke Kornet
2025,Toronto Raptors,A.J. Lawson
2025,Toronto Raptors,Brandon Ingram
2025,Toronto Raptors,Garrett Temple
2025,Toronto Raptors,Immanuel Quickley
2025,Toronto Raptors,Jakob Poeltl
2025,Toronto Raptors,Ochai Agbaji
2025,Toronto Raptors,RJ Barrett
2025,Toronto Raptors,Sandro Mamukelashvili
2025,Utah Jazz,Georges Niang
2025,Utah Jazz,Jusuf Nurkić
2025,Utah Jazz,Kevin Love
2025,Utah Jazz,Kyle Anderson
2025,Utah Jazz,Lauri Markkanen
2025,Utah Jazz,Oscar Tshiebwe
2025,Utah Jazz,Svi Mykhailiuk
2025,Washington Wizards,CJ McCollum
2025,Washington Wizards,Cam Whitmore
2025,Washington Wizards,Justin Champagnie
2025,Washington Wizards,Khris Middleton
2025,Washington Wizards,Malaki Branham
2025,Washington Wizards,Marvin Bagley III
2025,Washington Wizards,Sharife Cooper
