TeamID,SEASON,LeagueID,PLAYER,NICKNAME,PLAYER_SLUG,NUM,POSITION,HEIGHT,WEIGHT,BIRTH_DATE,AGE,EXP,SCHOOL,PLAYER_ID,HOW_ACQUIRED,Team,Season
1610612737,2015,00,Jeff Teague,Jeff,jeff-teague,0,G,6-2,186,"JUN 10, 1988",28.0,6,Wake Forest,201952,,Atlanta Hawks,2015
1610612737,2015,00,Paul Millsap,Paul,paul-millsap,4,F,6-8,246,"FEB 10, 1985",31.0,9,Louisiana Tech,200794,,Atlanta Hawks,2015
1610612737,2015,00,Tim Hardaway Jr.,Tim,tim-hardaway-jr,10,G,6-6,205,"MAR 16, 1992",24.0,2,Michigan,203501,,Atlanta Hawks,2015
1610612737,2015,00,Tiago Splitter,Tiago,tiago-splitter,11,C-F,6-11,245,"JAN 01, 1985",31.0,5,Bilbao,201168,,Atlanta Hawks,2015
1610612737,2015,00,Kirk Hinrich,Kirk,kirk-hinrich,12,G,6-4,190,"JAN 02, 1981",35.0,12,Kansas,2550,,Atlanta Hawks,2015
1610612737,2015,00,Lamar Patterson,Lamar,lamar-patterson,13,G-F,6-5,225,"AUG 12, 1991",24.0,R,Pittsburgh,203934,,Atlanta Hawks,2015
1610612737,2015,00,Al Horford,Al,al-horford,15,C-F,6-10,245,"JUN 03, 1986",30.0,8,Florida,201143,,Atlanta Hawks,2015
1610612737,2015,00,Dennis Schröder,Dennis,dennis-schröder,17,G,6-1,172,"SEP 15, 1993",22.0,2,Braunschweig,203471,,Atlanta Hawks,2015
1610612737,2015,00,Edy Tavares,Edy,edy-tavares,22,C,7-3,260,"MAR 22, 1992",24.0,R,Gran Canaria,204002,,Atlanta Hawks,2015
1610612737,2015,00,Kent Bazemore,Kent,kent-bazemore,24,F-G,6-5,201,"JUL 01, 1989",26.0,3,Old Dominion,203145,,Atlanta Hawks,2015
1610612737,2015,00,Thabo Sefolosha,Thabo,thabo-sefolosha,25,F,6-7,220,"MAY 02, 1984",32.0,9,Angelico Biella,200757,,Atlanta Hawks,2015
1610612737,2015,00,Kyle Korver,Kyle,kyle-korver,26,G,6-7,212,"MAR 17, 1981",35.0,12,Creighton,2594,,Atlanta Hawks,2015
1610612737,2015,00,Mike Muscala,Mike,mike-muscala,31,F-C,6-11,240,"JUL 01, 1991",24.0,2,Bucknell,203488,,Atlanta Hawks,2015
1610612737,2015,00,Mike Scott,Mike,mike-scott,32,F,6-8,237,"JUL 16, 1988",27.0,3,Virginia,203118,,Atlanta Hawks,2015
1610612737,2015,00,Kris Humphries,Kris,kris-humphries,43,F,6-9,235,"FEB 06, 1985",31.0,11,Minnesota,2743,,Atlanta Hawks,2015
1610612737,2016,00,Paul Millsap,Paul,paul-millsap,4,F,6-8,246,"FEB 10, 1985",32.0,10,Louisiana Tech,200794,,Atlanta Hawks,2016
1610612737,2016,00,Malcolm Delaney,Malcolm,malcolm-delaney,5,G,6-3,190,"MAR 11, 1989",28.0,R,Virginia Tech,1627098,,Atlanta Hawks,2016
1610612737,2016,00,Ersan Ilyasova,Ersan,ersan-ilyasova,7,F,6-10,235,"MAY 15, 1987",30.0,8,FC Barcelona,101141,,Atlanta Hawks,2016
1610612737,2016,00,Dwight Howard,Dwight,dwight-howard,8,C,6-11,265,"DEC 08, 1985",31.0,12,SW Atlanta Christian Academy (GA),2730,,Atlanta Hawks,2016
1610612737,2016,00,Tim Hardaway Jr.,Tim,tim-hardaway-jr,10,G,6-6,205,"MAR 16, 1992",25.0,3,Michigan,203501,,Atlanta Hawks,2016
1610612737,2016,00,Taurean Prince,Taurean,taurean-prince,12,F,6-8,220,"MAR 22, 1994",23.0,R,Baylor,1627752,,Atlanta Hawks,2016
1610612737,2016,00,Jose Calderon,Jose,jose-calderon,13,G,6-3,200,"SEP 28, 1981",35.0,11,Tau Ceramica,101181,,Atlanta Hawks,2016
1610612737,2016,00,Dennis Schröder,Dennis,dennis-schröder,17,G,6-1,172,"SEP 15, 1993",23.0,3,Braunschweig,203471,,Atlanta Hawks,2016
1610612737,2016,00,Kent Bazemore,Kent,kent-bazemore,24,F-G,6-5,201,"JUL 01, 1989",27.0,4,Old Dominion,203145,,Atlanta Hawks,2016
1610612737,2016,00,Thabo Sefolosha,Thabo,thabo-sefolosha,25,F,6-7,220,"MAY 02, 1984",33.0,10,Angelico Biella,200757,,Atlanta Hawks,2016
1610612737,2016,00,Ryan Kelly,Ryan,ryan-kelly,30,F,6-11,230,"APR 09, 1991",26.0,3,Duke,203527,,Atlanta Hawks,2016
1610612737,2016,00,Mike Muscala,Mike,mike-muscala,31,F-C,6-11,240,"JUL 01, 1991",25.0,3,Bucknell,203488,,Atlanta Hawks,2016
1610612737,2016,00,Mike Dunleavy,Mike,mike-dunleavy,34,G-F,6-9,230,"SEP 15, 1980",36.0,14,Duke,2399,,Atlanta Hawks,2016
1610612737,2016,00,Kris Humphries,Kris,kris-humphries,43,F,6-9,235,"FEB 06, 1985",32.0,12,Minnesota,2743,,Atlanta Hawks,2016
1610612737,2016,00,DeAndre' Bembry,DeAndre',deandre-bembry,95,F-G,6-6,210,"JUL 04, 1994",22.0,R,St. Joseph's (PA),1627761,,Atlanta Hawks,2016
1610612737,2017,00,Antonius Cleveland,Antonius,antonius-cleveland,0,G,6-6,195,"FEB 02, 1994",24.0,R,S.E. Missouri,1628499,,Atlanta Hawks,2017
1610612737,2017,00,Tyler Dorsey,Tyler,tyler-dorsey,2,G,6-5,183,"FEB 18, 1996",22.0,R,Oregon,1628416,,Atlanta Hawks,2017
1610612737,2017,00,Jaylen Morris,Jaylen,jaylen-morris,3,G,6-5,185,"SEP 19, 1995",22.0,R,Molloy,1628537,,Atlanta Hawks,2017
1610612737,2017,00,Andrew White III,Andrew,andrew-white-iii,4,F,6-7,210,"JUN 16, 1993",25.0,R,Syracuse,1628510,,Atlanta Hawks,2017
1610612737,2017,00,Malcolm Delaney,Malcolm,malcolm-delaney,5,G,6-3,190,"MAR 11, 1989",29.0,1,Virginia Tech,1627098,,Atlanta Hawks,2017
1610612737,2017,00,Jeremy Evans,Jeremy,jeremy-evans,6,F,6-9,200,"OCT 24, 1987",30.0,6,Western Kentucky,202379,,Atlanta Hawks,2017
1610612737,2017,00,Damion Lee,Damion,damion-lee,8,G,6-6,210,"OCT 21, 1992",25.0,R,Drexel,1627814,,Atlanta Hawks,2017
1610612737,2017,00,Josh Magette,Josh,josh-magette,11,G,6-1,160,"NOV 28, 1989",28.0,R,Alabama Huntsville,203705,,Atlanta Hawks,2017
1610612737,2017,00,Taurean Prince,Taurean,taurean-prince,12,F,6-8,220,"MAR 22, 1994",24.0,1,Baylor,1627752,,Atlanta Hawks,2017
1610612737,2017,00,Dewayne Dedmon,Dewayne,dewayne-dedmon,14,C,7-0,245,"AUG 12, 1989",28.0,4,USC,203473,,Atlanta Hawks,2017
1610612737,2017,00,Dennis Schröder,Dennis,dennis-schröder,17,G,6-1,172,"SEP 15, 1993",24.0,4,Braunschweig,203471,,Atlanta Hawks,2017
1610612737,2017,00,Miles Plumlee,Miles,miles-plumlee,18,C-F,6-11,249,"SEP 01, 1988",29.0,5,Duke,203101,,Atlanta Hawks,2017
1610612737,2017,00,John Collins,John,john-collins,20,F-C,6-10,235,"SEP 23, 1997",20.0,R,Wake Forest,1628381,,Atlanta Hawks,2017
1610612737,2017,00,Isaiah Taylor,Isaiah,isaiah-taylor,22,G,6-3,170,"JUL 11, 1994",23.0,1,Texas,1627819,,Atlanta Hawks,2017
1610612737,2017,00,Kent Bazemore,Kent,kent-bazemore,24,G,6-5,201,"JUL 01, 1989",28.0,5,Old Dominion,203145,,Atlanta Hawks,2017
1610612737,2017,00,Mike Muscala,Mike,mike-muscala,31,F-C,6-11,240,"JUL 01, 1991",26.0,4,Bucknell,203488,,Atlanta Hawks,2017
1610612737,2017,00,Tyler Cavanaugh,Tyler,tyler-cavanaugh,34,F,6-9,238,"FEB 09, 1994",24.0,R,George Washington,1628463,,Atlanta Hawks,2017
1610612737,2017,00,DeAndre' Bembry,DeAndre',deandre-bembry,95,F-G,6-6,210,"JUL 04, 1994",23.0,1,St. Joseph's (PA),1627761,,Atlanta Hawks,2017
1610612737,2018,00,Justin Anderson,Justin,justin-anderson,1,G-F,6-6,230,"NOV 19, 1993",25.0,3,Virginia,1626147,,Atlanta Hawks,2018
1610612737,2018,00,Kevin Huerter,Kevin,kevin-huerter,3,G,6-7,190,"AUG 27, 1998",20.0,R,Maryland,1628989,,Atlanta Hawks,2018
1610612737,2018,00,Omari Spellman,Omari,omari-spellman,6,F,6-9,245,"JUL 21, 1997",21.0,R,Villanova,1629016,,Atlanta Hawks,2018
1610612737,2018,00,Isaac Humphries,Isaac,isaac-humphries,8,C,7-0,260,"JAN 05, 1998",21.0,R,Kentucky,1629353,,Atlanta Hawks,2018
1610612737,2018,00,Jaylen Adams,Jaylen,jaylen-adams,10,G,6-2,190,"MAY 04, 1996",23.0,R,St. Bonaventure,1629121,,Atlanta Hawks,2018
1610612737,2018,00,Trae Young,Trae,trae-young,11,G,6-2,180,"SEP 19, 1998",20.0,R,Oklahoma,1629027,Draft Rights Traded from DAL on 06/21/18,Atlanta Hawks,2018
1610612737,2018,00,Taurean Prince,Taurean,taurean-prince,12,F,6-8,220,"MAR 22, 1994",25.0,2,Baylor,1627752,,Atlanta Hawks,2018
1610612737,2018,00,Dewayne Dedmon,Dewayne,dewayne-dedmon,14,C,7-0,245,"AUG 12, 1989",29.0,5,USC,203473,,Atlanta Hawks,2018
1610612737,2018,00,Vince Carter,Vince,vince-carter,15,F-G,6-6,220,"JAN 26, 1977",42.0,20,North Carolina,1713,,Atlanta Hawks,2018
1610612737,2018,00,Miles Plumlee,Miles,miles-plumlee,18,C,6-11,249,"SEP 01, 1988",30.0,6,Duke,203101,,Atlanta Hawks,2018
1610612737,2018,00,John Collins,John,john-collins,20,F-C,6-10,235,"SEP 23, 1997",21.0,1,Wake Forest,1628381,,Atlanta Hawks,2018
1610612737,2018,00,Alex Poythress,Alex,alex-poythress,22,F,6-9,235,"SEP 06, 1993",25.0,2,Kentucky,1627816,,Atlanta Hawks,2018
1610612737,2018,00,Kent Bazemore,Kent,kent-bazemore,24,G,6-5,201,"JUL 01, 1989",29.0,6,Old Dominion,203145,,Atlanta Hawks,2018
1610612737,2018,00,Alex Len,Alex,alex-len,25,C,7-1,250,"JUN 16, 1993",26.0,5,Maryland,203458,,Atlanta Hawks,2018
1610612737,2018,00,DeAndre' Bembry,DeAndre',deandre-bembry,95,F,6-6,210,"JUL 04, 1994",24.0,2,St. Joseph's (PA),1627761,,Atlanta Hawks,2018
1610612737,2019,00,Jeff Teague,Jeff,jeff-teague,00,G,6-3,195,"JUN 10, 1988",32.0,10,Wake Forest,201952,,Atlanta Hawks,2019
1610612737,2019,00,Brandon Goodwin,Brandon,brandon-goodwin,0,G,6-0,180,"OCT 02, 1995",24.0,1,Florida Gulf Coast,1629164,,Atlanta Hawks,2019
1610612737,2019,00,Treveon Graham,Treveon,treveon-graham,2,G-F,6-5,219,"OCT 28, 1993",26.0,3,Va Commonwealth,1626203,,Atlanta Hawks,2019
1610612737,2019,00,Kevin Huerter,Kevin,kevin-huerter,3,G-F,6-7,190,"AUG 27, 1998",21.0,1,Maryland,1628989,,Atlanta Hawks,2019
1610612737,2019,00,Charlie Brown Jr.,Charlie,charlie-brown-jr,4,G,6-6,199,"FEB 02, 1997",23.0,R,St. Joseph's (PA),1629718,,Atlanta Hawks,2019
1610612737,2019,00,Skal Labissiere,Skal,skal-labissiere,7,F-C,6-10,235,"MAR 18, 1996",24.0,3,Kentucky,1627746,,Atlanta Hawks,2019
1610612737,2019,00,Trae Young,Trae,trae-young,11,G,6-1,180,"SEP 19, 1998",21.0,1,Oklahoma,1629027,Draft Rights Traded from DAL on 06/21/18,Atlanta Hawks,2019
1610612737,2019,00,De'Andre Hunter,De'Andre,deandre-hunter,12,F-G,6-7,225,"DEC 02, 1997",22.0,R,Virginia,1629631,,Atlanta Hawks,2019
1610612737,2019,00,Dewayne Dedmon,Dewayne,dewayne-dedmon,14,C,7-0,245,"AUG 12, 1989",30.0,6,USC,203473,,Atlanta Hawks,2019
1610612737,2019,00,Clint Capela,Clint,clint-capela,15,C,6-10,240,"MAY 18, 1994",26.0,5,Elan Chalon,203991,,Atlanta Hawks,2019
1610612737,2019,00,Vince Carter,Vince,vince-carter,15,G-F,6-6,220,"JAN 26, 1977",43.0,21,North Carolina,1713,,Atlanta Hawks,2019
1610612737,2019,00,John Collins,John,john-collins,20,F,6-9,235,"SEP 23, 1997",22.0,2,Wake Forest,1628381,,Atlanta Hawks,2019
1610612737,2019,00,Cam Reddish,Cam,cam-reddish,22,F-G,6-8,218,"SEP 01, 1999",20.0,R,Duke,1629629,,Atlanta Hawks,2019
1610612737,2019,00,Bruno Fernando,Bruno,bruno-fernando,24,F-C,6-9,240,"AUG 15, 1998",21.0,R,Maryland,1628981,,Atlanta Hawks,2019
1610612737,2019,00,Damian Jones,Damian,damian-jones,30,C,6-11,245,"JUN 30, 1995",25.0,3,Vanderbilt,1627745,,Atlanta Hawks,2019
1610612737,2019,00,DeAndre' Bembry,DeAndre',deandre-bembry,95,G-F,6-5,210,"JUL 04, 1994",25.0,3,St. Joseph's (PA),1627761,,Atlanta Hawks,2019
1610612737,2020,00,Brandon Goodwin,Brandon,brandon-goodwin,0,G,6-0,180,"OCT 02, 1995",25.0,2,Florida Gulf Coast,1629164,,Atlanta Hawks,2020
1610612737,2020,00,Nathan Knight,Nathan,nathan-knight,1,F-C,6-10,253,"SEP 20, 1997",23.0,R,William & Mary,1630233,,Atlanta Hawks,2020
1610612737,2020,00,Kevin Huerter,Kevin,kevin-huerter,3,G-F,6-7,190,"AUG 27, 1998",22.0,2,Maryland,1628989,,Atlanta Hawks,2020
1610612737,2020,00,Skylar Mays,Skylar,skylar-mays,4,G,6-4,205,"SEP 05, 1997",23.0,R,Louisiana State,1630219,,Atlanta Hawks,2020
1610612737,2020,00,Lou Williams,Lou,lou-williams,6,G,6-1,175,"OCT 27, 1986",34.0,15,South Gwinnett HS (GA),101150,,Atlanta Hawks,2020
1610612737,2020,00,Danilo Gallinari,Danilo,danilo-gallinari,8,F,6-10,233,"AUG 08, 1988",32.0,11,Olimpia Milano,201568,,Atlanta Hawks,2020
1610612737,2020,00,Trae Young,Trae,trae-young,11,G,6-1,180,"SEP 19, 1998",22.0,2,Oklahoma,1629027,Draft Rights Traded from DAL on 06/21/18,Atlanta Hawks,2020
1610612737,2020,00,De'Andre Hunter,De'Andre,deandre-hunter,12,F-G,6-8,225,"DEC 02, 1997",23.0,1,Virginia,1629631,,Atlanta Hawks,2020
1610612737,2020,00,Bogdan Bogdanović,Bogdan,bogdan-bogdanović,13,G,6-6,220,"AUG 18, 1992",28.0,3,Fenerbahce,203992,,Atlanta Hawks,2020
1610612737,2020,00,Clint Capela,Clint,clint-capela,15,C,6-10,240,"MAY 18, 1994",27.0,6,Elan Chalon,203991,,Atlanta Hawks,2020
1610612737,2020,00,Onyeka Okongwu,Onyeka,onyeka-okongwu,17,F-C,6-8,235,"DEC 11, 2000",20.0,R,Southern California,1630168,#6 Pick in 2020 Draft,Atlanta Hawks,2020
1610612737,2020,00,Solomon Hill,Solomon,solomon-hill,18,F,6-6,226,"MAR 18, 1991",30.0,7,Arizona,203524,,Atlanta Hawks,2020
1610612737,2020,00,Tony Snell,Tony,tony-snell,19,G,6-6,213,"NOV 10, 1991",29.0,7,New Mexico,203503,,Atlanta Hawks,2020
1610612737,2020,00,John Collins,John,john-collins,20,F-C,6-9,235,"SEP 23, 1997",23.0,3,Wake Forest,1628381,,Atlanta Hawks,2020
1610612737,2020,00,Cam Reddish,Cam,cam-reddish,22,F-G,6-8,218,"SEP 01, 1999",21.0,1,Duke,1629629,,Atlanta Hawks,2020
1610612737,2020,00,Bruno Fernando,Bruno,bruno-fernando,24,F-C,6-9,240,"AUG 15, 1998",22.0,1,Maryland,1628981,,Atlanta Hawks,2020
1610612737,2020,00,Kris Dunn,Kris,kris-dunn,32,G,6-3,205,"MAR 18, 1994",27.0,4,Providence,1627739,,Atlanta Hawks,2020
1610612737,2021,00,Delon Wright,Delon,delon-wright,0,G,6-5,185,"APR 26, 1992",30.0,6,Utah,1626153,,Atlanta Hawks,2021
1610612737,2021,00,Jalen Johnson,Jalen,jalen-johnson,1,F,6-8,219,"DEC 18, 2001",20.0,R,Duke,1630552,#20 Pick in 2021 Draft,Atlanta Hawks,2021
1610612737,2021,00,Sharife Cooper,Sharife,sharife-cooper,2,G,6-1,176,"JUN 11, 2001",21.0,R,Auburn,1630536,,Atlanta Hawks,2021
1610612737,2021,00,Kevin Huerter,Kevin,kevin-huerter,3,G-F,6-7,198,"AUG 27, 1998",23.0,3,Maryland,1628989,,Atlanta Hawks,2021
1610612737,2021,00,Skylar Mays,Skylar,skylar-mays,4,G,6-4,205,"SEP 05, 1997",24.0,1,Louisiana State,1630219,,Atlanta Hawks,2021
1610612737,2021,00,Kevin Knox II,Kevin,kevin-knox-ii,5,F,6-7,215,"AUG 11, 1999",22.0,3,Kentucky,1628995,,Atlanta Hawks,2021
1610612737,2021,00,Lou Williams,Lou,lou-williams,6,G,6-2,175,"OCT 27, 1986",35.0,16,South Gwinnett HS (GA),101150,,Atlanta Hawks,2021
1610612737,2021,00,Timothe Luwawu-Cabarrot,Timothe,timothe-luwawu-cabarrot,7,G-F,6-7,215,"MAY 09, 1995",27.0,5,Mega Basket,1627789,,Atlanta Hawks,2021
1610612737,2021,00,Danilo Gallinari,Danilo,danilo-gallinari,8,F,6-10,236,"AUG 08, 1988",33.0,12,Olimpia Milano,201568,,Atlanta Hawks,2021
1610612737,2021,00,Gorgui Dieng,Gorgui,gorgui-dieng,10,C,6-10,248,"JAN 18, 1990",32.0,8,Louisville,203476,,Atlanta Hawks,2021
1610612737,2021,00,Trae Young,Trae,trae-young,11,G,6-1,164,"SEP 19, 1998",23.0,3,Oklahoma,1629027,Draft Rights Traded from DAL on 06/21/18,Atlanta Hawks,2021
1610612737,2021,00,De'Andre Hunter,De'Andre,deandre-hunter,12,F-G,6-8,221,"DEC 02, 1997",24.0,2,Virginia,1629631,,Atlanta Hawks,2021
1610612737,2021,00,Bogdan Bogdanović,Bogdan,bogdan-bogdanović,13,G,6-6,225,"AUG 18, 1992",29.0,4,Fenerbahce,203992,,Atlanta Hawks,2021
1610612737,2021,00,Clint Capela,Clint,clint-capela,15,C,6-10,256,"MAY 18, 1994",28.0,7,Elan Chalon,203991,,Atlanta Hawks,2021
1610612737,2021,00,Onyeka Okongwu,Onyeka,onyeka-okongwu,17,F-C,6-8,240,"DEC 11, 2000",21.0,1,Southern California,1630168,#6 Pick in 2020 Draft,Atlanta Hawks,2021
1610612737,2021,00,John Collins,John,john-collins,20,F-C,6-9,226,"SEP 23, 1997",24.0,4,Wake Forest,1628381,,Atlanta Hawks,2021
1610612737,2021,00,Chaundee Brown Jr.,Chaundee,chaundee-brown-jr,38,F,6-5,215,"DEC 04, 1998",23.0,R,Michigan,1630602,,Atlanta Hawks,2021
1610612737,2022,00,Donovan Williams,Donovan,donovan-williams,,G,6-6,190,"SEP 06, 2001",21.0,R,UNLV,1631495,,Atlanta Hawks,2022
1610612737,2022,00,Bruno Fernando,Bruno,bruno-fernando,0,F-C,6-10,240,"AUG 15, 1998",24.0,3,Maryland,1628981,,Atlanta Hawks,2022
1610612737,2022,00,Jalen Johnson,Jalen,jalen-johnson,1,F,6-8,219,"DEC 18, 2001",21.0,1,Duke,1630552,#20 Pick in 2021 Draft,Atlanta Hawks,2022
1610612737,2022,00,Trent Forrest,Trent,trent-forrest,2,G,6-4,210,"JUN 12, 1998",25.0,2,Florida State,1630235,,Atlanta Hawks,2022
1610612737,2022,00,Aaron Holiday,Aaron,aaron-holiday,3,G,6-0,185,"SEP 30, 1996",26.0,4,UCLA,1628988,,Atlanta Hawks,2022
1610612737,2022,00,Dejounte Murray,Dejounte,dejounte-murray,5,G,6-5,180,"SEP 19, 1996",26.0,6,Washington,1627749,,Atlanta Hawks,2022
1610612737,2022,00,Trae Young,Trae,trae-young,11,G,6-1,164,"SEP 19, 1998",24.0,4,Oklahoma,1629027,Draft Rights Traded from DAL on 06/21/18,Atlanta Hawks,2022
1610612737,2022,00,De'Andre Hunter,De'Andre,deandre-hunter,12,F-G,6-8,221,"DEC 02, 1997",25.0,3,Virginia,1629631,,Atlanta Hawks,2022
1610612737,2022,00,Bogdan Bogdanović,Bogdan,bogdan-bogdanović,13,G,6-5,225,"AUG 18, 1992",30.0,5,Fenerbahce,203992,,Atlanta Hawks,2022
1610612737,2022,00,AJ Griffin,AJ,aj-griffin,14,F,6-6,220,"AUG 25, 2003",19.0,R,Duke,1631100,,Atlanta Hawks,2022
1610612737,2022,00,Clint Capela,Clint,clint-capela,15,C,6-10,256,"MAY 18, 1994",29.0,8,Elan Chalon,203991,,Atlanta Hawks,2022
1610612737,2022,00,Onyeka Okongwu,Onyeka,onyeka-okongwu,17,F-C,6-9,240,"DEC 11, 2000",22.0,2,Southern California,1630168,#6 Pick in 2020 Draft,Atlanta Hawks,2022
1610612737,2022,00,John Collins,John,john-collins,20,F-C,6-9,226,"SEP 23, 1997",25.0,5,Wake Forest,1628381,,Atlanta Hawks,2022
1610612737,2022,00,Tyrese Martin,Tyrese,tyrese-martin,22,G,6-6,215,"MAR 07, 1999",24.0,R,Connecticut,1631213,,Atlanta Hawks,2022
1610612737,2022,00,Garrison Mathews,Garrison,garrison-mathews,25,G,6-6,215,"OCT 24, 1996",26.0,3,Lipscomb,1629726,,Atlanta Hawks,2022
1610612737,2022,00,Vít Krejčí,Vít,vít-krejčí,27,G,6-8,195,"JUN 19, 2000",23.0,1,Zaragoza,1630249,Signed on 12/22/23,Atlanta Hawks,2022
1610612737,2022,00,Saddiq Bey,Saddiq,saddiq-bey,41,F,6-7,215,"APR 09, 1999",24.0,2,Villanova,1630180,,Atlanta Hawks,2022
1610612737,2023,00,Jalen Johnson,Jalen,jalen-johnson,1,F,6-8,219,"DEC 18, 2001",22.0,2,Duke,1630552,#20 Pick in 2021 Draft,Atlanta Hawks,2023
1610612737,2023,00,Trent Forrest,Trent,trent-forrest,2,G,6-4,210,"JUN 12, 1998",26.0,3,Florida State,1630235,,Atlanta Hawks,2023
1610612737,2023,00,Seth Lundy,Seth,seth-lundy,3,G-F,6-4,220,"APR 02, 2000",24.0,R,Penn State,1641754,,Atlanta Hawks,2023
1610612737,2023,00,Kobe Bufkin,Kobe,kobe-bufkin,4,G,6-5,195,"SEP 21, 2003",20.0,R,Michigan,1641723,,Atlanta Hawks,2023
1610612737,2023,00,Dejounte Murray,Dejounte,dejounte-murray,5,G,6-5,180,"SEP 19, 1996",27.0,7,Washington,1627749,,Atlanta Hawks,2023
1610612737,2023,00,Trae Young,Trae,trae-young,11,G,6-1,164,"SEP 19, 1998",25.0,5,Oklahoma,1629027,Draft Rights Traded from DAL on 06/21/18,Atlanta Hawks,2023
1610612737,2023,00,De'Andre Hunter,De'Andre,deandre-hunter,12,F-G,6-8,221,"DEC 02, 1997",26.0,4,Virginia,1629631,,Atlanta Hawks,2023
1610612737,2023,00,Bogdan Bogdanović,Bogdan,bogdan-bogdanović,13,G,6-5,225,"AUG 18, 1992",31.0,6,Fenerbahce,203992,,Atlanta Hawks,2023
1610612737,2023,00,AJ Griffin,AJ,aj-griffin,14,F,6-6,220,"AUG 25, 2003",20.0,1,Duke,1631100,,Atlanta Hawks,2023
1610612737,2023,00,Clint Capela,Clint,clint-capela,15,C,6-10,256,"MAY 18, 1994",30.0,9,Elan Chalon,203991,,Atlanta Hawks,2023
1610612737,2023,00,Onyeka Okongwu,Onyeka,onyeka-okongwu,17,F-C,6-10,240,"DEC 11, 2000",23.0,3,Southern California,1630168,#6 Pick in 2020 Draft,Atlanta Hawks,2023
1610612737,2023,00,Mouhamed Gueye,Mouhamed,mouhamed-gueye,18,F,6-10,210,"NOV 09, 2002",21.0,R,Washington State,1631243,Draft Rights Traded from BOS on 06/28/23,Atlanta Hawks,2023
1610612737,2023,00,Dylan Windler,Dylan,dylan-windler,20,G-F,6-7,196,"SEP 22, 1996",27.0,3,Belmont,1629685,,Atlanta Hawks,2023
1610612737,2023,00,Bruno Fernando,Bruno,bruno-fernando,24,F-C,6-9,240,"AUG 15, 1998",25.0,4,Maryland,1628981,,Atlanta Hawks,2023
1610612737,2023,00,Garrison Mathews,Garrison,garrison-mathews,25,G,6-6,215,"OCT 24, 1996",27.0,4,Lipscomb,1629726,,Atlanta Hawks,2023
1610612737,2023,00,Vít Krejčí,Vít,vít-krejčí,27,G,6-8,195,"JUN 19, 2000",24.0,2,Zaragoza,1630249,Signed on 12/22/23,Atlanta Hawks,2023
1610612737,2023,00,Wesley Matthews,Wesley,wesley-matthews,32,G,6-5,220,"OCT 14, 1986",37.0,14,Marquette,202083,,Atlanta Hawks,2023
1610612737,2023,00,Saddiq Bey,Saddiq,saddiq-bey,41,G-F,6-7,215,"APR 09, 1999",25.0,3,Villanova,1630180,,Atlanta Hawks,2023
1610612737,2024,00,Jacob Toppin,Jacob,jacob-toppin,00,F,6-8,200,"MAY 08, 2000",25.0,1,Kentucky,1631210,Signed on 03/04/25,Atlanta Hawks,2024
1610612737,2024,00,Jalen Johnson,Jalen,jalen-johnson,1,F,6-8,219,"DEC 18, 2001",23.0,3,Duke,1630552,#20 Pick in 2021 Draft,Atlanta Hawks,2024
1610612737,2024,00,Keaton Wallace,Keaton,keaton-wallace,2,G,6-3,185,"FEB 26, 1999",26.0,R,Texas-San Antonio,1630811,Signed on 09/29/23,Atlanta Hawks,2024
1610612737,2024,00,Caris LeVert,Caris,caris-levert,3,G,6-6,205,"AUG 25, 1994",30.0,8,Michigan,1627747,,Atlanta Hawks,2024
1610612737,2024,00,Kobe Bufkin,Kobe,kobe-bufkin,4,G,6-4,195,"SEP 21, 2003",21.0,1,Michigan,1641723,,Atlanta Hawks,2024
1610612737,2024,00,Dyson Daniels,Dyson,dyson-daniels,5,G,6-7,199,"MAR 17, 2003",22.0,2,NBA G League Ignite,1630700,Traded from NOP on 07/06/24,Atlanta Hawks,2024
1610612737,2024,00,Zaccharie Risacher,Zaccharie,zaccharie-risacher,10,F,6-8,200,"APR 08, 2005",20.0,R,JL Bourg-en-Bresse,1642258,#1 Pick in 2024 Draft,Atlanta Hawks,2024
1610612737,2024,00,Trae Young,Trae,trae-young,11,G,6-1,164,"SEP 19, 1998",26.0,6,Oklahoma,1629027,Draft Rights Traded from DAL on 06/21/18,Atlanta Hawks,2024
1610612737,2024,00,Terance Mann,Terance,terance-mann,14,G-F,6-5,215,"OCT 18, 1996",28.0,5,Florida State,1629611,,Atlanta Hawks,2024
1610612737,2024,00,Clint Capela,Clint,clint-capela,15,C,6-10,256,"MAY 18, 1994",31.0,10,Elan Chalon,203991,,Atlanta Hawks,2024
1610612737,2024,00,Onyeka Okongwu,Onyeka,onyeka-okongwu,17,F-C,6-10,240,"DEC 11, 2000",24.0,4,Southern California,1630168,#6 Pick in 2020 Draft,Atlanta Hawks,2024
1610612737,2024,00,Mouhamed Gueye,Mouhamed,mouhamed-gueye,18,F,6-10,210,"NOV 09, 2002",22.0,1,Washington State,1631243,Draft Rights Traded from BOS on 06/28/23,Atlanta Hawks,2024
1610612737,2024,00,Georges Niang,Georges,georges-niang,20,F,6-7,230,"JUN 17, 1993",32.0,8,Iowa State,1627777,,Atlanta Hawks,2024
1610612737,2024,00,Larry Nance Jr.,Larry,larry-nance-jr,22,F-C,6-8,245,"JAN 01, 1993",32.0,9,Wyoming,1626204,,Atlanta Hawks,2024
1610612737,2024,00,Garrison Mathews,Garrison,garrison-mathews,24,G,6-6,215,"OCT 24, 1996",28.0,5,Lipscomb,1629726,,Atlanta Hawks,2024
1610612737,2024,00,Dominick Barlow,Dominick,dominick-barlow,26,F,6-8,215,"MAY 26, 2003",22.0,2,Overtime Elite,1631230,,Atlanta Hawks,2024
1610612737,2024,00,Vít Krejčí,Vít,vít-krejčí,27,G,6-8,195,"JUN 19, 2000",25.0,3,Zaragoza,1630249,Signed on 12/22/23,Atlanta Hawks,2024
1610612737,2024,00,Daeqwon Plowden,Daeqwon,daeqwon-plowden,29,G-F,6-6,216,"AUG 29, 1998",26.0,R,Bowling Green,1631342,,Atlanta Hawks,2024
1610612737,2025,00,Nikola Đurišić,Nikola,nikola-đurišić,,G,6-8,214,"FEB 23, 2004",21.0,R,Mega Basket,1642365,Draft Rights Traded from MIA on 06/27/24,Atlanta Hawks,2025
1610612737,2025,00,Eli John Ndiaye,Eli John,eli-john-ndiaye,,F,6-8,209,"JUN 26, 2004",21.0,R,Real Madrid,1642947,Signed on 07/03/25,Atlanta Hawks,2025
1610612737,2025,00,Lamont Butler,Lamont,lamont-butler,,G,,,"JUN 09, 2002",23.0,R,Kentucky,1642966,Signed on 09/24/25,Atlanta Hawks,2025
1610612737,2025,00,Deivon Smith,Deivon,deivon-smith,,,,,"MAR 08, 2002",23.0,R,St. John's,1643090,Signed on 10/13/25,Atlanta Hawks,2025
1610612737,2025,00,Jacob Toppin,Jacob,jacob-toppin,00,F,6-9,200,"MAY 08, 2000",25.0,2,Kentucky,1631210,Signed on 03/04/25,Atlanta Hawks,2025
1610612737,2025,00,Jalen Johnson,Jalen,jalen-johnson,1,F,6-8,219,"DEC 18, 2001",23.0,4,Duke,1630552,#20 Pick in 2021 Draft,Atlanta Hawks,2025
1610612737,2025,00,Caleb Houstan,Caleb,caleb-houstan,2,G,6-8,205,"JAN 09, 2003",22.0,3,Michigan,1631216,Signed on 08/19/25,Atlanta Hawks,2025
1610612737,2025,00,Keaton Wallace,Keaton,keaton-wallace,2,G,6-3,185,"FEB 26, 1999",26.0,1,Texas-San Antonio,1630811,Signed on 09/29/23,Atlanta Hawks,2025
1610612737,2025,00,N'Faly Dante,N'Faly,nfaly-dante,3,C,6-11,230,"OCT 19, 2001",23.0,1,Oregon,1642368,Signed on 08/18/25,Atlanta Hawks,2025
1610612737,2025,00,Luke Kennard,Luke,luke-kennard,3,G,6-5,206,"JUN 24, 1996",29.0,8,Duke,1628379,Signed on 07/08/25,Atlanta Hawks,2025
1610612737,2025,00,Dyson Daniels,Dyson,dyson-daniels,5,G,6-7,199,"MAR 17, 2003",22.0,3,NBA G League Ignite,1630700,Traded from NOP on 07/06/24,Atlanta Hawks,2025
1610612737,2025,00,Nickeil Alexander-Walker,Nickeil,nickeil-alexander-walker,7,G,6-5,205,"SEP 02, 1998",27.0,6,Virginia Tech,1629638,Traded from MIN on 07/06/25,Atlanta Hawks,2025
1610612737,2025,00,Kristaps Porziņģis,Kristaps,kristaps-porziņģis,8,F-C,7-2,240,"AUG 02, 1995",30.0,10,Cajasol Sevilla,204001,Traded from BOS on 07/07/25,Atlanta Hawks,2025
1610612737,2025,00,Zaccharie Risacher,Zaccharie,zaccharie-risacher,10,F,6-8,200,"APR 08, 2005",20.0,1,JL Bourg-en-Bresse,1642258,#1 Pick in 2024 Draft,Atlanta Hawks,2025
1610612737,2025,00,Trae Young,Trae,trae-young,11,G,6-2,164,"SEP 19, 1998",27.0,7,Oklahoma,1629027,Draft Rights Traded from DAL on 06/21/18,Atlanta Hawks,2025
1610612737,2025,00,Asa Newell,Asa,asa-newell,14,F,6-10,220,"OCT 05, 2005",20.0,R,Georgia,1642854,Draft Rights Traded from NOP on 06/25/25,Atlanta Hawks,2025
1610612737,2025,00,Onyeka Okongwu,Onyeka,onyeka-okongwu,17,F-C,6-10,240,"DEC 11, 2000",24.0,5,Southern California,1630168,#6 Pick in 2020 Draft,Atlanta Hawks,2025
1610612737,2025,00,Mouhamed Gueye,Mouhamed,mouhamed-gueye,18,F,6-11,210,"NOV 09, 2002",22.0,2,Washington State,1631243,Draft Rights Traded from BOS on 06/28/23,Atlanta Hawks,2025
1610612737,2025,00,MJ Walker,MJ,mj-walker,21,G,6-5,213,"MAR 28, 1998",27.0,1,Florida State,1630640,Signed on 10/13/25,Atlanta Hawks,2025
1610612737,2025,00,Vít Krejčí,Vít,vít-krejčí,27,G,6-8,195,"JUN 19, 2000",25.0,4,Zaragoza,1630249,Signed on 12/22/23,Atlanta Hawks,2025
1610612737,2025,00,Charles Bassey,Charles,charles-bassey,28,C-F,6-10,230,"OCT 28, 2000",24.0,4,Western Kentucky,1629646,Signed on 09/10/25,Atlanta Hawks,2025
1610612738,2015,00,Avery Bradley,Avery,avery-bradley,0,G,6-2,180,"NOV 26, 1990",25.0,5,University of Texas at Austin,202340,,Boston Celtics,2015
1610612738,2015,00,Isaiah Thomas,Isaiah,isaiah-thomas,4,G,5-9,185,"FEB 07, 1989",27.0,4,Washington,202738,,Boston Celtics,2015
1610612738,2015,00,Jared Sullinger,Jared,jared-sullinger,7,C-F,6-9,260,"MAR 04, 1992",24.0,3,Ohio State,203096,,Boston Celtics,2015
1610612738,2015,00,Jonas Jerebko,Jonas,jonas-jerebko,8,F,6-10,231,"MAR 02, 1987",29.0,5,Angelico Biella,201973,,Boston Celtics,2015
1610612738,2015,00,Evan Turner,Evan,evan-turner,11,G-F,6-7,220,"OCT 27, 1988",27.0,5,Ohio State,202323,,Boston Celtics,2015
1610612738,2015,00,Terry Rozier,Terry,terry-rozier,12,G,6-2,190,"MAR 17, 1994",22.0,R,Louisville,1626179,,Boston Celtics,2015
1610612738,2015,00,James Young,James,james-young,13,G-F,6-6,215,"AUG 16, 1995",20.0,1,Kentucky,203923,,Boston Celtics,2015
1610612738,2015,00,RJ Hunter,RJ,rj-hunter,28,G,6-5,185,"OCT 24, 1993",22.0,R,Georgia State,1626154,,Boston Celtics,2015
1610612738,2015,00,John Holland,John,john-holland,30,G-F,6-5,205,"NOV 06, 1988",27.0,R,Boston University,204066,,Boston Celtics,2015
1610612738,2015,00,Marcus Smart,Marcus,marcus-smart,36,G,6-4,220,"MAR 06, 1994",22.0,1,Oklahoma State,203935,,Boston Celtics,2015
1610612738,2015,00,Kelly Olynyk,Kelly,kelly-olynyk,41,C-F,7-0,238,"APR 19, 1991",25.0,2,Gonzaga,203482,,Boston Celtics,2015
1610612738,2015,00,Tyler Zeller,Tyler,tyler-zeller,44,C-F,7-0,253,"JAN 17, 1990",26.0,3,North Carolina,203092,,Boston Celtics,2015
1610612738,2015,00,Jordan Mickey,Jordan,jordan-mickey,55,F,6-8,235,"JUL 09, 1994",21.0,R,Louisiana State,1626175,,Boston Celtics,2015
1610612738,2015,00,Amir Johnson,Amir,amir-johnson,90,F,6-9,240,"MAY 01, 1987",29.0,10,Westchester HS (CA),101161,,Boston Celtics,2015
1610612738,2015,00,Jae Crowder,Jae,jae-crowder,99,F,6-6,235,"JUL 06, 1990",25.0,3,Marquette,203109,,Boston Celtics,2015
1610612738,2016,00,Avery Bradley,Avery,avery-bradley,0,G,6-2,180,"NOV 26, 1990",26.0,6,University of Texas at Austin,202340,,Boston Celtics,2016
1610612738,2016,00,Isaiah Thomas,Isaiah,isaiah-thomas,4,G,5-9,185,"FEB 07, 1989",28.0,5,Washington,202738,,Boston Celtics,2016
1610612738,2016,00,Jaylen Brown,Jaylen,jaylen-brown,7,F,6-7,225,"OCT 24, 1996",20.0,R,California,1627759,#3 Pick in 2016 Draft,Boston Celtics,2016
1610612738,2016,00,Jonas Jerebko,Jonas,jonas-jerebko,8,F,6-10,231,"MAR 02, 1987",30.0,6,Angelico Biella,201973,,Boston Celtics,2016
1610612738,2016,00,Demetrius Jackson,Demetrius,demetrius-jackson,9,G,6-1,201,"SEP 07, 1994",22.0,R,Notre Dame,1627743,,Boston Celtics,2016
1610612738,2016,00,Terry Rozier,Terry,terry-rozier,12,G,6-2,190,"MAR 17, 1994",23.0,1,Louisville,1626179,,Boston Celtics,2016
1610612738,2016,00,James Young,James,james-young,13,G-F,6-6,215,"AUG 16, 1995",21.0,2,Kentucky,203923,,Boston Celtics,2016
1610612738,2016,00,Gerald Green,Gerald,gerald-green,30,F,6-7,205,"JAN 26, 1986",31.0,9,No College,101123,,Boston Celtics,2016
1610612738,2016,00,Marcus Smart,Marcus,marcus-smart,36,G,6-4,220,"MAR 06, 1994",23.0,2,Oklahoma State,203935,,Boston Celtics,2016
1610612738,2016,00,Kelly Olynyk,Kelly,kelly-olynyk,41,C-F,7-0,238,"APR 19, 1991",26.0,3,Gonzaga,203482,,Boston Celtics,2016
1610612738,2016,00,Al Horford,Al,al-horford,42,C,6-10,245,"JUN 03, 1986",31.0,9,Florida,201143,,Boston Celtics,2016
1610612738,2016,00,Tyler Zeller,Tyler,tyler-zeller,44,C,7-0,253,"JAN 17, 1990",27.0,4,North Carolina,203092,,Boston Celtics,2016
1610612738,2016,00,Jordan Mickey,Jordan,jordan-mickey,55,F,6-8,235,"JUL 09, 1994",22.0,1,Louisiana State,1626175,,Boston Celtics,2016
1610612738,2016,00,Amir Johnson,Amir,amir-johnson,90,F,6-9,240,"MAY 01, 1987",30.0,11,Westchester HS (CA),101161,,Boston Celtics,2016
1610612738,2016,00,Jae Crowder,Jae,jae-crowder,99,F,6-6,235,"JUL 06, 1990",26.0,4,Marquette,203109,,Boston Celtics,2016
1610612738,2017,00,Jayson Tatum,Jayson,jayson-tatum,0,F,6-8,205,"MAR 03, 1998",20.0,R,Duke,1628369,#3 Pick in 2017 Draft,Boston Celtics,2017
1610612738,2017,00,Jaylen Brown,Jaylen,jaylen-brown,7,G-F,6-7,225,"OCT 24, 1996",21.0,1,California,1627759,#3 Pick in 2016 Draft,Boston Celtics,2017
1610612738,2017,00,Shane Larkin,Shane,shane-larkin,8,G,5-11,175,"OCT 02, 1992",25.0,3,Miami,203499,,Boston Celtics,2017
1610612738,2017,00,Xavier Silas,Xavier,xavier-silas,9,G,6-5,205,"JAN 22, 1988",30.0,1,Northern Illinois,202918,,Boston Celtics,2017
1610612738,2017,00,Kyrie Irving,Kyrie,kyrie-irving,11,G,6-3,193,"MAR 23, 1992",26.0,6,Duke,202681,,Boston Celtics,2017
1610612738,2017,00,Terry Rozier,Terry,terry-rozier,12,G,6-2,190,"MAR 17, 1994",24.0,2,Louisville,1626179,,Boston Celtics,2017
1610612738,2017,00,Marcus Morris Sr.,Marcus,marcus-morris-sr,13,F,6-9,235,"SEP 02, 1989",28.0,6,Kansas,202694,,Boston Celtics,2017
1610612738,2017,00,Gordon Hayward,Gordon,gordon-hayward,20,F,6-8,226,"MAR 23, 1990",28.0,7,Butler,202330,,Boston Celtics,2017
1610612738,2017,00,Jabari Bird,Jabari,jabari-bird,26,G,6-6,198,"JUL 03, 1994",23.0,R,California,1628444,,Boston Celtics,2017
1610612738,2017,00,Daniel Theis,Daniel,daniel-theis,27,F-C,6-9,243,"APR 04, 1992",26.0,R,Brose Bamberg,1628464,,Boston Celtics,2017
1610612738,2017,00,Abdel Nader,Abdel,abdel-nader,28,F,6-6,230,"SEP 25, 1993",24.0,R,Iowa State,1627846,,Boston Celtics,2017
1610612738,2017,00,Guerschon Yabusele,Guerschon,guerschon-yabusele,30,F,6-8,260,"DEC 17, 1995",22.0,R,"Rouen, France",1627824,,Boston Celtics,2017
1610612738,2017,00,Marcus Smart,Marcus,marcus-smart,36,G,6-4,220,"MAR 06, 1994",24.0,3,Oklahoma State,203935,,Boston Celtics,2017
1610612738,2017,00,Semi Ojeleye,Semi,semi-ojeleye,37,F,6-7,235,"DEC 05, 1994",23.0,R,Southern Methodist,1628400,,Boston Celtics,2017
1610612738,2017,00,Al Horford,Al,al-horford,42,F-C,6-10,245,"JUN 03, 1986",32.0,10,Florida,201143,,Boston Celtics,2017
1610612738,2017,00,Kadeem Allen,Kadeem,kadeem-allen,45,G,6-3,200,"JAN 15, 1993",25.0,R,Arizona,1628443,,Boston Celtics,2017
1610612738,2017,00,Aron Baynes,Aron,aron-baynes,46,C,6-10,260,"DEC 09, 1986",31.0,5,Washington State,203382,,Boston Celtics,2017
1610612738,2017,00,Greg Monroe,Greg,greg-monroe,55,C-F,6-11,265,"JUN 04, 1990",28.0,7,Georgetown,202328,,Boston Celtics,2017
1610612738,2017,00,Jonathan Gibson,Jonathan,jonathan-gibson,60,G,6-2,185,"NOV 08, 1987",30.0,1,New Mexico State,1626780,,Boston Celtics,2017
1610612738,2018,00,Jayson Tatum,Jayson,jayson-tatum,0,F,6-8,208,"MAR 03, 1998",21.0,1,Duke,1628369,#3 Pick in 2017 Draft,Boston Celtics,2018
1610612738,2018,00,Jonathan Gibson,Jonathan,jonathan-gibson,3,G,6-2,185,"NOV 08, 1987",31.0,2,New Mexico State,1626780,,Boston Celtics,2018
1610612738,2018,00,Jaylen Brown,Jaylen,jaylen-brown,7,G,6-7,220,"OCT 24, 1996",22.0,2,California,1627759,#3 Pick in 2016 Draft,Boston Celtics,2018
1610612738,2018,00,Brad Wanamaker,Brad,brad-wanamaker,9,G,6-4,210,"JUL 25, 1989",29.0,R,Pittsburgh,202954,,Boston Celtics,2018
1610612738,2018,00,Kyrie Irving,Kyrie,kyrie-irving,11,G,6-3,193,"MAR 23, 1992",27.0,7,Duke,202681,,Boston Celtics,2018
1610612738,2018,00,Terry Rozier,Terry,terry-rozier,12,G,6-1,190,"MAR 17, 1994",25.0,3,Louisville,1626179,,Boston Celtics,2018
1610612738,2018,00,Marcus Morris Sr.,Marcus,marcus-morris-sr,13,F,6-9,235,"SEP 02, 1989",29.0,7,Kansas,202694,,Boston Celtics,2018
1610612738,2018,00,Gordon Hayward,Gordon,gordon-hayward,20,F,6-8,225,"MAR 23, 1990",29.0,8,Butler,202330,,Boston Celtics,2018
1610612738,2018,00,Daniel Theis,Daniel,daniel-theis,27,F,6-8,243,"APR 04, 1992",27.0,1,Brose Bamberg,1628464,,Boston Celtics,2018
1610612738,2018,00,RJ Hunter,RJ,rj-hunter,28,G,6-5,185,"OCT 24, 1993",25.0,3,Georgia State,1626154,,Boston Celtics,2018
1610612738,2018,00,Guerschon Yabusele,Guerschon,guerschon-yabusele,30,F,6-8,260,"DEC 17, 1995",23.0,1,"Rouen, France",1627824,,Boston Celtics,2018
1610612738,2018,00,Marcus Smart,Marcus,marcus-smart,36,G,6-4,220,"MAR 06, 1994",25.0,4,Oklahoma State,203935,,Boston Celtics,2018
1610612738,2018,00,Semi Ojeleye,Semi,semi-ojeleye,37,F,6-7,241,"DEC 05, 1994",24.0,1,Southern Methodist,1628400,,Boston Celtics,2018
1610612738,2018,00,Al Horford,Al,al-horford,42,C-F,6-10,245,"JUN 03, 1986",33.0,11,Florida,201143,,Boston Celtics,2018
1610612738,2018,00,Robert Williams III,Robert,robert-williams-iii,44,C-F,6-10,240,"OCT 17, 1997",21.0,R,Texas A&M,1629057,,Boston Celtics,2018
1610612738,2018,00,Aron Baynes,Aron,aron-baynes,46,C-F,6-10,260,"DEC 09, 1986",32.0,6,Washington State,203382,,Boston Celtics,2018
1610612738,2018,00,PJ Dozier,PJ,pj-dozier,50,G-F,6-6,205,"OCT 25, 1996",22.0,1,South Carolina,1628408,,Boston Celtics,2018
1610612738,2019,00,Jayson Tatum,Jayson,jayson-tatum,0,F-G,6-8,210,"MAR 03, 1998",22.0,2,Duke,1628369,#3 Pick in 2017 Draft,Boston Celtics,2019
1610612738,2019,00,Carsen Edwards,Carsen,carsen-edwards,4,G,5-11,200,"MAR 12, 1998",22.0,R,Purdue,1629035,,Boston Celtics,2019
1610612738,2019,00,Jaylen Brown,Jaylen,jaylen-brown,7,G-F,6-6,223,"OCT 24, 1996",23.0,3,California,1627759,#3 Pick in 2016 Draft,Boston Celtics,2019
1610612738,2019,00,Kemba Walker,Kemba,kemba-walker,8,G,6-0,184,"MAY 08, 1990",30.0,8,Connecticut,202689,,Boston Celtics,2019
1610612738,2019,00,Brad Wanamaker,Brad,brad-wanamaker,9,G,6-3,210,"JUL 25, 1989",30.0,1,Pittsburgh,202954,,Boston Celtics,2019
1610612738,2019,00,Enes Freedom,Enes,enes-freedom,11,C,6-10,250,"MAY 20, 1992",28.0,8,Fenerbahce,202683,,Boston Celtics,2019
1610612738,2019,00,Grant Williams,Grant,grant-williams,12,F,6-6,236,"NOV 30, 1998",21.0,R,Tennessee,1629684,,Boston Celtics,2019
1610612738,2019,00,Gordon Hayward,Gordon,gordon-hayward,20,F,6-7,225,"MAR 23, 1990",30.0,9,Butler,202330,,Boston Celtics,2019
1610612738,2019,00,Daniel Theis,Daniel,daniel-theis,27,F-C,6-8,245,"APR 04, 1992",28.0,2,Brose Bamberg,1628464,,Boston Celtics,2019
1610612738,2019,00,Marcus Smart,Marcus,marcus-smart,36,G,6-3,220,"MAR 06, 1994",26.0,5,Oklahoma State,203935,,Boston Celtics,2019
1610612738,2019,00,Semi Ojeleye,Semi,semi-ojeleye,37,F,6-6,240,"DEC 05, 1994",25.0,2,Southern Methodist,1628400,,Boston Celtics,2019
1610612738,2019,00,Javonte Green,Javonte,javonte-green,43,G-F,6-4,205,"JUL 23, 1993",26.0,R,Radford,1629750,,Boston Celtics,2019
1610612738,2019,00,Robert Williams III,Robert,robert-williams-iii,44,C-F,6-8,237,"OCT 17, 1997",22.0,1,Texas A&M,1629057,,Boston Celtics,2019
1610612738,2019,00,Romeo Langford,Romeo,romeo-langford,45,G-F,6-4,216,"OCT 25, 1999",20.0,R,Indiana,1629641,,Boston Celtics,2019
1610612738,2019,00,Tremont Waters,Tremont,tremont-waters,51,G,5-10,175,"JAN 10, 1998",22.0,R,Louisiana State,1629682,,Boston Celtics,2019
1610612738,2019,00,Vincent Poirier,Vincent,vincent-poirier,77,C-F,7-0,235,"OCT 17, 1993",26.0,R,Baskonia,1629738,,Boston Celtics,2019
1610612738,2019,00,Tacko Fall,Tacko,tacko-fall,99,C,7-5,311,"DEC 10, 1995",24.0,R,UCF,1629605,,Boston Celtics,2019
1610612738,2020,00,Jayson Tatum,Jayson,jayson-tatum,0,F-G,6-8,210,"MAR 03, 1998",23.0,3,Duke,1628369,#3 Pick in 2017 Draft,Boston Celtics,2020
1610612738,2020,00,Carsen Edwards,Carsen,carsen-edwards,4,G,5-11,200,"MAR 12, 1998",23.0,1,Purdue,1629035,,Boston Celtics,2020
1610612738,2020,00,Jaylen Brown,Jaylen,jaylen-brown,7,G-F,6-6,223,"OCT 24, 1996",24.0,4,California,1627759,#3 Pick in 2016 Draft,Boston Celtics,2020
1610612738,2020,00,Moses Brown,Moses,moses-brown,9,C,7-2,245,"OCT 13, 1999",21.0,1,UCLA,1629650,,Boston Celtics,2020
1610612738,2020,00,Payton Pritchard,Payton,payton-pritchard,11,G,6-1,195,"JAN 28, 1998",23.0,R,Oregon,1630202,#26 Pick in 2020 Draft,Boston Celtics,2020
1610612738,2020,00,Grant Williams,Grant,grant-williams,12,F,6-6,236,"NOV 30, 1998",22.0,1,Tennessee,1629684,,Boston Celtics,2020
1610612738,2020,00,Tristan Thompson,Tristan,tristan-thompson,13,C-F,6-9,254,"MAR 13, 1991",30.0,9,Texas-Austin,202684,,Boston Celtics,2020
1610612738,2020,00,Jabari Parker,Jabari,jabari-parker,20,F,6-8,245,"MAR 15, 1995",26.0,6,Duke,203953,,Boston Celtics,2020
1610612738,2020,00,Aaron Nesmith,Aaron,aaron-nesmith,26,G-F,6-5,215,"OCT 16, 1999",21.0,R,Vanderbilt,1630174,,Boston Celtics,2020
1610612738,2020,00,Marcus Smart,Marcus,marcus-smart,36,G,6-3,220,"MAR 06, 1994",27.0,6,Oklahoma State,203935,,Boston Celtics,2020
1610612738,2020,00,Semi Ojeleye,Semi,semi-ojeleye,37,F,6-6,240,"DEC 05, 1994",26.0,3,Southern Methodist,1628400,,Boston Celtics,2020
1610612738,2020,00,Luke Kornet,Luke,luke-kornet,40,F-C,7-2,250,"JUL 15, 1995",25.0,3,Vanderbilt,1628436,,Boston Celtics,2020
1610612738,2020,00,Al Horford,Al,al-horford,42,C-F,6-9,240,"JUN 03, 1986",35.0,13,Florida,201143,,Boston Celtics,2020
1610612738,2020,00,Robert Williams III,Robert,robert-williams-iii,44,C-F,6-8,237,"OCT 17, 1997",23.0,2,Texas A&M,1629057,,Boston Celtics,2020
1610612738,2020,00,Romeo Langford,Romeo,romeo-langford,45,G-F,6-4,216,"OCT 25, 1999",21.0,1,Indiana,1629641,,Boston Celtics,2020
1610612738,2020,00,Tremont Waters,Tremont,tremont-waters,51,G,5-10,175,"JAN 10, 1998",23.0,1,Louisiana State,1629682,,Boston Celtics,2020
1610612738,2020,00,Evan Fournier,Evan,evan-fournier,94,G-F,6-7,205,"OCT 29, 1992",28.0,8,Poitiers Basket 86,203095,,Boston Celtics,2020
1610612738,2020,00,Tacko Fall,Tacko,tacko-fall,99,C,7-5,311,"DEC 10, 1995",25.0,1,UCF,1629605,,Boston Celtics,2020
1610612738,2021,00,Matt Ryan,Matt,matt-ryan,,F,6-7,215,"APR 17, 1997",25.0,R,Tennessee-Chattanooga,1630346,,Boston Celtics,2021
1610612738,2021,00,Jayson Tatum,Jayson,jayson-tatum,0,F-G,6-8,210,"MAR 03, 1998",24.0,4,Duke,1628369,#3 Pick in 2017 Draft,Boston Celtics,2021
1610612738,2021,00,Jaylen Brown,Jaylen,jaylen-brown,7,G-F,6-6,223,"OCT 24, 1996",25.0,5,California,1627759,#3 Pick in 2016 Draft,Boston Celtics,2021
1610612738,2021,00,Malik Fitts,Malik,malik-fitts,8,F,6-5,230,"JUL 04, 1997",24.0,1,St. Mary's College,1630238,,Boston Celtics,2021
1610612738,2021,00,Derrick White,Derrick,derrick-white,9,G,6-4,190,"JUL 02, 1994",27.0,4,Colorado,1628401,Traded from SAS on 02/10/22,Boston Celtics,2021
1610612738,2021,00,Payton Pritchard,Payton,payton-pritchard,11,G,6-1,195,"JAN 28, 1998",24.0,1,Oregon,1630202,#26 Pick in 2020 Draft,Boston Celtics,2021
1610612738,2021,00,Grant Williams,Grant,grant-williams,12,F,6-6,236,"NOV 30, 1998",23.0,2,Tennessee,1629684,,Boston Celtics,2021
1610612738,2021,00,Nik Stauskas,Nik,nik-stauskas,13,G,6-6,207,"OCT 07, 1993",28.0,5,Michigan,203917,,Boston Celtics,2021
1610612738,2021,00,Juwan Morgan,Juwan,juwan-morgan,16,F,6-7,232,"APR 17, 1997",25.0,2,Indiana,1629752,,Boston Celtics,2021
1610612738,2021,00,Aaron Nesmith,Aaron,aaron-nesmith,26,G-F,6-5,215,"OCT 16, 1999",22.0,1,Vanderbilt,1630174,,Boston Celtics,2021
1610612738,2021,00,Daniel Theis,Daniel,daniel-theis,27,F-C,6-9,245,"APR 04, 1992",30.0,4,Brose Bamberg,1628464,,Boston Celtics,2021
1610612738,2021,00,Sam Hauser,Sam,sam-hauser,30,F,6-7,217,"DEC 08, 1997",24.0,R,Virginia,1630573,Signed on 08/13/21,Boston Celtics,2021
1610612738,2021,00,Marcus Smart,Marcus,marcus-smart,36,G,6-4,220,"MAR 06, 1994",28.0,7,Oklahoma State,203935,,Boston Celtics,2021
1610612738,2021,00,Luke Kornet,Luke,luke-kornet,40,C-F,7-2,250,"JUL 15, 1995",26.0,4,Vanderbilt,1628436,,Boston Celtics,2021
1610612738,2021,00,Al Horford,Al,al-horford,42,C-F,6-9,240,"JUN 03, 1986",36.0,14,Florida,201143,,Boston Celtics,2021
1610612738,2021,00,Robert Williams III,Robert,robert-williams-iii,44,C-F,6-9,237,"OCT 17, 1997",24.0,3,Texas A&M,1629057,,Boston Celtics,2021
1610612738,2021,00,Brodric Thomas,Brodric,brodric-thomas,97,G,6-5,185,"JAN 28, 1997",25.0,1,Truman State,1630271,,Boston Celtics,2021
1610612738,2022,00,Jayson Tatum,Jayson,jayson-tatum,0,F-G,6-8,210,"MAR 03, 1998",25.0,5,Duke,1628369,#3 Pick in 2017 Draft,Boston Celtics,2022
1610612738,2022,00,Jaylen Brown,Jaylen,jaylen-brown,7,G-F,6-6,223,"OCT 24, 1996",26.0,6,California,1627759,#3 Pick in 2016 Draft,Boston Celtics,2022
1610612738,2022,00,Danilo Gallinari,Danilo,danilo-gallinari,8,F,6-10,236,"AUG 08, 1988",34.0,13,Olimpia Milano,201568,,Boston Celtics,2022
1610612738,2022,00,Derrick White,Derrick,derrick-white,9,G,6-4,190,"JUL 02, 1994",28.0,5,Colorado,1628401,Traded from SAS on 02/10/22,Boston Celtics,2022
1610612738,2022,00,Payton Pritchard,Payton,payton-pritchard,11,G,6-1,195,"JAN 28, 1998",25.0,2,Oregon,1630202,#26 Pick in 2020 Draft,Boston Celtics,2022
1610612738,2022,00,Grant Williams,Grant,grant-williams,12,F,6-6,236,"NOV 30, 1998",24.0,3,Tennessee,1629684,,Boston Celtics,2022
1610612738,2022,00,Malcolm Brogdon,Malcolm,malcolm-brogdon,13,G,6-4,229,"DEC 11, 1992",30.0,6,Virginia,1627763,,Boston Celtics,2022
1610612738,2022,00,JD Davison,JD,jd-davison,20,G,6-1,195,"OCT 03, 2002",20.0,R,Alabama,1631120,,Boston Celtics,2022
1610612738,2022,00,Mfiondu Kabengele,Mfiondu,mfiondu-kabengele,28,C,6-10,250,"AUG 14, 1997",25.0,2,Florida State,1629662,,Boston Celtics,2022
1610612738,2022,00,Sam Hauser,Sam,sam-hauser,30,F,6-7,217,"DEC 08, 1997",25.0,1,Virginia,1630573,Signed on 08/13/21,Boston Celtics,2022
1610612738,2022,00,Marcus Smart,Marcus,marcus-smart,36,G,6-4,220,"MAR 06, 1994",29.0,8,Oklahoma State,203935,,Boston Celtics,2022
1610612738,2022,00,Luke Kornet,Luke,luke-kornet,40,C-F,7-2,250,"JUL 15, 1995",27.0,5,Vanderbilt,1628436,,Boston Celtics,2022
1610612738,2022,00,Al Horford,Al,al-horford,42,C-F,6-9,240,"JUN 03, 1986",37.0,15,Florida,201143,,Boston Celtics,2022
1610612738,2022,00,Robert Williams III,Robert,robert-williams-iii,44,C-F,6-9,237,"OCT 17, 1997",25.0,4,Texas A&M,1629057,,Boston Celtics,2022
1610612738,2022,00,Mike Muscala,Mike,mike-muscala,57,F-C,6-11,240,"JUL 01, 1991",31.0,9,Bucknell,203488,,Boston Celtics,2022
1610612738,2022,00,Blake Griffin,Blake,blake-griffin,91,F,6-9,250,"MAR 16, 1989",34.0,12,Oklahoma,201933,,Boston Celtics,2022
1610612738,2022,00,Justin Champagnie,Justin,justin-champagnie,99,G-F,6-6,206,"JUN 29, 2001",22.0,1,Pittsburgh,1630551,,Boston Celtics,2022
1610612738,2023,00,Jayson Tatum,Jayson,jayson-tatum,0,F-G,6-8,210,"MAR 03, 1998",26.0,6,Duke,1628369,#3 Pick in 2017 Draft,Boston Celtics,2023
1610612738,2023,00,Jrue Holiday,Jrue,jrue-holiday,4,G,6-4,205,"JUN 12, 1990",34.0,14,UCLA,201950,,Boston Celtics,2023
1610612738,2023,00,Jaylen Brown,Jaylen,jaylen-brown,7,G-F,6-6,223,"OCT 24, 1996",27.0,7,California,1627759,#3 Pick in 2016 Draft,Boston Celtics,2023
1610612738,2023,00,Kristaps Porziņģis,Kristaps,kristaps-porziņģis,8,F-C,7-2,240,"AUG 02, 1995",28.0,8,Cajasol Sevilla,204001,,Boston Celtics,2023
1610612738,2023,00,Derrick White,Derrick,derrick-white,9,G,6-4,190,"JUL 02, 1994",29.0,6,Colorado,1628401,Traded from SAS on 02/10/22,Boston Celtics,2023
1610612738,2023,00,Payton Pritchard,Payton,payton-pritchard,11,G,6-1,195,"JAN 28, 1998",26.0,3,Oregon,1630202,#26 Pick in 2020 Draft,Boston Celtics,2023
1610612738,2023,00,Oshae Brissett,Oshae,oshae-brissett,12,F-G,6-7,210,"JUN 20, 1998",26.0,4,Syracuse,1629052,,Boston Celtics,2023
1610612738,2023,00,Drew Peterson,Drew,drew-peterson,13,F,6-9,205,"NOV 09, 1999",24.0,R,Southern California,1641809,,Boston Celtics,2023
1610612738,2023,00,JD Davison,JD,jd-davison,20,G,6-1,195,"OCT 03, 2002",21.0,1,Alabama,1631120,,Boston Celtics,2023
1610612738,2023,00,Xavier Tillman,Xavier,xavier-tillman,26,F,6-7,245,"JAN 12, 1999",25.0,3,Michigan State,1630214,Traded from MEM on 02/07/24,Boston Celtics,2023
1610612738,2023,00,Jordan Walsh,Jordan,jordan-walsh,27,G,6-6,205,"MAR 03, 2004",20.0,R,Arkansas,1641775,Draft Rights Traded from SAC on 06/28/23,Boston Celtics,2023
1610612738,2023,00,Sam Hauser,Sam,sam-hauser,30,F,6-7,217,"DEC 08, 1997",26.0,2,Virginia,1630573,Signed on 08/13/21,Boston Celtics,2023
1610612738,2023,00,Luke Kornet,Luke,luke-kornet,40,C-F,7-1,250,"JUL 15, 1995",28.0,6,Vanderbilt,1628436,,Boston Celtics,2023
1610612738,2023,00,Al Horford,Al,al-horford,42,C-F,6-9,240,"JUN 03, 1986",38.0,16,Florida,201143,,Boston Celtics,2023
1610612738,2023,00,Jaden Springer,Jaden,jaden-springer,44,G,6-4,202,"SEP 25, 2002",21.0,2,Tennessee,1630531,,Boston Celtics,2023
1610612738,2023,00,Svi Mykhailiuk,Svi,svi-mykhailiuk,50,G-F,6-7,205,"JUN 10, 1997",27.0,5,Kansas,1629004,,Boston Celtics,2023
1610612738,2023,00,Neemias Queta,Neemias,neemias-queta,88,C,7-0,248,"JUL 13, 1999",24.0,2,Utah State,1629674,Signed on 09/19/23,Boston Celtics,2023
1610612738,2024,00,Jayson Tatum,Jayson,jayson-tatum,0,F-G,6-8,210,"MAR 03, 1998",27.0,7,Duke,1628369,#3 Pick in 2017 Draft,Boston Celtics,2024
1610612738,2024,00,Miles Norris,Miles,miles-norris,0,F,6-7,220,"APR 15, 2000",25.0,R,Cal-Santa Barbara,1641936,,Boston Celtics,2024
1610612738,2024,00,Jrue Holiday,Jrue,jrue-holiday,4,G,6-4,205,"JUN 12, 1990",35.0,15,UCLA,201950,,Boston Celtics,2024
1610612738,2024,00,Jaylen Brown,Jaylen,jaylen-brown,7,G-F,6-6,223,"OCT 24, 1996",28.0,8,California,1627759,#3 Pick in 2016 Draft,Boston Celtics,2024
1610612738,2024,00,Kristaps Porziņģis,Kristaps,kristaps-porziņģis,8,F-C,7-2,240,"AUG 02, 1995",29.0,9,Cajasol Sevilla,204001,,Boston Celtics,2024
1610612738,2024,00,Derrick White,Derrick,derrick-white,9,G,6-4,190,"JUL 02, 1994",30.0,7,Colorado,1628401,Traded from SAS on 02/10/22,Boston Celtics,2024
1610612738,2024,00,Payton Pritchard,Payton,payton-pritchard,11,G,6-1,195,"JAN 28, 1998",27.0,4,Oregon,1630202,#26 Pick in 2020 Draft,Boston Celtics,2024
1610612738,2024,00,Torrey Craig,Torrey,torrey-craig,12,F,6-5,221,"DEC 19, 1990",34.0,7,South Carolina Upstate,1628470,,Boston Celtics,2024
1610612738,2024,00,Drew Peterson,Drew,drew-peterson,13,F,6-9,205,"NOV 09, 1999",25.0,1,Southern California,1641809,,Boston Celtics,2024
1610612738,2024,00,JD Davison,JD,jd-davison,20,G,6-1,195,"OCT 03, 2002",22.0,2,Alabama,1631120,,Boston Celtics,2024
1610612738,2024,00,Xavier Tillman,Xavier,xavier-tillman,26,F,6-7,245,"JAN 12, 1999",26.0,4,Michigan State,1630214,Traded from MEM on 02/07/24,Boston Celtics,2024
1610612738,2024,00,Jordan Walsh,Jordan,jordan-walsh,27,G,6-6,205,"MAR 03, 2004",21.0,1,Arkansas,1641775,Draft Rights Traded from SAC on 06/28/23,Boston Celtics,2024
1610612738,2024,00,Sam Hauser,Sam,sam-hauser,30,F,6-7,217,"DEC 08, 1997",27.0,3,Virginia,1630573,Signed on 08/13/21,Boston Celtics,2024
1610612738,2024,00,Luke Kornet,Luke,luke-kornet,40,C-F,7-1,250,"JUL 15, 1995",29.0,7,Vanderbilt,1628436,,Boston Celtics,2024
1610612738,2024,00,Al Horford,Al,al-horford,42,C-F,6-9,240,"JUN 03, 1986",39.0,17,Florida,201143,,Boston Celtics,2024
1610612738,2024,00,Baylor Scheierman,Baylor,baylor-scheierman,55,G,6-6,205,"SEP 26, 2000",24.0,R,Creighton,1631248,#30 Pick in 2024 Draft,Boston Celtics,2024
1610612738,2024,00,Neemias Queta,Neemias,neemias-queta,88,C,7-0,248,"JUL 13, 1999",25.0,3,Utah State,1629674,Signed on 09/19/23,Boston Celtics,2024
1610612738,2025,00,RJ Luis Jr.,RJ,rj-luis-jr,,F,6-6,215,"NOV 27, 2002",22.0,R,St. John's,1642961,,Boston Celtics,2025
1610612738,2025,00,Jayson Tatum,Jayson,jayson-tatum,0,F-G,6-8,210,"MAR 03, 1998",27.0,8,Duke,1628369,#3 Pick in 2017 Draft,Boston Celtics,2025
1610612738,2025,00,Anfernee Simons,Anfernee,anfernee-simons,4,G,6-3,200,"JUN 08, 1999",26.0,7,Edgewater HS (FL),1629014,Traded from POR on 07/07/25,Boston Celtics,2025
1610612738,2025,00,Jaylen Brown,Jaylen,jaylen-brown,7,G-F,6-6,223,"OCT 24, 1996",28.0,9,California,1627759,#3 Pick in 2016 Draft,Boston Celtics,2025
1610612738,2025,00,Josh Minott,Josh,josh-minott,8,F,6-8,205,"NOV 25, 2002",22.0,3,Memphis,1631169,Signed on 07/07/25,Boston Celtics,2025
1610612738,2025,00,Wendell Moore Jr.,Wendell,wendell-moore-jr,9,G,6-5,215,"SEP 18, 2001",24.0,3,Duke,1631111,Signed on 09/26/25,Boston Celtics,2025
1610612738,2025,00,Derrick White,Derrick,derrick-white,9,G,6-4,190,"JUL 02, 1994",31.0,8,Colorado,1628401,Traded from SAS on 02/10/22,Boston Celtics,2025
1610612738,2025,00,Kendall Brown,Kendall,kendall-brown,10,G,6-6,205,"MAY 11, 2003",22.0,2,Baylor,1631112,Signed on 09/19/25,Boston Celtics,2025
1610612738,2025,00,Payton Pritchard,Payton,payton-pritchard,11,G,6-1,195,"JAN 28, 1998",27.0,5,Oregon,1630202,#26 Pick in 2020 Draft,Boston Celtics,2025
1610612738,2025,00,Ron Harper Jr.,Ron,ron-harper-jr,13,G-F,6-5,233,"APR 12, 2000",25.0,3,Rutgers,1631199,Signed on 09/19/25,Boston Celtics,2025
1610612738,2025,00,Jalen Bridges,Jalen,jalen-bridges,15,F,6-7,225,"MAY 14, 2001",24.0,1,Baylor,1641779,Signed on 09/19/25,Boston Celtics,2025
1610612738,2025,00,Chris Boucher,Chris,chris-boucher,25,F,6-8,200,"JAN 11, 1993",32.0,8,Oregon,1628449,Signed on 08/10/25,Boston Celtics,2025
1610612738,2025,00,Xavier Tillman,Xavier,xavier-tillman,26,F,6-8,245,"JAN 12, 1999",26.0,5,Michigan State,1630214,Traded from MEM on 02/07/24,Boston Celtics,2025
1610612738,2025,00,Jordan Walsh,Jordan,jordan-walsh,27,G,6-6,205,"MAR 03, 2004",21.0,2,Arkansas,1641775,Draft Rights Traded from SAC on 06/28/23,Boston Celtics,2025
1610612738,2025,00,Hugo González,Hugo,hugo-gonzález,28,G,6-6,200,"FEB 05, 2006",19.0,R,,1642864,#28 Pick in 2025 Draft,Boston Celtics,2025
1610612738,2025,00,Max Shulga,Max,max-shulga,29,G,6-4,210,"JUN 25, 2002",23.0,R,Virginia Commonwealth,1642917,Draft Rights Traded from ORL on 06/26/25,Boston Celtics,2025
1610612738,2025,00,Sam Hauser,Sam,sam-hauser,30,F,6-7,217,"DEC 08, 1997",27.0,4,Virginia,1630573,Signed on 08/13/21,Boston Celtics,2025
1610612738,2025,00,Luka Garza,Luka,luka-garza,52,C,6-10,243,"DEC 27, 1998",26.0,4,Iowa,1630568,Signed on 07/07/25,Boston Celtics,2025
1610612738,2025,00,Baylor Scheierman,Baylor,baylor-scheierman,55,G,6-6,205,"SEP 26, 2000",25.0,1,Creighton,1631248,#30 Pick in 2024 Draft,Boston Celtics,2025
1610612738,2025,00,Amari Williams,Amari,amari-williams,77,F-C,6-11,250,"JAN 28, 2002",23.0,R,Kentucky,1642873,Draft Rights Traded from ORL on 06/26/25,Boston Celtics,2025
1610612738,2025,00,Neemias Queta,Neemias,neemias-queta,88,C,7-0,248,"JUL 13, 1999",26.0,4,Utah State,1629674,Signed on 09/19/23,Boston Celtics,2025
1610612739,2015,00,Kevin Love,Kevin,kevin-love,0,F,6-10,251,"SEP 07, 1988",27.0,7,UCLA,201567,,Cleveland Cavaliers,2015
1610612739,2015,00,James Jones,James,james-jones,1,G-F,6-8,218,"OCT 04, 1980",35.0,12,Miami,2592,,Cleveland Cavaliers,2015
1610612739,2015,00,Kyrie Irving,Kyrie,kyrie-irving,2,G,6-3,193,"MAR 23, 1992",24.0,4,Duke,202681,,Cleveland Cavaliers,2015
1610612739,2015,00,Iman Shumpert,Iman,iman-shumpert,4,G,6-5,220,"JUN 26, 1990",26.0,4,Georgia Tech,202697,,Cleveland Cavaliers,2015
1610612739,2015,00,JR Smith,JR,jr-smith,5,G-F,6-6,225,"SEP 09, 1985",30.0,11,No College,2747,,Cleveland Cavaliers,2015
1610612739,2015,00,Matthew Dellavedova,Matthew,matthew-dellavedova,8,G,6-4,198,"SEP 08, 1990",25.0,2,Saint Mary's,203521,,Cleveland Cavaliers,2015
1610612739,2015,00,Channing Frye,Channing,channing-frye,9,F,6-11,255,"MAY 17, 1983",33.0,9,Arizona,101112,,Cleveland Cavaliers,2015
1610612739,2015,00,Jordan McRae,Jordan,jordan-mcrae,12,G,6-5,179,"MAR 28, 1991",25.0,R,Tennessee,203895,,Cleveland Cavaliers,2015
1610612739,2015,00,Tristan Thompson,Tristan,tristan-thompson,13,C-F,6-9,238,"MAR 13, 1991",25.0,4,Texas-Austin,202684,,Cleveland Cavaliers,2015
1610612739,2015,00,Sasha Kaun,Sasha,sasha-kaun,14,C,6-11,260,"MAY 08, 1985",31.0,R,Kansas,201619,,Cleveland Cavaliers,2015
1610612739,2015,00,Timofey Mozgov,Timofey,timofey-mozgov,20,C,7-1,275,"JUL 16, 1986",29.0,5,Khimki,202389,,Cleveland Cavaliers,2015
1610612739,2015,00,LeBron James,LeBron,lebron-james,23,F,6-8,250,"DEC 30, 1984",31.0,12,St. Vincent-St. Mary HS (OH),2544,,Cleveland Cavaliers,2015
1610612739,2015,00,Richard Jefferson,Richard,richard-jefferson,24,F,6-7,233,"JUN 21, 1980",36.0,14,Arizona,2210,,Cleveland Cavaliers,2015
1610612739,2015,00,Dahntay Jones,Dahntay,dahntay-jones,30,G-F,6-6,225,"DEC 27, 1980",35.0,11,Duke,2563,,Cleveland Cavaliers,2015
1610612739,2015,00,Mo Williams,Mo,mo-williams,52,G,6-1,198,"DEC 19, 1982",33.0,12,Alabama,2590,,Cleveland Cavaliers,2015
1610612739,2016,00,Kevin Love,Kevin,kevin-love,0,F,6-10,251,"SEP 07, 1988",28.0,8,UCLA,201567,,Cleveland Cavaliers,2016
1610612739,2016,00,James Jones,James,james-jones,1,G-F,6-8,218,"OCT 04, 1980",36.0,13,Miami,2592,,Cleveland Cavaliers,2016
1610612739,2016,00,Kyrie Irving,Kyrie,kyrie-irving,2,G,6-3,193,"MAR 23, 1992",25.0,5,Duke,202681,,Cleveland Cavaliers,2016
1610612739,2016,00,Derrick Williams,Derrick,derrick-williams,3,F,6-8,240,"MAY 25, 1991",26.0,5,Arizona,202682,,Cleveland Cavaliers,2016
1610612739,2016,00,Iman Shumpert,Iman,iman-shumpert,4,G,6-5,220,"JUN 26, 1990",27.0,5,Georgia Tech,202697,,Cleveland Cavaliers,2016
1610612739,2016,00,JR Smith,JR,jr-smith,5,G,6-6,225,"SEP 09, 1985",31.0,12,No College,2747,,Cleveland Cavaliers,2016
1610612739,2016,00,Channing Frye,Channing,channing-frye,8,F,6-11,255,"MAY 17, 1983",34.0,10,Arizona,101112,,Cleveland Cavaliers,2016
1610612739,2016,00,Tristan Thompson,Tristan,tristan-thompson,13,C,6-9,238,"MAR 13, 1991",26.0,5,Texas-Austin,202684,,Cleveland Cavaliers,2016
1610612739,2016,00,Kay Felder,Kay,kay-felder,20,G,5-9,176,"MAR 29, 1995",22.0,R,Oakland,1627770,,Cleveland Cavaliers,2016
1610612739,2016,00,LeBron James,LeBron,lebron-james,23,F,6-8,250,"DEC 30, 1984",32.0,13,St. Vincent-St. Mary HS (OH),2544,,Cleveland Cavaliers,2016
1610612739,2016,00,Richard Jefferson,Richard,richard-jefferson,24,F,6-7,233,"JUN 21, 1980",37.0,15,Arizona,2210,,Cleveland Cavaliers,2016
1610612739,2016,00,Kyle Korver,Kyle,kyle-korver,26,G,6-7,212,"MAR 17, 1981",36.0,13,Creighton,2594,,Cleveland Cavaliers,2016
1610612739,2016,00,Dahntay Jones,Dahntay,dahntay-jones,30,G-F,6-6,225,"DEC 27, 1980",36.0,12,Duke,2563,,Cleveland Cavaliers,2016
1610612739,2016,00,Deron Williams,Deron,deron-williams,31,G,6-3,200,"JUN 26, 1984",33.0,11,Illinois,101114,,Cleveland Cavaliers,2016
1610612739,2016,00,Edy Tavares,Edy,edy-tavares,40,C,7-3,265,"MAR 22, 1992",25.0,1,Gran Canaria,204002,,Cleveland Cavaliers,2016
1610612739,2017,00,Kevin Love,Kevin,kevin-love,0,C-F,6-10,251,"SEP 07, 1988",29.0,9,UCLA,201567,,Cleveland Cavaliers,2017
1610612739,2017,00,Rodney Hood,Rodney,rodney-hood,1,G,6-8,206,"OCT 20, 1992",25.0,3,Duke,203918,,Cleveland Cavaliers,2017
1610612739,2017,00,George Hill,George,george-hill,3,G,6-3,188,"MAY 04, 1986",32.0,9,Indiana-Purdue Indianapolis,201588,,Cleveland Cavaliers,2017
1610612739,2017,00,JR Smith,JR,jr-smith,5,G-F,6-6,225,"SEP 09, 1985",32.0,13,No College,2747,,Cleveland Cavaliers,2017
1610612739,2017,00,Jordan Clarkson,Jordan,jordan-clarkson,8,G,6-5,194,"JUN 07, 1992",26.0,3,Missouri,203903,,Cleveland Cavaliers,2017
1610612739,2017,00,Tristan Thompson,Tristan,tristan-thompson,13,C-F,6-9,238,"MAR 13, 1991",27.0,6,Texas-Austin,202684,,Cleveland Cavaliers,2017
1610612739,2017,00,Okaro White,Okaro,okaro-white,15,F,6-8,215,"AUG 13, 1992",25.0,1,Florida State,1627855,,Cleveland Cavaliers,2017
1610612739,2017,00,Cedi Osman,Cedi,cedi-osman,16,F-G,6-8,215,"APR 08, 1995",23.0,R,Anadolu Efes,1626224,,Cleveland Cavaliers,2017
1610612739,2017,00,Kendrick Perkins,Kendrick,kendrick-perkins,21,C,6-10,270,"NOV 10, 1984",33.0,13,Clifton J. Ozen HS (TX),2570,,Cleveland Cavaliers,2017
1610612739,2017,00,Larry Nance Jr.,Larry,larry-nance-jr,22,F,6-9,230,"JAN 01, 1993",25.0,2,Wyoming,1626204,Signed on 07/06/25,Cleveland Cavaliers,2017
1610612739,2017,00,LeBron James,LeBron,lebron-james,23,F-G,6-8,250,"DEC 30, 1984",33.0,14,St. Vincent-St. Mary HS (OH),2544,,Cleveland Cavaliers,2017
1610612739,2017,00,Kyle Korver,Kyle,kyle-korver,26,G,6-7,212,"MAR 17, 1981",37.0,14,Creighton,2594,,Cleveland Cavaliers,2017
1610612739,2017,00,Jeff Green,Jeff,jeff-green,32,F,6-9,235,"AUG 28, 1986",31.0,10,Georgetown,201145,,Cleveland Cavaliers,2017
1610612739,2017,00,Ante Zizic,Ante,ante-zizic,41,F-C,6-11,250,"JAN 04, 1997",21.0,R,Darussafaka,1627790,,Cleveland Cavaliers,2017
1610612739,2017,00,Jose Calderon,Jose,jose-calderon,81,G,6-3,200,"SEP 28, 1981",36.0,12,Tau Ceramica,101181,,Cleveland Cavaliers,2017
1610612739,2018,00,Kevin Love,Kevin,kevin-love,0,F-C,6-10,251,"SEP 07, 1988",30.0,10,UCLA,201567,,Cleveland Cavaliers,2018
1610612739,2018,00,Nik Stauskas,Nik,nik-stauskas,1,G,6-6,205,"OCT 07, 1993",25.0,4,Michigan,203917,,Cleveland Cavaliers,2018
1610612739,2018,00,Collin Sexton,Collin,collin-sexton,2,G,6-2,190,"JAN 04, 1999",20.0,R,Alabama,1629012,,Cleveland Cavaliers,2018
1610612739,2018,00,Marquese Chriss,Marquese,marquese-chriss,3,F,6-10,240,"JUL 02, 1997",21.0,2,Washington,1627737,,Cleveland Cavaliers,2018
1610612739,2018,00,Jaron Blossomgame,Jaron,jaron-blossomgame,4,F,6-8,220,"SEP 16, 1993",25.0,R,Clemson,1628417,,Cleveland Cavaliers,2018
1610612739,2018,00,JR Smith,JR,jr-smith,5,G-F,6-6,225,"SEP 09, 1985",33.0,14,No College,2747,,Cleveland Cavaliers,2018
1610612739,2018,00,Jordan Clarkson,Jordan,jordan-clarkson,8,G,6-5,194,"JUN 07, 1992",27.0,4,Missouri,203903,,Cleveland Cavaliers,2018
1610612739,2018,00,Channing Frye,Channing,channing-frye,9,F-C,7-0,255,"MAY 17, 1983",36.0,12,Arizona,101112,,Cleveland Cavaliers,2018
1610612739,2018,00,David Nwaba,David,david-nwaba,12,G,6-4,219,"JAN 14, 1993",26.0,2,Cal Poly-Obispo,1628021,,Cleveland Cavaliers,2018
1610612739,2018,00,Tristan Thompson,Tristan,tristan-thompson,13,C-F,6-10,238,"MAR 13, 1991",28.0,7,Texas-Austin,202684,,Cleveland Cavaliers,2018
1610612739,2018,00,Cedi Osman,Cedi,cedi-osman,16,F,6-8,215,"APR 08, 1995",24.0,1,Anadolu Efes,1626224,,Cleveland Cavaliers,2018
1610612739,2018,00,Matthew Dellavedova,Matthew,matthew-dellavedova,18,G,6-4,200,"SEP 08, 1990",28.0,5,Saint Mary's,203521,,Cleveland Cavaliers,2018
1610612739,2018,00,Brandon Knight,Brandon,brandon-knight,20,G,6-3,195,"DEC 02, 1991",27.0,6,Kentucky,202688,,Cleveland Cavaliers,2018
1610612739,2018,00,Larry Nance Jr.,Larry,larry-nance-jr,22,F,6-9,230,"JAN 01, 1993",26.0,3,Wyoming,1626204,Signed on 07/06/25,Cleveland Cavaliers,2018
1610612739,2018,00,John Henson,John,john-henson,31,F,6-11,219,"DEC 28, 1990",28.0,6,North Carolina,203089,,Cleveland Cavaliers,2018
1610612739,2018,00,Deng Adel,Deng,deng-adel,32,F,6-7,200,"FEB 01, 1997",22.0,R,Louisville,1629061,,Cleveland Cavaliers,2018
1610612739,2018,00,Ante Zizic,Ante,ante-zizic,41,C,6-11,254,"JAN 04, 1997",22.0,1,Darussafaka,1627790,,Cleveland Cavaliers,2018
1610612739,2019,00,Kevin Love,Kevin,kevin-love,0,F-C,6-8,251,"SEP 07, 1988",31.0,11,UCLA,201567,,Cleveland Cavaliers,2019
1610612739,2019,00,Danté Exum,Danté,danté-exum,1,G,6-5,214,"JUL 13, 1995",24.0,6,Australian Institute of Sport,203957,,Cleveland Cavaliers,2019
1610612739,2019,00,Collin Sexton,Collin,collin-sexton,2,G,6-1,190,"JAN 04, 1999",21.0,1,Alabama,1629012,,Cleveland Cavaliers,2019
1610612739,2019,00,Andre Drummond,Andre,andre-drummond,3,C,6-10,279,"AUG 10, 1993",26.0,7,Connecticut,203083,,Cleveland Cavaliers,2019
1610612739,2019,00,Kevin Porter Jr.,Kevin,kevin-porter-jr,4,G-F,6-4,203,"MAY 04, 2000",20.0,R,Southern California,1629645,,Cleveland Cavaliers,2019
1610612739,2019,00,Jordan Bell,Jordan,jordan-bell,5,F,6-8,216,"JAN 07, 1995",25.0,2,Oregon,1628395,,Cleveland Cavaliers,2019
1610612739,2019,00,Dylan Windler,Dylan,dylan-windler,9,G-F,6-6,196,"SEP 22, 1996",23.0,R,Belmont,1629685,,Cleveland Cavaliers,2019
1610612739,2019,00,Darius Garland,Darius,darius-garland,10,G,6-1,192,"JAN 26, 2000",20.0,R,Vanderbilt,1629636,#5 Pick in 2019 Draft,Cleveland Cavaliers,2019
1610612739,2019,00,Tristan Thompson,Tristan,tristan-thompson,13,C-F,6-9,254,"MAR 13, 1991",29.0,8,Texas-Austin,202684,,Cleveland Cavaliers,2019
1610612739,2019,00,Cedi Osman,Cedi,cedi-osman,16,F,6-7,230,"APR 08, 1995",25.0,2,Anadolu Efes,1626224,,Cleveland Cavaliers,2019
1610612739,2019,00,Matthew Dellavedova,Matthew,matthew-dellavedova,18,G,6-3,200,"SEP 08, 1990",29.0,6,Saint Mary's,203521,,Cleveland Cavaliers,2019
1610612739,2019,00,Larry Nance Jr.,Larry,larry-nance-jr,22,F-C,6-7,245,"JAN 01, 1993",27.0,4,Wyoming,1626204,Signed on 07/06/25,Cleveland Cavaliers,2019
1610612739,2019,00,Alfonzo McKinnie,Alfonzo,alfonzo-mckinnie,28,F,6-7,215,"SEP 17, 1992",27.0,2,Wisc.-Green Bay,1628035,,Cleveland Cavaliers,2019
1610612739,2019,00,Matt Mooney,Matt,matt-mooney,31,G,6-2,199,"FEB 07, 1995",25.0,R,Texas Tech,1629760,,Cleveland Cavaliers,2019
1610612739,2019,00,Dean Wade,Dean,dean-wade,32,F-C,6-9,228,"NOV 20, 1996",23.0,R,Kansas State,1629731,Signed on 07/01/19,Cleveland Cavaliers,2019
1610612739,2019,00,Ante Zizic,Ante,ante-zizic,41,C,6-10,266,"JAN 04, 1997",23.0,2,Darussafaka,1627790,,Cleveland Cavaliers,2019
1610612739,2020,00,Kevin Love,Kevin,kevin-love,0,F-C,6-8,251,"SEP 07, 1988",32.0,12,UCLA,201567,,Cleveland Cavaliers,2020
1610612739,2020,00,Collin Sexton,Collin,collin-sexton,2,G,6-1,190,"JAN 04, 1999",22.0,2,Alabama,1629012,,Cleveland Cavaliers,2020
1610612739,2020,00,Jeremiah Martin,Jeremiah,jeremiah-martin,3,G,6-2,185,"JUN 19, 1996",25.0,1,Memphis,1629725,,Cleveland Cavaliers,2020
1610612739,2020,00,Lamar Stevens,Lamar,lamar-stevens,8,F,6-6,230,"JUL 09, 1997",23.0,R,Penn State,1630205,,Cleveland Cavaliers,2020
1610612739,2020,00,Dylan Windler,Dylan,dylan-windler,9,G-F,6-6,196,"SEP 22, 1996",24.0,R,Belmont,1629685,,Cleveland Cavaliers,2020
1610612739,2020,00,Darius Garland,Darius,darius-garland,10,G,6-1,192,"JAN 26, 2000",21.0,1,Vanderbilt,1629636,#5 Pick in 2019 Draft,Cleveland Cavaliers,2020
1610612739,2020,00,Taurean Prince,Taurean,taurean-prince,12,F,6-7,218,"MAR 22, 1994",27.0,4,Baylor,1627752,,Cleveland Cavaliers,2020
1610612739,2020,00,Cedi Osman,Cedi,cedi-osman,16,F,6-7,230,"APR 08, 1995",26.0,3,Anadolu Efes,1626224,,Cleveland Cavaliers,2020
1610612739,2020,00,Matthew Dellavedova,Matthew,matthew-dellavedova,18,G,6-3,200,"SEP 08, 1990",30.0,7,Saint Mary's,203521,,Cleveland Cavaliers,2020
1610612739,2020,00,Damyean Dotson,Damyean,damyean-dotson,21,G,6-5,210,"MAY 06, 1994",27.0,3,Houston,1628422,,Cleveland Cavaliers,2020
1610612739,2020,00,Larry Nance Jr.,Larry,larry-nance-jr,22,F-C,6-7,245,"JAN 01, 1993",28.0,5,Wyoming,1626204,Signed on 07/06/25,Cleveland Cavaliers,2020
1610612739,2020,00,Mfiondu Kabengele,Mfiondu,mfiondu-kabengele,27,F-C,6-9,250,"AUG 14, 1997",23.0,1,Florida State,1629662,,Cleveland Cavaliers,2020
1610612739,2020,00,Jarrett Allen,Jarrett,jarrett-allen,31,C,6-11,243,"APR 21, 1998",23.0,3,Texas,1628386,Traded from BKN on 01/16/21,Cleveland Cavaliers,2020
1610612739,2020,00,Dean Wade,Dean,dean-wade,32,F-C,6-9,228,"NOV 20, 1996",24.0,1,Kansas State,1629731,Signed on 07/01/19,Cleveland Cavaliers,2020
1610612739,2020,00,Brodric Thomas,Brodric,brodric-thomas,33,G,6-5,185,"JAN 28, 1997",24.0,R,Truman State,1630271,,Cleveland Cavaliers,2020
1610612739,2020,00,Isaac Okoro,Isaac,isaac-okoro,35,F-G,6-5,225,"JAN 26, 2001",20.0,R,Auburn,1630171,,Cleveland Cavaliers,2020
1610612739,2020,00,Isaiah Hartenstein,Isaiah,isaiah-hartenstein,55,C-F,7-0,250,"MAY 05, 1998",23.0,2,Zalgiris,1628392,,Cleveland Cavaliers,2020
1610612739,2021,00,Kevin Love,Kevin,kevin-love,0,F-C,6-8,251,"SEP 07, 1988",33.0,13,UCLA,201567,,Cleveland Cavaliers,2021
1610612739,2021,00,Brandon Goodwin,Brandon,brandon-goodwin,00,G,6-0,180,"OCT 02, 1995",26.0,3,Florida Gulf Coast,1629164,,Cleveland Cavaliers,2021
1610612739,2021,00,Rajon Rondo,Rajon,rajon-rondo,1,G,6-1,180,"FEB 22, 1986",36.0,15,Kentucky,200765,,Cleveland Cavaliers,2021
1610612739,2021,00,Collin Sexton,Collin,collin-sexton,2,G,6-1,190,"JAN 04, 1999",23.0,3,Alabama,1629012,,Cleveland Cavaliers,2021
1610612739,2021,00,Caris LeVert,Caris,caris-levert,3,G,6-6,205,"AUG 25, 1994",27.0,5,Michigan,1627747,,Cleveland Cavaliers,2021
1610612739,2021,00,Evan Mobley,Evan,evan-mobley,4,C,6-11,215,"JUN 18, 2001",21.0,R,Southern California,1630596,#3 Pick in 2021 Draft,Cleveland Cavaliers,2021
1610612739,2021,00,Ruben Nembhard Jr.,Ruben,ruben-nembhard-jr,5,G,6-4,200,"MAR 22, 1999",23.0,R,Texas Christian,1630612,,Cleveland Cavaliers,2021
1610612739,2021,00,Moses Brown,Moses,moses-brown,6,C,7-2,245,"OCT 13, 1999",22.0,2,UCLA,1629650,,Cleveland Cavaliers,2021
1610612739,2021,00,Lamar Stevens,Lamar,lamar-stevens,8,F,6-6,230,"JUL 09, 1997",24.0,1,Penn State,1630205,,Cleveland Cavaliers,2021
1610612739,2021,00,Dylan Windler,Dylan,dylan-windler,9,G-F,6-6,196,"SEP 22, 1996",25.0,1,Belmont,1629685,,Cleveland Cavaliers,2021
1610612739,2021,00,Darius Garland,Darius,darius-garland,10,G,6-1,192,"JAN 26, 2000",22.0,2,Vanderbilt,1629636,#5 Pick in 2019 Draft,Cleveland Cavaliers,2021
1610612739,2021,00,Cedi Osman,Cedi,cedi-osman,16,F,6-7,230,"APR 08, 1995",27.0,4,Anadolu Efes,1626224,,Cleveland Cavaliers,2021
1610612739,2021,00,Ed Davis,Ed,ed-davis,21,C-F,6-9,218,"JUN 05, 1989",33.0,11,North Carolina,202334,,Cleveland Cavaliers,2021
1610612739,2021,00,Lauri Markkanen,Lauri,lauri-markkanen,24,F-C,6-11,240,"MAY 22, 1997",25.0,4,Arizona,1628374,,Cleveland Cavaliers,2021
1610612739,2021,00,Jarrett Allen,Jarrett,jarrett-allen,31,C,6-10,243,"APR 21, 1998",24.0,4,Texas,1628386,Traded from BKN on 01/16/21,Cleveland Cavaliers,2021
1610612739,2021,00,Dean Wade,Dean,dean-wade,32,F-C,6-9,228,"NOV 20, 1996",25.0,2,Kansas State,1629731,Signed on 07/01/19,Cleveland Cavaliers,2021
1610612739,2021,00,Isaac Okoro,Isaac,isaac-okoro,35,F-G,6-5,225,"JAN 26, 2001",21.0,1,Auburn,1630171,,Cleveland Cavaliers,2021
1610612739,2022,00,Caris LeVert,Caris,caris-levert,3,G,6-6,205,"AUG 25, 1994",28.0,6,Michigan,1627747,,Cleveland Cavaliers,2022
1610612739,2022,00,Evan Mobley,Evan,evan-mobley,4,C,6-11,215,"JUN 18, 2001",22.0,1,Southern California,1630596,#3 Pick in 2021 Draft,Cleveland Cavaliers,2022
1610612739,2022,00,Lamar Stevens,Lamar,lamar-stevens,8,F,6-6,230,"JUL 09, 1997",25.0,2,Penn State,1630205,,Cleveland Cavaliers,2022
1610612739,2022,00,Dylan Windler,Dylan,dylan-windler,9,G-F,6-7,196,"SEP 22, 1996",26.0,2,Belmont,1629685,,Cleveland Cavaliers,2022
1610612739,2022,00,Darius Garland,Darius,darius-garland,10,G,6-1,192,"JAN 26, 2000",23.0,3,Vanderbilt,1629636,#5 Pick in 2019 Draft,Cleveland Cavaliers,2022
1610612739,2022,00,Ricky Rubio,Ricky,ricky-rubio,13,G,6-2,190,"OCT 21, 1990",32.0,11,FC Barcelona,201937,,Cleveland Cavaliers,2022
1610612739,2022,00,Danny Green,Danny,danny-green,14,G,6-6,215,"JUN 22, 1987",36.0,13,North Carolina,201980,,Cleveland Cavaliers,2022
1610612739,2022,00,Isaiah Mobley,Isaiah,isaiah-mobley,15,F,6-8,238,"SEP 24, 1999",23.0,R,USC,1630600,,Cleveland Cavaliers,2022
1610612739,2022,00,Cedi Osman,Cedi,cedi-osman,16,F,6-7,230,"APR 08, 1995",28.0,5,Anadolu Efes,1626224,,Cleveland Cavaliers,2022
1610612739,2022,00,Raul Neto,Raul,raul-neto,19,G,6-2,180,"MAY 19, 1992",31.0,7,Murcia,203526,,Cleveland Cavaliers,2022
1610612739,2022,00,Sam Merrill,Sam,sam-merrill,20,G,6-4,205,"MAY 15, 1996",27.0,2,Utah State,1630241,Signed on 03/03/23,Cleveland Cavaliers,2022
1610612739,2022,00,Mamadi Diakite,Mamadi,mamadi-diakite,21,F,6-9,228,"JAN 21, 1997",26.0,2,Virginia,1629603,,Cleveland Cavaliers,2022
1610612739,2022,00,Jarrett Allen,Jarrett,jarrett-allen,31,C,6-9,243,"APR 21, 1998",25.0,5,Texas,1628386,Traded from BKN on 01/16/21,Cleveland Cavaliers,2022
1610612739,2022,00,Dean Wade,Dean,dean-wade,32,F-C,6-9,228,"NOV 20, 1996",26.0,3,Kansas State,1629731,Signed on 07/01/19,Cleveland Cavaliers,2022
1610612739,2022,00,Robin Lopez,Robin,robin-lopez,33,C,7-0,281,"APR 01, 1988",35.0,14,Stanford,201577,,Cleveland Cavaliers,2022
1610612739,2022,00,Isaac Okoro,Isaac,isaac-okoro,35,F-G,6-5,225,"JAN 26, 2001",22.0,2,Auburn,1630171,,Cleveland Cavaliers,2022
1610612739,2022,00,Donovan Mitchell,Donovan,donovan-mitchell,45,G,6-1,215,"SEP 07, 1996",26.0,5,Louisville,1628378,Traded from UTA on 09/03/22,Cleveland Cavaliers,2022
1610612739,2023,00,Max Strus,Max,max-strus,1,G-F,6-5,215,"MAR 28, 1996",28.0,4,DePaul,1629622,Traded from MIA on 07/06/23,Cleveland Cavaliers,2023
1610612739,2023,00,Ty Jerome,Ty,ty-jerome,2,G-F,6-5,195,"JUL 08, 1997",26.0,4,Virginia,1629660,,Cleveland Cavaliers,2023
1610612739,2023,00,Caris LeVert,Caris,caris-levert,3,G,6-6,205,"AUG 25, 1994",29.0,7,Michigan,1627747,,Cleveland Cavaliers,2023
1610612739,2023,00,Evan Mobley,Evan,evan-mobley,4,C,6-11,215,"JUN 18, 2001",23.0,2,Southern California,1630596,#3 Pick in 2021 Draft,Cleveland Cavaliers,2023
1610612739,2023,00,Sam Merrill,Sam,sam-merrill,5,G,6-4,205,"MAY 15, 1996",28.0,3,Utah State,1630241,Signed on 03/03/23,Cleveland Cavaliers,2023
1610612739,2023,00,Pete Nance,Pete,pete-nance,8,F,6-10,225,"FEB 19, 2000",24.0,R,Northwestern,1631250,,Cleveland Cavaliers,2023
1610612739,2023,00,Craig Porter Jr.,Craig,craig-porter-jr,9,G,6-1,180,"FEB 26, 2000",24.0,R,Wichita State,1641854,Signed on 07/03/23,Cleveland Cavaliers,2023
1610612739,2023,00,Darius Garland,Darius,darius-garland,10,G,6-1,192,"JAN 26, 2000",24.0,4,Vanderbilt,1629636,#5 Pick in 2019 Draft,Cleveland Cavaliers,2023
1610612739,2023,00,Tristan Thompson,Tristan,tristan-thompson,13,C-F,6-9,254,"MAR 13, 1991",33.0,12,Texas-Austin,202684,,Cleveland Cavaliers,2023
1610612739,2023,00,Isaiah Mobley,Isaiah,isaiah-mobley,15,F,6-8,238,"SEP 24, 1999",24.0,1,USC,1630600,,Cleveland Cavaliers,2023
1610612739,2023,00,Georges Niang,Georges,georges-niang,20,F,6-7,230,"JUN 17, 1993",31.0,7,Iowa State,1627777,,Cleveland Cavaliers,2023
1610612739,2023,00,Emoni Bates,Emoni,emoni-bates,21,F,6-8,170,"JAN 28, 2004",20.0,R,Eastern Michigan,1641734,,Cleveland Cavaliers,2023
1610612739,2023,00,Marcus Morris Sr.,Marcus,marcus-morris-sr,24,F,6-8,218,"SEP 02, 1989",34.0,12,Kansas,202694,,Cleveland Cavaliers,2023
1610612739,2023,00,Damian Jones,Damian,damian-jones,30,C,6-10,245,"JUN 30, 1995",29.0,7,Vanderbilt,1627745,,Cleveland Cavaliers,2023
1610612739,2023,00,Jarrett Allen,Jarrett,jarrett-allen,31,C,6-9,243,"APR 21, 1998",26.0,6,Texas,1628386,Traded from BKN on 01/16/21,Cleveland Cavaliers,2023
1610612739,2023,00,Dean Wade,Dean,dean-wade,32,F-C,6-9,228,"NOV 20, 1996",27.0,4,Kansas State,1629731,Signed on 07/01/19,Cleveland Cavaliers,2023
1610612739,2023,00,Isaac Okoro,Isaac,isaac-okoro,35,F-G,6-5,225,"JAN 26, 2001",23.0,3,Auburn,1630171,,Cleveland Cavaliers,2023
1610612739,2023,00,Donovan Mitchell,Donovan,donovan-mitchell,45,G,6-3,215,"SEP 07, 1996",27.0,6,Louisville,1628378,Traded from UTA on 09/03/22,Cleveland Cavaliers,2023
1610612739,2024,00,Max Strus,Max,max-strus,1,G-F,6-5,215,"MAR 28, 1996",29.0,5,DePaul,1629622,Traded from MIA on 07/06/23,Cleveland Cavaliers,2024
1610612739,2024,00,Ty Jerome,Ty,ty-jerome,2,G-F,6-5,195,"JUL 08, 1997",27.0,5,Virginia,1629660,,Cleveland Cavaliers,2024
1610612739,2024,00,Evan Mobley,Evan,evan-mobley,4,C,6-11,215,"JUN 18, 2001",24.0,3,Southern California,1630596,#3 Pick in 2021 Draft,Cleveland Cavaliers,2024
1610612739,2024,00,Sam Merrill,Sam,sam-merrill,5,G,6-4,205,"MAY 15, 1996",29.0,4,Utah State,1630241,Signed on 03/03/23,Cleveland Cavaliers,2024
1610612739,2024,00,Javonte Green,Javonte,javonte-green,8,G,6-5,205,"JUL 23, 1993",31.0,5,Radford,1629750,,Cleveland Cavaliers,2024
1610612739,2024,00,Craig Porter Jr.,Craig,craig-porter-jr,9,G,6-1,180,"FEB 26, 2000",25.0,1,Wichita State,1641854,Signed on 07/03/23,Cleveland Cavaliers,2024
1610612739,2024,00,Darius Garland,Darius,darius-garland,10,G,6-1,192,"JAN 26, 2000",25.0,5,Vanderbilt,1629636,#5 Pick in 2019 Draft,Cleveland Cavaliers,2024
1610612739,2024,00,De'Andre Hunter,De'Andre,deandre-hunter,12,F-G,6-8,221,"DEC 02, 1997",27.0,5,Virginia,1629631,Traded from ATL on 02/06/25,Cleveland Cavaliers,2024
1610612739,2024,00,Tristan Thompson,Tristan,tristan-thompson,13,C-F,6-9,254,"MAR 13, 1991",34.0,13,Texas-Austin,202684,,Cleveland Cavaliers,2024
1610612739,2024,00,Chuma Okeke,Chuma,chuma-okeke,18,F,6-7,229,"AUG 18, 1998",26.0,4,Auburn,1629643,,Cleveland Cavaliers,2024
1610612739,2024,00,Emoni Bates,Emoni,emoni-bates,21,F,6-8,202,"JAN 28, 2004",21.0,1,Eastern Michigan,1641734,,Cleveland Cavaliers,2024
1610612739,2024,00,Jaylon Tyson,Jaylon,jaylon-tyson,24,G-F,6-6,215,"DEC 02, 2002",22.0,R,California,1642281,#20 Pick in 2024 Draft,Cleveland Cavaliers,2024
1610612739,2024,00,Nae'Qwan Tomlin,Nae'Qwan,naeqwan-tomlin,30,F,6-10,210,"DEC 19, 2000",24.0,R,Memphis,1641772,Signed on 09/23/24,Cleveland Cavaliers,2024
1610612739,2024,00,Jarrett Allen,Jarrett,jarrett-allen,31,C,6-9,243,"APR 21, 1998",27.0,7,Texas,1628386,Traded from BKN on 01/16/21,Cleveland Cavaliers,2024
1610612739,2024,00,Dean Wade,Dean,dean-wade,32,F-C,6-9,228,"NOV 20, 1996",28.0,5,Kansas State,1629731,Signed on 07/01/19,Cleveland Cavaliers,2024
1610612739,2024,00,Luke Travers,Luke,luke-travers,33,F,6-7,207,"SEP 03, 2001",23.0,R,Rockingham Flames (Aus.),1631247,#56 Pick in 2022 Draft,Cleveland Cavaliers,2024
1610612739,2024,00,Isaac Okoro,Isaac,isaac-okoro,35,F-G,6-5,225,"JAN 26, 2001",24.0,4,Auburn,1630171,,Cleveland Cavaliers,2024
1610612739,2024,00,Donovan Mitchell,Donovan,donovan-mitchell,45,G,6-3,215,"SEP 07, 1996",28.0,7,Louisville,1628378,Traded from UTA on 09/03/22,Cleveland Cavaliers,2024
1610612739,2025,00,Norchad Omier,Norchad,norchad-omier,,F,6-5,248,"AUG 28, 2001",24.0,R,Miami,1641807,Signed on 09/26/25,Cleveland Cavaliers,2025
1610612739,2025,00,Tristan Enaruna,Tristan,tristan-enaruna,,F,6-7,220,"JUN 26, 2001",24.0,R,Cleveland State,1642400,Signed on 09/26/25,Cleveland Cavaliers,2025
1610612739,2025,00,Darius Brown,Darius,darius-brown,,,,,"JUL 28, 1999",26.0,R,Utah State,1642468,Signed on 10/14/24,Cleveland Cavaliers,2025
1610612739,2025,00,Max Strus,Max,max-strus,1,G-F,6-5,215,"MAR 28, 1996",29.0,6,DePaul,1629622,Traded from MIA on 07/06/23,Cleveland Cavaliers,2025
1610612739,2025,00,Lonzo Ball,Lonzo,lonzo-ball,2,G,6-5,190,"OCT 27, 1997",27.0,8,UCLA,1628366,Traded from CHI on 07/06/25,Cleveland Cavaliers,2025
1610612739,2025,00,Thomas Bryant,Thomas,thomas-bryant,3,C-F,6-9,248,"JUL 31, 1997",28.0,8,Indiana,1628418,Signed on 09/25/25,Cleveland Cavaliers,2025
1610612739,2025,00,Evan Mobley,Evan,evan-mobley,4,C,6-11,215,"JUN 18, 2001",24.0,4,Southern California,1630596,#3 Pick in 2021 Draft,Cleveland Cavaliers,2025
1610612739,2025,00,Sam Merrill,Sam,sam-merrill,5,G,6-4,205,"MAY 15, 1996",29.0,5,Utah State,1630241,Signed on 03/03/23,Cleveland Cavaliers,2025
1610612739,2025,00,Killian Hayes,Killian,killian-hayes,7,G,6-4,195,"JUL 27, 2001",24.0,5,Ratiopharm Ulm,1630165,Signed on 09/26/25,Cleveland Cavaliers,2025
1610612739,2025,00,Craig Porter Jr.,Craig,craig-porter-jr,9,G,6-1,180,"FEB 26, 2000",25.0,2,Wichita State,1641854,Signed on 07/03/23,Cleveland Cavaliers,2025
1610612739,2025,00,Darius Garland,Darius,darius-garland,10,G,6-1,192,"JAN 26, 2000",25.0,6,Vanderbilt,1629636,#5 Pick in 2019 Draft,Cleveland Cavaliers,2025
1610612739,2025,00,De'Andre Hunter,De'Andre,deandre-hunter,12,F-G,6-7,221,"DEC 02, 1997",27.0,6,Virginia,1629631,Traded from ATL on 02/06/25,Cleveland Cavaliers,2025
1610612739,2025,00,Jaylon Tyson,Jaylon,jaylon-tyson,20,G-F,6-6,215,"DEC 02, 2002",22.0,1,California,1642281,#20 Pick in 2024 Draft,Cleveland Cavaliers,2025
1610612739,2025,00,Larry Nance Jr.,Larry,larry-nance-jr,22,F-C,6-6,245,"JAN 01, 1993",32.0,10,Wyoming,1626204,Signed on 07/06/25,Cleveland Cavaliers,2025
1610612739,2025,00,Tyrese Proctor,Tyrese,tyrese-proctor,24,G,6-4,185,"APR 01, 2004",21.0,R,Duke,1642878,#49 Pick in 2025 Draft,Cleveland Cavaliers,2025
1610612739,2025,00,Nae'Qwan Tomlin,Nae'Qwan,naeqwan-tomlin,30,F,6-8,210,"DEC 19, 2000",24.0,1,Memphis,1641772,Signed on 09/23/24,Cleveland Cavaliers,2025
1610612739,2025,00,Jarrett Allen,Jarrett,jarrett-allen,31,C,6-9,243,"APR 21, 1998",27.0,8,Texas,1628386,Traded from BKN on 01/16/21,Cleveland Cavaliers,2025
1610612739,2025,00,Dean Wade,Dean,dean-wade,32,F-C,6-9,228,"NOV 20, 1996",28.0,6,Kansas State,1629731,Signed on 07/01/19,Cleveland Cavaliers,2025
1610612739,2025,00,Luke Travers,Luke,luke-travers,33,F,6-6,207,"SEP 03, 2001",24.0,1,Rockingham Flames (Aus.),1631247,#56 Pick in 2022 Draft,Cleveland Cavaliers,2025
1610612739,2025,00,Donovan Mitchell,Donovan,donovan-mitchell,45,G,6-2,215,"SEP 07, 1996",29.0,8,Louisville,1628378,Traded from UTA on 09/03/22,Cleveland Cavaliers,2025
1610612740,2015,00,Tyreke Evans,Tyreke,tyreke-evans,1,G-F,6-6,220,"SEP 19, 1989",26.0,6,Memphis,201936,,New Orleans Pelicans,2015
1610612740,2015,00,Tim Frazier,Tim,tim-frazier,2,G,6-1,170,"NOV 01, 1990",25.0,1,Penn State,204025,,New Orleans Pelicans,2015
1610612740,2015,00,Omer Asik,Omer,omer-asik,3,C,7-0,255,"JUL 04, 1986",29.0,5,Fenerbahce,201600,,New Orleans Pelicans,2015
1610612740,2015,00,James Ennis III,James,james-ennis-iii,4,F,6-7,210,"JUL 01, 1990",25.0,1,Cal State-Long Beach,203516,,New Orleans Pelicans,2015
1610612740,2015,00,Kendrick Perkins,Kendrick,kendrick-perkins,5,C,6-10,270,"NOV 10, 1984",31.0,12,Clifton J. Ozen HS (TX),2570,,New Orleans Pelicans,2015
1610612740,2015,00,Luke Babbitt,Luke,luke-babbitt,8,F,6-9,225,"JUN 20, 1989",27.0,5,Nevada,202337,,New Orleans Pelicans,2015
1610612740,2015,00,Eric Gordon,Eric,eric-gordon,10,G,6-4,215,"DEC 25, 1988",27.0,7,Indiana,201569,,New Orleans Pelicans,2015
1610612740,2015,00,Jrue Holiday,Jrue,jrue-holiday,11,G,6-4,205,"JUN 12, 1990",26.0,6,UCLA,201950,,New Orleans Pelicans,2015
1610612740,2015,00,Alonzo Gee,Alonzo,alonzo-gee,15,F,6-6,225,"MAY 29, 1987",29.0,6,Alabama,202087,,New Orleans Pelicans,2015
1610612740,2015,00,Toney Douglas,Toney,toney-douglas,16,G,6-2,195,"MAR 16, 1986",30.0,6,Florida State,201962,,New Orleans Pelicans,2015
1610612740,2015,00,Quincy Pondexter,Quincy,quincy-pondexter,20,F-G,6-7,220,"MAR 10, 1988",28.0,5,Washington,202347,,New Orleans Pelicans,2015
1610612740,2015,00,Anthony Davis,Anthony,anthony-davis,23,F-C,6-10,253,"MAR 11, 1993",23.0,3,Kentucky,203076,,New Orleans Pelicans,2015
1610612740,2015,00,Jordan Hamilton,Jordan,jordan-hamilton,25,G-F,6-7,220,"OCT 06, 1990",25.0,4,Texas,202706,,New Orleans Pelicans,2015
1610612740,2015,00,Norris Cole,Norris,norris-cole,30,G,6-2,175,"OCT 13, 1988",27.0,4,Cleveland State,202708,,New Orleans Pelicans,2015
1610612740,2015,00,Ryan Anderson,Ryan,ryan-anderson,33,F,6-10,240,"MAY 06, 1988",28.0,7,California,201583,,New Orleans Pelicans,2015
1610612740,2015,00,Alexis Ajinca,Alexis,alexis-ajinca,42,C,7-2,248,"MAY 06, 1988",28.0,5,Hyeres-Toulon,201582,,New Orleans Pelicans,2015
1610612740,2015,00,Dante Cunningham,Dante,dante-cunningham,44,F,6-8,230,"APR 22, 1987",29.0,6,Villanova,201967,,New Orleans Pelicans,2015
1610612740,2016,00,DeMarcus Cousins,DeMarcus,demarcus-cousins,0,F-C,6-11,270,"AUG 13, 1990",26.0,6,Kentucky,202326,,New Orleans Pelicans,2016
1610612740,2016,00,Tim Frazier,Tim,tim-frazier,2,G,6-1,170,"NOV 01, 1990",26.0,2,Penn State,204025,,New Orleans Pelicans,2016
1610612740,2016,00,Omer Asik,Omer,omer-asik,3,C,7-0,255,"JUL 04, 1986",30.0,6,Fenerbahce,201600,,New Orleans Pelicans,2016
1610612740,2016,00,Jordan Crawford,Jordan,jordan-crawford,4,G,6-5,195,"OCT 23, 1988",28.0,4,Xavier,202348,,New Orleans Pelicans,2016
1610612740,2016,00,Axel Toupane,Axel,axel-toupane,10,G-F,6-7,210,"JUL 23, 1992",24.0,1,Strasbourg IG,1626253,,New Orleans Pelicans,2016
1610612740,2016,00,Jrue Holiday,Jrue,jrue-holiday,11,G,6-4,205,"JUN 12, 1990",27.0,7,UCLA,201950,,New Orleans Pelicans,2016
1610612740,2016,00,Donatas Motiejunas,Donatas,donatas-motiejunas,12,F-C,7-0,222,"SEP 20, 1990",26.0,4,Lithuania,202700,,New Orleans Pelicans,2016
1610612740,2016,00,Cheick Diallo,Cheick,cheick-diallo,13,F,6-9,220,"SEP 13, 1996",20.0,R,Kansas,1627767,,New Orleans Pelicans,2016
1610612740,2016,00,Quincy Pondexter,Quincy,quincy-pondexter,20,G-F,6-7,225,"MAR 10, 1988",29.0,5,Washington,202347,,New Orleans Pelicans,2016
1610612740,2016,00,Quinn Cook,Quinn,quinn-cook,22,G,6-2,179,"MAR 23, 1993",24.0,R,Duke,1626188,,New Orleans Pelicans,2016
1610612740,2016,00,Anthony Davis,Anthony,anthony-davis,23,F-C,6-11,253,"MAR 11, 1993",24.0,4,Kentucky,203076,,New Orleans Pelicans,2016
1610612740,2016,00,Dante Cunningham,Dante,dante-cunningham,33,F,6-8,230,"APR 22, 1987",30.0,7,Villanova,201967,,New Orleans Pelicans,2016
1610612740,2016,00,Alexis Ajinca,Alexis,alexis-ajinca,42,C,7-2,248,"MAY 06, 1988",29.0,6,Hyeres-Toulon,201582,,New Orleans Pelicans,2016
1610612740,2016,00,Solomon Hill,Solomon,solomon-hill,44,F,6-7,225,"MAR 18, 1991",26.0,3,Arizona,203524,,New Orleans Pelicans,2016
1610612740,2016,00,E'Twaun Moore,E'Twaun,etwaun-moore,55,G,6-4,191,"FEB 25, 1989",28.0,5,Purdue,202734,,New Orleans Pelicans,2016
1610612740,2017,00,DeMarcus Cousins,DeMarcus,demarcus-cousins,0,C,6-11,270,"AUG 13, 1990",27.0,7,Kentucky,202326,,New Orleans Pelicans,2017
1610612740,2017,00,Larry Drew II,Larry,larry-drew-ii,1,G,6-2,180,"MAR 05, 1990",28.0,1,UCLA,203580,,New Orleans Pelicans,2017
1610612740,2017,00,Ian Clark,Ian,ian-clark,2,G,6-3,175,"MAR 07, 1991",27.0,4,Belmont,203546,,New Orleans Pelicans,2017
1610612740,2017,00,Nikola Mirotic,Nikola,nikola-mirotic,3,F,6-10,238,"FEB 11, 1991",27.0,3,Real Madrid,202703,,New Orleans Pelicans,2017
1610612740,2017,00,Charles Cooke,Charles,charles-cooke,4,G,6-5,196,"JUL 01, 1994",23.0,R,Dayton,1628429,,New Orleans Pelicans,2017
1610612740,2017,00,Rajon Rondo,Rajon,rajon-rondo,9,G,6-1,186,"FEB 22, 1986",32.0,11,Kentucky,200765,,New Orleans Pelicans,2017
1610612740,2017,00,Jrue Holiday,Jrue,jrue-holiday,11,G,6-4,205,"JUN 12, 1990",28.0,8,UCLA,201950,,New Orleans Pelicans,2017
1610612740,2017,00,Cheick Diallo,Cheick,cheick-diallo,13,F,6-9,220,"SEP 13, 1996",21.0,1,Kansas,1627767,,New Orleans Pelicans,2017
1610612740,2017,00,Frank Jackson,Frank,frank-jackson,15,G,6-3,205,"MAY 04, 1998",20.0,R,Duke,1628402,,New Orleans Pelicans,2017
1610612740,2017,00,Darius Miller,Darius,darius-miller,21,F,6-8,225,"MAR 21, 1990",28.0,3,Kentucky,203121,,New Orleans Pelicans,2017
1610612740,2017,00,Anthony Davis,Anthony,anthony-davis,23,F-C,6-10,253,"MAR 11, 1993",25.0,5,Kentucky,203076,,New Orleans Pelicans,2017
1610612740,2017,00,Jordan Crawford,Jordan,jordan-crawford,27,G,6-5,195,"OCT 23, 1988",29.0,5,Xavier,202348,,New Orleans Pelicans,2017
1610612740,2017,00,DeAndre Liggins,DeAndre,deandre-liggins,34,G,6-6,209,"MAR 31, 1988",30.0,4,Kentucky,202732,,New Orleans Pelicans,2017
1610612740,2017,00,Alexis Ajinca,Alexis,alexis-ajinca,42,C,7-2,248,"MAY 06, 1988",30.0,7,Hyeres-Toulon,201582,,New Orleans Pelicans,2017
1610612740,2017,00,Solomon Hill,Solomon,solomon-hill,44,F,6-7,225,"MAR 18, 1991",27.0,4,Arizona,203524,,New Orleans Pelicans,2017
1610612740,2017,00,Emeka Okafor,Emeka,emeka-okafor,50,C,6-10,255,"SEP 28, 1982",35.0,9,Connecticut,2731,,New Orleans Pelicans,2017
1610612740,2017,00,E'Twaun Moore,E'Twaun,etwaun-moore,55,F-G,6-4,191,"FEB 25, 1989",29.0,6,Purdue,202734,,New Orleans Pelicans,2017
1610612740,2018,00,Ian Clark,Ian,ian-clark,2,G,6-3,175,"MAR 07, 1991",28.0,5,Belmont,203546,,New Orleans Pelicans,2018
1610612740,2018,00,Stanley Johnson,Stanley,stanley-johnson,3,F,6-7,245,"MAY 29, 1996",23.0,3,Arizona,1626169,,New Orleans Pelicans,2018
1610612740,2018,00,Elfrid Payton,Elfrid,elfrid-payton,4,G,6-4,185,"FEB 22, 1994",25.0,4,Louisana-Lafayette,203901,,New Orleans Pelicans,2018
1610612740,2018,00,Trevon Bluiett,Trevon,trevon-bluiett,5,G-F,6-6,198,"NOV 04, 1994",24.0,R,Xavier,1629129,,New Orleans Pelicans,2018
1610612740,2018,00,Jahlil Okafor,Jahlil,jahlil-okafor,8,C,6-11,275,"DEC 15, 1995",23.0,3,Duke,1626143,,New Orleans Pelicans,2018
1610612740,2018,00,Dairis Bertans,Dairis,dairis-bertans,9,G,6-4,200,"SEP 09, 1989",29.0,R,Olimpia Milano,1629541,,New Orleans Pelicans,2018
1610612740,2018,00,Jrue Holiday,Jrue,jrue-holiday,11,G,6-4,205,"JUN 12, 1990",29.0,9,UCLA,201950,,New Orleans Pelicans,2018
1610612740,2018,00,Cheick Diallo,Cheick,cheick-diallo,13,F,6-9,220,"SEP 13, 1996",22.0,2,Kansas,1627767,,New Orleans Pelicans,2018
1610612740,2018,00,Frank Jackson,Frank,frank-jackson,15,G,6-3,205,"MAY 04, 1998",21.0,R,Duke,1628402,,New Orleans Pelicans,2018
1610612740,2018,00,Darius Miller,Darius,darius-miller,21,F,6-8,225,"MAR 21, 1990",29.0,4,Kentucky,203121,,New Orleans Pelicans,2018
1610612740,2018,00,Anthony Davis,Anthony,anthony-davis,23,F-C,6-10,253,"MAR 11, 1993",26.0,6,Kentucky,203076,,New Orleans Pelicans,2018
1610612740,2018,00,Julius Randle,Julius,julius-randle,30,C-F,6-9,250,"NOV 29, 1994",24.0,4,Kentucky,203944,,New Orleans Pelicans,2018
1610612740,2018,00,Kenrich Williams,Kenrich,kenrich-williams,34,G-F,6-7,210,"DEC 02, 1994",24.0,R,TCU,1629026,,New Orleans Pelicans,2018
1610612740,2018,00,Christian Wood,Christian,christian-wood,35,F,6-10,214,"SEP 27, 1995",23.0,2,UNLV,1626174,,New Orleans Pelicans,2018
1610612740,2018,00,Solomon Hill,Solomon,solomon-hill,44,F,6-7,225,"MAR 18, 1991",28.0,5,Arizona,203524,,New Orleans Pelicans,2018
1610612740,2018,00,E'Twaun Moore,E'Twaun,etwaun-moore,55,G,6-4,191,"FEB 25, 1989",30.0,7,Purdue,202734,,New Orleans Pelicans,2018
1610612740,2019,00,Nickeil Alexander-Walker,Nickeil,nickeil-alexander-walker,0,G,6-5,205,"SEP 02, 1998",21.0,R,Virginia Tech,1629638,,New Orleans Pelicans,2019
1610612740,2019,00,Zion Williamson,Zion,zion-williamson,1,F,6-6,284,"JUL 06, 2000",19.0,R,Duke,1629627,#1 Pick in 2019 Draft,New Orleans Pelicans,2019
1610612740,2019,00,Lonzo Ball,Lonzo,lonzo-ball,2,G,6-6,190,"OCT 27, 1997",22.0,2,UCLA,1628366,,New Orleans Pelicans,2019
1610612740,2019,00,Josh Hart,Josh,josh-hart,3,G,6-5,215,"MAR 06, 1995",25.0,2,Villanova,1628404,,New Orleans Pelicans,2019
1610612740,2019,00,JJ Redick,JJ,jj-redick,4,G,6-3,200,"JUN 24, 1984",36.0,13,Duke,200755,,New Orleans Pelicans,2019
1610612740,2019,00,Josh Gray,Josh,josh-gray,5,G,6-0,180,"SEP 09, 1993",26.0,1,Louisiana State,1627982,,New Orleans Pelicans,2019
1610612740,2019,00,Jahlil Okafor,Jahlil,jahlil-okafor,9,C-F,6-10,270,"DEC 15, 1995",24.0,4,Duke,1626143,,New Orleans Pelicans,2019
1610612740,2019,00,Jaxson Hayes,Jaxson,jaxson-hayes,10,C-F,6-11,220,"MAY 23, 2000",20.0,R,Texas,1629637,,New Orleans Pelicans,2019
1610612740,2019,00,Jrue Holiday,Jrue,jrue-holiday,11,G,6-3,205,"JUN 12, 1990",30.0,10,UCLA,201950,,New Orleans Pelicans,2019
1610612740,2019,00,Sindarius Thornwell,Sindarius,sindarius-thornwell,12,G,6-4,215,"NOV 15, 1994",25.0,2,South Carolina,1628414,,New Orleans Pelicans,2019
1610612740,2019,00,Brandon Ingram,Brandon,brandon-ingram,14,F,6-7,190,"SEP 02, 1997",22.0,3,Duke,1627742,,New Orleans Pelicans,2019
1610612740,2019,00,Frank Jackson,Frank,frank-jackson,15,G,6-3,205,"MAY 04, 1998",22.0,1,Duke,1628402,,New Orleans Pelicans,2019
1610612740,2019,00,Nicolo Melli,Nicolo,nicolo-melli,20,F,6-9,236,"JAN 26, 1991",29.0,R,Fenerbahce,1629740,,New Orleans Pelicans,2019
1610612740,2019,00,Darius Miller,Darius,darius-miller,21,F,6-6,225,"MAR 21, 1990",30.0,5,Kentucky,203121,,New Orleans Pelicans,2019
1610612740,2019,00,Derrick Favors,Derrick,derrick-favors,22,F,6-9,265,"JUL 15, 1991",28.0,9,Georgia Tech,202324,,New Orleans Pelicans,2019
1610612740,2019,00,Kenrich Williams,Kenrich,kenrich-williams,34,G-F,6-6,210,"DEC 02, 1994",25.0,1,TCU,1629026,,New Orleans Pelicans,2019
1610612740,2019,00,Zylan Cheatham,Zylan,zylan-cheatham,45,F,6-5,220,"NOV 17, 1995",24.0,R,Arizona State,1629597,,New Orleans Pelicans,2019
1610612740,2019,00,E'Twaun Moore,E'Twaun,etwaun-moore,55,G,6-3,191,"FEB 25, 1989",31.0,8,Purdue,202734,,New Orleans Pelicans,2019
1610612740,2020,00,Didi Louzada,Didi,didi-louzada,,G,6-5,188,"JUL 02, 1999",21.0,R,Sydney,1629712,,New Orleans Pelicans,2020
1610612740,2020,00,Zion Williamson,Zion,zion-williamson,1,F,6-7,284,"JUL 06, 2000",20.0,1,Duke,1629627,#1 Pick in 2019 Draft,New Orleans Pelicans,2020
1610612740,2020,00,Lonzo Ball,Lonzo,lonzo-ball,2,G,6-6,190,"OCT 27, 1997",23.0,3,UCLA,1628366,,New Orleans Pelicans,2020
1610612740,2020,00,Josh Hart,Josh,josh-hart,3,G,6-5,215,"MAR 06, 1995",26.0,3,Villanova,1628404,,New Orleans Pelicans,2020
1610612740,2020,00,Wes Iwundu,Wes,wes-iwundu,4,F,6-6,195,"DEC 20, 1994",26.0,3,Kansas State,1628411,,New Orleans Pelicans,2020
1610612740,2020,00,Eric Bledsoe,Eric,eric-bledsoe,5,G,6-1,214,"DEC 09, 1989",31.0,10,Kentucky,202339,,New Orleans Pelicans,2020
1610612740,2020,00,Nickeil Alexander-Walker,Nickeil,nickeil-alexander-walker,6,G,6-6,205,"SEP 02, 1998",22.0,1,Virginia Tech,1629638,,New Orleans Pelicans,2020
1610612740,2020,00,Naji Marshall,Naji,naji-marshall,8,F,6-7,220,"JAN 24, 1998",23.0,R,Xavier,1630230,,New Orleans Pelicans,2020
1610612740,2020,00,Willy Hernangomez,Willy,willy-hernangomez,9,C-F,6-11,250,"MAY 27, 1994",27.0,4,Cajasol Sevilla,1626195,,New Orleans Pelicans,2020
1610612740,2020,00,Jaxson Hayes,Jaxson,jaxson-hayes,10,C-F,6-11,220,"MAY 23, 2000",21.0,1,Texas,1629637,,New Orleans Pelicans,2020
1610612740,2020,00,Steven Adams,Steven,steven-adams,12,C,6-11,265,"JUL 20, 1993",27.0,7,Pittsburgh,203500,,New Orleans Pelicans,2020
1610612740,2020,00,Kira Lewis Jr.,Kira,kira-lewis-jr,13,G,6-1,170,"APR 06, 2001",20.0,R,Alabama,1630184,,New Orleans Pelicans,2020
1610612740,2020,00,Brandon Ingram,Brandon,brandon-ingram,14,F,6-8,190,"SEP 02, 1997",23.0,4,Duke,1627742,,New Orleans Pelicans,2020
1610612740,2020,00,James Johnson,James,james-johnson,16,F,6-7,240,"FEB 20, 1987",34.0,11,Wake Forest,201949,,New Orleans Pelicans,2020
1610612740,2020,00,James Nunnally,James,james-nunnally,21,F,6-7,205,"JUL 14, 1990",30.0,2,Cal-Santa Barbara,203263,,New Orleans Pelicans,2020
1610612740,2020,00,Wenyen Gabriel,Wenyen,wenyen-gabriel,32,F,6-9,205,"MAR 26, 1997",24.0,1,Kentucky,1629117,,New Orleans Pelicans,2020
1610612740,2021,00,Zion Williamson,Zion,zion-williamson,1,F,6-6,284,"JUL 06, 2000",21.0,2,Duke,1629627,#1 Pick in 2019 Draft,New Orleans Pelicans,2021
1610612740,2021,00,Jared Harper,Jared,jared-harper,2,G,5-10,175,"SEP 14, 1997",24.0,2,Auburn,1629607,,New Orleans Pelicans,2021
1610612740,2021,00,CJ McCollum,CJ,cj-mccollum,3,G,6-3,190,"SEP 19, 1991",30.0,8,Lehigh,203468,,New Orleans Pelicans,2021
1610612740,2021,00,Devonte' Graham,Devonte',devonte-graham,4,G,6-1,195,"FEB 22, 1995",27.0,3,Kansas,1628984,,New Orleans Pelicans,2021
1610612740,2021,00,Herbert Jones,Herbert,herbert-jones,5,F,6-7,206,"OCT 06, 1998",23.0,R,Alabama,1630529,#35 Pick in 2021 Draft,New Orleans Pelicans,2021
1610612740,2021,00,Naji Marshall,Naji,naji-marshall,8,F,6-7,220,"JAN 24, 1998",24.0,1,Xavier,1630230,,New Orleans Pelicans,2021
1610612740,2021,00,Willy Hernangomez,Willy,willy-hernangomez,9,C-F,6-11,250,"MAY 27, 1994",28.0,5,Cajasol Sevilla,1626195,,New Orleans Pelicans,2021
1610612740,2021,00,Jaxson Hayes,Jaxson,jaxson-hayes,10,C-F,6-11,220,"MAY 23, 2000",22.0,2,Texas,1629637,,New Orleans Pelicans,2021
1610612740,2021,00,Gary Clark,Gary,gary-clark,12,F,6-6,225,"NOV 16, 1994",27.0,3,Cincinnati,1629109,,New Orleans Pelicans,2021
1610612740,2021,00,Kira Lewis Jr.,Kira,kira-lewis-jr,13,G,6-1,170,"APR 06, 2001",21.0,1,Alabama,1630184,,New Orleans Pelicans,2021
1610612740,2021,00,Brandon Ingram,Brandon,brandon-ingram,14,F,6-8,190,"SEP 02, 1997",24.0,5,Duke,1627742,,New Orleans Pelicans,2021
1610612740,2021,00,Jose Alvarado,Jose,jose-alvarado,15,G,6-0,179,"APR 12, 1998",24.0,R,Georgia Tech,1630631,Signed on 08/18/21,New Orleans Pelicans,2021
1610612740,2021,00,Jonas Valančiūnas,Jonas,jonas-valančiūnas,17,C,6-11,265,"MAY 06, 1992",30.0,9,Lietuvos rytas Vilnius,202685,,New Orleans Pelicans,2021
1610612740,2021,00,Tony Snell,Tony,tony-snell,21,G,6-6,213,"NOV 10, 1991",30.0,8,New Mexico,203503,,New Orleans Pelicans,2021
1610612740,2021,00,Larry Nance Jr.,Larry,larry-nance-jr,22,F-C,6-7,245,"JAN 01, 1993",29.0,6,Wyoming,1626204,,New Orleans Pelicans,2021
1610612740,2021,00,Trey Murphy III,Trey,trey-murphy-iii,25,F,6-8,206,"JUN 18, 2000",22.0,R,Virginia,1630530,Draft Rights Traded from MEM on 08/07/21,New Orleans Pelicans,2021
1610612740,2021,00,Garrett Temple,Garrett,garrett-temple,41,G-F,6-5,195,"MAY 08, 1986",36.0,11,Louisiana State,202066,,New Orleans Pelicans,2021
1610612740,2022,00,Dereon Seabron,Dereon,dereon-seabron,0,G,6-5,180,"MAY 26, 2000",23.0,R,North Carolina State,1631220,,New Orleans Pelicans,2022
1610612740,2022,00,Zion Williamson,Zion,zion-williamson,1,F,6-6,284,"JUL 06, 2000",22.0,3,Duke,1629627,#1 Pick in 2019 Draft,New Orleans Pelicans,2022
1610612740,2022,00,Josh Richardson,Josh,josh-richardson,2,G,6-6,200,"SEP 15, 1993",29.0,7,Tennessee,1626196,,New Orleans Pelicans,2022
1610612740,2022,00,CJ McCollum,CJ,cj-mccollum,3,G,6-3,190,"SEP 19, 1991",31.0,9,Lehigh,203468,,New Orleans Pelicans,2022
1610612740,2022,00,Herbert Jones,Herbert,herbert-jones,5,F,6-7,206,"OCT 06, 1998",24.0,1,Alabama,1630529,#35 Pick in 2021 Draft,New Orleans Pelicans,2022
1610612740,2022,00,Naji Marshall,Naji,naji-marshall,8,F,6-7,220,"JAN 24, 1998",25.0,2,Xavier,1630230,,New Orleans Pelicans,2022
1610612740,2022,00,Willy Hernangomez,Willy,willy-hernangomez,9,C-F,6-11,250,"MAY 27, 1994",29.0,6,Cajasol Sevilla,1626195,,New Orleans Pelicans,2022
1610612740,2022,00,Jaxson Hayes,Jaxson,jaxson-hayes,10,C-F,7-0,220,"MAY 23, 2000",23.0,3,Texas,1629637,,New Orleans Pelicans,2022
1610612740,2022,00,Dyson Daniels,Dyson,dyson-daniels,11,G,6-7,199,"MAR 17, 2003",20.0,R,NBA G League Ignite,1630700,,New Orleans Pelicans,2022
1610612740,2022,00,Kira Lewis Jr.,Kira,kira-lewis-jr,13,G,6-1,170,"APR 06, 2001",22.0,2,Alabama,1630184,,New Orleans Pelicans,2022
1610612740,2022,00,Brandon Ingram,Brandon,brandon-ingram,14,F,6-8,190,"SEP 02, 1997",25.0,6,Duke,1627742,,New Orleans Pelicans,2022
1610612740,2022,00,Jose Alvarado,Jose,jose-alvarado,15,G,6-0,179,"APR 12, 1998",25.0,1,Georgia Tech,1630631,Signed on 08/18/21,New Orleans Pelicans,2022
1610612740,2022,00,Jonas Valančiūnas,Jonas,jonas-valančiūnas,17,C,6-11,265,"MAY 06, 1992",31.0,10,Lietuvos rytas Vilnius,202685,,New Orleans Pelicans,2022
1610612740,2022,00,Larry Nance Jr.,Larry,larry-nance-jr,22,F-C,6-8,245,"JAN 01, 1993",30.0,7,Wyoming,1626204,,New Orleans Pelicans,2022
1610612740,2022,00,Trey Murphy III,Trey,trey-murphy-iii,25,F,6-8,206,"JUN 18, 2000",23.0,1,Virginia,1630530,Draft Rights Traded from MEM on 08/07/21,New Orleans Pelicans,2022
1610612740,2022,00,E.J. Liddell,E.J.,ej-liddell,32,F,6-6,240,"DEC 18, 2000",22.0,R,Ohio State,1630604,,New Orleans Pelicans,2022
1610612740,2022,00,Garrett Temple,Garrett,garrett-temple,41,G-F,6-6,195,"MAY 08, 1986",37.0,12,Louisiana State,202066,,New Orleans Pelicans,2022
1610612740,2023,00,Dereon Seabron,Dereon,dereon-seabron,0,G,6-5,180,"MAY 26, 2000",24.0,1,North Carolina State,1631220,,New Orleans Pelicans,2023
1610612740,2023,00,Zion Williamson,Zion,zion-williamson,1,F,6-6,284,"JUL 06, 2000",23.0,4,Duke,1629627,#1 Pick in 2019 Draft,New Orleans Pelicans,2023
1610612740,2023,00,CJ McCollum,CJ,cj-mccollum,3,G,6-3,190,"SEP 19, 1991",32.0,10,Lehigh,203468,,New Orleans Pelicans,2023
1610612740,2023,00,Herbert Jones,Herbert,herbert-jones,5,F,6-7,206,"OCT 06, 1998",25.0,2,Alabama,1630529,#35 Pick in 2021 Draft,New Orleans Pelicans,2023
1610612740,2023,00,Naji Marshall,Naji,naji-marshall,8,F,6-6,220,"JAN 24, 1998",26.0,3,Xavier,1630230,,New Orleans Pelicans,2023
1610612740,2023,00,Dyson Daniels,Dyson,dyson-daniels,11,G,6-7,199,"MAR 17, 2003",21.0,1,NBA G League Ignite,1630700,,New Orleans Pelicans,2023
1610612740,2023,00,Brandon Ingram,Brandon,brandon-ingram,14,F,6-8,190,"SEP 02, 1997",26.0,7,Duke,1627742,,New Orleans Pelicans,2023
1610612740,2023,00,Jose Alvarado,Jose,jose-alvarado,15,G,6-0,179,"APR 12, 1998",26.0,2,Georgia Tech,1630631,Signed on 08/18/21,New Orleans Pelicans,2023
1610612740,2023,00,Jonas Valančiūnas,Jonas,jonas-valančiūnas,17,C,6-11,265,"MAY 06, 1992",32.0,11,Lietuvos rytas Vilnius,202685,,New Orleans Pelicans,2023
1610612740,2023,00,Larry Nance Jr.,Larry,larry-nance-jr,22,F-C,6-8,245,"JAN 01, 1993",31.0,8,Wyoming,1626204,,New Orleans Pelicans,2023
1610612740,2023,00,Jordan Hawkins,Jordan,jordan-hawkins,24,G,6-5,190,"APR 29, 2002",22.0,R,Connecticut,1641722,#14 Pick in 2023 Draft,New Orleans Pelicans,2023
1610612740,2023,00,Trey Murphy III,Trey,trey-murphy-iii,25,F,6-8,206,"JUN 18, 2000",24.0,2,Virginia,1630530,Draft Rights Traded from MEM on 08/07/21,New Orleans Pelicans,2023
1610612740,2023,00,E.J. Liddell,E.J.,ej-liddell,32,F,6-6,240,"DEC 18, 2000",23.0,R,Ohio State,1630604,,New Orleans Pelicans,2023
1610612740,2023,00,Malcolm Hill,Malcolm,malcolm-hill,33,F,6-6,220,"OCT 26, 1995",28.0,2,Illinois,1630792,,New Orleans Pelicans,2023
1610612740,2023,00,Matt Ryan,Matt,matt-ryan,37,F,6-6,215,"APR 17, 1997",27.0,2,Tennessee-Chattanooga,1630346,,New Orleans Pelicans,2023
1610612740,2023,00,Cody Zeller,Cody,cody-zeller,40,F-C,6-11,240,"OCT 05, 1992",31.0,10,Indiana,203469,,New Orleans Pelicans,2023
1610612740,2023,00,Jeremiah Robinson-Earl,Jeremiah,jeremiah-robinson-earl,50,F,6-8,240,"NOV 03, 2000",23.0,2,Villanova,1630526,,New Orleans Pelicans,2023
1610612740,2024,00,Keion Brooks Jr.,Keion,keion-brooks-jr,,F,6-7,210,"AUG 07, 2000",24.0,R,Washington,1631232,,New Orleans Pelicans,2024
1610612740,2024,00,Bruce Brown,Bruce,bruce-brown,00,G-F,6-4,202,"AUG 15, 1996",28.0,6,Miami,1628971,,New Orleans Pelicans,2024
1610612740,2024,00,Zion Williamson,Zion,zion-williamson,1,F,6-6,284,"JUL 06, 2000",24.0,5,Duke,1629627,#1 Pick in 2019 Draft,New Orleans Pelicans,2024
1610612740,2024,00,Herbert Jones,Herbert,herbert-jones,2,F,6-7,206,"OCT 06, 1998",26.0,3,Alabama,1630529,#35 Pick in 2021 Draft,New Orleans Pelicans,2024
1610612740,2024,00,CJ McCollum,CJ,cj-mccollum,3,G,6-3,190,"SEP 19, 1991",33.0,11,Lehigh,203468,,New Orleans Pelicans,2024
1610612740,2024,00,Elfrid Payton,Elfrid,elfrid-payton,4,G,6-3,195,"FEB 22, 1994",31.0,8,Louisana-Lafayette,203901,,New Orleans Pelicans,2024
1610612740,2024,00,Dejounte Murray,Dejounte,dejounte-murray,5,G,6-4,180,"SEP 19, 1996",28.0,8,Washington,1627749,Traded from ATL on 07/06/24,New Orleans Pelicans,2024
1610612740,2024,00,Jamal Cain,Jamal,jamal-cain,8,F,6-6,191,"MAR 20, 1999",26.0,2,Oakland,1631288,,New Orleans Pelicans,2024
1610612740,2024,00,Brandon Boston,Brandon,brandon-boston,11,G,6-6,188,"NOV 28, 2001",23.0,3,Kentucky,1630527,,New Orleans Pelicans,2024
1610612740,2024,00,Antonio Reeves,Antonio,antonio-reeves,12,G,6-5,205,"NOV 20, 2000",24.0,R,Kentucky,1641810,,New Orleans Pelicans,2024
1610612740,2024,00,Kelly Olynyk,Kelly,kelly-olynyk,13,F-C,6-11,240,"APR 19, 1991",34.0,11,Gonzaga,203482,,New Orleans Pelicans,2024
1610612740,2024,00,Jose Alvarado,Jose,jose-alvarado,15,G,6-0,179,"APR 12, 1998",27.0,3,Georgia Tech,1630631,Signed on 08/18/21,New Orleans Pelicans,2024
1610612740,2024,00,Karlo Matković,Karlo,karlo-matković,17,F-C,6-10,231,"MAR 30, 2001",24.0,R,Mega Basket,1631255,#52 Pick in 2022 Draft,New Orleans Pelicans,2024
1610612740,2024,00,Yves Missi,Yves,yves-missi,21,C,6-11,235,"MAY 14, 2004",21.0,R,Baylor,1642274,#21 Pick in 2024 Draft,New Orleans Pelicans,2024
1610612740,2024,00,Lester Quinones,Lester,lester-quinones,22,G,6-4,208,"NOV 16, 2000",24.0,2,Memphis,1631311,,New Orleans Pelicans,2024
1610612740,2024,00,Jordan Hawkins,Jordan,jordan-hawkins,24,G,6-5,190,"APR 29, 2002",23.0,1,Connecticut,1641722,#14 Pick in 2023 Draft,New Orleans Pelicans,2024
1610612740,2024,00,Trey Murphy III,Trey,trey-murphy-iii,25,F,6-8,206,"JUN 18, 2000",25.0,3,Virginia,1630530,Draft Rights Traded from MEM on 08/07/21,New Orleans Pelicans,2024
1610612740,2024,00,Jeremiah Robinson-Earl,Jeremiah,jeremiah-robinson-earl,50,F,6-8,240,"NOV 03, 2000",24.0,3,Villanova,1630526,,New Orleans Pelicans,2024
1610612740,2025,00,Christian Shumate,Christian,christian-shumate,,,,,"JUL 24, 2002",23.0,R,,1643104,Signed on 09/17/25,New Orleans Pelicans,2025
1610612740,2025,00,Jeremiah Fears,Jeremiah,jeremiah-fears,0,G,6-3,190,"OCT 14, 2006",19.0,R,Oklahoma,1642847,#7 Pick in 2025 Draft,New Orleans Pelicans,2025
1610612740,2025,00,Zion Williamson,Zion,zion-williamson,1,F,6-6,284,"JUL 06, 2000",25.0,6,Duke,1629627,#1 Pick in 2019 Draft,New Orleans Pelicans,2025
1610612740,2025,00,Herbert Jones,Herbert,herbert-jones,2,F,6-7,206,"OCT 06, 1998",27.0,4,Alabama,1630529,#35 Pick in 2021 Draft,New Orleans Pelicans,2025
1610612740,2025,00,Jordan Poole,Jordan,jordan-poole,3,G,6-4,194,"JUN 19, 1999",26.0,6,Michigan,1629673,Traded from WAS on 07/06/25,New Orleans Pelicans,2025
1610612740,2025,00,Hunter Dickinson,Hunter,hunter-dickinson,4,C,7-1,255,"NOV 25, 2000",24.0,R,Michigan,1630621,Signed on 07/03/25,New Orleans Pelicans,2025
1610612740,2025,00,Dejounte Murray,Dejounte,dejounte-murray,5,G,6-4,180,"SEP 19, 1996",29.0,9,Washington,1627749,Traded from ATL on 07/06/24,New Orleans Pelicans,2025
1610612740,2025,00,Jaden Springer,Jaden,jaden-springer,9,G,6-4,202,"SEP 25, 2002",23.0,4,Tennessee,1630531,Signed on 07/31/25,New Orleans Pelicans,2025
1610612740,2025,00,Bryce McGowens,Bryce,bryce-mcgowens,11,G,6-6,190,"NOV 08, 2002",22.0,3,Nebraska,1631121,Signed on 07/30/25,New Orleans Pelicans,2025
1610612740,2025,00,Micah Peavy,Micah,micah-peavy,14,G-F,6-7,215,"JUL 16, 2001",24.0,R,Georgetown,1642877,Draft Rights Traded from WAS on 07/06/25,New Orleans Pelicans,2025
1610612740,2025,00,Jose Alvarado,Jose,jose-alvarado,15,G,6-0,179,"APR 12, 1998",27.0,4,Georgia Tech,1630631,Signed on 08/18/21,New Orleans Pelicans,2025
1610612740,2025,00,Karlo Matković,Karlo,karlo-matković,17,F-C,6-10,231,"MAR 30, 2001",24.0,1,Mega Basket,1631255,#52 Pick in 2022 Draft,New Orleans Pelicans,2025
1610612740,2025,00,Yves Missi,Yves,yves-missi,21,C,6-11,235,"MAY 14, 2004",21.0,1,Baylor,1642274,#21 Pick in 2024 Draft,New Orleans Pelicans,2025
1610612740,2025,00,Derik Queen,Derik,derik-queen,22,C,6-9,250,"DEC 27, 2004",20.0,R,Maryland,1642852,Draft Rights Traded from ATL on 06/25/25,New Orleans Pelicans,2025
1610612740,2025,00,Trey Alexander,Trey,trey-alexander,23,G,6-5,185,"MAY 02, 2003",22.0,1,Creighton,1641725,Signed on 07/03/25,New Orleans Pelicans,2025
1610612740,2025,00,Jordan Hawkins,Jordan,jordan-hawkins,24,G,6-5,190,"APR 29, 2002",23.0,2,Connecticut,1641722,#14 Pick in 2023 Draft,New Orleans Pelicans,2025
1610612740,2025,00,Trey Murphy III,Trey,trey-murphy-iii,25,F,6-8,206,"JUN 18, 2000",25.0,4,Virginia,1630530,Draft Rights Traded from MEM on 08/07/21,New Orleans Pelicans,2025
1610612740,2025,00,Saddiq Bey,Saddiq,saddiq-bey,41,G-F,6-8,215,"APR 09, 1999",26.0,5,Villanova,1630180,Traded from WAS on 07/06/25,New Orleans Pelicans,2025
1610612740,2025,00,Kevon Looney,Kevon,kevon-looney,55,F,6-9,222,"FEB 06, 1996",29.0,10,UCLA,1626172,Signed on 07/07/25,New Orleans Pelicans,2025
1610612741,2015,00,Aaron Brooks,Aaron,aaron-brooks,0,G,6-0,161,"JAN 14, 1985",31.0,7,Oregon,201166,,Chicago Bulls,2015
1610612741,2015,00,Derrick Rose,Derrick,derrick-rose,1,G,6-3,190,"OCT 04, 1988",27.0,6,Memphis,201565,,Chicago Bulls,2015
1610612741,2015,00,Doug McDermott,Doug,doug-mcdermott,3,F,6-8,225,"JAN 03, 1992",24.0,1,Creighton,203926,,Chicago Bulls,2015
1610612741,2015,00,Bobby Portis,Bobby,bobby-portis,5,F,6-11,230,"FEB 10, 1995",21.0,R,Arkansas,1626171,,Chicago Bulls,2015
1610612741,2015,00,Cristiano Felicio,Cristiano,cristiano-felicio,6,F-C,6-10,275,"JUL 07, 1992",23.0,R,Flamengo,1626245,,Chicago Bulls,2015
1610612741,2015,00,Justin Holiday,Justin,justin-holiday,7,G,6-6,185,"APR 05, 1989",27.0,2,Washington,203200,,Chicago Bulls,2015
1610612741,2015,00,Spencer Dinwiddie,Spencer,spencer-dinwiddie,8,G,6-6,200,"APR 06, 1993",23.0,1,Colorado,203915,,Chicago Bulls,2015
1610612741,2015,00,Joakim Noah,Joakim,joakim-noah,13,C,6-11,232,"FEB 25, 1985",31.0,8,Florida,201149,,Chicago Bulls,2015
1610612741,2015,00,Pau Gasol,Pau,pau-gasol,16,C-F,7-0,250,"JUL 06, 1980",35.0,14,FC Barcelona,2200,,Chicago Bulls,2015
1610612741,2015,00,Tony Snell,Tony,tony-snell,20,F,6-7,200,"NOV 10, 1991",24.0,2,New Mexico,203503,,Chicago Bulls,2015
1610612741,2015,00,Jimmy Butler III,Jimmy,jimmy-butler-iii,21,G-F,6-7,220,"SEP 14, 1989",26.0,4,Marquette,202710,,Chicago Bulls,2015
1610612741,2015,00,Taj Gibson,Taj,taj-gibson,22,F,6-9,225,"JUN 24, 1985",31.0,6,Southern California,201959,,Chicago Bulls,2015
1610612741,2015,00,Mike Dunleavy,Mike,mike-dunleavy,34,G-F,6-9,230,"SEP 15, 1980",35.0,13,Duke,2399,,Chicago Bulls,2015
1610612741,2015,00,Cameron Bairstow,Cameron,cameron-bairstow,41,F-C,6-9,250,"DEC 07, 1990",25.0,1,New Mexico,203946,,Chicago Bulls,2015
1610612741,2015,00,Nikola Mirotic,Nikola,nikola-mirotic,44,F,6-10,220,"FEB 11, 1991",25.0,1,Real Madrid,202703,,Chicago Bulls,2015
1610612741,2015,00,E'Twaun Moore,E'Twaun,etwaun-moore,55,G,6-4,191,"FEB 25, 1989",27.0,4,Purdue,202734,,Chicago Bulls,2015
1610612741,2016,00,Isaiah Canaan,Isaiah,isaiah-canaan,0,G,6-0,201,"MAY 21, 1991",26.0,3,Murray State,203477,,Chicago Bulls,2016
1610612741,2016,00,Jerian Grant,Jerian,jerian-grant,2,G,6-4,198,"OCT 09, 1992",24.0,1,Notre Dame,1626170,,Chicago Bulls,2016
1610612741,2016,00,Dwyane Wade,Dwyane,dwyane-wade,3,G,6-4,220,"JAN 17, 1982",35.0,13,Marquette,2548,,Chicago Bulls,2016
1610612741,2016,00,Bobby Portis,Bobby,bobby-portis,5,F,6-11,246,"FEB 10, 1995",22.0,1,Arkansas,1626171,,Chicago Bulls,2016
1610612741,2016,00,Cristiano Felicio,Cristiano,cristiano-felicio,6,F-C,6-9,266,"JUL 07, 1992",24.0,1,Flamengo,1626245,,Chicago Bulls,2016
1610612741,2016,00,Michael Carter-Williams,Michael,michael-carter-williams,7,G,6-6,190,"OCT 10, 1991",25.0,3,Syracuse,203487,,Chicago Bulls,2016
1610612741,2016,00,Robin Lopez,Robin,robin-lopez,8,C,7-0,255,"APR 01, 1988",29.0,8,Stanford,201577,,Chicago Bulls,2016
1610612741,2016,00,Rajon Rondo,Rajon,rajon-rondo,9,G,6-1,186,"FEB 22, 1986",31.0,10,Kentucky,200765,,Chicago Bulls,2016
1610612741,2016,00,Anthony Morrow,Anthony,anthony-morrow,11,G,6-5,210,"SEP 27, 1985",31.0,8,Georgia Tech,201627,,Chicago Bulls,2016
1610612741,2016,00,Paul Zipser,Paul,paul-zipser,16,F,6-8,210,"FEB 18, 1994",23.0,R,Bayern Munich,1627835,,Chicago Bulls,2016
1610612741,2016,00,Jimmy Butler III,Jimmy,jimmy-butler-iii,21,F,6-7,231,"SEP 14, 1989",27.0,5,Marquette,202710,,Chicago Bulls,2016
1610612741,2016,00,Cameron Payne,Cameron,cameron-payne,22,G,6-3,185,"AUG 08, 1994",22.0,1,Murray State,1626166,,Chicago Bulls,2016
1610612741,2016,00,Nikola Mirotic,Nikola,nikola-mirotic,44,F,6-10,238,"FEB 11, 1991",26.0,2,Real Madrid,202703,,Chicago Bulls,2016
1610612741,2016,00,Denzel Valentine,Denzel,denzel-valentine,45,G,6-6,212,"NOV 16, 1993",23.0,R,Michigan State,1627756,,Chicago Bulls,2016
1610612741,2016,00,Joffrey Lauvergne,Joffrey,joffrey-lauvergne,77,C-F,6-11,220,"SEP 30, 1991",25.0,2,Khimki,203530,,Chicago Bulls,2016
1610612741,2017,00,Sean Kilpatrick,Sean,sean-kilpatrick,0,G,6-4,212,"JAN 06, 1990",28.0,3,Cincinnati,203930,,Chicago Bulls,2017
1610612741,2017,00,Jerian Grant,Jerian,jerian-grant,2,G,6-4,198,"OCT 09, 1992",25.0,2,Notre Dame,1626170,,Chicago Bulls,2017
1610612741,2017,00,Omer Asik,Omer,omer-asik,3,C,7-0,255,"JUL 04, 1986",31.0,7,Fenerbahce,201600,,Chicago Bulls,2017
1610612741,2017,00,Bobby Portis,Bobby,bobby-portis,5,F,6-11,248,"FEB 10, 1995",23.0,2,Arkansas,1626171,,Chicago Bulls,2017
1610612741,2017,00,Cristiano Felicio,Cristiano,cristiano-felicio,6,C-F,6-9,280,"JUL 07, 1992",25.0,2,Flamengo,1626245,,Chicago Bulls,2017
1610612741,2017,00,Justin Holiday,Justin,justin-holiday,7,G-F,6-6,185,"APR 05, 1989",29.0,4,Washington,203200,,Chicago Bulls,2017
1610612741,2017,00,Zach LaVine,Zach,zach-lavine,8,G,6-5,185,"MAR 10, 1995",23.0,3,UCLA,203897,,Chicago Bulls,2017
1610612741,2017,00,Antonio Blakeney,Antonio,antonio-blakeney,9,G,6-4,197,"OCT 04, 1996",21.0,R,Louisiana State,1628469,,Chicago Bulls,2017
1610612741,2017,00,David Nwaba,David,david-nwaba,11,F,6-4,209,"JAN 14, 1993",25.0,1,Cal Poly-Obispo,1628021,,Chicago Bulls,2017
1610612741,2017,00,Ryan Arcidiacono,Ryan,ryan-arcidiacono,15,G,6-3,195,"MAR 26, 1994",24.0,R,Villanova,1627853,,Chicago Bulls,2017
1610612741,2017,00,Paul Zipser,Paul,paul-zipser,16,F,6-8,226,"FEB 18, 1994",24.0,1,Bayern Munich,1627835,,Chicago Bulls,2017
1610612741,2017,00,Cameron Payne,Cameron,cameron-payne,22,G,6-3,185,"AUG 08, 1994",23.0,2,Murray State,1626166,,Chicago Bulls,2017
1610612741,2017,00,Lauri Markkanen,Lauri,lauri-markkanen,24,F,7-0,230,"MAY 22, 1997",21.0,R,Arizona,1628374,,Chicago Bulls,2017
1610612741,2017,00,Noah Vonleh,Noah,noah-vonleh,30,F,6-9,245,"AUG 24, 1995",22.0,3,Indiana,203943,,Chicago Bulls,2017
1610612741,2017,00,Jarell Eddie,Jarell,jarell-eddie,31,G-F,6-7,218,"OCT 30, 1991",26.0,2,Virginia Tech,204067,,Chicago Bulls,2017
1610612741,2017,00,Kris Dunn,Kris,kris-dunn,32,G,6-4,210,"MAR 18, 1994",24.0,1,Providence,1627739,,Chicago Bulls,2017
1610612741,2017,00,Robin Lopez,Robin,robin-lopez,42,C,7-0,277,"APR 01, 1988",30.0,9,Stanford,201577,,Chicago Bulls,2017
1610612741,2017,00,Denzel Valentine,Denzel,denzel-valentine,45,F,6-6,214,"NOV 16, 1993",24.0,1,Michigan State,1627756,,Chicago Bulls,2017
1610612741,2018,00,Shaquille Harrison,Shaquille,shaquille-harrison,3,G,6-4,190,"OCT 06, 1993",25.0,1,Tulsa,1627885,,Chicago Bulls,2018
1610612741,2018,00,Cristiano Felicio,Cristiano,cristiano-felicio,6,F-C,6-10,265,"JUL 07, 1992",26.0,3,Flamengo,1626245,,Chicago Bulls,2018
1610612741,2018,00,Timothe Luwawu-Cabarrot,Timothe,timothe-luwawu-cabarrot,7,G-F,6-6,210,"MAY 09, 1995",24.0,2,Mega Basket,1627789,,Chicago Bulls,2018
1610612741,2018,00,Zach LaVine,Zach,zach-lavine,8,G,6-5,200,"MAR 10, 1995",24.0,4,UCLA,203897,,Chicago Bulls,2018
1610612741,2018,00,Antonio Blakeney,Antonio,antonio-blakeney,9,G,6-4,192,"OCT 04, 1996",22.0,1,Louisiana State,1628469,,Chicago Bulls,2018
1610612741,2018,00,Wayne Selden,Wayne,wayne-selden,14,G-F,6-5,230,"SEP 30, 1994",24.0,2,Kansas,1627782,,Chicago Bulls,2018
1610612741,2018,00,Chandler Hutchison,Chandler,chandler-hutchison,15,F,6-7,197,"APR 26, 1996",23.0,R,Boise State,1628990,,Chicago Bulls,2018
1610612741,2018,00,Rawle Alkins,Rawle,rawle-alkins,20,G,6-5,225,"OCT 29, 1997",21.0,R,Arizona,1628959,,Chicago Bulls,2018
1610612741,2018,00,Otto Porter Jr.,Otto,otto-porter-jr,22,F,6-8,198,"JUN 03, 1993",26.0,5,Georgetown,203490,,Chicago Bulls,2018
1610612741,2018,00,Lauri Markkanen,Lauri,lauri-markkanen,24,F,7-0,240,"MAY 22, 1997",22.0,1,Arizona,1628374,,Chicago Bulls,2018
1610612741,2018,00,Walt Lemon Jr.,Walt,walt-lemon-jr,25,G,6-3,180,"JUL 26, 1992",26.0,1,Bradley,1627215,,Chicago Bulls,2018
1610612741,2018,00,Kris Dunn,Kris,kris-dunn,32,G,6-4,205,"MAR 18, 1994",25.0,2,Providence,1627739,,Chicago Bulls,2018
1610612741,2018,00,Wendell Carter Jr.,Wendell,wendell-carter-jr,34,C,6-10,255,"APR 16, 1999",20.0,R,Duke,1628976,,Chicago Bulls,2018
1610612741,2018,00,Robin Lopez,Robin,robin-lopez,42,C,7-0,275,"APR 01, 1988",31.0,10,Stanford,201577,,Chicago Bulls,2018
1610612741,2018,00,Brandon Sampson,Brandon,brandon-sampson,44,G,6-5,184,"MAY 01, 1997",22.0,R,Louisiana State,1629102,,Chicago Bulls,2018
1610612741,2018,00,Denzel Valentine,Denzel,denzel-valentine,45,G,6-6,210,"NOV 16, 1993",25.0,2,Michigan State,1627756,,Chicago Bulls,2018
1610612741,2018,00,Ryan Arcidiacono,Ryan,ryan-arcidiacono,51,G,6-3,200,"MAR 26, 1994",25.0,1,Villanova,1627853,,Chicago Bulls,2018
1610612741,2019,00,Coby White,Coby,coby-white,0,G,6-4,195,"FEB 16, 2000",20.0,R,North Carolina,1629632,#7 Pick in 2019 Draft,Chicago Bulls,2019
1610612741,2019,00,Luke Kornet,Luke,luke-kornet,2,F-C,7-2,250,"JUL 15, 1995",24.0,2,Vanderbilt,1628436,,Chicago Bulls,2019
1610612741,2019,00,Shaquille Harrison,Shaquille,shaquille-harrison,3,G,6-7,190,"OCT 06, 1993",26.0,2,Tulsa,1627885,,Chicago Bulls,2019
1610612741,2019,00,Cristiano Felicio,Cristiano,cristiano-felicio,6,F-C,6-10,270,"JUL 07, 1992",27.0,4,Flamengo,1626245,,Chicago Bulls,2019
1610612741,2019,00,Zach LaVine,Zach,zach-lavine,8,G-F,6-6,200,"MAR 10, 1995",25.0,5,UCLA,203897,,Chicago Bulls,2019
1610612741,2019,00,Daniel Gafford,Daniel,daniel-gafford,12,F-C,6-10,234,"OCT 01, 1998",21.0,R,Arkansas,1629655,,Chicago Bulls,2019
1610612741,2019,00,Chandler Hutchison,Chandler,chandler-hutchison,15,F-G,6-7,210,"APR 26, 1996",24.0,1,Boise State,1628990,,Chicago Bulls,2019
1610612741,2019,00,Adam Mokoka,Adam,adam-mokoka,20,G,6-5,190,"JUL 18, 1998",21.0,R,Mega Basket,1629690,,Chicago Bulls,2019
1610612741,2019,00,Thaddeus Young,Thaddeus,thaddeus-young,21,F,6-8,235,"JUN 21, 1988",32.0,12,Georgia Tech,201152,,Chicago Bulls,2019
1610612741,2019,00,Otto Porter Jr.,Otto,otto-porter-jr,22,F,6-8,198,"JUN 03, 1993",27.0,6,Georgetown,203490,,Chicago Bulls,2019
1610612741,2019,00,Lauri Markkanen,Lauri,lauri-markkanen,24,F-C,7-0,240,"MAY 22, 1997",23.0,2,Arizona,1628374,,Chicago Bulls,2019
1610612741,2019,00,Max Strus,Max,max-strus,28,G-F,6-5,215,"MAR 28, 1996",24.0,R,DePaul,1629622,,Chicago Bulls,2019
1610612741,2019,00,Tomas Satoransky,Tomas,tomas-satoransky,31,G,6-7,210,"OCT 30, 1991",28.0,3,FC Barcelona,203107,,Chicago Bulls,2019
1610612741,2019,00,Kris Dunn,Kris,kris-dunn,32,G,6-3,205,"MAR 18, 1994",26.0,3,Providence,1627739,,Chicago Bulls,2019
1610612741,2019,00,Wendell Carter Jr.,Wendell,wendell-carter-jr,34,C-F,6-9,270,"APR 16, 1999",21.0,1,Duke,1628976,,Chicago Bulls,2019
1610612741,2019,00,Denzel Valentine,Denzel,denzel-valentine,45,G,6-4,220,"NOV 16, 1993",26.0,2,Michigan State,1627756,,Chicago Bulls,2019
1610612741,2019,00,Ryan Arcidiacono,Ryan,ryan-arcidiacono,51,G,6-3,195,"MAR 26, 1994",26.0,2,Villanova,1627853,,Chicago Bulls,2019
1610612741,2020,00,Coby White,Coby,coby-white,0,G,6-5,195,"FEB 16, 2000",21.0,1,North Carolina,1629632,#7 Pick in 2019 Draft,Chicago Bulls,2020
1610612741,2020,00,Devon Dotson,Devon,devon-dotson,3,G,6-2,185,"AUG 02, 1999",21.0,R,Kansas,1629653,,Chicago Bulls,2020
1610612741,2020,00,Al-Farouq Aminu,Al-Farouq,al-farouq-aminu,5,F,6-8,220,"SEP 21, 1990",30.0,10,Wake Forest,202329,,Chicago Bulls,2020
1610612741,2020,00,Cristiano Felicio,Cristiano,cristiano-felicio,6,F-C,6-11,270,"JUL 07, 1992",28.0,5,Flamengo,1626245,,Chicago Bulls,2020
1610612741,2020,00,Troy Brown Jr.,Troy,troy-brown-jr,7,G-F,6-6,215,"JUL 28, 1999",21.0,2,Oregon,1628972,,Chicago Bulls,2020
1610612741,2020,00,Zach LaVine,Zach,zach-lavine,8,G-F,6-5,200,"MAR 10, 1995",26.0,6,UCLA,203897,,Chicago Bulls,2020
1610612741,2020,00,Nikola Vučević,Nikola,nikola-vučević,9,C,6-11,260,"OCT 24, 1990",30.0,9,Southern California,202696,Traded from ORL on 03/25/21,Chicago Bulls,2020
1610612741,2020,00,Javonte Green,Javonte,javonte-green,11,G-F,6-4,205,"JUL 23, 1993",27.0,1,Radford,1629750,,Chicago Bulls,2020
1610612741,2020,00,Garrett Temple,Garrett,garrett-temple,17,G-F,6-5,195,"MAY 08, 1986",35.0,10,Louisiana State,202066,,Chicago Bulls,2020
1610612741,2020,00,Adam Mokoka,Adam,adam-mokoka,20,G,6-4,190,"JUL 18, 1998",22.0,1,Mega Basket,1629690,,Chicago Bulls,2020
1610612741,2020,00,Thaddeus Young,Thaddeus,thaddeus-young,21,F,6-8,235,"JUN 21, 1988",33.0,13,Georgia Tech,201152,,Chicago Bulls,2020
1610612741,2020,00,Lauri Markkanen,Lauri,lauri-markkanen,24,F-C,7-0,240,"MAY 22, 1997",24.0,3,Arizona,1628374,,Chicago Bulls,2020
1610612741,2020,00,Daniel Theis,Daniel,daniel-theis,27,F-C,6-8,245,"APR 04, 1992",29.0,3,Brose Bamberg,1628464,,Chicago Bulls,2020
1610612741,2020,00,Tomas Satoransky,Tomas,tomas-satoransky,31,G,6-7,210,"OCT 30, 1991",29.0,4,FC Barcelona,203107,,Chicago Bulls,2020
1610612741,2020,00,Patrick Williams,Patrick,patrick-williams,44,F,6-7,215,"AUG 26, 2001",19.0,R,Florida State,1630172,#4 Pick in 2020 Draft,Chicago Bulls,2020
1610612741,2020,00,Denzel Valentine,Denzel,denzel-valentine,45,G,6-4,220,"NOV 16, 1993",27.0,3,Michigan State,1627756,,Chicago Bulls,2020
1610612741,2020,00,Ryan Arcidiacono,Ryan,ryan-arcidiacono,51,G,6-3,195,"MAR 26, 1994",27.0,3,Villanova,1627853,,Chicago Bulls,2020
1610612741,2021,00,Coby White,Coby,coby-white,0,G,6-4,195,"FEB 16, 2000",22.0,2,North Carolina,1629632,#7 Pick in 2019 Draft,Chicago Bulls,2021
1610612741,2021,00,Lonzo Ball,Lonzo,lonzo-ball,2,G,6-6,190,"OCT 27, 1997",24.0,4,UCLA,1628366,,Chicago Bulls,2021
1610612741,2021,00,Tristan Thompson,Tristan,tristan-thompson,3,C-F,6-9,254,"MAR 13, 1991",31.0,10,Texas-Austin,202684,,Chicago Bulls,2021
1610612741,2021,00,Derrick Jones Jr.,Derrick,derrick-jones-jr,5,F,6-6,210,"FEB 15, 1997",25.0,5,UNLV,1627884,,Chicago Bulls,2021
1610612741,2021,00,Alex Caruso,Alex,alex-caruso,6,G,6-5,186,"FEB 28, 1994",28.0,4,Texas A&M,1627936,,Chicago Bulls,2021
1610612741,2021,00,Troy Brown Jr.,Troy,troy-brown-jr,7,G-F,6-6,215,"JUL 28, 1999",22.0,3,Oregon,1628972,,Chicago Bulls,2021
1610612741,2021,00,Zach LaVine,Zach,zach-lavine,8,G-F,6-5,200,"MAR 10, 1995",27.0,7,UCLA,203897,,Chicago Bulls,2021
1610612741,2021,00,Nikola Vučević,Nikola,nikola-vučević,9,C,6-10,260,"OCT 24, 1990",31.0,10,Southern California,202696,Traded from ORL on 03/25/21,Chicago Bulls,2021
1610612741,2021,00,DeMar DeRozan,DeMar,demar-derozan,11,G-F,6-6,220,"AUG 07, 1989",32.0,12,Southern California,201942,,Chicago Bulls,2021
1610612741,2021,00,Ayo Dosunmu,Ayo,ayo-dosunmu,12,G,6-4,200,"JAN 17, 2000",22.0,R,Illinois,1630245,#38 Pick in 2021 Draft,Chicago Bulls,2021
1610612741,2021,00,Tony Bradley,Tony,tony-bradley,13,C-F,6-10,248,"JAN 08, 1998",24.0,4,North Carolina,1628396,,Chicago Bulls,2021
1610612741,2021,00,Malcolm Hill,Malcolm,malcolm-hill,14,F,6-6,220,"OCT 26, 1995",26.0,R,Illinois,1630792,,Chicago Bulls,2021
1610612741,2021,00,Marko Simonovic,Marko,marko-simonovic,19,C,6-11,220,"OCT 15, 1999",22.0,R,Mega Basket,1630250,,Chicago Bulls,2021
1610612741,2021,00,Matt Thomas,Matt,matt-thomas,21,G,6-3,190,"AUG 04, 1994",27.0,2,Iowa State,1629744,,Chicago Bulls,2021
1610612741,2021,00,Javonte Green,Javonte,javonte-green,24,G-F,6-5,205,"JUL 23, 1993",28.0,2,Radford,1629750,,Chicago Bulls,2021
1610612741,2021,00,Tyler Cook,Tyler,tyler-cook,25,F,6-8,255,"SEP 23, 1997",24.0,2,Iowa,1629076,,Chicago Bulls,2021
1610612741,2021,00,Patrick Williams,Patrick,patrick-williams,44,F,6-7,215,"AUG 26, 2001",20.0,1,Florida State,1630172,#4 Pick in 2020 Draft,Chicago Bulls,2021
1610612741,2022,00,Coby White,Coby,coby-white,0,G,6-5,195,"FEB 16, 2000",23.0,3,North Carolina,1629632,#7 Pick in 2019 Draft,Chicago Bulls,2022
1610612741,2022,00,Lonzo Ball,Lonzo,lonzo-ball,2,G,6-6,190,"OCT 27, 1997",25.0,5,UCLA,1628366,,Chicago Bulls,2022
1610612741,2022,00,Andre Drummond,Andre,andre-drummond,3,C,6-11,279,"AUG 10, 1993",29.0,10,Connecticut,203083,,Chicago Bulls,2022
1610612741,2022,00,Derrick Jones Jr.,Derrick,derrick-jones-jr,5,F,6-6,210,"FEB 15, 1997",26.0,6,UNLV,1627884,,Chicago Bulls,2022
1610612741,2022,00,Alex Caruso,Alex,alex-caruso,6,G,6-5,186,"FEB 28, 1994",29.0,5,Texas A&M,1627936,,Chicago Bulls,2022
1610612741,2022,00,Zach LaVine,Zach,zach-lavine,8,G,6-5,200,"MAR 10, 1995",28.0,8,UCLA,203897,,Chicago Bulls,2022
1610612741,2022,00,Nikola Vučević,Nikola,nikola-vučević,9,C,6-10,260,"OCT 24, 1990",32.0,11,Southern California,202696,Traded from ORL on 03/25/21,Chicago Bulls,2022
1610612741,2022,00,DeMar DeRozan,DeMar,demar-derozan,11,G-F,6-6,220,"AUG 07, 1989",33.0,13,Southern California,201942,,Chicago Bulls,2022
1610612741,2022,00,Ayo Dosunmu,Ayo,ayo-dosunmu,12,G,6-5,200,"JAN 17, 2000",23.0,1,Illinois,1630245,#38 Pick in 2021 Draft,Chicago Bulls,2022
1610612741,2022,00,Marko Simonovic,Marko,marko-simonovic,19,C,7-0,220,"OCT 15, 1999",23.0,1,Mega Basket,1630250,,Chicago Bulls,2022
1610612741,2022,00,Patrick Beverley,Patrick,patrick-beverley,21,G,6-2,180,"JUL 12, 1988",34.0,10,Arkansas,201976,,Chicago Bulls,2022
1610612741,2022,00,Carlik Jones,Carlik,carlik-jones,22,G,6-0,174,"DEC 23, 1997",25.0,1,Louisville,1630637,,Chicago Bulls,2022
1610612741,2022,00,Javonte Green,Javonte,javonte-green,24,G,6-5,205,"JUL 23, 1993",29.0,3,Radford,1629750,,Chicago Bulls,2022
1610612741,2022,00,Dalen Terry,Dalen,dalen-terry,25,F,6-7,195,"JUL 12, 2002",20.0,R,Arizona,1631207,#18 Pick in 2022 Draft,Chicago Bulls,2022
1610612741,2022,00,Terry Taylor,Terry,terry-taylor,32,F,6-4,230,"SEP 23, 1999",23.0,1,Austin Peay,1630678,,Chicago Bulls,2022
1610612741,2022,00,Justin Lewis,Justin,justin-lewis,34,F,6-7,245,"APR 12, 2002",21.0,R,Marquette,1631171,,Chicago Bulls,2022
1610612741,2022,00,Patrick Williams,Patrick,patrick-williams,44,F,6-7,215,"AUG 26, 2001",21.0,2,Florida State,1630172,#4 Pick in 2020 Draft,Chicago Bulls,2022
1610612741,2023,00,Andrew Funk,Andrew,andrew-funk,,G,6-5,200,"SEP 21, 1999",24.0,R,Penn State,1641847,,Chicago Bulls,2023
1610612741,2023,00,Coby White,Coby,coby-white,0,G,6-5,195,"FEB 16, 2000",24.0,4,North Carolina,1629632,#7 Pick in 2019 Draft,Chicago Bulls,2023
1610612741,2023,00,Lonzo Ball,Lonzo,lonzo-ball,2,G,6-6,190,"OCT 27, 1997",26.0,6,UCLA,1628366,,Chicago Bulls,2023
1610612741,2023,00,Andre Drummond,Andre,andre-drummond,3,C,6-11,279,"AUG 10, 1993",30.0,11,Connecticut,203083,,Chicago Bulls,2023
1610612741,2023,00,Jevon Carter,Jevon,jevon-carter,5,G,6-1,200,"SEP 14, 1995",28.0,5,West Virginia,1628975,Signed on 07/10/23,Chicago Bulls,2023
1610612741,2023,00,Alex Caruso,Alex,alex-caruso,6,G,6-5,186,"FEB 28, 1994",30.0,6,Texas A&M,1627936,,Chicago Bulls,2023
1610612741,2023,00,Zach LaVine,Zach,zach-lavine,8,G,6-5,200,"MAR 10, 1995",29.0,9,UCLA,203897,,Chicago Bulls,2023
1610612741,2023,00,Nikola Vučević,Nikola,nikola-vučević,9,C,6-10,260,"OCT 24, 1990",33.0,12,Southern California,202696,Traded from ORL on 03/25/21,Chicago Bulls,2023
1610612741,2023,00,DeMar DeRozan,DeMar,demar-derozan,11,G-F,6-6,220,"AUG 07, 1989",34.0,14,Southern California,201942,,Chicago Bulls,2023
1610612741,2023,00,Ayo Dosunmu,Ayo,ayo-dosunmu,12,G,6-5,200,"JAN 17, 2000",24.0,2,Illinois,1630245,#38 Pick in 2021 Draft,Chicago Bulls,2023
1610612741,2023,00,Torrey Craig,Torrey,torrey-craig,13,F,6-5,221,"DEC 19, 1990",33.0,6,South Carolina Upstate,1628470,,Chicago Bulls,2023
1610612741,2023,00,Julian Phillips,Julian,julian-phillips,15,F,6-8,198,"NOV 05, 2003",20.0,R,Tennessee,1641763,Draft Rights Traded from WAS on 06/28/23,Chicago Bulls,2023
1610612741,2023,00,Onuralp Bitim,Onuralp,onuralp-bitim,17,F,6-6,215,"MAR 31, 1999",25.0,R,Bursaspor,1641931,,Chicago Bulls,2023
1610612741,2023,00,Adama Sanogo,Adama,adama-sanogo,21,F,6-9,245,"FEB 12, 2002",22.0,R,UCONN,1641766,,Chicago Bulls,2023
1610612741,2023,00,Javonte Green,Javonte,javonte-green,24,G,6-5,205,"JUL 23, 1993",30.0,4,Radford,1629750,,Chicago Bulls,2023
1610612741,2023,00,Dalen Terry,Dalen,dalen-terry,25,F,6-7,195,"JUL 12, 2002",21.0,1,Arizona,1631207,#18 Pick in 2022 Draft,Chicago Bulls,2023
1610612741,2023,00,Patrick Williams,Patrick,patrick-williams,44,F,6-7,215,"AUG 26, 2001",22.0,3,Florida State,1630172,#4 Pick in 2020 Draft,Chicago Bulls,2023
1610612741,2023,00,Henri Drell,Henri,henri-drell,77,F,6-9,220,"APR 25, 2000",24.0,R,Victoria Libertas,1630929,,Chicago Bulls,2023
1610612741,2024,00,Coby White,Coby,coby-white,0,G,6-5,195,"FEB 16, 2000",25.0,5,North Carolina,1629632,#7 Pick in 2019 Draft,Chicago Bulls,2024
1610612741,2024,00,Lonzo Ball,Lonzo,lonzo-ball,2,G,6-6,190,"OCT 27, 1997",27.0,7,UCLA,1628366,,Chicago Bulls,2024
1610612741,2024,00,Josh Giddey,Josh,josh-giddey,3,G,6-8,216,"OCT 10, 2002",22.0,3,NBA Global Academy,1630581,Traded from OKC on 06/21/24,Chicago Bulls,2024
1610612741,2024,00,Jevon Carter,Jevon,jevon-carter,5,G,6-1,200,"SEP 14, 1995",29.0,6,West Virginia,1628975,Signed on 07/10/23,Chicago Bulls,2024
1610612741,2024,00,Jalen Smith,Jalen,jalen-smith,7,F-C,6-9,215,"MAR 16, 2000",25.0,4,Maryland,1630188,Signed on 07/08/24,Chicago Bulls,2024
1610612741,2024,00,Nikola Vučević,Nikola,nikola-vučević,9,C,6-10,260,"OCT 24, 1990",34.0,13,Southern California,202696,Traded from ORL on 03/25/21,Chicago Bulls,2024
1610612741,2024,00,Ayo Dosunmu,Ayo,ayo-dosunmu,11,G,6-5,200,"JAN 17, 2000",25.0,3,Illinois,1630245,#38 Pick in 2021 Draft,Chicago Bulls,2024
1610612741,2024,00,Jahmir Young,Jahmir,jahmir-young,11,G,6-1,185,"OCT 07, 2000",24.0,R,Maryland,1642443,,Chicago Bulls,2024
1610612741,2024,00,Zach Collins,Zach,zach-collins,12,F-C,6-11,250,"NOV 19, 1997",27.0,7,Gonzaga,1628380,Traded from SAS on 02/03/25,Chicago Bulls,2024
1610612741,2024,00,Kevin Huerter,Kevin,kevin-huerter,13,G-F,6-7,198,"AUG 27, 1998",26.0,6,Maryland,1628989,Traded from SAC on 02/03/25,Chicago Bulls,2024
1610612741,2024,00,Matas Buzelis,Matas,matas-buzelis,14,F,6-10,209,"OCT 13, 2004",20.0,R,NBA G League Ignite,1641824,#11 Pick in 2024 Draft,Chicago Bulls,2024
1610612741,2024,00,Julian Phillips,Julian,julian-phillips,15,F,6-8,198,"NOV 05, 2003",21.0,1,Tennessee,1641763,Draft Rights Traded from WAS on 06/28/23,Chicago Bulls,2024
1610612741,2024,00,Emanuel Miller,Emanuel,emanuel-miller,20,F,6-7,215,"JUN 19, 2000",25.0,R,TCU,1641801,Signed on 12/27/24,Chicago Bulls,2024
1610612741,2024,00,Talen Horton-Tucker,Talen,talen-horton-tucker,22,G,6-4,234,"NOV 25, 2000",24.0,5,Iowa State,1629659,,Chicago Bulls,2024
1610612741,2024,00,Dalen Terry,Dalen,dalen-terry,25,F,6-7,195,"JUL 12, 2002",22.0,2,Arizona,1631207,#18 Pick in 2022 Draft,Chicago Bulls,2024
1610612741,2024,00,Tre Jones,Tre,tre-jones,30,G,6-1,185,"JAN 08, 2000",25.0,4,Duke,1630200,Traded from SAS on 02/03/25,Chicago Bulls,2024
1610612741,2024,00,E.J. Liddell,E.J.,ej-liddell,32,F,6-6,240,"DEC 18, 2000",24.0,1,Ohio State,1630604,,Chicago Bulls,2024
1610612741,2024,00,Patrick Williams,Patrick,patrick-williams,44,F,6-7,215,"AUG 26, 2001",23.0,4,Florida State,1630172,#4 Pick in 2020 Draft,Chicago Bulls,2024
1610612741,2025,00,Coby White,Coby,coby-white,0,G,6-4,195,"FEB 16, 2000",25.0,6,North Carolina,1629632,#7 Pick in 2019 Draft,Chicago Bulls,2025
1610612741,2025,00,Josh Giddey,Josh,josh-giddey,3,G,6-7,216,"OCT 10, 2002",23.0,4,NBA Global Academy,1630581,Traded from OKC on 06/21/24,Chicago Bulls,2025
1610612741,2025,00,Jevon Carter,Jevon,jevon-carter,5,G,6-0,200,"SEP 14, 1995",30.0,7,West Virginia,1628975,Signed on 07/10/23,Chicago Bulls,2025
1610612741,2025,00,Dalen Terry,Dalen,dalen-terry,7,F,6-6,195,"JUL 12, 2002",23.0,3,Arizona,1631207,#18 Pick in 2022 Draft,Chicago Bulls,2025
1610612741,2025,00,Nikola Vučević,Nikola,nikola-vučević,9,C,6-9,260,"OCT 24, 1990",34.0,14,Southern California,202696,Traded from ORL on 03/25/21,Chicago Bulls,2025
1610612741,2025,00,Ayo Dosunmu,Ayo,ayo-dosunmu,11,G,6-4,200,"JAN 17, 2000",25.0,4,Illinois,1630245,#38 Pick in 2021 Draft,Chicago Bulls,2025
1610612741,2025,00,Zach Collins,Zach,zach-collins,12,F-C,6-9,250,"NOV 19, 1997",27.0,8,Gonzaga,1628380,Traded from SAS on 02/03/25,Chicago Bulls,2025
1610612741,2025,00,Kevin Huerter,Kevin,kevin-huerter,13,G-F,6-6,198,"AUG 27, 1998",27.0,7,Maryland,1628989,Traded from SAC on 02/03/25,Chicago Bulls,2025
1610612741,2025,00,Matas Buzelis,Matas,matas-buzelis,14,F,6-8,209,"OCT 13, 2004",21.0,1,NBA G League Ignite,1641824,#11 Pick in 2024 Draft,Chicago Bulls,2025
1610612741,2025,00,Julian Phillips,Julian,julian-phillips,15,F,6-6,198,"NOV 05, 2003",21.0,2,Tennessee,1641763,Draft Rights Traded from WAS on 06/28/23,Chicago Bulls,2025
1610612741,2025,00,Yuki Kawamura,Yuki,yuki-kawamura,17,G,5-7,159,"MAY 02, 2001",24.0,1,Yokohama B-Corsairs (Japan),1642530,Signed on 07/19/25,Chicago Bulls,2025
1610612741,2025,00,Emanuel Miller,Emanuel,emanuel-miller,20,F,6-5,215,"JUN 19, 2000",25.0,1,TCU,1641801,Signed on 12/27/24,Chicago Bulls,2025
1610612741,2025,00,Noa Essengue,Noa,noa-essengue,24,F,6-8,200,"DEC 18, 2006",18.0,R,,1642855,#12 Pick in 2025 Draft,Chicago Bulls,2025
1610612741,2025,00,Jalen Smith,Jalen,jalen-smith,25,F-C,6-8,215,"MAR 16, 2000",25.0,5,Maryland,1630188,Signed on 07/08/24,Chicago Bulls,2025
1610612741,2025,00,Tre Jones,Tre,tre-jones,30,G,6-1,185,"JAN 08, 2000",25.0,5,Duke,1630200,Traded from SAS on 02/03/25,Chicago Bulls,2025
1610612741,2025,00,Isaac Okoro,Isaac,isaac-okoro,35,F-G,6-4,225,"JAN 26, 2001",24.0,5,Auburn,1630171,Traded from CLE on 07/06/25,Chicago Bulls,2025
1610612741,2025,00,Patrick Williams,Patrick,patrick-williams,44,F,6-6,215,"AUG 26, 2001",24.0,5,Florida State,1630172,#4 Pick in 2020 Draft,Chicago Bulls,2025
1610612741,2025,00,Lachlan Olbrich,Lachlan,lachlan-olbrich,47,C,6-8,236,"DEC 30, 2003",21.0,R,Illawarra,1642950,Draft Rights Traded from LAL on 06/30/25,Chicago Bulls,2025
1610612742,2015,00,Justin Anderson,Justin,justin-anderson,1,G-F,6-6,228,"NOV 19, 1993",22.0,R,Virginia,1626147,,Dallas Mavericks,2015
1610612742,2015,00,Raymond Felton,Raymond,raymond-felton,2,G,6-1,205,"JUN 26, 1984",32.0,10,North Carolina,101109,,Dallas Mavericks,2015
1610612742,2015,00,Charlie Villanueva,Charlie,charlie-villanueva,3,F,6-11,232,"AUG 24, 1984",31.0,10,Connecticut,101111,,Dallas Mavericks,2015
1610612742,2015,00,J.J. Barea,J.J.,jj-barea,5,G,6-0,185,"JUN 26, 1984",32.0,9,Northeastern,200826,,Dallas Mavericks,2015
1610612742,2015,00,Dwight Powell,Dwight,dwight-powell,7,F-C,6-11,240,"JUL 20, 1991",24.0,1,Stanford,203939,Traded from BOS on 12/18/14,Dallas Mavericks,2015
1610612742,2015,00,Deron Williams,Deron,deron-williams,8,G,6-3,200,"JUN 26, 1984",32.0,10,Illinois,101114,,Dallas Mavericks,2015
1610612742,2015,00,JaVale McGee,JaVale,javale-mcgee,11,C,7-0,270,"JAN 19, 1988",28.0,7,Nevada,201580,,Dallas Mavericks,2015
1610612742,2015,00,Jeremy Evans,Jeremy,jeremy-evans,21,F,6-9,200,"OCT 24, 1987",28.0,5,Western Kentucky,202379,,Dallas Mavericks,2015
1610612742,2015,00,Wesley Matthews,Wesley,wesley-matthews,23,G-F,6-5,220,"OCT 14, 1986",29.0,6,Marquette,202083,,Dallas Mavericks,2015
1610612742,2015,00,Chandler Parsons,Chandler,chandler-parsons,25,F,6-10,230,"OCT 25, 1988",27.0,4,Florida,202718,,Dallas Mavericks,2015
1610612742,2015,00,Zaza Pachulia,Zaza,zaza-pachulia,27,C,6-11,275,"FEB 10, 1984",32.0,12,Ulkerspor,2585,,Dallas Mavericks,2015
1610612742,2015,00,Devin Harris,Devin,devin-harris,34,G,6-3,185,"FEB 27, 1983",33.0,11,Wisconsin,2734,,Dallas Mavericks,2015
1610612742,2015,00,Dirk Nowitzki,Dirk,dirk-nowitzki,41,F,7-0,245,"JUN 19, 1978",38.0,17,DJK Wurzburg,1717,,Dallas Mavericks,2015
1610612742,2015,00,David Lee,David,david-lee,42,F-C,6-9,245,"APR 29, 1983",33.0,10,Florida,101135,,Dallas Mavericks,2015
1610612742,2015,00,Salah Mejri,Salah,salah-mejri,50,C,7-2,245,"JUN 15, 1986",30.0,R,Real Madrid,1626257,,Dallas Mavericks,2015
1610612742,2016,00,Nerlens Noel,Nerlens,nerlens-noel,3,F-C,6-11,228,"APR 10, 1994",23.0,2,Kentucky,203457,,Dallas Mavericks,2016
1610612742,2016,00,J.J. Barea,J.J.,jj-barea,5,G,6-0,185,"JUN 26, 1984",33.0,10,Northeastern,200826,,Dallas Mavericks,2016
1610612742,2016,00,Manny Harris,Manny,manny-harris,6,G,6-5,185,"SEP 21, 1989",27.0,3,Michigan,202412,,Dallas Mavericks,2016
1610612742,2016,00,Dwight Powell,Dwight,dwight-powell,7,F-C,6-11,240,"JUL 20, 1991",25.0,2,Stanford,203939,Traded from BOS on 12/18/14,Dallas Mavericks,2016
1610612742,2016,00,Nicolas Brussino,Nicolas,nicolas-brussino,9,F,6-8,215,"MAR 02, 1993",24.0,R,Penarol,1627852,,Dallas Mavericks,2016
1610612742,2016,00,Dorian Finney-Smith,Dorian,dorian-finney-smith,10,F,6-8,220,"MAY 04, 1993",24.0,R,Florida,1627827,,Dallas Mavericks,2016
1610612742,2016,00,Yogi Ferrell,Yogi,yogi-ferrell,11,G,6-0,180,"MAY 09, 1993",24.0,R,Indiana,1627812,,Dallas Mavericks,2016
1610612742,2016,00,DeAndre Liggins,DeAndre,deandre-liggins,14,G,6-6,209,"MAR 31, 1988",29.0,3,Kentucky,202732,,Dallas Mavericks,2016
1610612742,2016,00,Jarrod Uthoff,Jarrod,jarrod-uthoff,19,F,6-9,221,"MAY 19, 1993",24.0,R,Iowa,1627784,,Dallas Mavericks,2016
1610612742,2016,00,AJ Hammons,AJ,aj-hammons,20,C,7-0,260,"AUG 27, 1992",24.0,R,Purdue,1627773,,Dallas Mavericks,2016
1610612742,2016,00,Wesley Matthews,Wesley,wesley-matthews,23,G-F,6-5,220,"OCT 14, 1986",30.0,7,Marquette,202083,,Dallas Mavericks,2016
1610612742,2016,00,Seth Curry,Seth,seth-curry,30,G,6-2,185,"AUG 23, 1990",26.0,3,Duke,203552,,Dallas Mavericks,2016
1610612742,2016,00,Devin Harris,Devin,devin-harris,34,G,6-3,185,"FEB 27, 1983",34.0,12,Wisconsin,2734,,Dallas Mavericks,2016
1610612742,2016,00,Harrison Barnes,Harrison,harrison-barnes,40,F,6-8,225,"MAY 30, 1992",25.0,4,North Carolina,203084,,Dallas Mavericks,2016
1610612742,2016,00,Dirk Nowitzki,Dirk,dirk-nowitzki,41,F,7-0,245,"JUN 19, 1978",39.0,18,DJK Wurzburg,1717,,Dallas Mavericks,2016
1610612742,2016,00,Salah Mejri,Salah,salah-mejri,50,C,7-2,245,"JUN 15, 1986",31.0,1,Real Madrid,1626257,,Dallas Mavericks,2016
1610612742,2017,00,Dennis Smith Jr.,Dennis,dennis-smith-jr,1,G,6-3,195,"NOV 25, 1997",20.0,R,North Carolina State,1628372,Signed on 09/26/25,Dallas Mavericks,2017
1610612742,2017,00,Nerlens Noel,Nerlens,nerlens-noel,3,C,6-11,220,"APR 10, 1994",24.0,3,Kentucky,203457,,Dallas Mavericks,2017
1610612742,2017,00,J.J. Barea,J.J.,jj-barea,5,G,6-0,185,"JUN 26, 1984",34.0,11,Northeastern,200826,,Dallas Mavericks,2017
1610612742,2017,00,Johnathan Motley,Johnathan,johnathan-motley,6,F,6-10,230,"MAY 04, 1995",23.0,R,Baylor,1628405,,Dallas Mavericks,2017
1610612742,2017,00,Dwight Powell,Dwight,dwight-powell,7,C-F,6-11,240,"JUL 20, 1991",26.0,3,Stanford,203939,Traded from BOS on 12/18/14,Dallas Mavericks,2017
1610612742,2017,00,Kyle Collinsworth,Kyle,kyle-collinsworth,8,G,6-6,210,"OCT 03, 1991",26.0,R,Brigham Young,1627858,,Dallas Mavericks,2017
1610612742,2017,00,Aaron Harrison,Aaron,aaron-harrison,9,G,6-6,210,"OCT 28, 1994",23.0,2,Kentucky,1626151,,Dallas Mavericks,2017
1610612742,2017,00,Dorian Finney-Smith,Dorian,dorian-finney-smith,10,F,6-8,220,"MAY 04, 1993",25.0,1,Florida,1627827,,Dallas Mavericks,2017
1610612742,2017,00,Yogi Ferrell,Yogi,yogi-ferrell,11,G,6-0,180,"MAY 09, 1993",25.0,1,Indiana,1627812,,Dallas Mavericks,2017
1610612742,2017,00,Doug McDermott,Doug,doug-mcdermott,20,F,6-8,219,"JAN 03, 1992",26.0,3,Creighton,203926,,Dallas Mavericks,2017
1610612742,2017,00,Jalen Jones,Jalen,jalen-jones,21,F,6-7,220,"MAY 27, 1993",25.0,R,Texas A&M,1627883,,Dallas Mavericks,2017
1610612742,2017,00,Wesley Matthews,Wesley,wesley-matthews,23,G-F,6-5,220,"OCT 14, 1986",31.0,8,Marquette,202083,,Dallas Mavericks,2017
1610612742,2017,00,Seth Curry,Seth,seth-curry,30,G,6-2,185,"AUG 23, 1990",27.0,4,Duke,203552,,Dallas Mavericks,2017
1610612742,2017,00,Harrison Barnes,Harrison,harrison-barnes,40,F,6-8,225,"MAY 30, 1992",26.0,5,North Carolina,203084,,Dallas Mavericks,2017
1610612742,2017,00,Dirk Nowitzki,Dirk,dirk-nowitzki,41,C-F,7-0,245,"JUN 19, 1978",40.0,19,DJK Wurzburg,1717,,Dallas Mavericks,2017
1610612742,2017,00,Maxi Kleber,Maxi,maxi-kleber,42,F,6-11,220,"JAN 29, 1992",26.0,R,Bayern Munich,1628467,,Dallas Mavericks,2017
1610612742,2017,00,Salah Mejri,Salah,salah-mejri,50,C,7-2,235,"JUN 15, 1986",32.0,2,Real Madrid,1626257,,Dallas Mavericks,2017
1610612742,2018,00,Courtney Lee,Courtney,courtney-lee,1,G,6-5,215,"OCT 03, 1985",33.0,10,Western Kentucky,201584,,Dallas Mavericks,2018
1610612742,2018,00,Daryl Macon,Daryl,daryl-macon,3,G,6-3,185,"NOV 29, 1995",23.0,R,Arkansas,1629133,,Dallas Mavericks,2018
1610612742,2018,00,J.J. Barea,J.J.,jj-barea,5,G,6-0,185,"JUN 26, 1984",35.0,12,Northeastern,200826,,Dallas Mavericks,2018
1610612742,2018,00,Kristaps Porziņģis,Kristaps,kristaps-porziņģis,6,F-C,7-3,240,"AUG 02, 1995",23.0,3,Cajasol Sevilla,204001,,Dallas Mavericks,2018
1610612742,2018,00,Dwight Powell,Dwight,dwight-powell,7,F-C,6-11,240,"JUL 20, 1991",27.0,4,Stanford,203939,Traded from BOS on 12/18/14,Dallas Mavericks,2018
1610612742,2018,00,Dorian Finney-Smith,Dorian,dorian-finney-smith,10,F,6-8,220,"MAY 04, 1993",26.0,2,Florida,1627827,,Dallas Mavericks,2018
1610612742,2018,00,Tim Hardaway Jr.,Tim,tim-hardaway-jr,11,G,6-6,205,"MAR 16, 1992",27.0,5,Michigan,203501,,Dallas Mavericks,2018
1610612742,2018,00,Jalen Brunson,Jalen,jalen-brunson,13,G,6-3,190,"AUG 31, 1996",22.0,R,Villanova,1628973,,Dallas Mavericks,2018
1610612742,2018,00,Trey Burke,Trey,trey-burke,23,G,6-1,175,"NOV 12, 1992",26.0,5,Michigan,203504,,Dallas Mavericks,2018
1610612742,2018,00,Devin Harris,Devin,devin-harris,34,G,6-3,185,"FEB 27, 1983",36.0,14,Wisconsin,2734,,Dallas Mavericks,2018
1610612742,2018,00,Kostas Antetokounmpo,Kostas,kostas-antetokounmpo,37,F,6-10,200,"NOV 20, 1997",21.0,R,Dayton,1628961,,Dallas Mavericks,2018
1610612742,2018,00,Dirk Nowitzki,Dirk,dirk-nowitzki,41,F,7-0,245,"JUN 19, 1978",41.0,20,DJK Wurzburg,1717,,Dallas Mavericks,2018
1610612742,2018,00,Maxi Kleber,Maxi,maxi-kleber,42,F,6-11,240,"JAN 29, 1992",27.0,1,Bayern Munich,1628467,,Dallas Mavericks,2018
1610612742,2018,00,Justin Jackson,Justin,justin-jackson,44,F,6-8,210,"MAR 28, 1995",24.0,1,North Carolina,1628382,,Dallas Mavericks,2018
1610612742,2018,00,Ryan Broekhoff,Ryan,ryan-broekhoff,45,G-F,6-7,215,"AUG 23, 1990",28.0,R,Valparaiso,1629151,,Dallas Mavericks,2018
1610612742,2018,00,Salah Mejri,Salah,salah-mejri,50,C,7-2,235,"JUN 15, 1986",33.0,3,Real Madrid,1626257,,Dallas Mavericks,2018
1610612742,2018,00,Luka Dončić,Luka,luka-dončić,77,F-G,6-7,218,"FEB 28, 1999",20.0,R,Real Madrid,1629029,,Dallas Mavericks,2018
1610612742,2019,00,Courtney Lee,Courtney,courtney-lee,1,G,6-5,215,"OCT 03, 1985",34.0,11,Western Kentucky,201584,,Dallas Mavericks,2019
1610612742,2019,00,Antonius Cleveland,Antonius,antonius-cleveland,3,G,6-5,195,"FEB 02, 1994",26.0,1,S.E. Missouri,1628499,,Dallas Mavericks,2019
1610612742,2019,00,J.J. Barea,J.J.,jj-barea,5,G,5-10,180,"JUN 26, 1984",36.0,13,Northeastern,200826,,Dallas Mavericks,2019
1610612742,2019,00,Kristaps Porziņģis,Kristaps,kristaps-porziņģis,6,F-C,7-3,240,"AUG 02, 1995",24.0,4,Cajasol Sevilla,204001,,Dallas Mavericks,2019
1610612742,2019,00,Dwight Powell,Dwight,dwight-powell,7,F-C,6-10,240,"JUL 20, 1991",28.0,5,Stanford,203939,Traded from BOS on 12/18/14,Dallas Mavericks,2019
1610612742,2019,00,Michael Kidd-Gilchrist,Michael,michael-kidd-gilchrist,9,F,6-6,232,"SEP 26, 1993",26.0,7,Kentucky,203077,,Dallas Mavericks,2019
1610612742,2019,00,Dorian Finney-Smith,Dorian,dorian-finney-smith,10,F,6-7,220,"MAY 04, 1993",27.0,3,Florida,1627827,,Dallas Mavericks,2019
1610612742,2019,00,Tim Hardaway Jr.,Tim,tim-hardaway-jr,11,G-F,6-5,205,"MAR 16, 1992",28.0,6,Michigan,203501,,Dallas Mavericks,2019
1610612742,2019,00,Jalen Brunson,Jalen,jalen-brunson,13,G,6-1,190,"AUG 31, 1996",23.0,1,Villanova,1628973,,Dallas Mavericks,2019
1610612742,2019,00,Josh Reaves,Josh,josh-reaves,23,G-F,6-4,214,"JUN 04, 1997",23.0,R,Penn State,1629729,,Dallas Mavericks,2019
1610612742,2019,00,Seth Curry,Seth,seth-curry,30,G,6-2,185,"AUG 23, 1990",29.0,6,Duke,203552,,Dallas Mavericks,2019
1610612742,2019,00,Trey Burke,Trey,trey-burke,32,G,6-0,185,"NOV 12, 1992",27.0,6,Michigan,203504,,Dallas Mavericks,2019
1610612742,2019,00,Willie Cauley-Stein,Willie,willie-cauley-stein,33,C,7-0,240,"AUG 18, 1993",26.0,4,Kentucky,1626161,,Dallas Mavericks,2019
1610612742,2019,00,Maxi Kleber,Maxi,maxi-kleber,42,F,6-10,240,"JAN 29, 1992",28.0,2,Bayern Munich,1628467,,Dallas Mavericks,2019
1610612742,2019,00,Justin Jackson,Justin,justin-jackson,44,F,6-7,220,"MAR 28, 1995",25.0,2,North Carolina,1628382,,Dallas Mavericks,2019
1610612742,2019,00,Boban Marjanovic,Boban,boban-marjanovic,51,C,7-4,290,"AUG 15, 1988",31.0,4,Crvena zvezda,1626246,,Dallas Mavericks,2019
1610612742,2019,00,Delon Wright,Delon,delon-wright,55,G,6-5,185,"APR 26, 1992",28.0,4,Utah,1626153,,Dallas Mavericks,2019
1610612742,2019,00,Luka Dončić,Luka,luka-dončić,77,F-G,6-7,230,"FEB 28, 1999",21.0,1,Real Madrid,1629029,,Dallas Mavericks,2019
1610612742,2020,00,Josh Richardson,Josh,josh-richardson,0,G,6-5,200,"SEP 15, 1993",27.0,5,Tennessee,1626196,,Dallas Mavericks,2020
1610612742,2020,00,Tyrell Terry,Tyrell,tyrell-terry,1,G,6-2,160,"SEP 28, 2000",20.0,R,Stanford,1630179,,Dallas Mavericks,2020
1610612742,2020,00,Tyler Bey,Tyler,tyler-bey,2,F,6-7,215,"FEB 10, 1998",23.0,R,Colorado,1630189,,Dallas Mavericks,2020
1610612742,2020,00,Trey Burke,Trey,trey-burke,3,G,6-0,185,"NOV 12, 1992",28.0,7,Michigan,203504,,Dallas Mavericks,2020
1610612742,2020,00,Kristaps Porziņģis,Kristaps,kristaps-porziņģis,6,F-C,7-3,240,"AUG 02, 1995",25.0,5,Cajasol Sevilla,204001,,Dallas Mavericks,2020
1610612742,2020,00,Dwight Powell,Dwight,dwight-powell,7,F-C,6-10,240,"JUL 20, 1991",29.0,6,Stanford,203939,Traded from BOS on 12/18/14,Dallas Mavericks,2020
1610612742,2020,00,Josh Green,Josh,josh-green,8,G,6-5,200,"NOV 16, 2000",20.0,R,Arizona,1630182,,Dallas Mavericks,2020
1610612742,2020,00,Dorian Finney-Smith,Dorian,dorian-finney-smith,10,F,6-7,220,"MAY 04, 1993",28.0,4,Florida,1627827,,Dallas Mavericks,2020
1610612742,2020,00,Tim Hardaway Jr.,Tim,tim-hardaway-jr,11,G-F,6-5,205,"MAR 16, 1992",29.0,7,Michigan,203501,,Dallas Mavericks,2020
1610612742,2020,00,Jalen Brunson,Jalen,jalen-brunson,13,G,6-1,190,"AUG 31, 1996",24.0,2,Villanova,1628973,,Dallas Mavericks,2020
1610612742,2020,00,Nate Hinton,Nate,nate-hinton,14,G-F,6-5,210,"JUN 08, 1999",22.0,R,Houston,1630207,,Dallas Mavericks,2020
1610612742,2020,00,JJ Redick,JJ,jj-redick,17,G,6-3,200,"JUN 24, 1984",37.0,14,Duke,200755,,Dallas Mavericks,2020
1610612742,2020,00,Willie Cauley-Stein,Willie,willie-cauley-stein,33,C,7-0,240,"AUG 18, 1993",27.0,5,Kentucky,1626161,,Dallas Mavericks,2020
1610612742,2020,00,Maxi Kleber,Maxi,maxi-kleber,42,F,6-10,240,"JAN 29, 1992",29.0,3,Bayern Munich,1628467,,Dallas Mavericks,2020
1610612742,2020,00,Nicolo Melli,Nicolo,nicolo-melli,44,F,6-9,236,"JAN 26, 1991",30.0,1,Fenerbahce,1629740,,Dallas Mavericks,2020
1610612742,2020,00,Boban Marjanovic,Boban,boban-marjanovic,51,C,7-4,290,"AUG 15, 1988",32.0,5,Crvena zvezda,1626246,,Dallas Mavericks,2020
1610612742,2020,00,Luka Dončić,Luka,luka-dončić,77,F-G,6-7,230,"FEB 28, 1999",22.0,2,Real Madrid,1629029,,Dallas Mavericks,2020
1610612742,2021,00,Sterling Brown,Sterling,sterling-brown,0,G-F,6-5,219,"FEB 10, 1995",27.0,4,Southern Methodist,1628425,,Dallas Mavericks,2021
1610612742,2021,00,Theo Pinson,Theo,theo-pinson,1,G-F,6-5,212,"NOV 05, 1995",26.0,3,North Carolina,1629033,,Dallas Mavericks,2021
1610612742,2021,00,Trey Burke,Trey,trey-burke,3,G,6-0,185,"NOV 12, 1992",29.0,8,Michigan,203504,,Dallas Mavericks,2021
1610612742,2021,00,Moses Wright,Moses,moses-wright,5,F,6-8,226,"DEC 23, 1998",23.0,R,Georgia Tech,1630589,,Dallas Mavericks,2021
1610612742,2021,00,Dwight Powell,Dwight,dwight-powell,7,F-C,6-10,240,"JUL 20, 1991",30.0,7,Stanford,203939,Traded from BOS on 12/18/14,Dallas Mavericks,2021
1610612742,2021,00,Josh Green,Josh,josh-green,8,G,6-5,200,"NOV 16, 2000",21.0,1,Arizona,1630182,,Dallas Mavericks,2021
1610612742,2021,00,Dorian Finney-Smith,Dorian,dorian-finney-smith,10,F,6-7,220,"MAY 04, 1993",29.0,5,Florida,1627827,,Dallas Mavericks,2021
1610612742,2021,00,Tim Hardaway Jr.,Tim,tim-hardaway-jr,11,G-F,6-5,205,"MAR 16, 1992",30.0,8,Michigan,203501,,Dallas Mavericks,2021
1610612742,2021,00,Jalen Brunson,Jalen,jalen-brunson,13,G,6-1,190,"AUG 31, 1996",25.0,3,Villanova,1628973,,Dallas Mavericks,2021
1610612742,2021,00,Frank Ntilikina,Frank,frank-ntilikina,21,G,6-4,200,"JUL 28, 1998",23.0,4,Strasbourg IG,1628373,,Dallas Mavericks,2021
1610612742,2021,00,Reggie Bullock Jr.,Reggie,reggie-bullock-jr,25,G-F,6-6,205,"MAR 16, 1991",31.0,8,North Carolina,203493,,Dallas Mavericks,2021
1610612742,2021,00,Spencer Dinwiddie,Spencer,spencer-dinwiddie,26,G,6-6,215,"APR 06, 1993",29.0,7,Colorado,203915,,Dallas Mavericks,2021
1610612742,2021,00,Marquese Chriss,Marquese,marquese-chriss,35,F,6-9,240,"JUL 02, 1997",24.0,5,Washington,1627737,,Dallas Mavericks,2021
1610612742,2021,00,Maxi Kleber,Maxi,maxi-kleber,42,F,6-10,240,"JAN 29, 1992",30.0,4,Bayern Munich,1628467,,Dallas Mavericks,2021
1610612742,2021,00,Davis Bertans,Davis,davis-bertans,44,F,6-10,225,"NOV 12, 1992",29.0,5,Baskonia,202722,,Dallas Mavericks,2021
1610612742,2021,00,Boban Marjanovic,Boban,boban-marjanovic,51,C,7-3,290,"AUG 15, 1988",33.0,6,Crvena zvezda,1626246,,Dallas Mavericks,2021
1610612742,2021,00,Luka Dončić,Luka,luka-dončić,77,F-G,6-7,230,"FEB 28, 1999",23.0,3,Real Madrid,1629029,,Dallas Mavericks,2021
1610612742,2022,00,JaVale McGee,JaVale,javale-mcgee,00,C-F,7-0,270,"JAN 19, 1988",35.0,14,Nevada,201580,,Dallas Mavericks,2022
1610612742,2022,00,Justin Holiday,Justin,justin-holiday,0,F-G,6-6,180,"APR 05, 1989",34.0,9,Washington,203200,,Dallas Mavericks,2022
1610612742,2022,00,Theo Pinson,Theo,theo-pinson,1,G-F,6-7,212,"NOV 05, 1995",27.0,4,North Carolina,1629033,,Dallas Mavericks,2022
1610612742,2022,00,Kyrie Irving,Kyrie,kyrie-irving,2,G,6-2,195,"MAR 23, 1992",31.0,11,Duke,202681,Traded from BKN on 02/06/23,Dallas Mavericks,2022
1610612742,2022,00,Jaden Hardy,Jaden,jaden-hardy,3,G,6-3,198,"JUL 05, 2002",20.0,R,NBA G League Ignite,1630702,Draft Rights Traded from SAC on 06/24/22,Dallas Mavericks,2022
1610612742,2022,00,Dwight Powell,Dwight,dwight-powell,7,F-C,6-10,240,"JUL 20, 1991",31.0,8,Stanford,203939,Traded from BOS on 12/18/14,Dallas Mavericks,2022
1610612742,2022,00,Josh Green,Josh,josh-green,8,G,6-7,200,"NOV 16, 2000",22.0,2,Arizona,1630182,,Dallas Mavericks,2022
1610612742,2022,00,A.J. Lawson,A.J.,aj-lawson,9,G,6-6,179,"JUL 15, 2000",22.0,R,South Carolina,1630639,,Dallas Mavericks,2022
1610612742,2022,00,Tim Hardaway Jr.,Tim,tim-hardaway-jr,11,G-F,6-5,205,"MAR 16, 1992",31.0,9,Michigan,203501,,Dallas Mavericks,2022
1610612742,2022,00,Markieff Morris,Markieff,markieff-morris,13,F,6-9,245,"SEP 02, 1989",33.0,11,Kansas,202693,,Dallas Mavericks,2022
1610612742,2022,00,Frank Ntilikina,Frank,frank-ntilikina,21,G,6-4,200,"JUL 28, 1998",24.0,5,Strasbourg IG,1628373,,Dallas Mavericks,2022
1610612742,2022,00,McKinley Wright IV,McKinley,mckinley-wright-iv,23,G,5-11,192,"OCT 25, 1998",24.0,1,Colorado,1630593,,Dallas Mavericks,2022
1610612742,2022,00,Reggie Bullock Jr.,Reggie,reggie-bullock-jr,25,G-F,6-6,205,"MAR 16, 1991",32.0,9,North Carolina,203493,,Dallas Mavericks,2022
1610612742,2022,00,Christian Wood,Christian,christian-wood,35,F,6-9,214,"SEP 27, 1995",27.0,6,UNLV,1626174,,Dallas Mavericks,2022
1610612742,2022,00,Maxi Kleber,Maxi,maxi-kleber,42,F,6-10,240,"JAN 29, 1992",31.0,5,Bayern Munich,1628467,,Dallas Mavericks,2022
1610612742,2022,00,Davis Bertans,Davis,davis-bertans,44,F,6-10,225,"NOV 12, 1992",30.0,6,Baskonia,202722,,Dallas Mavericks,2022
1610612742,2022,00,Luka Dončić,Luka,luka-dončić,77,F-G,6-7,230,"FEB 28, 1999",24.0,4,Real Madrid,1629029,,Dallas Mavericks,2022
1610612742,2023,00,Danté Exum,Danté,danté-exum,0,G,6-5,214,"JUL 13, 1995",28.0,7,Australian Institute of Sport,203957,Signed on 07/14/23,Dallas Mavericks,2023
1610612742,2023,00,Brandon Williams,Brandon,brandon-williams,00,G,6-1,190,"NOV 22, 1999",24.0,1,Arizona,1630314,Signed on 12/28/23,Dallas Mavericks,2023
1610612742,2023,00,Jaden Hardy,Jaden,jaden-hardy,1,G,6-3,198,"JUL 05, 2002",21.0,1,NBA G League Ignite,1630702,Draft Rights Traded from SAC on 06/24/22,Dallas Mavericks,2023
1610612742,2023,00,Dereck Lively II,Dereck,dereck-lively-ii,2,C,7-1,230,"FEB 12, 2004",20.0,R,Duke,1641726,Draft Rights Traded from OKC on 07/06/23,Dallas Mavericks,2023
1610612742,2023,00,Dwight Powell,Dwight,dwight-powell,7,F-C,6-10,240,"JUL 20, 1991",32.0,9,Stanford,203939,Traded from BOS on 12/18/14,Dallas Mavericks,2023
1610612742,2023,00,Josh Green,Josh,josh-green,8,G,6-5,200,"NOV 16, 2000",23.0,3,Arizona,1630182,,Dallas Mavericks,2023
1610612742,2023,00,A.J. Lawson,A.J.,aj-lawson,9,G,6-6,179,"JUL 15, 2000",23.0,1,South Carolina,1630639,,Dallas Mavericks,2023
1610612742,2023,00,Tim Hardaway Jr.,Tim,tim-hardaway-jr,10,G-F,6-5,205,"MAR 16, 1992",32.0,10,Michigan,203501,,Dallas Mavericks,2023
1610612742,2023,00,Kyrie Irving,Kyrie,kyrie-irving,11,G,6-2,195,"MAR 23, 1992",32.0,12,Duke,202681,Traded from BKN on 02/06/23,Dallas Mavericks,2023
1610612742,2023,00,Alex Fudge,Alex,alex-fudge,17,F,6-8,200,"MAY 06, 2003",21.0,R,Florida,1641788,,Dallas Mavericks,2023
1610612742,2023,00,Olivier-Maxence Prosper,Olivier-Maxence,olivier-maxence-prosper,18,F,6-7,230,"JUL 03, 2002",21.0,R,Marquette,1641765,,Dallas Mavericks,2023
1610612742,2023,00,Daniel Gafford,Daniel,daniel-gafford,21,F-C,6-10,234,"OCT 01, 1998",25.0,4,Arkansas,1629655,Traded from WAS on 02/08/24,Dallas Mavericks,2023
1610612742,2023,00,P.J. Washington,P.J.,pj-washington,25,F,6-7,230,"AUG 23, 1998",25.0,4,Kentucky,1629023,Traded from CHA on 02/08/24,Dallas Mavericks,2023
1610612742,2023,00,Greg Brown III,Greg,greg-brown-iii,36,F,6-7,206,"SEP 01, 2001",22.0,2,Texas,1630535,,Dallas Mavericks,2023
1610612742,2023,00,Maxi Kleber,Maxi,maxi-kleber,42,F,6-10,240,"JAN 29, 1992",32.0,6,Bayern Munich,1628467,,Dallas Mavericks,2023
1610612742,2023,00,Derrick Jones Jr.,Derrick,derrick-jones-jr,55,F,6-6,210,"FEB 15, 1997",27.0,7,UNLV,1627884,,Dallas Mavericks,2023
1610612742,2023,00,Luka Dončić,Luka,luka-dončić,77,F-G,6-7,230,"FEB 28, 1999",25.0,5,Real Madrid,1629029,,Dallas Mavericks,2023
1610612742,2023,00,Markieff Morris,Markieff,markieff-morris,88,F,6-9,245,"SEP 02, 1989",34.0,12,Kansas,202693,,Dallas Mavericks,2023
1610612742,2024,00,Danté Exum,Danté,danté-exum,0,G,6-5,214,"JUL 13, 1995",29.0,8,Australian Institute of Sport,203957,Signed on 07/14/23,Dallas Mavericks,2024
1610612742,2024,00,Max Christie,Max,max-christie,00,G,6-5,190,"FEB 10, 2003",22.0,2,Michigan State,1631108,Traded from LAL on 02/02/25,Dallas Mavericks,2024
1610612742,2024,00,Jaden Hardy,Jaden,jaden-hardy,1,G,6-3,198,"JUL 05, 2002",22.0,2,NBA G League Ignite,1630702,Draft Rights Traded from SAC on 06/24/22,Dallas Mavericks,2024
1610612742,2024,00,Dereck Lively II,Dereck,dereck-lively-ii,2,C,7-1,230,"FEB 12, 2004",21.0,1,Duke,1641726,Draft Rights Traded from OKC on 07/06/23,Dallas Mavericks,2024
1610612742,2024,00,Anthony Davis,Anthony,anthony-davis,3,F-C,6-10,253,"MAR 11, 1993",32.0,12,Kentucky,203076,Traded from LAL on 02/02/25,Dallas Mavericks,2024
1610612742,2024,00,Dwight Powell,Dwight,dwight-powell,7,F-C,6-10,240,"JUL 20, 1991",33.0,10,Stanford,203939,Traded from BOS on 12/18/14,Dallas Mavericks,2024
1610612742,2024,00,Olivier-Maxence Prosper,Olivier-Maxence,olivier-maxence-prosper,8,F,6-7,230,"JUL 03, 2002",22.0,1,Marquette,1641765,,Dallas Mavericks,2024
1610612742,2024,00,Brandon Williams,Brandon,brandon-williams,10,G,6-1,190,"NOV 22, 1999",25.0,2,Arizona,1630314,Signed on 12/28/23,Dallas Mavericks,2024
1610612742,2024,00,Kyrie Irving,Kyrie,kyrie-irving,11,G,6-2,195,"MAR 23, 1992",33.0,13,Duke,202681,Traded from BKN on 02/06/23,Dallas Mavericks,2024
1610612742,2024,00,Naji Marshall,Naji,naji-marshall,13,F,6-6,220,"JAN 24, 1998",27.0,4,Xavier,1630230,Signed on 07/06/24,Dallas Mavericks,2024
1610612742,2024,00,Caleb Martin,Caleb,caleb-martin,16,F,6-5,205,"SEP 28, 1995",29.0,5,Nevada,1628997,Traded from PHI on 02/04/25,Dallas Mavericks,2024
1610612742,2024,00,Kessler Edwards,Kessler,kessler-edwards,20,F,6-7,203,"AUG 09, 2000",24.0,3,Pepperdine,1630556,,Dallas Mavericks,2024
1610612742,2024,00,Daniel Gafford,Daniel,daniel-gafford,21,F-C,6-10,265,"OCT 01, 1998",26.0,5,Arkansas,1629655,Traded from WAS on 02/08/24,Dallas Mavericks,2024
1610612742,2024,00,Kai Jones,Kai,kai-jones,23,C-F,6-11,221,"JAN 19, 2001",24.0,2,Texas,1630539,,Dallas Mavericks,2024
1610612742,2024,00,P.J. Washington,P.J.,pj-washington,25,F,6-6,230,"AUG 23, 1998",26.0,5,Kentucky,1629023,Traded from CHA on 02/08/24,Dallas Mavericks,2024
1610612742,2024,00,Spencer Dinwiddie,Spencer,spencer-dinwiddie,26,G,6-5,215,"APR 06, 1993",32.0,10,Colorado,203915,,Dallas Mavericks,2024
1610612742,2024,00,Klay Thompson,Klay,klay-thompson,31,G,6-5,220,"FEB 08, 1990",35.0,13,Washington State,202691,Traded from GSW on 07/06/24,Dallas Mavericks,2024
1610612742,2025,00,Moussa Cisse,Moussa,moussa-cisse,,C,6-11,220,"SEP 10, 2002",23.0,R,Memphis,1630619,Signed on 07/08/25,Dallas Mavericks,2025
1610612742,2025,00,Miles Kelly,Miles,miles-kelly,,G,6-4,190,"JAN 26, 2003",22.0,R,Auburn,1642939,Signed on 07/03/25,Dallas Mavericks,2025
1610612742,2025,00,Ryan Nembhard,Ryan,ryan-nembhard,,G,5-11,180,"MAR 10, 2003",22.0,R,Gonzaga,1642948,Signed on 07/03/25,Dallas Mavericks,2025
1610612742,2025,00,Max Christie,Max,max-christie,00,G,6-5,190,"FEB 10, 2003",22.0,3,Michigan State,1631108,Traded from LAL on 02/02/25,Dallas Mavericks,2025
1610612742,2025,00,Danté Exum,Danté,danté-exum,0,G,6-5,214,"JUL 13, 1995",30.0,9,Australian Institute of Sport,203957,Signed on 07/14/23,Dallas Mavericks,2025
1610612742,2025,00,Jaden Hardy,Jaden,jaden-hardy,1,G,6-3,198,"JUL 05, 2002",23.0,3,NBA G League Ignite,1630702,Draft Rights Traded from SAC on 06/24/22,Dallas Mavericks,2025
1610612742,2025,00,Dereck Lively II,Dereck,dereck-lively-ii,2,C,7-1,230,"FEB 12, 2004",21.0,2,Duke,1641726,Draft Rights Traded from OKC on 07/06/23,Dallas Mavericks,2025
1610612742,2025,00,Anthony Davis,Anthony,anthony-davis,3,F-C,6-10,253,"MAR 11, 1993",32.0,13,Kentucky,203076,Traded from LAL on 02/02/25,Dallas Mavericks,2025
1610612742,2025,00,Dennis Smith Jr.,Dennis,dennis-smith-jr,4,G,6-2,205,"NOV 25, 1997",27.0,7,North Carolina State,1628372,Signed on 09/26/25,Dallas Mavericks,2025
1610612742,2025,00,D'Angelo Russell,D'Angelo,dangelo-russell,5,G,6-3,193,"FEB 23, 1996",29.0,10,Ohio State,1626156,Signed on 07/06/25,Dallas Mavericks,2025
1610612742,2025,00,Dalano Banton,Dalano,dalano-banton,5,F,6-8,203,"NOV 07, 1999",25.0,4,Nebraska,1630625,Signed on 10/07/25,Dallas Mavericks,2025
1610612742,2025,00,Dwight Powell,Dwight,dwight-powell,7,F-C,6-10,240,"JUL 20, 1991",34.0,11,Stanford,203939,Traded from BOS on 12/18/14,Dallas Mavericks,2025
1610612742,2025,00,Brandon Williams,Brandon,brandon-williams,10,G,6-1,190,"NOV 22, 1999",25.0,3,Arizona,1630314,Signed on 12/28/23,Dallas Mavericks,2025
1610612742,2025,00,Kyrie Irving,Kyrie,kyrie-irving,11,G,6-2,195,"MAR 23, 1992",33.0,14,Duke,202681,Traded from BKN on 02/06/23,Dallas Mavericks,2025
1610612742,2025,00,Naji Marshall,Naji,naji-marshall,13,F,6-6,220,"JAN 24, 1998",27.0,5,Xavier,1630230,Signed on 07/06/24,Dallas Mavericks,2025
1610612742,2025,00,Caleb Martin,Caleb,caleb-martin,16,F,6-5,205,"SEP 28, 1995",30.0,6,Nevada,1628997,Traded from PHI on 02/04/25,Dallas Mavericks,2025
1610612742,2025,00,Daniel Gafford,Daniel,daniel-gafford,21,F-C,6-10,265,"OCT 01, 1998",27.0,6,Arkansas,1629655,Traded from WAS on 02/08/24,Dallas Mavericks,2025
1610612742,2025,00,P.J. Washington,P.J.,pj-washington,25,F,6-7,230,"AUG 23, 1998",27.0,6,Kentucky,1629023,Traded from CHA on 02/08/24,Dallas Mavericks,2025
1610612742,2025,00,Klay Thompson,Klay,klay-thompson,31,G,6-5,220,"FEB 08, 1990",35.0,14,Washington State,202691,Traded from GSW on 07/06/24,Dallas Mavericks,2025
1610612742,2025,00,Cooper Flagg,Cooper,cooper-flagg,32,F,6-9,205,"DEC 21, 2006",18.0,R,Duke,1642843,#1 Pick in 2025 Draft,Dallas Mavericks,2025
1610612742,2025,00,Jeremiah Robinson-Earl,Jeremiah,jeremiah-robinson-earl,50,F,6-9,240,"NOV 03, 2000",24.0,4,Villanova,1630526,Signed on 09/26/25,Dallas Mavericks,2025
1610612743,2015,00,Darrell Arthur,Darrell,darrell-arthur,00,F,6-9,235,"MAR 25, 1988",28.0,6,Kansas,201589,,Denver Nuggets,2015
1610612743,2015,00,Emmanuel Mudiay,Emmanuel,emmanuel-mudiay,0,G,6-5,200,"MAR 05, 1996",20.0,R,Guangdong,1626144,,Denver Nuggets,2015
1610612743,2015,00,Jameer Nelson,Jameer,jameer-nelson,1,G,6-0,190,"FEB 09, 1982",34.0,11,St. Joseph's (PA),2749,,Denver Nuggets,2015
1610612743,2015,00,Mike Miller,Mike,mike-miller,3,G-F,6-8,218,"FEB 19, 1980",36.0,15,Florida,2034,,Denver Nuggets,2015
1610612743,2015,00,Will Barton,Will,will-barton,5,F-G,6-6,175,"JAN 06, 1991",25.0,3,Memphis,203115,,Denver Nuggets,2015
1610612743,2015,00,Axel Toupane,Axel,axel-toupane,6,G-F,6-7,210,"JUL 23, 1992",23.0,R,Strasbourg IG,1626253,,Denver Nuggets,2015
1610612743,2015,00,Danilo Gallinari,Danilo,danilo-gallinari,8,F,6-10,225,"AUG 08, 1988",27.0,6,Olimpia Milano,201568,,Denver Nuggets,2015
1610612743,2015,00,JaKarr Sampson,JaKarr,jakarr-sampson,9,G-F,6-9,214,"MAR 20, 1993",23.0,1,St. John's (NY),203960,,Denver Nuggets,2015
1610612743,2015,00,D.J. Augustin,D.J.,dj-augustin,12,G,6-0,183,"NOV 10, 1987",28.0,7,Texas,201571,,Denver Nuggets,2015
1610612743,2015,00,Gary Harris,Gary,gary-harris,14,G,6-4,210,"SEP 14, 1994",21.0,1,Michigan State,203914,,Denver Nuggets,2015
1610612743,2015,00,Nikola Jokić,Nikola,nikola-jokić,15,C,6-10,250,"FEB 19, 1995",21.0,R,Mega Basket,203999,#41 Pick in 2014 Draft,Denver Nuggets,2015
1610612743,2015,00,Wilson Chandler,Wilson,wilson-chandler,21,F,6-8,225,"MAY 10, 1987",29.0,8,DePaul,201163,,Denver Nuggets,2015
1610612743,2015,00,Jusuf Nurkić,Jusuf,jusuf-nurkić,23,C,7-0,280,"AUG 23, 1994",21.0,1,Cedevita,203994,,Denver Nuggets,2015
1610612743,2015,00,Kenneth Faried,Kenneth,kenneth-faried,35,F,6-8,228,"NOV 19, 1989",26.0,4,Morehead State,202702,,Denver Nuggets,2015
1610612743,2015,00,Joffrey Lauvergne,Joffrey,joffrey-lauvergne,77,C-F,6-11,220,"SEP 30, 1991",24.0,1,Khimki,203530,,Denver Nuggets,2015
1610612743,2016,00,Darrell Arthur,Darrell,darrell-arthur,00,F,6-9,235,"MAR 25, 1988",29.0,7,Kansas,201589,,Denver Nuggets,2016
1610612743,2016,00,Emmanuel Mudiay,Emmanuel,emmanuel-mudiay,0,G,6-5,200,"MAR 05, 1996",21.0,1,Guangdong,1626144,,Denver Nuggets,2016
1610612743,2016,00,Jameer Nelson,Jameer,jameer-nelson,1,G,6-0,190,"FEB 09, 1982",35.0,12,St. Joseph's (PA),2749,,Denver Nuggets,2016
1610612743,2016,00,Mike Miller,Mike,mike-miller,3,G-F,6-8,218,"FEB 19, 1980",37.0,16,Florida,2034,,Denver Nuggets,2016
1610612743,2016,00,Will Barton,Will,will-barton,5,G-F,6-6,175,"JAN 06, 1991",26.0,4,Memphis,203115,,Denver Nuggets,2016
1610612743,2016,00,Danilo Gallinari,Danilo,danilo-gallinari,8,F,6-10,225,"AUG 08, 1988",28.0,7,Olimpia Milano,201568,,Denver Nuggets,2016
1610612743,2016,00,Gary Harris,Gary,gary-harris,14,G,6-4,210,"SEP 14, 1994",22.0,2,Michigan State,203914,,Denver Nuggets,2016
1610612743,2016,00,Nikola Jokić,Nikola,nikola-jokić,15,F-C,6-10,250,"FEB 19, 1995",22.0,1,Mega Basket,203999,#41 Pick in 2014 Draft,Denver Nuggets,2016
1610612743,2016,00,Wilson Chandler,Wilson,wilson-chandler,21,F,6-8,225,"MAY 10, 1987",30.0,8,DePaul,201163,,Denver Nuggets,2016
1610612743,2016,00,Mason Plumlee,Mason,mason-plumlee,24,C,6-11,255,"MAR 05, 1990",27.0,3,Duke,203486,,Denver Nuggets,2016
1610612743,2016,00,Malik Beasley,Malik,malik-beasley,25,G,6-5,196,"NOV 26, 1996",20.0,R,Florida State,1627736,,Denver Nuggets,2016
1610612743,2016,00,Jamal Murray,Jamal,jamal-murray,27,G,6-4,207,"FEB 23, 1997",20.0,R,Kentucky,1627750,#7 Pick in 2016 Draft,Denver Nuggets,2016
1610612743,2016,00,Roy Hibbert,Roy,roy-hibbert,34,C,7-2,270,"DEC 11, 1986",30.0,8,Georgetown,201579,,Denver Nuggets,2016
1610612743,2016,00,Kenneth Faried,Kenneth,kenneth-faried,35,F,6-8,228,"NOV 19, 1989",27.0,5,Morehead State,202702,,Denver Nuggets,2016
1610612743,2016,00,Juancho Hernangomez,Juancho,juancho-hernangomez,41,F,6-9,230,"SEP 28, 1995",21.0,R,Estudiantes,1627823,,Denver Nuggets,2016
1610612743,2017,00,Darrell Arthur,Darrell,darrell-arthur,00,F,6-9,235,"MAR 25, 1988",30.0,8,Kansas,201589,,Denver Nuggets,2017
1610612743,2017,00,Torrey Craig,Torrey,torrey-craig,3,G-F,6-6,215,"DEC 19, 1990",27.0,R,South Carolina Upstate,1628470,,Denver Nuggets,2017
1610612743,2017,00,Paul Millsap,Paul,paul-millsap,4,F,6-8,246,"FEB 10, 1985",33.0,11,Louisiana Tech,200794,,Denver Nuggets,2017
1610612743,2017,00,Will Barton,Will,will-barton,5,F-G,6-6,190,"JAN 06, 1991",27.0,5,Memphis,203115,,Denver Nuggets,2017
1610612743,2017,00,Trey Lyles,Trey,trey-lyles,7,F,6-10,234,"NOV 05, 1995",22.0,2,Kentucky,1626168,,Denver Nuggets,2017
1610612743,2017,00,Monté Morris,Monté,monté-morris,11,G,6-3,175,"JUN 27, 1995",23.0,R,Iowa State,1628420,,Denver Nuggets,2017
1610612743,2017,00,Gary Harris,Gary,gary-harris,14,G,6-4,210,"SEP 14, 1994",23.0,3,Michigan State,203914,,Denver Nuggets,2017
1610612743,2017,00,Nikola Jokić,Nikola,nikola-jokić,15,C,6-10,250,"FEB 19, 1995",23.0,2,Mega Basket,203999,#41 Pick in 2014 Draft,Denver Nuggets,2017
1610612743,2017,00,Tyler Lydon,Tyler,tyler-lydon,20,F,6-9,220,"APR 09, 1996",22.0,R,Syracuse,1628399,,Denver Nuggets,2017
1610612743,2017,00,Wilson Chandler,Wilson,wilson-chandler,21,F,6-9,225,"MAY 10, 1987",31.0,9,DePaul,201163,,Denver Nuggets,2017
1610612743,2017,00,Richard Jefferson,Richard,richard-jefferson,22,F,6-7,233,"JUN 21, 1980",38.0,16,Arizona,2210,,Denver Nuggets,2017
1610612743,2017,00,Mason Plumlee,Mason,mason-plumlee,24,C-F,6-11,255,"MAR 05, 1990",28.0,4,Duke,203486,,Denver Nuggets,2017
1610612743,2017,00,Malik Beasley,Malik,malik-beasley,25,G,6-5,196,"NOV 26, 1996",21.0,1,Florida State,1627736,,Denver Nuggets,2017
1610612743,2017,00,Jamal Murray,Jamal,jamal-murray,27,G,6-4,207,"FEB 23, 1997",21.0,1,Kentucky,1627750,#7 Pick in 2016 Draft,Denver Nuggets,2017
1610612743,2017,00,Devin Harris,Devin,devin-harris,34,G,6-3,185,"FEB 27, 1983",35.0,13,Wisconsin,2734,,Denver Nuggets,2017
1610612743,2017,00,Kenneth Faried,Kenneth,kenneth-faried,35,F,6-8,228,"NOV 19, 1989",28.0,6,Morehead State,202702,,Denver Nuggets,2017
1610612743,2017,00,Juancho Hernangomez,Juancho,juancho-hernangomez,41,F,6-9,230,"SEP 28, 1995",22.0,1,Estudiantes,1627823,,Denver Nuggets,2017
1610612743,2018,00,Isaiah Thomas,Isaiah,isaiah-thomas,0,G,5-9,185,"FEB 07, 1989",30.0,7,Washington,202738,,Denver Nuggets,2018
1610612743,2018,00,Michael Porter Jr.,Michael,michael-porter-jr,1,F,6-10,210,"JUN 29, 1998",21.0,R,Missouri,1629008,,Denver Nuggets,2018
1610612743,2018,00,Torrey Craig,Torrey,torrey-craig,3,F,6-7,215,"DEC 19, 1990",28.0,1,South Carolina Upstate,1628470,,Denver Nuggets,2018
1610612743,2018,00,Paul Millsap,Paul,paul-millsap,4,F,6-8,246,"FEB 10, 1985",34.0,12,Louisiana Tech,200794,,Denver Nuggets,2018
1610612743,2018,00,Will Barton,Will,will-barton,5,G,6-6,190,"JAN 06, 1991",28.0,6,Memphis,203115,,Denver Nuggets,2018
1610612743,2018,00,Brandon Goodwin,Brandon,brandon-goodwin,6,G,6-2,180,"OCT 02, 1995",23.0,R,Florida Gulf Coast,1629164,,Denver Nuggets,2018
1610612743,2018,00,Trey Lyles,Trey,trey-lyles,7,F,6-10,234,"NOV 05, 1995",23.0,3,Kentucky,1626168,,Denver Nuggets,2018
1610612743,2018,00,Jarred Vanderbilt,Jarred,jarred-vanderbilt,8,F,6-9,214,"APR 03, 1999",20.0,R,Kentucky,1629020,,Denver Nuggets,2018
1610612743,2018,00,Monté Morris,Monté,monté-morris,11,G,6-3,175,"JUN 27, 1995",24.0,1,Iowa State,1628420,,Denver Nuggets,2018
1610612743,2018,00,Gary Harris,Gary,gary-harris,14,G,6-4,210,"SEP 14, 1994",24.0,4,Michigan State,203914,,Denver Nuggets,2018
1610612743,2018,00,Nikola Jokić,Nikola,nikola-jokić,15,C,7-0,250,"FEB 19, 1995",24.0,3,Mega Basket,203999,#41 Pick in 2014 Draft,Denver Nuggets,2018
1610612743,2018,00,Tyler Lydon,Tyler,tyler-lydon,20,F,6-10,225,"APR 09, 1996",23.0,1,Syracuse,1628399,,Denver Nuggets,2018
1610612743,2018,00,Mason Plumlee,Mason,mason-plumlee,24,F-C,6-11,235,"MAR 05, 1990",29.0,5,Duke,203486,,Denver Nuggets,2018
1610612743,2018,00,Malik Beasley,Malik,malik-beasley,25,G,6-5,195,"NOV 26, 1996",22.0,2,Florida State,1627736,,Denver Nuggets,2018
1610612743,2018,00,Jamal Murray,Jamal,jamal-murray,27,G,6-4,207,"FEB 23, 1997",22.0,2,Kentucky,1627750,#7 Pick in 2016 Draft,Denver Nuggets,2018
1610612743,2018,00,Juancho Hernangomez,Juancho,juancho-hernangomez,41,F,6-9,230,"SEP 28, 1995",23.0,2,Estudiantes,1627823,,Denver Nuggets,2018
1610612743,2018,00,Thomas Welsh,Thomas,thomas-welsh,45,C,7-0,255,"FEB 03, 1996",23.0,R,UCLA,1629118,,Denver Nuggets,2018
1610612743,2019,00,Michael Porter Jr.,Michael,michael-porter-jr,1,F,6-10,218,"JUN 29, 1998",22.0,R,Missouri,1629008,,Denver Nuggets,2019
1610612743,2019,00,Torrey Craig,Torrey,torrey-craig,3,F,6-7,221,"DEC 19, 1990",29.0,2,South Carolina Upstate,1628470,,Denver Nuggets,2019
1610612743,2019,00,Paul Millsap,Paul,paul-millsap,4,F,6-7,257,"FEB 10, 1985",35.0,13,Louisiana Tech,200794,,Denver Nuggets,2019
1610612743,2019,00,Will Barton,Will,will-barton,5,G,6-5,181,"JAN 06, 1991",29.0,7,Memphis,203115,,Denver Nuggets,2019
1610612743,2019,00,Keita Bates-Diop,Keita,keita-bates-diop,6,F,6-8,229,"JAN 23, 1996",24.0,1,Ohio State,1628966,,Denver Nuggets,2019
1610612743,2019,00,Mason Plumlee,Mason,mason-plumlee,7,F-C,6-11,254,"MAR 05, 1990",30.0,6,Duke,203486,,Denver Nuggets,2019
1610612743,2019,00,Jerami Grant,Jerami,jerami-grant,9,F,6-8,210,"MAR 12, 1994",26.0,5,Syracuse,203924,,Denver Nuggets,2019
1610612743,2019,00,Bol Bol,Bol,bol-bol,10,C-F,7-2,220,"NOV 16, 1999",20.0,R,Oregon,1629626,,Denver Nuggets,2019
1610612743,2019,00,Monté Morris,Monté,monté-morris,11,G,6-2,183,"JUN 27, 1995",25.0,2,Iowa State,1628420,,Denver Nuggets,2019
1610612743,2019,00,Gary Harris,Gary,gary-harris,14,G,6-4,210,"SEP 14, 1994",25.0,5,Michigan State,203914,,Denver Nuggets,2019
1610612743,2019,00,Nikola Jokić,Nikola,nikola-jokić,15,C,7-0,284,"FEB 19, 1995",25.0,4,Mega Basket,203999,#41 Pick in 2014 Draft,Denver Nuggets,2019
1610612743,2019,00,Tyler Cook,Tyler,tyler-cook,25,F,6-8,255,"SEP 23, 1997",22.0,R,Iowa,1629076,,Denver Nuggets,2019
1610612743,2019,00,Jamal Murray,Jamal,jamal-murray,27,G,6-4,215,"FEB 23, 1997",23.0,3,Kentucky,1627750,#7 Pick in 2016 Draft,Denver Nuggets,2019
1610612743,2019,00,Troy Daniels,Troy,troy-daniels,30,G,6-4,200,"JUL 15, 1991",28.0,6,Va Commonwealth,203584,,Denver Nuggets,2019
1610612743,2019,00,Vlatko Čančar,Vlatko,vlatko-čančar,31,F,6-8,236,"APR 10, 1997",23.0,R,San Pablo Burgos,1628427,,Denver Nuggets,2019
1610612743,2019,00,Noah Vonleh,Noah,noah-vonleh,32,F,6-10,257,"AUG 24, 1995",24.0,5,Indiana,203943,,Denver Nuggets,2019
1610612743,2019,00,PJ Dozier,PJ,pj-dozier,35,G-F,6-6,205,"OCT 25, 1996",23.0,2,South Carolina,1628408,,Denver Nuggets,2019
1610612743,2020,00,JaMychal Green,JaMychal,jamychal-green,0,F-C,6-8,227,"JUN 21, 1990",31.0,6,Alabama,203210,,Denver Nuggets,2020
1610612743,2020,00,Markus Howard,Markus,markus-howard,00,G,5-10,175,"MAR 03, 1999",22.0,R,Marquette,1630210,,Denver Nuggets,2020
1610612743,2020,00,Michael Porter Jr.,Michael,michael-porter-jr,1,F,6-10,218,"JUN 29, 1998",23.0,1,Missouri,1629008,,Denver Nuggets,2020
1610612743,2020,00,Shaquille Harrison,Shaquille,shaquille-harrison,3,G,6-7,190,"OCT 06, 1993",27.0,3,Tulsa,1627885,,Denver Nuggets,2020
1610612743,2020,00,Paul Millsap,Paul,paul-millsap,4,F,6-7,257,"FEB 10, 1985",36.0,14,Louisiana Tech,200794,,Denver Nuggets,2020
1610612743,2020,00,Will Barton,Will,will-barton,5,G,6-6,181,"JAN 06, 1991",30.0,8,Memphis,203115,,Denver Nuggets,2020
1610612743,2020,00,Facundo Campazzo,Facundo,facundo-campazzo,7,G,5-10,195,"MAR 23, 1991",30.0,R,Murcia,1630267,,Denver Nuggets,2020
1610612743,2020,00,Bol Bol,Bol,bol-bol,10,C-F,7-2,220,"NOV 16, 1999",21.0,1,Oregon,1629626,,Denver Nuggets,2020
1610612743,2020,00,Monté Morris,Monté,monté-morris,11,G,6-2,183,"JUN 27, 1995",26.0,3,Iowa State,1628420,,Denver Nuggets,2020
1610612743,2020,00,Nikola Jokić,Nikola,nikola-jokić,15,C,6-11,284,"FEB 19, 1995",26.0,5,Mega Basket,203999,#41 Pick in 2014 Draft,Denver Nuggets,2020
1610612743,2020,00,Zeke Nnaji,Zeke,zeke-nnaji,22,F-C,6-9,240,"JAN 09, 2001",20.0,R,Arizona,1630192,#22 Pick in 2020 Draft,Denver Nuggets,2020
1610612743,2020,00,Austin Rivers,Austin,austin-rivers,25,G,6-4,200,"AUG 01, 1992",28.0,8,Duke,203085,,Denver Nuggets,2020
1610612743,2020,00,Jamal Murray,Jamal,jamal-murray,27,G,6-3,215,"FEB 23, 1997",24.0,4,Kentucky,1627750,#7 Pick in 2016 Draft,Denver Nuggets,2020
1610612743,2020,00,Vlatko Čančar,Vlatko,vlatko-čančar,31,F,6-8,236,"APR 10, 1997",24.0,1,San Pablo Burgos,1628427,,Denver Nuggets,2020
1610612743,2020,00,JaVale McGee,JaVale,javale-mcgee,34,C-F,7-0,270,"JAN 19, 1988",33.0,12,Nevada,201580,,Denver Nuggets,2020
1610612743,2020,00,PJ Dozier,PJ,pj-dozier,35,G-F,6-6,205,"OCT 25, 1996",24.0,3,South Carolina,1628408,,Denver Nuggets,2020
1610612743,2020,00,Aaron Gordon,Aaron,aaron-gordon,50,F,6-8,235,"SEP 16, 1995",25.0,6,Arizona,203932,Traded from ORL on 03/25/21,Denver Nuggets,2020
1610612743,2021,00,JaMychal Green,JaMychal,jamychal-green,,F-C,6-8,227,"JUN 21, 1990",32.0,7,Alabama,203210,,Denver Nuggets,2021
1610612743,2021,00,Markus Howard,Markus,markus-howard,00,G,5-10,175,"MAR 03, 1999",23.0,1,Marquette,1630210,,Denver Nuggets,2021
1610612743,2021,00,Michael Porter Jr.,Michael,michael-porter-jr,1,F,6-10,218,"JUN 29, 1998",24.0,2,Missouri,1629008,,Denver Nuggets,2021
1610612743,2021,00,Bones Hyland,Bones,bones-hyland,3,G,6-2,169,"SEP 14, 2000",21.0,R,Virginia Commonwealth,1630538,,Denver Nuggets,2021
1610612743,2021,00,DeMarcus Cousins,DeMarcus,demarcus-cousins,4,C,6-10,270,"AUG 13, 1990",31.0,10,Kentucky,202326,,Denver Nuggets,2021
1610612743,2021,00,Will Barton,Will,will-barton,5,G,6-5,181,"JAN 06, 1991",31.0,9,Memphis,203115,,Denver Nuggets,2021
1610612743,2021,00,Bryn Forbes,Bryn,bryn-forbes,6,G,6-2,205,"JUL 23, 1993",28.0,5,Michigan State,1627854,,Denver Nuggets,2021
1610612743,2021,00,Facundo Campazzo,Facundo,facundo-campazzo,7,G,5-10,195,"MAR 23, 1991",31.0,1,Murcia,1630267,,Denver Nuggets,2021
1610612743,2021,00,Davon Reed,Davon,davon-reed,9,G,6-5,206,"JUN 11, 1995",27.0,2,Miami,1628432,,Denver Nuggets,2021
1610612743,2021,00,Monté Morris,Monté,monté-morris,11,G,6-2,183,"JUN 27, 1995",27.0,4,Iowa State,1628420,,Denver Nuggets,2021
1610612743,2021,00,Nikola Jokić,Nikola,nikola-jokić,15,C,6-11,284,"FEB 19, 1995",27.0,6,Mega Basket,203999,#41 Pick in 2014 Draft,Denver Nuggets,2021
1610612743,2021,00,Zeke Nnaji,Zeke,zeke-nnaji,22,F-C,6-9,240,"JAN 09, 2001",21.0,1,Arizona,1630192,#22 Pick in 2020 Draft,Denver Nuggets,2021
1610612743,2021,00,Austin Rivers,Austin,austin-rivers,25,G,6-4,200,"AUG 01, 1992",29.0,9,Duke,203085,,Denver Nuggets,2021
1610612743,2021,00,Jamal Murray,Jamal,jamal-murray,27,G,6-3,215,"FEB 23, 1997",25.0,5,Kentucky,1627750,#7 Pick in 2016 Draft,Denver Nuggets,2021
1610612743,2021,00,Vlatko Čančar,Vlatko,vlatko-čančar,31,F,6-8,236,"APR 10, 1997",25.0,2,San Pablo Burgos,1628427,,Denver Nuggets,2021
1610612743,2021,00,Jeff Green,Jeff,jeff-green,32,F,6-8,235,"AUG 28, 1986",35.0,14,Georgetown,201145,,Denver Nuggets,2021
1610612743,2021,00,Aaron Gordon,Aaron,aaron-gordon,50,F,6-8,235,"SEP 16, 1995",26.0,7,Arizona,203932,Traded from ORL on 03/25/21,Denver Nuggets,2021
1610612743,2022,00,Christian Braun,Christian,christian-braun,0,G,6-6,220,"APR 17, 2001",22.0,R,Kansas,1631128,#21 Pick in 2022 Draft,Denver Nuggets,2022
1610612743,2022,00,Michael Porter Jr.,Michael,michael-porter-jr,1,F,6-10,218,"JUN 29, 1998",25.0,3,Missouri,1629008,,Denver Nuggets,2022
1610612743,2022,00,Kentavious Caldwell-Pope,Kentavious,kentavious-caldwell-pope,5,G,6-5,204,"FEB 18, 1993",30.0,9,Georgia,203484,,Denver Nuggets,2022
1610612743,2022,00,DeAndre Jordan,DeAndre,deandre-jordan,6,C,6-11,265,"JUL 21, 1988",34.0,14,Texas A&M,201599,,Denver Nuggets,2022
1610612743,2022,00,Reggie Jackson,Reggie,reggie-jackson,7,G,6-2,208,"APR 16, 1990",33.0,11,Boston College,202704,,Denver Nuggets,2022
1610612743,2022,00,Peyton Watson,Peyton,peyton-watson,8,G,6-7,200,"SEP 11, 2002",20.0,R,UCLA,1631212,Draft Rights Traded from OKC on 06/23/22,Denver Nuggets,2022
1610612743,2022,00,Jack White,Jack,jack-white,10,F,6-7,225,"AUG 05, 1997",25.0,R,Duke,1631298,,Denver Nuggets,2022
1610612743,2022,00,Bruce Brown,Bruce,bruce-brown,11,G-F,6-4,202,"AUG 15, 1996",26.0,4,Miami,1628971,Signed on 07/09/25,Denver Nuggets,2022
1610612743,2022,00,Thomas Bryant,Thomas,thomas-bryant,13,C-F,6-10,248,"JUL 31, 1997",25.0,5,Indiana,1628418,,Denver Nuggets,2022
1610612743,2022,00,Ish Smith,Ish,ish-smith,14,G,6-0,175,"JUL 05, 1988",34.0,12,Wake Forest,202397,,Denver Nuggets,2022
1610612743,2022,00,Nikola Jokić,Nikola,nikola-jokić,15,C,6-11,284,"FEB 19, 1995",28.0,7,Mega Basket,203999,#41 Pick in 2014 Draft,Denver Nuggets,2022
1610612743,2022,00,Collin Gillespie,Collin,collin-gillespie,21,G,6-1,195,"JUN 25, 1999",24.0,R,Villanova,1631221,,Denver Nuggets,2022
1610612743,2022,00,Zeke Nnaji,Zeke,zeke-nnaji,22,F-C,6-9,240,"JAN 09, 2001",22.0,2,Arizona,1630192,#22 Pick in 2020 Draft,Denver Nuggets,2022
1610612743,2022,00,Jamal Murray,Jamal,jamal-murray,27,G,6-4,215,"FEB 23, 1997",26.0,6,Kentucky,1627750,#7 Pick in 2016 Draft,Denver Nuggets,2022
1610612743,2022,00,Vlatko Čančar,Vlatko,vlatko-čančar,31,F,6-8,236,"APR 10, 1997",26.0,3,San Pablo Burgos,1628427,,Denver Nuggets,2022
1610612743,2022,00,Jeff Green,Jeff,jeff-green,32,F,6-8,235,"AUG 28, 1986",36.0,15,Georgetown,201145,,Denver Nuggets,2022
1610612743,2022,00,Aaron Gordon,Aaron,aaron-gordon,50,F,6-8,235,"SEP 16, 1995",27.0,8,Arizona,203932,Traded from ORL on 03/25/21,Denver Nuggets,2022
1610612743,2023,00,Christian Braun,Christian,christian-braun,0,G,6-6,220,"APR 17, 2001",23.0,1,Kansas,1631128,#21 Pick in 2022 Draft,Denver Nuggets,2023
1610612743,2023,00,Michael Porter Jr.,Michael,michael-porter-jr,1,F,6-10,218,"JUN 29, 1998",26.0,4,Missouri,1629008,,Denver Nuggets,2023
1610612743,2023,00,Julian Strawther,Julian,julian-strawther,3,G,6-6,205,"APR 18, 2002",22.0,R,Gonzaga,1631124,Draft Rights Traded from IND on 06/23/23,Denver Nuggets,2023
1610612743,2023,00,Hunter Tyson,Hunter,hunter-tyson,4,F,6-8,215,"JUN 13, 2000",24.0,R,Clemson,1641816,Draft Rights Traded from OKC on 06/23/23,Denver Nuggets,2023
1610612743,2023,00,Kentavious Caldwell-Pope,Kentavious,kentavious-caldwell-pope,5,G,6-5,204,"FEB 18, 1993",31.0,10,Georgia,203484,,Denver Nuggets,2023
1610612743,2023,00,DeAndre Jordan,DeAndre,deandre-jordan,6,C,6-11,265,"JUL 21, 1988",35.0,15,Texas A&M,201599,,Denver Nuggets,2023
1610612743,2023,00,Reggie Jackson,Reggie,reggie-jackson,7,G,6-2,208,"APR 16, 1990",34.0,12,Boston College,202704,,Denver Nuggets,2023
1610612743,2023,00,Peyton Watson,Peyton,peyton-watson,8,G,6-7,200,"SEP 11, 2002",21.0,1,UCLA,1631212,Draft Rights Traded from OKC on 06/23/22,Denver Nuggets,2023
1610612743,2023,00,Justin Holiday,Justin,justin-holiday,9,F-G,6-6,180,"APR 05, 1989",35.0,10,Washington,203200,,Denver Nuggets,2023
1610612743,2023,00,Braxton Key,Braxton,braxton-key,11,F,6-8,225,"FEB 14, 1997",27.0,2,Virginia,1630296,,Denver Nuggets,2023
1610612743,2023,00,Nikola Jokić,Nikola,nikola-jokić,15,C,6-11,284,"FEB 19, 1995",29.0,8,Mega Basket,203999,#41 Pick in 2014 Draft,Denver Nuggets,2023
1610612743,2023,00,Collin Gillespie,Collin,collin-gillespie,21,G,6-1,195,"JUN 25, 1999",25.0,R,Villanova,1631221,,Denver Nuggets,2023
1610612743,2023,00,Zeke Nnaji,Zeke,zeke-nnaji,22,F-C,6-9,240,"JAN 09, 2001",23.0,3,Arizona,1630192,#22 Pick in 2020 Draft,Denver Nuggets,2023
1610612743,2023,00,Jalen Pickett,Jalen,jalen-pickett,24,G,6-2,202,"OCT 22, 1999",24.0,R,Penn State,1629618,Draft Rights Traded from IND on 06/23/23,Denver Nuggets,2023
1610612743,2023,00,Jamal Murray,Jamal,jamal-murray,27,G,6-4,215,"FEB 23, 1997",27.0,7,Kentucky,1627750,#7 Pick in 2016 Draft,Denver Nuggets,2023
1610612743,2023,00,Jay Huff,Jay,jay-huff,30,C,7-1,240,"AUG 25, 1997",26.0,2,Virginia,1630643,,Denver Nuggets,2023
1610612743,2023,00,Vlatko Čančar,Vlatko,vlatko-čančar,31,F,6-8,236,"APR 10, 1997",27.0,4,San Pablo Burgos,1628427,,Denver Nuggets,2023
1610612743,2023,00,Aaron Gordon,Aaron,aaron-gordon,50,F,6-8,235,"SEP 16, 1995",28.0,9,Arizona,203932,Traded from ORL on 03/25/21,Denver Nuggets,2023
1610612743,2024,00,Christian Braun,Christian,christian-braun,0,G,6-6,220,"APR 17, 2001",24.0,2,Kansas,1631128,#21 Pick in 2022 Draft,Denver Nuggets,2024
1610612743,2024,00,Michael Porter Jr.,Michael,michael-porter-jr,1,F,6-10,218,"JUN 29, 1998",27.0,5,Missouri,1629008,,Denver Nuggets,2024
1610612743,2024,00,Julian Strawther,Julian,julian-strawther,3,G,6-6,205,"APR 18, 2002",23.0,1,Gonzaga,1631124,Draft Rights Traded from IND on 06/23/23,Denver Nuggets,2024
1610612743,2024,00,Russell Westbrook,Russell,russell-westbrook,4,G,6-4,200,"NOV 12, 1988",36.0,16,UCLA,201566,,Denver Nuggets,2024
1610612743,2024,00,Hunter Tyson,Hunter,hunter-tyson,5,F,6-8,215,"JUN 13, 2000",25.0,1,Clemson,1641816,Draft Rights Traded from OKC on 06/23/23,Denver Nuggets,2024
1610612743,2024,00,DeAndre Jordan,DeAndre,deandre-jordan,6,C,6-11,265,"JUL 21, 1988",36.0,16,Texas A&M,201599,,Denver Nuggets,2024
1610612743,2024,00,Peyton Watson,Peyton,peyton-watson,8,G,6-7,200,"SEP 11, 2002",22.0,2,UCLA,1631212,Draft Rights Traded from OKC on 06/23/22,Denver Nuggets,2024
1610612743,2024,00,Dario Šarić,Dario,dario-šarić,9,F-C,6-10,225,"APR 08, 1994",31.0,8,Anadolu Efes,203967,,Denver Nuggets,2024
1610612743,2024,00,PJ Hall,PJ,pj-hall,13,C,6-10,245,"FEB 21, 2002",23.0,R,Clemson,1641790,,Denver Nuggets,2024
1610612743,2024,00,DaRon Holmes II,DaRon,daron-holmes-ii,14,F,6-10,225,"AUG 15, 2002",22.0,R,Dayton,1641747,Draft Rights Traded from PHX on 06/26/24,Denver Nuggets,2024
1610612743,2024,00,Nikola Jokić,Nikola,nikola-jokić,15,C,6-11,284,"FEB 19, 1995",30.0,9,Mega Basket,203999,#41 Pick in 2014 Draft,Denver Nuggets,2024
1610612743,2024,00,Spencer Jones,Spencer,spencer-jones,21,F,6-7,225,"JUN 14, 2001",24.0,R,Stanford,1642461,Signed on 07/30/24,Denver Nuggets,2024
1610612743,2024,00,Zeke Nnaji,Zeke,zeke-nnaji,22,F-C,6-9,240,"JAN 09, 2001",24.0,4,Arizona,1630192,#22 Pick in 2020 Draft,Denver Nuggets,2024
1610612743,2024,00,Trey Alexander,Trey,trey-alexander,23,G,6-4,185,"MAY 02, 2003",22.0,R,Creighton,1641725,,Denver Nuggets,2024
1610612743,2024,00,Jalen Pickett,Jalen,jalen-pickett,24,G,6-2,202,"OCT 22, 1999",25.0,1,Penn State,1629618,Draft Rights Traded from IND on 06/23/23,Denver Nuggets,2024
1610612743,2024,00,Jamal Murray,Jamal,jamal-murray,27,G,6-4,215,"FEB 23, 1997",28.0,8,Kentucky,1627750,#7 Pick in 2016 Draft,Denver Nuggets,2024
1610612743,2024,00,Vlatko Čančar,Vlatko,vlatko-čančar,31,F,6-8,236,"APR 10, 1997",28.0,5,San Pablo Burgos,1628427,,Denver Nuggets,2024
1610612743,2024,00,Aaron Gordon,Aaron,aaron-gordon,32,F,6-8,235,"SEP 16, 1995",29.0,10,Arizona,203932,Traded from ORL on 03/25/21,Denver Nuggets,2024
1610612743,2025,00,James Akinjo,James,james-akinjo,,G,6-1,190,"NOV 27, 2000",24.0,R,Baylor,1631231,Signed on 10/13/25,Denver Nuggets,2025
1610612743,2025,00,Tamar Bates,Tamar,tamar-bates,,G,6-4,195,"FEB 21, 2003",22.0,R,Missouri,1642926,Signed on 07/02/25,Denver Nuggets,2025
1610612743,2025,00,Curtis Jones,Curtis,curtis-jones,,G,6-3,195,"OCT 04, 2001",24.0,R,Iowa State,1642938,Signed on 07/21/25,Denver Nuggets,2025
1610612743,2025,00,Christian Braun,Christian,christian-braun,0,G,6-6,220,"APR 17, 2001",24.0,3,Kansas,1631128,#21 Pick in 2022 Draft,Denver Nuggets,2025
1610612743,2025,00,Julian Strawther,Julian,julian-strawther,3,G,6-6,205,"APR 18, 2002",23.0,2,Gonzaga,1631124,Draft Rights Traded from IND on 06/23/23,Denver Nuggets,2025
1610612743,2025,00,Moses Brown,Moses,moses-brown,3,C,7-2,258,"OCT 13, 1999",26.0,6,UCLA,1629650,Signed on 09/12/25,Denver Nuggets,2025
1610612743,2025,00,Hunter Tyson,Hunter,hunter-tyson,5,F,6-8,215,"JUN 13, 2000",25.0,2,Clemson,1641816,Draft Rights Traded from OKC on 06/23/23,Denver Nuggets,2025
1610612743,2025,00,Peyton Watson,Peyton,peyton-watson,8,G,6-8,200,"SEP 11, 2002",23.0,3,UCLA,1631212,Draft Rights Traded from OKC on 06/23/22,Denver Nuggets,2025
1610612743,2025,00,Tim Hardaway Jr.,Tim,tim-hardaway-jr,10,G-F,6-5,205,"MAR 16, 1992",33.0,12,Michigan,203501,Signed on 07/10/25,Denver Nuggets,2025
1610612743,2025,00,Bruce Brown,Bruce,bruce-brown,11,G-F,6-4,202,"AUG 15, 1996",29.0,7,Miami,1628971,Signed on 07/09/25,Denver Nuggets,2025
1610612743,2025,00,DaRon Holmes II,DaRon,daron-holmes-ii,14,F,6-9,225,"AUG 15, 2002",23.0,R,Dayton,1641747,Draft Rights Traded from PHX on 06/26/24,Denver Nuggets,2025
1610612743,2025,00,Nikola Jokić,Nikola,nikola-jokić,15,C,6-11,284,"FEB 19, 1995",30.0,10,Mega Basket,203999,#41 Pick in 2014 Draft,Denver Nuggets,2025
1610612743,2025,00,Jonas Valančiūnas,Jonas,jonas-valančiūnas,17,C,6-11,265,"MAY 06, 1992",33.0,13,Lietuvos rytas Vilnius,202685,Traded from SAC on 07/13/25,Denver Nuggets,2025
1610612743,2025,00,Kessler Edwards,Kessler,kessler-edwards,20,F,6-8,203,"AUG 09, 2000",25.0,4,Pepperdine,1630556,Signed on 08/11/25,Denver Nuggets,2025
1610612743,2025,00,Spencer Jones,Spencer,spencer-jones,21,F,6-7,225,"JUN 14, 2001",24.0,1,Stanford,1642461,Signed on 07/30/24,Denver Nuggets,2025
1610612743,2025,00,Zeke Nnaji,Zeke,zeke-nnaji,22,F-C,6-10,240,"JAN 09, 2001",24.0,5,Arizona,1630192,#22 Pick in 2020 Draft,Denver Nuggets,2025
1610612743,2025,00,Cameron Johnson,Cameron,cameron-johnson,23,F,6-8,210,"MAR 03, 1996",29.0,6,North Carolina,1629661,Traded from BKN on 07/08/25,Denver Nuggets,2025
1610612743,2025,00,Jalen Pickett,Jalen,jalen-pickett,24,G,6-2,202,"OCT 22, 1999",25.0,2,Penn State,1629618,Draft Rights Traded from IND on 06/23/23,Denver Nuggets,2025
1610612743,2025,00,Jamal Murray,Jamal,jamal-murray,27,G,6-4,215,"FEB 23, 1997",28.0,9,Kentucky,1627750,#7 Pick in 2016 Draft,Denver Nuggets,2025
1610612743,2025,00,Aaron Gordon,Aaron,aaron-gordon,32,F,6-8,235,"SEP 16, 1995",30.0,11,Arizona,203932,Traded from ORL on 03/25/21,Denver Nuggets,2025
1610612744,2015,00,Brandon Rush,Brandon,brandon-rush,4,F-G,6-6,220,"JUL 07, 1985",30.0,7,Kansas,201575,,Golden State Warriors,2015
1610612744,2015,00,Marreese Speights,Marreese,marreese-speights,5,F-C,6-10,255,"AUG 04, 1987",28.0,7,Florida,201578,,Golden State Warriors,2015
1610612744,2015,00,Andre Iguodala,Andre,andre-iguodala,9,G-F,6-6,215,"JAN 28, 1984",32.0,11,Arizona,2738,,Golden State Warriors,2015
1610612744,2015,00,Klay Thompson,Klay,klay-thompson,11,G,6-7,215,"FEB 08, 1990",26.0,4,Washington State,202691,,Golden State Warriors,2015
1610612744,2015,00,Andrew Bogut,Andrew,andrew-bogut,12,C,7-0,260,"NOV 28, 1984",31.0,10,Utah,101106,,Golden State Warriors,2015
1610612744,2015,00,Anderson Varejao,Anderson,anderson-varejao,18,F,6-11,273,"SEP 28, 1982",33.0,11,FC Barcelona,2760,,Golden State Warriors,2015
1610612744,2015,00,Leandro Barbosa,Leandro,leandro-barbosa,19,G,6-3,194,"NOV 28, 1982",33.0,12,Bauru,2571,,Golden State Warriors,2015
1610612744,2015,00,James Michael McAdoo,James Michael,james-michael-mcadoo,20,F,6-9,240,"JAN 04, 1993",23.0,1,North Carolina,203949,,Golden State Warriors,2015
1610612744,2015,00,Ian Clark,Ian,ian-clark,21,G,6-3,175,"MAR 07, 1991",25.0,2,Belmont,203546,,Golden State Warriors,2015
1610612744,2015,00,Draymond Green,Draymond,draymond-green,23,F,6-7,230,"MAR 04, 1990",26.0,3,Michigan State,203110,#35 Pick in 2012 Draft,Golden State Warriors,2015
1610612744,2015,00,Stephen Curry,Stephen,stephen-curry,30,G,6-3,190,"MAR 14, 1988",28.0,6,Davidson,201939,#7 Pick in 2009 Draft,Golden State Warriors,2015
1610612744,2015,00,Festus Ezeli,Festus,festus-ezeli,31,C,6-11,265,"OCT 21, 1989",26.0,2,Vanderbilt,203105,,Golden State Warriors,2015
1610612744,2015,00,Shaun Livingston,Shaun,shaun-livingston,34,G,6-7,192,"SEP 11, 1985",30.0,10,Peoria Central HS (IL),2733,,Golden State Warriors,2015
1610612744,2015,00,Kevon Looney,Kevon,kevon-looney,36,F,6-9,220,"FEB 06, 1996",20.0,R,UCLA,1626172,,Golden State Warriors,2015
1610612744,2015,00,Harrison Barnes,Harrison,harrison-barnes,40,F,6-8,225,"MAY 30, 1992",24.0,3,North Carolina,203084,,Golden State Warriors,2015
1610612744,2016,00,Patrick McCaw,Patrick,patrick-mccaw,0,G,6-7,185,"OCT 25, 1995",21.0,R,UNLV,1627775,,Golden State Warriors,2016
1610612744,2016,00,JaVale McGee,JaVale,javale-mcgee,1,C,7-0,270,"JAN 19, 1988",29.0,8,Nevada,201580,,Golden State Warriors,2016
1610612744,2016,00,David West,David,david-west,3,F,6-9,250,"AUG 29, 1980",36.0,13,Xavier,2561,,Golden State Warriors,2016
1610612744,2016,00,Kevon Looney,Kevon,kevon-looney,5,F,6-9,220,"FEB 06, 1996",21.0,1,UCLA,1626172,,Golden State Warriors,2016
1610612744,2016,00,Andre Iguodala,Andre,andre-iguodala,9,G-F,6-6,215,"JAN 28, 1984",33.0,12,Arizona,2738,,Golden State Warriors,2016
1610612744,2016,00,Klay Thompson,Klay,klay-thompson,11,G,6-7,215,"FEB 08, 1990",27.0,5,Washington State,202691,,Golden State Warriors,2016
1610612744,2016,00,Damian Jones,Damian,damian-jones,15,C,7-0,245,"JUN 30, 1995",22.0,R,Vanderbilt,1627745,,Golden State Warriors,2016
1610612744,2016,00,James Michael McAdoo,James Michael,james-michael-mcadoo,20,F,6-9,240,"JAN 04, 1993",24.0,2,North Carolina,203949,,Golden State Warriors,2016
1610612744,2016,00,Ian Clark,Ian,ian-clark,21,G,6-3,175,"MAR 07, 1991",26.0,3,Belmont,203546,,Golden State Warriors,2016
1610612744,2016,00,Matt Barnes,Matt,matt-barnes,22,F,6-7,226,"MAR 09, 1980",37.0,13,UCLA,2440,,Golden State Warriors,2016
1610612744,2016,00,Draymond Green,Draymond,draymond-green,23,F,6-7,230,"MAR 04, 1990",27.0,4,Michigan State,203110,#35 Pick in 2012 Draft,Golden State Warriors,2016
1610612744,2016,00,Zaza Pachulia,Zaza,zaza-pachulia,27,C,6-11,275,"FEB 10, 1984",33.0,13,Ulkerspor,2585,,Golden State Warriors,2016
1610612744,2016,00,Stephen Curry,Stephen,stephen-curry,30,G,6-3,190,"MAR 14, 1988",29.0,7,Davidson,201939,#7 Pick in 2009 Draft,Golden State Warriors,2016
1610612744,2016,00,Shaun Livingston,Shaun,shaun-livingston,34,G,6-7,192,"SEP 11, 1985",31.0,11,Peoria Central HS (IL),2733,,Golden State Warriors,2016
1610612744,2016,00,Kevin Durant,Kevin,kevin-durant,35,F,6-9,240,"SEP 29, 1988",28.0,9,Texas,201142,,Golden State Warriors,2016
1610612744,2017,00,Patrick McCaw,Patrick,patrick-mccaw,0,G,6-7,185,"OCT 25, 1995",22.0,1,UNLV,1627775,,Golden State Warriors,2017
1610612744,2017,00,JaVale McGee,JaVale,javale-mcgee,1,C,7-0,270,"JAN 19, 1988",30.0,9,Nevada,201580,,Golden State Warriors,2017
1610612744,2017,00,Jordan Bell,Jordan,jordan-bell,2,C-F,6-9,224,"JAN 07, 1995",23.0,R,Oregon,1628395,,Golden State Warriors,2017
1610612744,2017,00,David West,David,david-west,3,F,6-9,250,"AUG 29, 1980",37.0,14,Xavier,2561,,Golden State Warriors,2017
1610612744,2017,00,Quinn Cook,Quinn,quinn-cook,4,G,6-2,179,"MAR 23, 1993",25.0,1,Duke,1626188,,Golden State Warriors,2017
1610612744,2017,00,Kevon Looney,Kevon,kevon-looney,5,F,6-9,220,"FEB 06, 1996",22.0,2,UCLA,1626172,,Golden State Warriors,2017
1610612744,2017,00,Nick Young,Nick,nick-young,6,G-F,6-7,210,"JUN 01, 1985",33.0,10,Southern California,201156,,Golden State Warriors,2017
1610612744,2017,00,Andre Iguodala,Andre,andre-iguodala,9,F-G,6-6,215,"JAN 28, 1984",34.0,13,Arizona,2738,,Golden State Warriors,2017
1610612744,2017,00,Klay Thompson,Klay,klay-thompson,11,G,6-7,215,"FEB 08, 1990",28.0,6,Washington State,202691,,Golden State Warriors,2017
1610612744,2017,00,Damian Jones,Damian,damian-jones,15,C,7-0,245,"JUN 30, 1995",23.0,1,Vanderbilt,1627745,,Golden State Warriors,2017
1610612744,2017,00,Draymond Green,Draymond,draymond-green,23,F,6-7,230,"MAR 04, 1990",28.0,5,Michigan State,203110,#35 Pick in 2012 Draft,Golden State Warriors,2017
1610612744,2017,00,Zaza Pachulia,Zaza,zaza-pachulia,27,C,6-11,270,"FEB 10, 1984",34.0,14,Ulkerspor,2585,,Golden State Warriors,2017
1610612744,2017,00,Stephen Curry,Stephen,stephen-curry,30,G,6-3,190,"MAR 14, 1988",30.0,8,Davidson,201939,#7 Pick in 2009 Draft,Golden State Warriors,2017
1610612744,2017,00,Shaun Livingston,Shaun,shaun-livingston,34,G,6-7,192,"SEP 11, 1985",32.0,12,Peoria Central HS (IL),2733,,Golden State Warriors,2017
1610612744,2017,00,Kevin Durant,Kevin,kevin-durant,35,F,6-9,240,"SEP 29, 1988",29.0,10,Texas,201142,,Golden State Warriors,2017
1610612744,2018,00,DeMarcus Cousins,DeMarcus,demarcus-cousins,0,C,6-11,270,"AUG 13, 1990",28.0,8,Kentucky,202326,,Golden State Warriors,2018
1610612744,2018,00,Damion Lee,Damion,damion-lee,1,G,6-6,210,"OCT 21, 1992",26.0,1,Drexel,1627814,,Golden State Warriors,2018
1610612744,2018,00,Jordan Bell,Jordan,jordan-bell,2,F,6-9,224,"JAN 07, 1995",24.0,1,Oregon,1628395,,Golden State Warriors,2018
1610612744,2018,00,Quinn Cook,Quinn,quinn-cook,4,G,6-2,179,"MAR 23, 1993",26.0,2,Duke,1626188,,Golden State Warriors,2018
1610612744,2018,00,Kevon Looney,Kevon,kevon-looney,5,C-F,6-9,220,"FEB 06, 1996",23.0,3,UCLA,1626172,,Golden State Warriors,2018
1610612744,2018,00,Andre Iguodala,Andre,andre-iguodala,9,F-G,6-6,215,"JAN 28, 1984",35.0,14,Arizona,2738,,Golden State Warriors,2018
1610612744,2018,00,Jacob Evans,Jacob,jacob-evans,10,G,6-6,210,"JUN 18, 1997",22.0,R,Cincinnati,1628980,,Golden State Warriors,2018
1610612744,2018,00,Klay Thompson,Klay,klay-thompson,11,G,6-7,215,"FEB 08, 1990",29.0,7,Washington State,202691,,Golden State Warriors,2018
1610612744,2018,00,Andrew Bogut,Andrew,andrew-bogut,12,C,7-0,260,"NOV 28, 1984",34.0,13,Utah,101106,,Golden State Warriors,2018
1610612744,2018,00,Damian Jones,Damian,damian-jones,15,C,7-0,245,"JUN 30, 1995",24.0,2,Vanderbilt,1627745,,Golden State Warriors,2018
1610612744,2018,00,Jonas Jerebko,Jonas,jonas-jerebko,21,F,6-10,231,"MAR 02, 1987",32.0,8,Angelico Biella,201973,,Golden State Warriors,2018
1610612744,2018,00,Draymond Green,Draymond,draymond-green,23,F,6-7,230,"MAR 04, 1990",29.0,6,Michigan State,203110,#35 Pick in 2012 Draft,Golden State Warriors,2018
1610612744,2018,00,Alfonzo McKinnie,Alfonzo,alfonzo-mckinnie,28,F,6-8,215,"SEP 17, 1992",26.0,1,Wisc.-Green Bay,1628035,,Golden State Warriors,2018
1610612744,2018,00,Stephen Curry,Stephen,stephen-curry,30,G,6-3,190,"MAR 14, 1988",31.0,9,Davidson,201939,#7 Pick in 2009 Draft,Golden State Warriors,2018
1610612744,2018,00,Marcus Derrickson,Marcus,marcus-derrickson,32,F,6-7,249,"FEB 01, 1996",23.0,R,Georgetown,1629094,,Golden State Warriors,2018
1610612744,2018,00,Shaun Livingston,Shaun,shaun-livingston,34,G,6-7,192,"SEP 11, 1985",33.0,13,Peoria Central HS (IL),2733,,Golden State Warriors,2018
1610612744,2018,00,Kevin Durant,Kevin,kevin-durant,35,F,6-9,240,"SEP 29, 1988",30.0,11,Texas,201142,,Golden State Warriors,2018
1610612744,2019,00,Damion Lee,Damion,damion-lee,1,G-F,6-5,210,"OCT 21, 1992",27.0,2,Drexel,1627814,,Golden State Warriors,2019
1610612744,2019,00,Jordan Poole,Jordan,jordan-poole,3,G,6-4,194,"JUN 19, 1999",21.0,R,Michigan,1629673,,Golden State Warriors,2019
1610612744,2019,00,Kevon Looney,Kevon,kevon-looney,5,F,6-9,222,"FEB 06, 1996",24.0,4,UCLA,1626172,,Golden State Warriors,2019
1610612744,2019,00,Alen Smailagic,Alen,alen-smailagic,6,F,6-10,215,"AUG 18, 2000",19.0,R,Beko,1629346,,Golden State Warriors,2019
1610612744,2019,00,Eric Paschall,Eric,eric-paschall,7,F,6-6,255,"NOV 04, 1996",23.0,R,Villanova,1629672,,Golden State Warriors,2019
1610612744,2019,00,Klay Thompson,Klay,klay-thompson,11,G,6-6,215,"FEB 08, 1990",30.0,8,Washington State,202691,,Golden State Warriors,2019
1610612744,2019,00,Mychal Mulder,Mychal,mychal-mulder,12,G,6-3,184,"JUN 12, 1994",26.0,R,Kentucky,1628539,,Golden State Warriors,2019
1610612744,2019,00,Ky Bowman,Ky,ky-bowman,12,G,6-1,187,"JUN 16, 1997",23.0,R,Boston College,1629065,,Golden State Warriors,2019
1610612744,2019,00,Andrew Wiggins,Andrew,andrew-wiggins,22,F,6-7,197,"FEB 23, 1995",25.0,5,Kansas,203952,,Golden State Warriors,2019
1610612744,2019,00,Draymond Green,Draymond,draymond-green,23,F,6-6,230,"MAR 04, 1990",30.0,7,Michigan State,203110,#35 Pick in 2012 Draft,Golden State Warriors,2019
1610612744,2019,00,Stephen Curry,Stephen,stephen-curry,30,G,6-3,185,"MAR 14, 1988",32.0,10,Davidson,201939,#7 Pick in 2009 Draft,Golden State Warriors,2019
1610612744,2019,00,Marquese Chriss,Marquese,marquese-chriss,32,F,6-9,240,"JUL 02, 1997",22.0,3,Washington,1627737,,Golden State Warriors,2019
1610612744,2019,00,Juan Toscano-Anderson,Juan,juan-toscano-anderson,95,F,6-6,209,"APR 10, 1993",27.0,R,Marquette,1629308,,Golden State Warriors,2019
1610612744,2020,00,Gary Payton II,Gary,gary-payton-ii,0,G,6-3,195,"DEC 01, 1992",28.0,4,Oregon State,1627780,Traded from POR on 02/09/23,Golden State Warriors,2020
1610612744,2020,00,Damion Lee,Damion,damion-lee,1,G-F,6-5,210,"OCT 21, 1992",28.0,3,Drexel,1627814,,Golden State Warriors,2020
1610612744,2020,00,Nico Mannion,Nico,nico-mannion,2,G,6-2,190,"MAR 14, 2001",20.0,R,Arizona,1630185,,Golden State Warriors,2020
1610612744,2020,00,Jordan Poole,Jordan,jordan-poole,3,G,6-4,194,"JUN 19, 1999",22.0,1,Michigan,1629673,,Golden State Warriors,2020
1610612744,2020,00,Kevon Looney,Kevon,kevon-looney,5,F,6-9,222,"FEB 06, 1996",25.0,5,UCLA,1626172,,Golden State Warriors,2020
1610612744,2020,00,Alen Smailagic,Alen,alen-smailagic,6,F,6-10,215,"AUG 18, 2000",20.0,1,Beko,1629346,,Golden State Warriors,2020
1610612744,2020,00,Eric Paschall,Eric,eric-paschall,7,F,6-6,255,"NOV 04, 1996",24.0,1,Villanova,1629672,,Golden State Warriors,2020
1610612744,2020,00,Jordan Bell,Jordan,jordan-bell,7,F,6-8,216,"JAN 07, 1995",26.0,3,Oregon,1628395,,Golden State Warriors,2020
1610612744,2020,00,Klay Thompson,Klay,klay-thompson,11,G,6-6,215,"FEB 08, 1990",31.0,9,Washington State,202691,,Golden State Warriors,2020
1610612744,2020,00,Kelly Oubre Jr.,Kelly,kelly-oubre-jr,12,F-G,6-7,203,"DEC 09, 1995",25.0,5,Kansas,1626162,,Golden State Warriors,2020
1610612744,2020,00,Mychal Mulder,Mychal,mychal-mulder,15,G,6-3,184,"JUN 12, 1994",27.0,1,Kentucky,1628539,,Golden State Warriors,2020
1610612744,2020,00,Andrew Wiggins,Andrew,andrew-wiggins,22,F,6-7,197,"FEB 23, 1995",26.0,6,Kansas,203952,,Golden State Warriors,2020
1610612744,2020,00,Draymond Green,Draymond,draymond-green,23,F,6-6,230,"MAR 04, 1990",31.0,8,Michigan State,203110,#35 Pick in 2012 Draft,Golden State Warriors,2020
1610612744,2020,00,Kent Bazemore,Kent,kent-bazemore,26,G-F,6-4,195,"JUL 01, 1989",31.0,8,Old Dominion,203145,,Golden State Warriors,2020
1610612744,2020,00,Stephen Curry,Stephen,stephen-curry,30,G,6-3,185,"MAR 14, 1988",33.0,11,Davidson,201939,#7 Pick in 2009 Draft,Golden State Warriors,2020
1610612744,2020,00,James Wiseman,James,james-wiseman,33,C,7-0,240,"MAR 31, 2001",20.0,R,Memphis,1630164,,Golden State Warriors,2020
1610612744,2020,00,Juan Toscano-Anderson,Juan,juan-toscano-anderson,95,F,6-6,209,"APR 10, 1993",28.0,1,Marquette,1629308,,Golden State Warriors,2020
1610612744,2021,00,Gary Payton II,Gary,gary-payton-ii,0,G,6-3,195,"DEC 01, 1992",29.0,5,Oregon State,1627780,Traded from POR on 02/09/23,Golden State Warriors,2021
1610612744,2021,00,Jonathan Kuminga,Jonathan,jonathan-kuminga,00,F,6-7,225,"OCT 06, 2002",19.0,R,NBA G League Ignite,1630228,#7 Pick in 2021 Draft,Golden State Warriors,2021
1610612744,2021,00,Damion Lee,Damion,damion-lee,1,G-F,6-5,210,"OCT 21, 1992",29.0,4,Drexel,1627814,,Golden State Warriors,2021
1610612744,2021,00,Chris Chiozza,Chris,chris-chiozza,2,G,5-11,175,"NOV 21, 1995",26.0,3,Florida,1629185,,Golden State Warriors,2021
1610612744,2021,00,Jordan Poole,Jordan,jordan-poole,3,G,6-4,194,"JUN 19, 1999",23.0,2,Michigan,1629673,,Golden State Warriors,2021
1610612744,2021,00,Moses Moody,Moses,moses-moody,4,G,6-5,211,"MAY 31, 2002",20.0,R,Arkansas,1630541,#14 Pick in 2021 Draft,Golden State Warriors,2021
1610612744,2021,00,Kevon Looney,Kevon,kevon-looney,5,F,6-9,222,"FEB 06, 1996",26.0,6,UCLA,1626172,,Golden State Warriors,2021
1610612744,2021,00,Nemanja Bjelica,Nemanja,nemanja-bjelica,8,F,6-9,234,"MAY 09, 1988",34.0,6,Fenerbahce,202357,,Golden State Warriors,2021
1610612744,2021,00,Andre Iguodala,Andre,andre-iguodala,9,G-F,6-6,215,"JAN 28, 1984",38.0,17,Arizona,2738,,Golden State Warriors,2021
1610612744,2021,00,Klay Thompson,Klay,klay-thompson,11,G,6-6,220,"FEB 08, 1990",32.0,10,Washington State,202691,,Golden State Warriors,2021
1610612744,2021,00,Quinndary Weatherspoon,Quinndary,quinndary-weatherspoon,15,G,6-3,205,"SEP 10, 1996",25.0,2,Mississippi State,1629683,,Golden State Warriors,2021
1610612744,2021,00,Andrew Wiggins,Andrew,andrew-wiggins,22,F,6-7,197,"FEB 23, 1995",27.0,7,Kansas,203952,,Golden State Warriors,2021
1610612744,2021,00,Draymond Green,Draymond,draymond-green,23,F,6-6,230,"MAR 04, 1990",32.0,9,Michigan State,203110,#35 Pick in 2012 Draft,Golden State Warriors,2021
1610612744,2021,00,Stephen Curry,Stephen,stephen-curry,30,G,6-2,185,"MAR 14, 1988",34.0,12,Davidson,201939,#7 Pick in 2009 Draft,Golden State Warriors,2021
1610612744,2021,00,Otto Porter Jr.,Otto,otto-porter-jr,32,F,6-8,198,"JUN 03, 1993",29.0,8,Georgetown,203490,,Golden State Warriors,2021
1610612744,2021,00,James Wiseman,James,james-wiseman,33,C,7-0,240,"MAR 31, 2001",21.0,1,Memphis,1630164,,Golden State Warriors,2021
1610612744,2021,00,Juan Toscano-Anderson,Juan,juan-toscano-anderson,95,F,6-6,209,"APR 10, 1993",29.0,2,Marquette,1629308,,Golden State Warriors,2021
1610612744,2022,00,Donte DiVincenzo,Donte,donte-divincenzo,0,G,6-4,203,"JAN 31, 1997",26.0,4,Villanova,1628978,,Golden State Warriors,2022
1610612744,2022,00,Jonathan Kuminga,Jonathan,jonathan-kuminga,00,F,6-7,225,"OCT 06, 2002",20.0,1,NBA G League Ignite,1630228,#7 Pick in 2021 Draft,Golden State Warriors,2022
1610612744,2022,00,JaMychal Green,JaMychal,jamychal-green,1,F-C,6-9,227,"JUN 21, 1990",33.0,8,Alabama,203210,,Golden State Warriors,2022
1610612744,2022,00,Ryan Rollins,Ryan,ryan-rollins,2,G,6-3,180,"JUL 03, 2002",20.0,R,Toledo,1631157,,Golden State Warriors,2022
1610612744,2022,00,Jordan Poole,Jordan,jordan-poole,3,G,6-4,194,"JUN 19, 1999",24.0,3,Michigan,1629673,,Golden State Warriors,2022
1610612744,2022,00,Moses Moody,Moses,moses-moody,4,G,6-5,211,"MAY 31, 2002",21.0,1,Arkansas,1630541,#14 Pick in 2021 Draft,Golden State Warriors,2022
1610612744,2022,00,Kevon Looney,Kevon,kevon-looney,5,F,6-9,222,"FEB 06, 1996",27.0,7,UCLA,1626172,,Golden State Warriors,2022
1610612744,2022,00,Patrick Baldwin Jr.,Patrick,patrick-baldwin-jr,7,F,6-9,220,"NOV 18, 2002",20.0,R,Wisconsin-Milwaukee,1631116,,Golden State Warriors,2022
1610612744,2022,00,Gary Payton II,Gary,gary-payton-ii,8,G,6-2,195,"DEC 01, 1992",30.0,6,Oregon State,1627780,Traded from POR on 02/09/23,Golden State Warriors,2022
1610612744,2022,00,Andre Iguodala,Andre,andre-iguodala,9,G-F,6-6,215,"JAN 28, 1984",39.0,18,Arizona,2738,,Golden State Warriors,2022
1610612744,2022,00,Ty Jerome,Ty,ty-jerome,10,G-F,6-5,195,"JUL 08, 1997",25.0,3,Virginia,1629660,,Golden State Warriors,2022
1610612744,2022,00,Klay Thompson,Klay,klay-thompson,11,G,6-6,220,"FEB 08, 1990",33.0,11,Washington State,202691,,Golden State Warriors,2022
1610612744,2022,00,Andrew Wiggins,Andrew,andrew-wiggins,22,F,6-7,197,"FEB 23, 1995",28.0,8,Kansas,203952,,Golden State Warriors,2022
1610612744,2022,00,Draymond Green,Draymond,draymond-green,23,F,6-6,230,"MAR 04, 1990",33.0,10,Michigan State,203110,#35 Pick in 2012 Draft,Golden State Warriors,2022
1610612744,2022,00,Lester Quinones,Lester,lester-quinones,25,G,6-4,208,"NOV 16, 2000",22.0,R,Memphis,1631311,,Golden State Warriors,2022
1610612744,2022,00,Stephen Curry,Stephen,stephen-curry,30,G,6-2,185,"MAR 14, 1988",35.0,13,Davidson,201939,#7 Pick in 2009 Draft,Golden State Warriors,2022
1610612744,2022,00,Anthony Lamb,Anthony,anthony-lamb,40,F,6-6,227,"JAN 20, 1998",25.0,2,Vermont,1630237,,Golden State Warriors,2022
1610612744,2023,00,Gary Payton II,Gary,gary-payton-ii,0,G,6-2,195,"DEC 01, 1992",31.0,7,Oregon State,1627780,Traded from POR on 02/09/23,Golden State Warriors,2023
1610612744,2023,00,Jonathan Kuminga,Jonathan,jonathan-kuminga,00,F,6-7,225,"OCT 06, 2002",21.0,2,NBA G League Ignite,1630228,#7 Pick in 2021 Draft,Golden State Warriors,2023
1610612744,2023,00,Brandin Podziemski,Brandin,brandin-podziemski,2,G,6-4,205,"FEB 25, 2003",21.0,R,Santa Clara,1641764,#19 Pick in 2023 Draft,Golden State Warriors,2023
1610612744,2023,00,Chris Paul,Chris,chris-paul,3,G,6-0,175,"MAY 06, 1985",39.0,18,Wake Forest,101108,,Golden State Warriors,2023
1610612744,2023,00,Moses Moody,Moses,moses-moody,4,G,6-5,211,"MAY 31, 2002",22.0,2,Arkansas,1630541,#14 Pick in 2021 Draft,Golden State Warriors,2023
1610612744,2023,00,Kevon Looney,Kevon,kevon-looney,5,F,6-9,222,"FEB 06, 1996",28.0,8,UCLA,1626172,,Golden State Warriors,2023
1610612744,2023,00,Klay Thompson,Klay,klay-thompson,11,G,6-6,220,"FEB 08, 1990",34.0,12,Washington State,202691,,Golden State Warriors,2023
1610612744,2023,00,Usman Garuba,Usman,usman-garuba,12,F,6-8,229,"MAR 09, 2002",22.0,2,Real Madrid,1630586,,Golden State Warriors,2023
1610612744,2023,00,Gui Santos,Gui,gui-santos,15,F,6-6,185,"JUN 22, 2002",22.0,R,Minas,1630611,#55 Pick in 2022 Draft,Golden State Warriors,2023
1610612744,2023,00,Jerome Robinson,Jerome,jerome-robinson,18,G,6-5,190,"FEB 22, 1997",27.0,3,Boston College,1629010,,Golden State Warriors,2023
1610612744,2023,00,Dario Šarić,Dario,dario-šarić,20,F-C,6-10,225,"APR 08, 1994",30.0,7,Anadolu Efes,203967,,Golden State Warriors,2023
1610612744,2023,00,Andrew Wiggins,Andrew,andrew-wiggins,22,F,6-7,197,"FEB 23, 1995",29.0,9,Kansas,203952,,Golden State Warriors,2023
1610612744,2023,00,Draymond Green,Draymond,draymond-green,23,F,6-6,230,"MAR 04, 1990",34.0,11,Michigan State,203110,#35 Pick in 2012 Draft,Golden State Warriors,2023
1610612744,2023,00,Lester Quinones,Lester,lester-quinones,25,G,6-4,208,"NOV 16, 2000",23.0,1,Memphis,1631311,,Golden State Warriors,2023
1610612744,2023,00,Stephen Curry,Stephen,stephen-curry,30,G,6-2,185,"MAR 14, 1988",36.0,14,Davidson,201939,#7 Pick in 2009 Draft,Golden State Warriors,2023
1610612744,2023,00,Trayce Jackson-Davis,Trayce,trayce-jackson-davis,32,F,6-9,245,"FEB 22, 2000",24.0,R,Indiana,1631218,Draft Rights Traded from WAS on 06/23/23,Golden State Warriors,2023
1610612744,2023,00,Pat Spencer,Pat,pat-spencer,61,G,6-3,205,"JUL 04, 1996",27.0,R,Northwestern,1630311,Signed on 07/23/22,Golden State Warriors,2023
1610612744,2024,00,Gary Payton II,Gary,gary-payton-ii,0,G,6-2,195,"DEC 01, 1992",32.0,8,Oregon State,1627780,Traded from POR on 02/09/23,Golden State Warriors,2024
1610612744,2024,00,Jonathan Kuminga,Jonathan,jonathan-kuminga,00,F,6-7,225,"OCT 06, 2002",22.0,3,NBA G League Ignite,1630228,#7 Pick in 2021 Draft,Golden State Warriors,2024
1610612744,2024,00,Taran Armstrong,Taran,taran-armstrong,1,G,6-5,190,"JAN 15, 2002",23.0,R,"Cairns, Australia",1642379,,Golden State Warriors,2024
1610612744,2024,00,Brandin Podziemski,Brandin,brandin-podziemski,2,G,6-4,205,"FEB 25, 2003",22.0,1,Santa Clara,1641764,#19 Pick in 2023 Draft,Golden State Warriors,2024
1610612744,2024,00,Moses Moody,Moses,moses-moody,4,G,6-5,211,"MAY 31, 2002",23.0,3,Arkansas,1630541,#14 Pick in 2021 Draft,Golden State Warriors,2024
1610612744,2024,00,Kevon Looney,Kevon,kevon-looney,5,F,6-9,222,"FEB 06, 1996",29.0,9,UCLA,1626172,,Golden State Warriors,2024
1610612744,2024,00,Buddy Hield,Buddy,buddy-hield,7,G,6-4,220,"DEC 17, 1992",32.0,8,Oklahoma,1627741,Traded from PHI on 07/06/24,Golden State Warriors,2024
1610612744,2024,00,Jimmy Butler III,Jimmy,jimmy-butler-iii,10,F,6-7,230,"SEP 14, 1989",35.0,13,Marquette,202710,Traded from MIA on 02/06/25,Golden State Warriors,2024
1610612744,2024,00,Braxton Key,Braxton,braxton-key,12,F,6-8,225,"FEB 14, 1997",28.0,3,Virginia,1630296,,Golden State Warriors,2024
1610612744,2024,00,Gui Santos,Gui,gui-santos,15,F,6-6,185,"JUN 22, 2002",23.0,1,Minas,1630611,#55 Pick in 2022 Draft,Golden State Warriors,2024
1610612744,2024,00,Quinten Post,Quinten,quinten-post,21,C,7-0,238,"MAR 21, 2000",25.0,R,Boston College,1642366,Draft Rights Traded from POR on 07/06/24,Golden State Warriors,2024
1610612744,2024,00,Draymond Green,Draymond,draymond-green,23,F,6-6,230,"MAR 04, 1990",35.0,12,Michigan State,203110,#35 Pick in 2012 Draft,Golden State Warriors,2024
1610612744,2024,00,Stephen Curry,Stephen,stephen-curry,30,G,6-2,185,"MAR 14, 1988",37.0,15,Davidson,201939,#7 Pick in 2009 Draft,Golden State Warriors,2024
1610612744,2024,00,Kevin Knox II,Kevin,kevin-knox-ii,31,F,6-8,215,"AUG 11, 1999",25.0,6,Kentucky,1628995,,Golden State Warriors,2024
1610612744,2024,00,Trayce Jackson-Davis,Trayce,trayce-jackson-davis,32,F,6-9,245,"FEB 22, 2000",25.0,1,Indiana,1631218,Draft Rights Traded from WAS on 06/23/23,Golden State Warriors,2024
1610612744,2024,00,Jackson Rowe,Jackson,jackson-rowe,44,F,6-7,210,"JAN 04, 1997",28.0,R,California State-Fullerton,1642050,Signed on 07/19/24,Golden State Warriors,2024
1610612744,2024,00,Pat Spencer,Pat,pat-spencer,61,G,6-3,205,"JUL 04, 1996",28.0,1,Northwestern,1630311,Signed on 07/23/22,Golden State Warriors,2024
1610612744,2025,00,Gary Payton II,Gary,gary-payton-ii,0,G,6-2,195,"DEC 01, 1992",32.0,9,Oregon State,1627780,Traded from POR on 02/09/23,Golden State Warriors,2025
1610612744,2025,00,Jonathan Kuminga,Jonathan,jonathan-kuminga,1,F,6-7,225,"OCT 06, 2002",23.0,4,NBA G League Ignite,1630228,#7 Pick in 2021 Draft,Golden State Warriors,2025
1610612744,2025,00,Brandin Podziemski,Brandin,brandin-podziemski,2,G,6-4,205,"FEB 25, 2003",22.0,2,Santa Clara,1641764,#19 Pick in 2023 Draft,Golden State Warriors,2025
1610612744,2025,00,Will Richard,Will,will-richard,3,G,6-3,206,"DEC 24, 2002",22.0,R,Florida,1642954,Draft Rights Traded from MEM on 07/06/25,Golden State Warriors,2025
1610612744,2025,00,Moses Moody,Moses,moses-moody,4,G,6-5,211,"MAY 31, 2002",23.0,4,Arkansas,1630541,#14 Pick in 2021 Draft,Golden State Warriors,2025
1610612744,2025,00,Buddy Hield,Buddy,buddy-hield,7,G,6-4,220,"DEC 17, 1992",32.0,9,Oklahoma,1627741,Traded from PHI on 07/06/24,Golden State Warriors,2025
1610612744,2025,00,De'Anthony Melton,De'Anthony,deanthony-melton,8,G,6-2,200,"MAY 28, 1998",27.0,7,Southern California,1629001,Signed on 10/01/25,Golden State Warriors,2025
1610612744,2025,00,Jimmy Butler III,Jimmy,jimmy-butler-iii,10,F,6-6,230,"SEP 14, 1989",36.0,14,Marquette,202710,Traded from MIA on 02/06/25,Golden State Warriors,2025
1610612744,2025,00,Marques Bolden,Marques,marques-bolden,12,C,6-10,249,"APR 17, 1998",27.0,3,Duke,1629716,Signed on 09/29/25,Golden State Warriors,2025
1610612744,2025,00,Gui Santos,Gui,gui-santos,15,F,6-7,185,"JUN 22, 2002",23.0,2,Minas,1630611,#55 Pick in 2022 Draft,Golden State Warriors,2025
1610612744,2025,00,LJ Cryer,LJ,lj-cryer,18,G,6-0,,"OCT 09, 2001",24.0,R,Houston,1643018,Signed on 09/29/25,Golden State Warriors,2025
1610612744,2025,00,Al Horford,Al,al-horford,20,C-F,6-8,240,"JUN 03, 1986",39.0,18,Florida,201143,Signed on 10/01/25,Golden State Warriors,2025
1610612744,2025,00,Quinten Post,Quinten,quinten-post,21,C,7-0,238,"MAR 21, 2000",25.0,1,Boston College,1642366,Draft Rights Traded from POR on 07/06/24,Golden State Warriors,2025
1610612744,2025,00,Alex Toohey,Alex,alex-toohey,22,F,6-8,223,"MAY 05, 2004",21.0,R,Sydney Kings,1642893,Draft Rights Traded from PHX on 07/06/25,Golden State Warriors,2025
1610612744,2025,00,Draymond Green,Draymond,draymond-green,23,F,6-6,230,"MAR 04, 1990",35.0,13,Michigan State,203110,#35 Pick in 2012 Draft,Golden State Warriors,2025
1610612744,2025,00,Stephen Curry,Stephen,stephen-curry,30,G,6-2,185,"MAR 14, 1988",37.0,16,Davidson,201939,#7 Pick in 2009 Draft,Golden State Warriors,2025
1610612744,2025,00,Seth Curry,Seth,seth-curry,31,G,6-1,185,"AUG 23, 1990",35.0,12,Duke,203552,Signed on 10/01/25,Golden State Warriors,2025
1610612744,2025,00,Trayce Jackson-Davis,Trayce,trayce-jackson-davis,32,F,6-9,245,"FEB 22, 2000",25.0,2,Indiana,1631218,Draft Rights Traded from WAS on 06/23/23,Golden State Warriors,2025
1610612744,2025,00,Jackson Rowe,Jackson,jackson-rowe,44,F,6-6,210,"JAN 04, 1997",28.0,1,California State-Fullerton,1642050,Signed on 07/19/24,Golden State Warriors,2025
1610612744,2025,00,Pat Spencer,Pat,pat-spencer,61,G,6-2,205,"JUL 04, 1996",29.0,2,Northwestern,1630311,Signed on 07/23/22,Golden State Warriors,2025
1610612744,2025,00,Taevion Kinsey,Taevion,taevion-kinsey,77,G,6-4,190,"MAR 10, 2000",25.0,R,Marshall,1641795,Signed on 09/29/25,Golden State Warriors,2025
1610612745,2015,00,Andrew Goudelock,Andrew,andrew-goudelock,0,G,6-3,200,"DEC 07, 1988",27.0,2,Charleston,202726,,Houston Rockets,2015
1610612745,2015,00,Trevor Ariza,Trevor,trevor-ariza,1,F,6-8,215,"JUN 30, 1985",31.0,11,UCLA,2772,,Houston Rockets,2015
1610612745,2015,00,Patrick Beverley,Patrick,patrick-beverley,2,G,6-1,185,"JUL 12, 1988",27.0,3,Arkansas,201976,,Houston Rockets,2015
1610612745,2015,00,Josh Smith,Josh,josh-smith,5,F,6-9,225,"DEC 05, 1985",30.0,11,Oak Hill Academy (VA),2746,,Houston Rockets,2015
1610612745,2015,00,Terrence Jones,Terrence,terrence-jones,6,F,6-9,252,"JAN 09, 1992",24.0,3,Kentucky,203093,,Houston Rockets,2015
1610612745,2015,00,Sam Dekker,Sam,sam-dekker,7,F,6-9,230,"MAY 06, 1994",22.0,R,Wisconsin,1626155,,Houston Rockets,2015
1610612745,2015,00,Michael Beasley,Michael,michael-beasley,8,F,6-10,235,"JAN 09, 1989",27.0,7,Kansas State,201563,,Houston Rockets,2015
1610612745,2015,00,Dwight Howard,Dwight,dwight-howard,12,C,6-11,265,"DEC 08, 1985",30.0,11,SW Atlanta Christian Academy (GA),2730,,Houston Rockets,2015
1610612745,2015,00,James Harden,James,james-harden,13,G,6-5,220,"AUG 26, 1989",26.0,6,Arizona State,201935,,Houston Rockets,2015
1610612745,2015,00,Clint Capela,Clint,clint-capela,15,F-C,6-10,240,"MAY 18, 1994",22.0,1,Elan Chalon,203991,Traded from ATL on 07/06/25,Houston Rockets,2015
1610612745,2015,00,Donatas Motiejunas,Donatas,donatas-motiejunas,20,F-C,7-0,222,"SEP 20, 1990",25.0,3,Lithuania,202700,,Houston Rockets,2015
1610612745,2015,00,Jason Terry,Jason,jason-terry,31,G,6-2,185,"SEP 15, 1977",38.0,16,Arizona,1891,,Houston Rockets,2015
1610612745,2015,00,KJ McDaniels,KJ,kj-mcdaniels,32,G-F,6-6,205,"FEB 09, 1993",23.0,1,Clemson,203909,,Houston Rockets,2015
1610612745,2015,00,Corey Brewer,Corey,corey-brewer,33,G-F,6-9,186,"MAR 05, 1986",30.0,8,Florida,201147,,Houston Rockets,2015
1610612745,2015,00,Montrezl Harrell,Montrezl,montrezl-harrell,35,F,6-8,240,"JAN 26, 1994",22.0,R,Louisville,1626149,,Houston Rockets,2015
1610612745,2016,00,Trevor Ariza,Trevor,trevor-ariza,1,F,6-8,215,"JUN 30, 1985",32.0,12,UCLA,2772,,Houston Rockets,2016
1610612745,2016,00,Patrick Beverley,Patrick,patrick-beverley,2,G,6-1,185,"JUL 12, 1988",28.0,4,Arkansas,201976,,Houston Rockets,2016
1610612745,2016,00,Ryan Anderson,Ryan,ryan-anderson,3,F,6-10,240,"MAY 06, 1988",29.0,8,California,201583,,Houston Rockets,2016
1610612745,2016,00,Montrezl Harrell,Montrezl,montrezl-harrell,5,F,6-8,240,"JAN 26, 1994",23.0,1,Louisville,1626149,,Houston Rockets,2016
1610612745,2016,00,Sam Dekker,Sam,sam-dekker,7,F,6-9,230,"MAY 06, 1994",23.0,1,Wisconsin,1626155,,Houston Rockets,2016
1610612745,2016,00,Bobby Brown,Bobby,bobby-brown,8,G,6-2,175,"SEP 24, 1984",32.0,2,Cal State-Fullerton,201628,,Houston Rockets,2016
1610612745,2016,00,Eric Gordon,Eric,eric-gordon,10,G,6-4,215,"DEC 25, 1988",28.0,8,Indiana,201569,,Houston Rockets,2016
1610612745,2016,00,Lou Williams,Lou,lou-williams,12,G,6-1,175,"OCT 27, 1986",30.0,11,South Gwinnett HS (GA),101150,,Houston Rockets,2016
1610612745,2016,00,James Harden,James,james-harden,13,G,6-5,220,"AUG 26, 1989",27.0,7,Arizona State,201935,,Houston Rockets,2016
1610612745,2016,00,Troy Williams,Troy,troy-williams,14,F,6-7,210,"DEC 30, 1994",22.0,R,Indiana,1627786,,Houston Rockets,2016
1610612745,2016,00,Clint Capela,Clint,clint-capela,15,C,6-10,240,"MAY 18, 1994",23.0,2,Elan Chalon,203991,Traded from ATL on 07/06/25,Houston Rockets,2016
1610612745,2016,00,Isaiah Taylor,Isaiah,isaiah-taylor,17,G,6-3,170,"JUL 11, 1994",22.0,R,Texas,1627819,,Houston Rockets,2016
1610612745,2016,00,Chinanu Onuaku,Chinanu,chinanu-onuaku,21,F-C,6-10,245,"NOV 01, 1996",20.0,R,Louisville,1627778,,Houston Rockets,2016
1610612745,2016,00,Kyle Wiltjer,Kyle,kyle-wiltjer,30,F,6-10,240,"OCT 20, 1992",24.0,R,Gonzaga,1627787,,Houston Rockets,2016
1610612745,2016,00,Nene,Nene,nene-hilario,42,C-F,6-11,250,"SEP 13, 1982",34.0,14,Vasco de Gama,2403,,Houston Rockets,2016
1610612745,2017,00,Trevor Ariza,Trevor,trevor-ariza,1,F-G,6-8,215,"JUN 30, 1985",33.0,13,UCLA,2772,,Houston Rockets,2017
1610612745,2017,00,RJ Hunter,RJ,rj-hunter,2,G,6-5,185,"OCT 24, 1993",24.0,2,Georgia State,1626154,,Houston Rockets,2017
1610612745,2017,00,Chris Paul,Chris,chris-paul,3,G,6-0,175,"MAY 06, 1985",33.0,12,Wake Forest,101108,,Houston Rockets,2017
1610612745,2017,00,P.J. Tucker,P.J.,pj-tucker,4,F,6-6,245,"MAY 05, 1985",33.0,6,Texas,200782,,Houston Rockets,2017
1610612745,2017,00,Aaron Jackson,Aaron,aaron-jackson,5,G,6-3,183,"MAY 06, 1986",32.0,R,Duquesne,1628935,,Houston Rockets,2017
1610612745,2017,00,Joe Johnson,Joe,joe-johnson,7,G-F,6-7,240,"JUN 29, 1981",37.0,16,Arkansas,2207,,Houston Rockets,2017
1610612745,2017,00,Zhou Qi,Zhou,zhou-qi,9,F-C,7-1,210,"JAN 16, 1996",22.0,R,Xinjiang,1627753,,Houston Rockets,2017
1610612745,2017,00,Eric Gordon,Eric,eric-gordon,10,G,6-4,215,"DEC 25, 1988",29.0,9,Indiana,201569,,Houston Rockets,2017
1610612745,2017,00,Luc Mbah a Moute,Luc,luc-mbah-a-moute,12,F,6-8,230,"SEP 09, 1986",31.0,9,UCLA,201601,,Houston Rockets,2017
1610612745,2017,00,James Harden,James,james-harden,13,G,6-5,220,"AUG 26, 1989",28.0,8,Arizona State,201935,,Houston Rockets,2017
1610612745,2017,00,Gerald Green,Gerald,gerald-green,14,G-F,6-7,205,"JAN 26, 1986",32.0,10,No College,101123,,Houston Rockets,2017
1610612745,2017,00,Clint Capela,Clint,clint-capela,15,C,6-10,240,"MAY 18, 1994",24.0,3,Elan Chalon,203991,Traded from ATL on 07/06/25,Houston Rockets,2017
1610612745,2017,00,Chinanu Onuaku,Chinanu,chinanu-onuaku,21,C,6-10,245,"NOV 01, 1996",21.0,1,Louisville,1627778,,Houston Rockets,2017
1610612745,2017,00,Markel Brown,Markel,markel-brown,26,G,6-3,190,"JAN 29, 1992",26.0,2,Oklahoma State,203900,,Houston Rockets,2017
1610612745,2017,00,Tarik Black,Tarik,tarik-black,28,F-C,6-9,250,"NOV 22, 1991",26.0,3,Kansas,204028,,Houston Rockets,2017
1610612745,2017,00,Ryan Anderson,Ryan,ryan-anderson,33,F,6-10,240,"MAY 06, 1988",30.0,9,California,201583,,Houston Rockets,2017
1610612745,2017,00,Nene,Nene,nene-hilario,42,C-F,6-11,250,"SEP 13, 1982",35.0,15,Vasco de Gama,2403,,Houston Rockets,2017
1610612745,2018,00,Trevon Duval,Trevon,trevon-duval,0,G,6-2,189,"AUG 03, 1998",20.0,R,Duke,1628979,,Houston Rockets,2018
1610612745,2018,00,Iman Shumpert,Iman,iman-shumpert,1,G,6-5,215,"JUN 26, 1990",29.0,7,Georgia Tech,202697,,Houston Rockets,2018
1610612745,2018,00,Chris Chiozza,Chris,chris-chiozza,2,G,6-0,175,"NOV 21, 1995",23.0,R,Florida,1629185,,Houston Rockets,2018
1610612745,2018,00,Chris Paul,Chris,chris-paul,3,G,6-0,175,"MAY 06, 1985",34.0,13,Wake Forest,101108,,Houston Rockets,2018
1610612745,2018,00,Danuel House Jr.,Danuel,danuel-house-jr,4,F-G,6-7,220,"JUN 07, 1993",26.0,2,Texas A&M,1627863,,Houston Rockets,2018
1610612745,2018,00,Gary Clark,Gary,gary-clark,6,F,6-8,225,"NOV 16, 1994",24.0,R,Cincinnati,1629109,,Houston Rockets,2018
1610612745,2018,00,Eric Gordon,Eric,eric-gordon,10,G,6-4,215,"DEC 25, 1988",30.0,10,Indiana,201569,,Houston Rockets,2018
1610612745,2018,00,Vincent Edwards,Vincent,vincent-edwards,12,F,6-8,225,"APR 05, 1996",23.0,R,Purdue,1629053,,Houston Rockets,2018
1610612745,2018,00,James Harden,James,james-harden,13,G,6-5,220,"AUG 26, 1989",29.0,9,Arizona State,201935,,Houston Rockets,2018
1610612745,2018,00,Gerald Green,Gerald,gerald-green,14,G-F,6-7,205,"JAN 26, 1986",33.0,11,No College,101123,,Houston Rockets,2018
1610612745,2018,00,Clint Capela,Clint,clint-capela,15,C,6-10,240,"MAY 18, 1994",25.0,4,Elan Chalon,203991,Traded from ATL on 07/06/25,Houston Rockets,2018
1610612745,2018,00,P.J. Tucker,P.J.,pj-tucker,17,F,6-6,245,"MAY 05, 1985",34.0,7,Texas,200782,,Houston Rockets,2018
1610612745,2018,00,Michael Frazier II,Michael,michael-frazier-ii,21,G,6-4,200,"MAR 08, 1994",25.0,R,Florida,1626187,,Houston Rockets,2018
1610612745,2018,00,Austin Rivers,Austin,austin-rivers,25,G,6-4,200,"AUG 01, 1992",26.0,6,Duke,203085,,Houston Rockets,2018
1610612745,2018,00,Kenneth Faried,Kenneth,kenneth-faried,35,F-C,6-8,220,"NOV 19, 1989",29.0,7,Morehead State,202702,,Houston Rockets,2018
1610612745,2018,00,Nene,Nene,nene-hilario,42,C-F,6-11,250,"SEP 13, 1982",36.0,16,Vasco de Gama,2403,,Houston Rockets,2018
1610612745,2018,00,Isaiah Hartenstein,Isaiah,isaiah-hartenstein,55,F-C,7-0,249,"MAY 05, 1998",21.0,R,Zalgiris,1628392,,Houston Rockets,2018
1610612745,2019,00,Russell Westbrook,Russell,russell-westbrook,0,G,6-3,200,"NOV 12, 1988",31.0,11,UCLA,201566,,Houston Rockets,2019
1610612745,2019,00,David Nwaba,David,david-nwaba,0,G-F,6-5,219,"JAN 14, 1993",27.0,3,Cal Poly-Obispo,1628021,,Houston Rockets,2019
1610612745,2019,00,Chris Clemons,Chris,chris-clemons,3,G,5-9,180,"JUL 23, 1997",22.0,R,Campbell University,1629598,,Houston Rockets,2019
1610612745,2019,00,Danuel House Jr.,Danuel,danuel-house-jr,4,F-G,6-6,220,"JUN 07, 1993",27.0,3,Texas A&M,1627863,,Houston Rockets,2019
1610612745,2019,00,Bruno Caboclo,Bruno,bruno-caboclo,5,F,6-9,218,"SEP 21, 1995",24.0,5,Pinheiros,203998,,Houston Rockets,2019
1610612745,2019,00,DeMarre Carroll,DeMarre,demarre-carroll,9,F,6-6,215,"JUL 27, 1986",33.0,10,Missouri,201960,,Houston Rockets,2019
1610612745,2019,00,Eric Gordon,Eric,eric-gordon,10,G,6-3,215,"DEC 25, 1988",31.0,11,Indiana,201569,,Houston Rockets,2019
1610612745,2019,00,Luc Mbah a Moute,Luc,luc-mbah-a-moute,12,F,6-8,230,"SEP 09, 1986",33.0,11,UCLA,201601,,Houston Rockets,2019
1610612745,2019,00,James Harden,James,james-harden,13,G,6-5,220,"AUG 26, 1989",30.0,10,Arizona State,201935,,Houston Rockets,2019
1610612745,2019,00,Ben McLemore,Ben,ben-mclemore,16,G,6-3,195,"FEB 11, 1993",27.0,6,Kansas,203463,,Houston Rockets,2019
1610612745,2019,00,P.J. Tucker,P.J.,pj-tucker,17,F,6-5,245,"MAY 05, 1985",35.0,8,Texas,200782,,Houston Rockets,2019
1610612745,2019,00,Thabo Sefolosha,Thabo,thabo-sefolosha,18,F-G,6-6,215,"MAY 02, 1984",36.0,13,Angelico Biella,200757,,Houston Rockets,2019
1610612745,2019,00,Tyson Chandler,Tyson,tyson-chandler,19,C,7-0,235,"OCT 02, 1982",37.0,18,Dominguez HS (CA),2199,,Houston Rockets,2019
1610612745,2019,00,Michael Frazier II,Michael,michael-frazier-ii,21,G,6-3,200,"MAR 08, 1994",26.0,R,Florida,1626187,,Houston Rockets,2019
1610612745,2019,00,Austin Rivers,Austin,austin-rivers,25,G,6-3,200,"AUG 01, 1992",27.0,7,Duke,203085,,Houston Rockets,2019
1610612745,2019,00,Jeff Green,Jeff,jeff-green,32,F,6-8,235,"AUG 28, 1986",33.0,12,Georgetown,201145,Signed on 07/06/23,Houston Rockets,2019
1610612745,2019,00,Robert Covington,Robert,robert-covington,33,F,6-7,209,"DEC 14, 1990",29.0,6,Tennessee State,203496,,Houston Rockets,2019
1610612745,2019,00,William Howard,William,william-howard,52,F-G,6-8,207,"OCT 25, 1993",26.0,R,Limoges,1629739,,Houston Rockets,2019
1610612745,2020,00,D.J. Wilson,D.J.,dj-wilson,00,F,6-10,231,"FEB 19, 1996",25.0,3,Michigan,1628391,,Houston Rockets,2020
1610612745,2020,00,Sterling Brown,Sterling,sterling-brown,0,G-F,6-5,219,"FEB 10, 1995",26.0,3,Southern Methodist,1628425,,Houston Rockets,2020
1610612745,2020,00,John Wall,John,john-wall,1,G,6-3,210,"SEP 06, 1990",30.0,9,Kentucky,202322,,Houston Rockets,2020
1610612745,2020,00,David Nwaba,David,david-nwaba,2,G-F,6-5,219,"JAN 14, 1993",28.0,4,Cal Poly-Obispo,1628021,,Houston Rockets,2020
1610612745,2020,00,Kevin Porter Jr.,Kevin,kevin-porter-jr,3,G-F,6-4,203,"MAY 04, 2000",21.0,1,Southern California,1629645,,Houston Rockets,2020
1610612745,2020,00,Danuel House Jr.,Danuel,danuel-house-jr,4,F-G,6-6,220,"JUN 07, 1993",28.0,4,Texas A&M,1627863,,Houston Rockets,2020
1610612745,2020,00,Danté Exum,Danté,danté-exum,5,G,6-5,214,"JUL 13, 1995",25.0,6,Australian Institute of Sport,203957,,Houston Rockets,2020
1610612745,2020,00,KJ Martin,KJ,kj-martin,6,F,6-6,215,"JAN 06, 2001",20.0,R,IMG Academy (FL),1630231,,Houston Rockets,2020
1610612745,2020,00,Armoni Brooks,Armoni,armoni-brooks,7,G,6-3,195,"JUN 05, 1998",23.0,R,Houston,1629717,,Houston Rockets,2020
1610612745,2020,00,Jae'Sean Tate,Jae'Sean,jaesean-tate,8,F,6-4,230,"OCT 28, 1995",25.0,R,Ohio State,1630256,Signed on 11/25/20,Houston Rockets,2020
1610612745,2020,00,Avery Bradley,Avery,avery-bradley,9,G,6-3,180,"NOV 26, 1990",30.0,10,University of Texas at Austin,202340,,Houston Rockets,2020
1610612745,2020,00,Eric Gordon,Eric,eric-gordon,10,G,6-3,215,"DEC 25, 1988",32.0,12,Indiana,201569,,Houston Rockets,2020
1610612745,2020,00,Khyri Thomas,Khyri,khyri-thomas,13,G,6-3,210,"MAY 08, 1996",25.0,2,Creighton,1629017,,Houston Rockets,2020
1610612745,2020,00,D.J. Augustin,D.J.,dj-augustin,14,G,5-11,183,"NOV 10, 1987",33.0,12,Texas,201571,,Houston Rockets,2020
1610612745,2020,00,Anthony Lamb,Anthony,anthony-lamb,33,F,6-6,227,"JAN 20, 1998",23.0,R,Vermont,1630237,,Houston Rockets,2020
1610612745,2020,00,Christian Wood,Christian,christian-wood,35,F,6-10,214,"SEP 27, 1995",25.0,4,UNLV,1626174,,Houston Rockets,2020
1610612745,2020,00,Kelly Olynyk,Kelly,kelly-olynyk,41,F-C,6-11,240,"APR 19, 1991",30.0,7,Gonzaga,203482,,Houston Rockets,2020
1610612745,2021,00,Jalen Green,Jalen,jalen-green,0,G,6-4,186,"FEB 09, 2002",20.0,R,NBA G League Ignite,1630224,,Houston Rockets,2021
1610612745,2021,00,John Wall,John,john-wall,1,G,6-3,210,"SEP 06, 1990",31.0,10,Kentucky,202322,,Houston Rockets,2021
1610612745,2021,00,David Nwaba,David,david-nwaba,2,G-F,6-5,219,"JAN 14, 1993",29.0,5,Cal Poly-Obispo,1628021,,Houston Rockets,2021
1610612745,2021,00,Kevin Porter Jr.,Kevin,kevin-porter-jr,3,G-F,6-4,203,"MAY 04, 2000",22.0,2,Southern California,1629645,,Houston Rockets,2021
1610612745,2021,00,KJ Martin,KJ,kj-martin,6,F,6-5,215,"JAN 06, 2001",21.0,1,IMG Academy (FL),1630231,,Houston Rockets,2021
1610612745,2021,00,Jae'Sean Tate,Jae'Sean,jaesean-tate,8,F,6-4,230,"OCT 28, 1995",26.0,1,Ohio State,1630256,Signed on 11/25/20,Houston Rockets,2021
1610612745,2021,00,Josh Christopher,Josh,josh-christopher,9,G,6-3,215,"DEC 08, 2001",20.0,R,Arizona State,1630528,,Houston Rockets,2021
1610612745,2021,00,Eric Gordon,Eric,eric-gordon,10,G,6-3,215,"DEC 25, 1988",33.0,13,Indiana,201569,,Houston Rockets,2021
1610612745,2021,00,Daishen Nix,Daishen,daishen-nix,15,G,6-4,226,"FEB 13, 2002",20.0,R,NBA G League Ignite,1630227,,Houston Rockets,2021
1610612745,2021,00,Usman Garuba,Usman,usman-garuba,16,F,6-8,229,"MAR 09, 2002",20.0,R,Real Madrid,1630586,,Houston Rockets,2021
1610612745,2021,00,Dennis Schröder,Dennis,dennis-schröder,17,G,6-1,172,"SEP 15, 1993",28.0,8,Braunschweig,203471,,Houston Rockets,2021
1610612745,2021,00,Bruno Fernando,Bruno,bruno-fernando,20,F-C,6-9,240,"AUG 15, 1998",23.0,2,Maryland,1628981,,Houston Rockets,2021
1610612745,2021,00,Trevelin Queen,Trevelin,trevelin-queen,21,G,6-6,190,"FEB 25, 1997",25.0,R,New Mexico State,1630243,,Houston Rockets,2021
1610612745,2021,00,Garrison Mathews,Garrison,garrison-mathews,25,G,6-5,215,"OCT 24, 1996",25.0,2,Lipscomb,1629726,,Houston Rockets,2021
1610612745,2021,00,Alperen Sengun,Alperen,alperen-sengun,28,C,6-10,243,"JUL 25, 2002",19.0,R,Besiktas,1630578,Draft Rights Traded from OKC on 07/30/21,Houston Rockets,2021
1610612745,2021,00,Anthony Lamb,Anthony,anthony-lamb,33,F,6-6,227,"JAN 20, 1998",24.0,1,Vermont,1630237,,Houston Rockets,2021
1610612745,2021,00,Christian Wood,Christian,christian-wood,35,F,6-9,214,"SEP 27, 1995",26.0,5,UNLV,1626174,,Houston Rockets,2021
1610612745,2022,00,Willie Cauley-Stein,Willie,willie-cauley-stein,00,C,7-0,240,"AUG 18, 1993",29.0,7,Kentucky,1626161,,Houston Rockets,2022
1610612745,2022,00,TyTy Washington Jr.,TyTy,tyty-washington-jr,0,G,6-3,195,"NOV 15, 2001",21.0,R,Kentucky,1631102,,Houston Rockets,2022
1610612745,2022,00,Jabari Smith Jr.,Jabari,jabari-smith-jr,1,F,6-11,220,"MAY 13, 2003",20.0,R,Auburn,1631095,#3 Pick in 2022 Draft,Houston Rockets,2022
1610612745,2022,00,Kevin Porter Jr.,Kevin,kevin-porter-jr,3,G-F,6-4,203,"MAY 04, 2000",23.0,3,Southern California,1629645,,Houston Rockets,2022
1610612745,2022,00,Jalen Green,Jalen,jalen-green,4,G,6-4,186,"FEB 09, 2002",21.0,1,NBA G League Ignite,1630224,,Houston Rockets,2022
1610612745,2022,00,D.J. Augustin,D.J.,dj-augustin,4,G,5-11,183,"NOV 10, 1987",35.0,14,Texas,201571,,Houston Rockets,2022
1610612745,2022,00,Darius Days,Darius,darius-days,5,F,6-7,245,"OCT 20, 1999",23.0,R,Winnipeg Sea Bears,1630620,,Houston Rockets,2022
1610612745,2022,00,KJ Martin,KJ,kj-martin,6,F,6-7,215,"JAN 06, 2001",22.0,2,IMG Academy (FL),1630231,,Houston Rockets,2022
1610612745,2022,00,Jae'Sean Tate,Jae'Sean,jaesean-tate,8,F,6-5,230,"OCT 28, 1995",27.0,2,Ohio State,1630256,Signed on 11/25/20,Houston Rockets,2022
1610612745,2022,00,Josh Christopher,Josh,josh-christopher,9,G,6-4,215,"DEC 08, 2001",21.0,1,Arizona State,1630528,,Houston Rockets,2022
1610612745,2022,00,Trevor Hudgins,Trevor,trevor-hudgins,12,G,6-0,180,"MAR 23, 1999",24.0,R,Northwest Missouri St.,1631309,,Houston Rockets,2022
1610612745,2022,00,Daishen Nix,Daishen,daishen-nix,15,G,6-4,226,"FEB 13, 2002",21.0,1,NBA G League Ignite,1630227,,Houston Rockets,2022
1610612745,2022,00,Usman Garuba,Usman,usman-garuba,16,F,6-8,229,"MAR 09, 2002",21.0,1,Real Madrid,1630586,,Houston Rockets,2022
1610612745,2022,00,Tari Eason,Tari,tari-eason,17,F,6-8,215,"MAY 10, 2001",22.0,R,Louisiana State,1631106,#17 Pick in 2022 Draft,Houston Rockets,2022
1610612745,2022,00,Alperen Sengun,Alperen,alperen-sengun,28,C,6-11,243,"JUL 25, 2002",20.0,1,Besiktas,1630578,Draft Rights Traded from OKC on 07/30/21,Houston Rockets,2022
1610612745,2022,00,Frank Kaminsky,Frank,frank-kaminsky,33,F-C,7-0,240,"APR 04, 1993",30.0,7,Wisconsin,1626163,,Houston Rockets,2022
1610612745,2022,00,Boban Marjanovic,Boban,boban-marjanovic,51,C,7-4,290,"AUG 15, 1988",34.0,7,Crvena zvezda,1626246,,Houston Rockets,2022
1610612745,2023,00,Aaron Holiday,Aaron,aaron-holiday,0,G,6-0,185,"SEP 30, 1996",27.0,5,UCLA,1628988,Signed on 07/10/23,Houston Rockets,2023
1610612745,2023,00,Jermaine Samuels Jr.,Jermaine,jermaine-samuels-jr,00,F,6-6,230,"NOV 13, 1998",25.0,R,Villanova,1631257,,Houston Rockets,2023
1610612745,2023,00,Amen Thompson,Amen,amen-thompson,1,G-F,6-7,200,"JAN 30, 2003",21.0,R,Overtime Elite,1641708,#4 Pick in 2023 Draft,Houston Rockets,2023
1610612745,2023,00,Jock Landale,Jock,jock-landale,2,C,6-11,255,"OCT 25, 1995",28.0,2,St. Mary's,1629111,,Houston Rockets,2023
1610612745,2023,00,Jalen Green,Jalen,jalen-green,4,G,6-4,186,"FEB 09, 2002",22.0,2,NBA G League Ignite,1630224,,Houston Rockets,2023
1610612745,2023,00,Fred VanVleet,Fred,fred-vanvleet,5,G,6-0,197,"FEB 25, 1994",30.0,7,Wichita State,1627832,Signed on 07/07/23,Houston Rockets,2023
1610612745,2023,00,Cam Whitmore,Cam,cam-whitmore,7,F,6-7,230,"JUL 08, 2004",19.0,R,Villanova,1641715,,Houston Rockets,2023
1610612745,2023,00,Jae'Sean Tate,Jae'Sean,jaesean-tate,8,F,6-4,230,"OCT 28, 1995",28.0,3,Ohio State,1630256,Signed on 11/25/20,Houston Rockets,2023
1610612745,2023,00,Dillon Brooks,Dillon,dillon-brooks,9,G-F,6-6,225,"JAN 22, 1996",28.0,6,Oregon,1628415,,Houston Rockets,2023
1610612745,2023,00,Jabari Smith Jr.,Jabari,jabari-smith-jr,10,F,6-11,220,"MAY 13, 2003",21.0,1,Auburn,1631095,#3 Pick in 2022 Draft,Houston Rockets,2023
1610612745,2023,00,Steven Adams,Steven,steven-adams,12,C,6-11,265,"JUL 20, 1993",30.0,10,Pittsburgh,203500,Traded from MEM on 02/01/24,Houston Rockets,2023
1610612745,2023,00,Nate Hinton,Nate,nate-hinton,14,G-F,6-5,210,"JUN 08, 1999",25.0,2,Houston,1630207,,Houston Rockets,2023
1610612745,2023,00,Tari Eason,Tari,tari-eason,17,F,6-8,215,"MAY 10, 2001",23.0,1,Louisiana State,1631106,#17 Pick in 2022 Draft,Houston Rockets,2023
1610612745,2023,00,Nate Williams,Nate,nate-williams,19,G,6-5,205,"FEB 12, 1999",25.0,1,Buffalo,1631466,,Houston Rockets,2023
1610612745,2023,00,Reggie Bullock Jr.,Reggie,reggie-bullock-jr,25,G-F,6-6,205,"MAR 16, 1991",33.0,10,North Carolina,203493,,Houston Rockets,2023
1610612745,2023,00,Alperen Sengun,Alperen,alperen-sengun,28,C,6-11,243,"JUL 25, 2002",21.0,2,Besiktas,1630578,Draft Rights Traded from OKC on 07/30/21,Houston Rockets,2023
1610612745,2023,00,Jeff Green,Jeff,jeff-green,32,F,6-8,235,"AUG 28, 1986",37.0,16,Georgetown,201145,Signed on 07/06/23,Houston Rockets,2023
1610612745,2023,00,Boban Marjanovic,Boban,boban-marjanovic,51,C,7-4,290,"AUG 15, 1988",35.0,8,Crvena zvezda,1626246,,Houston Rockets,2023
1610612745,2024,00,Aaron Holiday,Aaron,aaron-holiday,0,G,6-0,185,"SEP 30, 1996",28.0,6,UCLA,1628988,Signed on 07/10/23,Houston Rockets,2024
1610612745,2024,00,Amen Thompson,Amen,amen-thompson,1,G-F,6-7,200,"JAN 30, 2003",22.0,1,Overtime Elite,1641708,#4 Pick in 2023 Draft,Houston Rockets,2024
1610612745,2024,00,Jock Landale,Jock,jock-landale,2,C,6-11,255,"OCT 25, 1995",29.0,3,St. Mary's,1629111,,Houston Rockets,2024
1610612745,2024,00,N'Faly Dante,N'Faly,nfaly-dante,3,C,6-11,230,"OCT 19, 2001",23.0,R,Oregon,1642368,,Houston Rockets,2024
1610612745,2024,00,Jalen Green,Jalen,jalen-green,4,G,6-4,186,"FEB 09, 2002",23.0,3,NBA G League Ignite,1630224,,Houston Rockets,2024
1610612745,2024,00,Fred VanVleet,Fred,fred-vanvleet,5,G,6-0,197,"FEB 25, 1994",31.0,8,Wichita State,1627832,Signed on 07/07/23,Houston Rockets,2024
1610612745,2024,00,Cam Whitmore,Cam,cam-whitmore,7,F,6-7,230,"JUL 08, 2004",20.0,1,Villanova,1641715,,Houston Rockets,2024
1610612745,2024,00,Jae'Sean Tate,Jae'Sean,jaesean-tate,8,F,6-4,230,"OCT 28, 1995",29.0,4,Ohio State,1630256,Signed on 11/25/20,Houston Rockets,2024
1610612745,2024,00,Dillon Brooks,Dillon,dillon-brooks,9,G-F,6-6,225,"JAN 22, 1996",29.0,7,Oregon,1628415,,Houston Rockets,2024
1610612745,2024,00,Jabari Smith Jr.,Jabari,jabari-smith-jr,10,F,6-10,220,"MAY 13, 2003",22.0,2,Auburn,1631095,#3 Pick in 2022 Draft,Houston Rockets,2024
1610612745,2024,00,Steven Adams,Steven,steven-adams,12,C,6-11,265,"JUL 20, 1993",31.0,11,Pittsburgh,203500,Traded from MEM on 02/01/24,Houston Rockets,2024
1610612745,2024,00,Reed Sheppard,Reed,reed-sheppard,15,G,6-2,185,"JUN 24, 2004",21.0,R,Kentucky,1642263,#3 Pick in 2024 Draft,Houston Rockets,2024
1610612745,2024,00,Tari Eason,Tari,tari-eason,17,F,6-8,215,"MAY 10, 2001",24.0,2,Louisiana State,1631106,#17 Pick in 2022 Draft,Houston Rockets,2024
1610612745,2024,00,Nate Williams,Nate,nate-williams,19,G,6-5,205,"FEB 12, 1999",26.0,2,Buffalo,1631466,,Houston Rockets,2024
1610612745,2024,00,Alperen Sengun,Alperen,alperen-sengun,28,C,6-11,243,"JUL 25, 2002",22.0,3,Besiktas,1630578,Draft Rights Traded from OKC on 07/30/21,Houston Rockets,2024
1610612745,2024,00,Jeff Green,Jeff,jeff-green,32,F,6-8,235,"AUG 28, 1986",38.0,17,Georgetown,201145,Signed on 07/06/23,Houston Rockets,2024
1610612745,2024,00,David Roddy,David,david-roddy,45,F,6-4,255,"MAR 27, 2001",24.0,2,Colorado State,1631223,,Houston Rockets,2024
1610612745,2024,00,Jack McVeigh,Jack,jack-mcveigh,58,G-F,6-8,215,"JUN 27, 1996",29.0,R,Nebraska-Lincoln,1629098,,Houston Rockets,2024
1610612745,2025,00,Cameron Matthews,Cameron,cameron-matthews,,F,6-7,235,"DEC 23, 2001",23.0,R,Mississippi State,1643069,Signed on 07/12/25,Houston Rockets,2025
1610612745,2025,00,Aaron Holiday,Aaron,aaron-holiday,0,G,6-0,185,"SEP 30, 1996",29.0,7,UCLA,1628988,Signed on 07/10/23,Houston Rockets,2025
1610612745,2025,00,Amen Thompson,Amen,amen-thompson,1,G-F,6-7,200,"JAN 30, 2003",22.0,2,Overtime Elite,1641708,#4 Pick in 2023 Draft,Houston Rockets,2025
1610612745,2025,00,Dorian Finney-Smith,Dorian,dorian-finney-smith,2,F,6-7,220,"MAY 04, 1993",32.0,9,Florida,1627827,Signed on 07/06/25,Houston Rockets,2025
1610612745,2025,00,Fred VanVleet,Fred,fred-vanvleet,5,G,6-0,197,"FEB 25, 1994",31.0,9,Wichita State,1627832,Signed on 07/07/23,Houston Rockets,2025
1610612745,2025,00,Kevin Durant,Kevin,kevin-durant,7,F,6-11,240,"SEP 29, 1988",37.0,18,Texas,201142,Traded from PHX on 07/06/25,Houston Rockets,2025
1610612745,2025,00,Jae'Sean Tate,Jae'Sean,jaesean-tate,8,F,6-4,230,"OCT 28, 1995",29.0,5,Ohio State,1630256,Signed on 11/25/20,Houston Rockets,2025
1610612745,2025,00,Kevon Harris,Kevon,kevon-harris,8,G,6-5,216,"JUN 24, 1997",28.0,2,Stephen F. Austin,1630284,Signed on 07/05/25,Houston Rockets,2025
1610612745,2025,00,Jabari Smith Jr.,Jabari,jabari-smith-jr,10,F,6-11,220,"MAY 13, 2003",22.0,3,Auburn,1631095,#3 Pick in 2022 Draft,Houston Rockets,2025
1610612745,2025,00,Steven Adams,Steven,steven-adams,12,C,6-11,265,"JUL 20, 1993",32.0,12,Pittsburgh,203500,Traded from MEM on 02/01/24,Houston Rockets,2025
1610612745,2025,00,Reed Sheppard,Reed,reed-sheppard,15,G,6-2,185,"JUN 24, 2004",21.0,1,Kentucky,1642263,#3 Pick in 2024 Draft,Houston Rockets,2025
1610612745,2025,00,Tari Eason,Tari,tari-eason,17,F,6-8,215,"MAY 10, 2001",24.0,3,Louisiana State,1631106,#17 Pick in 2022 Draft,Houston Rockets,2025
1610612745,2025,00,JD Davison,JD,jd-davison,20,G,6-1,195,"OCT 03, 2002",23.0,3,Alabama,1631120,Signed on 07/26/25,Houston Rockets,2025
1610612745,2025,00,Josh Okogie,Josh,josh-okogie,20,G,6-4,213,"SEP 01, 1998",27.0,7,Georgia Tech,1629006,Signed on 07/22/25,Houston Rockets,2025
1610612745,2025,00,Isaiah Crawford,Isaiah,isaiah-crawford,24,F,6-6,220,"NOV 01, 2001",23.0,1,Louisiana Tech,1642384,Signed on 07/26/25,Houston Rockets,2025
1610612745,2025,00,Alperen Sengun,Alperen,alperen-sengun,28,C,6-11,243,"JUL 25, 2002",23.0,4,Besiktas,1630578,Draft Rights Traded from OKC on 07/30/21,Houston Rockets,2025
1610612745,2025,00,Clint Capela,Clint,clint-capela,30,C,6-10,256,"MAY 18, 1994",31.0,11,Elan Chalon,203991,Traded from ATL on 07/06/25,Houston Rockets,2025
1610612745,2025,00,Jeff Green,Jeff,jeff-green,32,F,6-8,235,"AUG 28, 1986",39.0,18,Georgetown,201145,Signed on 07/06/23,Houston Rockets,2025
1610612746,2015,00,Chris Paul,Chris,chris-paul,3,G,6-0,175,"MAY 06, 1985",31.0,10,Wake Forest,101108,Signed on 07/21/25,Los Angeles Clippers,2015
1610612746,2015,00,JJ Redick,JJ,jj-redick,4,G,6-4,190,"JUN 24, 1984",32.0,9,Duke,200755,,Los Angeles Clippers,2015
1610612746,2015,00,DeAndre Jordan,DeAndre,deandre-jordan,6,C,6-11,265,"JUL 21, 1988",27.0,7,Texas A&M,201599,,Los Angeles Clippers,2015
1610612746,2015,00,Jeff Green,Jeff,jeff-green,8,F,6-9,235,"AUG 28, 1986",29.0,8,Georgetown,201145,,Los Angeles Clippers,2015
1610612746,2015,00,Pablo Prigioni,Pablo,pablo-prigioni,9,G,6-3,185,"MAY 17, 1977",39.0,3,Baskonia,203143,,Los Angeles Clippers,2015
1610612746,2015,00,Jamal Crawford,Jamal,jamal-crawford,11,G,6-5,195,"MAR 20, 1980",36.0,15,Michigan,2037,,Los Angeles Clippers,2015
1610612746,2015,00,Luc Mbah a Moute,Luc,luc-mbah-a-moute,12,F,6-8,230,"SEP 09, 1986",29.0,7,UCLA,201601,,Los Angeles Clippers,2015
1610612746,2015,00,Jeff Ayres,Jeff,jeff-ayres,19,F-C,6-9,250,"APR 29, 1987",29.0,5,Arizona State,201965,,Los Angeles Clippers,2015
1610612746,2015,00,Branden Dawson,Branden,branden-dawson,22,F,6-6,225,"FEB 01, 1993",23.0,R,Michigan State,1626183,,Los Angeles Clippers,2015
1610612746,2015,00,Austin Rivers,Austin,austin-rivers,25,G,6-4,200,"AUG 01, 1992",23.0,3,Duke,203085,,Los Angeles Clippers,2015
1610612746,2015,00,C.J. Wilcox,C.J.,cj-wilcox,30,G,6-5,195,"DEC 30, 1990",25.0,1,Washington,203912,,Los Angeles Clippers,2015
1610612746,2015,00,Blake Griffin,Blake,blake-griffin,32,F,6-10,251,"MAR 16, 1989",27.0,5,Oklahoma,201933,,Los Angeles Clippers,2015
1610612746,2015,00,Wesley Johnson,Wesley,wesley-johnson,33,F-G,6-7,215,"JUL 11, 1987",28.0,5,Syracuse,202325,,Los Angeles Clippers,2015
1610612746,2015,00,Paul Pierce,Paul,paul-pierce,34,F,6-7,235,"OCT 13, 1977",38.0,17,Kansas,1718,,Los Angeles Clippers,2015
1610612746,2015,00,Cole Aldrich,Cole,cole-aldrich,45,C,6-11,250,"OCT 31, 1988",27.0,5,Kansas,202332,,Los Angeles Clippers,2015
1610612746,2016,00,Diamond Stone,Diamond,diamond-stone,0,C,6-11,255,"FEB 10, 1997",20.0,R,Maryland,1627754,,Los Angeles Clippers,2016
1610612746,2016,00,Raymond Felton,Raymond,raymond-felton,2,G,6-1,205,"JUN 26, 1984",33.0,11,North Carolina,101109,,Los Angeles Clippers,2016
1610612746,2016,00,Chris Paul,Chris,chris-paul,3,G,6-0,175,"MAY 06, 1985",32.0,11,Wake Forest,101108,Signed on 07/21/25,Los Angeles Clippers,2016
1610612746,2016,00,JJ Redick,JJ,jj-redick,4,G,6-4,190,"JUN 24, 1984",33.0,10,Duke,200755,,Los Angeles Clippers,2016
1610612746,2016,00,Marreese Speights,Marreese,marreese-speights,5,F-C,6-10,255,"AUG 04, 1987",29.0,8,Florida,201578,,Los Angeles Clippers,2016
1610612746,2016,00,DeAndre Jordan,DeAndre,deandre-jordan,6,C,6-11,265,"JUL 21, 1988",28.0,8,Texas A&M,201599,,Los Angeles Clippers,2016
1610612746,2016,00,Alan Anderson,Alan,alan-anderson,9,F-G,6-6,220,"OCT 16, 1982",34.0,7,Michigan State,101187,,Los Angeles Clippers,2016
1610612746,2016,00,Brice Johnson,Brice,brice-johnson,10,F,6-10,230,"JUN 27, 1994",23.0,R,North Carolina,1627744,,Los Angeles Clippers,2016
1610612746,2016,00,Jamal Crawford,Jamal,jamal-crawford,11,G,6-5,195,"MAR 20, 1980",37.0,16,Michigan,2037,,Los Angeles Clippers,2016
1610612746,2016,00,Luc Mbah a Moute,Luc,luc-mbah-a-moute,12,F,6-8,230,"SEP 09, 1986",30.0,8,UCLA,201601,,Los Angeles Clippers,2016
1610612746,2016,00,Austin Rivers,Austin,austin-rivers,25,G,6-4,200,"AUG 01, 1992",24.0,4,Duke,203085,,Los Angeles Clippers,2016
1610612746,2016,00,Brandon Bass,Brandon,brandon-bass,30,F,6-8,250,"APR 30, 1985",32.0,11,Louisiana State,101138,,Los Angeles Clippers,2016
1610612746,2016,00,Blake Griffin,Blake,blake-griffin,32,F,6-10,251,"MAR 16, 1989",28.0,6,Oklahoma,201933,,Los Angeles Clippers,2016
1610612746,2016,00,Wesley Johnson,Wesley,wesley-johnson,33,F,6-7,215,"JUL 11, 1987",29.0,6,Syracuse,202325,,Los Angeles Clippers,2016
1610612746,2016,00,Paul Pierce,Paul,paul-pierce,34,F,6-7,235,"OCT 13, 1977",39.0,18,Kansas,1718,,Los Angeles Clippers,2016
1610612746,2017,00,Sindarius Thornwell,Sindarius,sindarius-thornwell,0,G,6-5,215,"NOV 15, 1994",23.0,R,South Carolina,1628414,,Los Angeles Clippers,2017
1610612746,2017,00,Jawun Evans,Jawun,jawun-evans,1,G,6-0,190,"JUL 26, 1996",21.0,R,Oklahoma State,1628393,,Los Angeles Clippers,2017
1610612746,2017,00,Milos Teodosic,Milos,milos-teodosic,4,G,6-5,196,"MAR 19, 1987",31.0,R,CSKA Moscow,1628462,,Los Angeles Clippers,2017
1610612746,2017,00,Montrezl Harrell,Montrezl,montrezl-harrell,5,F-C,6-8,240,"JAN 26, 1994",24.0,2,Louisville,1626149,,Los Angeles Clippers,2017
1610612746,2017,00,DeAndre Jordan,DeAndre,deandre-jordan,6,C,6-11,265,"JUL 21, 1988",29.0,9,Texas A&M,201599,,Los Angeles Clippers,2017
1610612746,2017,00,Sam Dekker,Sam,sam-dekker,7,F,6-9,230,"MAY 06, 1994",24.0,2,Wisconsin,1626155,,Los Angeles Clippers,2017
1610612746,2017,00,Danilo Gallinari,Danilo,danilo-gallinari,8,F,6-10,225,"AUG 08, 1988",29.0,8,Olimpia Milano,201568,,Los Angeles Clippers,2017
1610612746,2017,00,C.J. Williams,C.J.,cj-williams,9,F-G,6-5,230,"FEB 06, 1990",28.0,R,North Carolina State,203710,,Los Angeles Clippers,2017
1610612746,2017,00,Avery Bradley,Avery,avery-bradley,11,G,6-2,180,"NOV 26, 1990",27.0,7,University of Texas at Austin,202340,,Los Angeles Clippers,2017
1610612746,2017,00,Tyrone Wallace,Tyrone,tyrone-wallace,12,G,6-5,198,"JUN 10, 1994",24.0,R,California,1627820,,Los Angeles Clippers,2017
1610612746,2017,00,Patrick Beverley,Patrick,patrick-beverley,21,G,6-1,185,"JUL 12, 1988",29.0,5,Arkansas,201976,,Los Angeles Clippers,2017
1610612746,2017,00,Lou Williams,Lou,lou-williams,23,G,6-1,175,"OCT 27, 1986",31.0,12,South Gwinnett HS (GA),101150,,Los Angeles Clippers,2017
1610612746,2017,00,Austin Rivers,Austin,austin-rivers,25,G,6-4,200,"AUG 01, 1992",25.0,5,Duke,203085,,Los Angeles Clippers,2017
1610612746,2017,00,Wesley Johnson,Wesley,wesley-johnson,33,F-G,6-7,215,"JUL 11, 1987",30.0,7,Syracuse,202325,,Los Angeles Clippers,2017
1610612746,2017,00,Tobias Harris,Tobias,tobias-harris,34,F,6-9,235,"JUL 15, 1992",25.0,6,Tennessee,202699,,Los Angeles Clippers,2017
1610612746,2017,00,Boban Marjanovic,Boban,boban-marjanovic,51,C,7-3,290,"AUG 15, 1988",29.0,2,Crvena zvezda,1626246,,Los Angeles Clippers,2017
1610612746,2018,00,Sindarius Thornwell,Sindarius,sindarius-thornwell,0,G,6-5,215,"NOV 15, 1994",24.0,1,South Carolina,1628414,,Los Angeles Clippers,2018
1610612746,2018,00,Shai Gilgeous-Alexander,Shai,shai-gilgeous-alexander,2,G,6-6,181,"JUL 12, 1998",20.0,R,Kentucky,1628983,,Los Angeles Clippers,2018
1610612746,2018,00,JaMychal Green,JaMychal,jamychal-green,4,F,6-9,227,"JUN 21, 1990",29.0,4,Alabama,203210,,Los Angeles Clippers,2018
1610612746,2018,00,Montrezl Harrell,Montrezl,montrezl-harrell,5,F-C,6-8,240,"JAN 26, 1994",25.0,3,Louisville,1626149,,Los Angeles Clippers,2018
1610612746,2018,00,Danilo Gallinari,Danilo,danilo-gallinari,8,F,6-10,225,"AUG 08, 1988",30.0,9,Olimpia Milano,201568,,Los Angeles Clippers,2018
1610612746,2018,00,Tyrone Wallace,Tyrone,tyrone-wallace,9,G,6-5,198,"JUN 10, 1994",25.0,1,California,1627820,,Los Angeles Clippers,2018
1610612746,2018,00,Jerome Robinson,Jerome,jerome-robinson,10,G,6-5,190,"FEB 22, 1997",22.0,R,Boston College,1629010,,Los Angeles Clippers,2018
1610612746,2018,00,Johnathan Motley,Johnathan,johnathan-motley,15,F,6-10,230,"MAY 04, 1995",24.0,1,Baylor,1628405,,Los Angeles Clippers,2018
1610612746,2018,00,Garrett Temple,Garrett,garrett-temple,17,G-F,6-6,195,"MAY 08, 1986",33.0,8,Louisiana State,202066,,Los Angeles Clippers,2018
1610612746,2018,00,Rodney McGruder,Rodney,rodney-mcgruder,19,F-G,6-4,200,"JUL 29, 1991",27.0,2,Kansas State,203585,,Los Angeles Clippers,2018
1610612746,2018,00,Landry Shamet,Landry,landry-shamet,20,G,6-5,188,"MAR 13, 1997",22.0,R,Wichita State,1629013,,Los Angeles Clippers,2018
1610612746,2018,00,Patrick Beverley,Patrick,patrick-beverley,21,G,6-1,185,"JUL 12, 1988",30.0,6,Arkansas,201976,,Los Angeles Clippers,2018
1610612746,2018,00,Wilson Chandler,Wilson,wilson-chandler,22,F,6-9,225,"MAY 10, 1987",32.0,10,DePaul,201163,,Los Angeles Clippers,2018
1610612746,2018,00,Lou Williams,Lou,lou-williams,23,G,6-1,175,"OCT 27, 1986",32.0,13,South Gwinnett HS (GA),101150,,Los Angeles Clippers,2018
1610612746,2018,00,Angel Delgado,Angel,angel-delgado,31,C,6-10,245,"NOV 20, 1994",24.0,R,Seton Hall,1629116,,Los Angeles Clippers,2018
1610612746,2018,00,Ivica Zubac,Ivica,ivica-zubac,40,C,7-1,240,"MAR 18, 1997",22.0,2,Mega Basket,1627826,Traded from LAL on 02/07/19,Los Angeles Clippers,2018
1610612746,2019,00,Reggie Jackson,Reggie,reggie-jackson,1,G,6-3,208,"APR 16, 1990",30.0,8,Boston College,202704,,Los Angeles Clippers,2019
1610612746,2019,00,Kawhi Leonard,Kawhi,kawhi-leonard,2,F,6-7,225,"JUN 29, 1991",29.0,8,San Diego State,202695,Signed on 07/09/19,Los Angeles Clippers,2019
1610612746,2019,00,JaMychal Green,JaMychal,jamychal-green,4,F-C,6-8,227,"JUN 21, 1990",30.0,5,Alabama,203210,,Los Angeles Clippers,2019
1610612746,2019,00,Montrezl Harrell,Montrezl,montrezl-harrell,5,F-C,6-7,240,"JAN 26, 1994",26.0,4,Louisville,1626149,,Los Angeles Clippers,2019
1610612746,2019,00,Amir Coffey,Amir,amir-coffey,7,G-F,6-7,210,"JUN 17, 1997",23.0,R,Minnesota,1629599,,Los Angeles Clippers,2019
1610612746,2019,00,Paul George,Paul,paul-george,13,F,6-8,220,"MAY 02, 1990",30.0,9,Fresno State,202331,,Los Angeles Clippers,2019
1610612746,2019,00,Terance Mann,Terance,terance-mann,14,G-F,6-5,215,"OCT 18, 1996",23.0,R,Florida State,1629611,,Los Angeles Clippers,2019
1610612746,2019,00,Johnathan Motley,Johnathan,johnathan-motley,15,F,6-8,230,"MAY 04, 1995",25.0,2,Baylor,1628405,,Los Angeles Clippers,2019
1610612746,2019,00,Rodney McGruder,Rodney,rodney-mcgruder,19,G,6-4,205,"JUL 29, 1991",28.0,3,Kansas State,203585,,Los Angeles Clippers,2019
1610612746,2019,00,Landry Shamet,Landry,landry-shamet,20,G,6-4,190,"MAR 13, 1997",23.0,1,Wichita State,1629013,,Los Angeles Clippers,2019
1610612746,2019,00,Patrick Beverley,Patrick,patrick-beverley,21,G,6-1,180,"JUL 12, 1988",31.0,7,Arkansas,201976,,Los Angeles Clippers,2019
1610612746,2019,00,Lou Williams,Lou,lou-williams,23,G,6-1,175,"OCT 27, 1986",33.0,14,South Gwinnett HS (GA),101150,,Los Angeles Clippers,2019
1610612746,2019,00,Mfiondu Kabengele,Mfiondu,mfiondu-kabengele,25,F-C,6-9,250,"AUG 14, 1997",22.0,R,Florida State,1629662,,Los Angeles Clippers,2019
1610612746,2019,00,Marcus Morris Sr.,Marcus,marcus-morris-sr,31,F,6-8,218,"SEP 02, 1989",30.0,8,Kansas,202694,,Los Angeles Clippers,2019
1610612746,2019,00,Ivica Zubac,Ivica,ivica-zubac,40,C,7-0,240,"MAR 18, 1997",23.0,3,Mega Basket,1627826,Traded from LAL on 02/07/19,Los Angeles Clippers,2019
1610612746,2019,00,Patrick Patterson,Patrick,patrick-patterson,54,F,6-8,235,"MAR 14, 1989",31.0,9,Kentucky,202335,,Los Angeles Clippers,2019
1610612746,2019,00,Joakim Noah,Joakim,joakim-noah,55,F-C,6-11,232,"FEB 25, 1985",35.0,12,Florida,201149,,Los Angeles Clippers,2019
1610612746,2020,00,Jay Scrubb,Jay,jay-scrubb,0,G,6-5,220,"SEP 01, 2000",20.0,R,John A. Logan,1630206,,Los Angeles Clippers,2020
1610612746,2020,00,Reggie Jackson,Reggie,reggie-jackson,1,G,6-2,208,"APR 16, 1990",31.0,9,Boston College,202704,,Los Angeles Clippers,2020
1610612746,2020,00,Kawhi Leonard,Kawhi,kawhi-leonard,2,F,6-7,225,"JUN 29, 1991",30.0,9,San Diego State,202695,Signed on 07/09/19,Los Angeles Clippers,2020
1610612746,2020,00,Rajon Rondo,Rajon,rajon-rondo,4,G,6-1,180,"FEB 22, 1986",35.0,14,Kentucky,200765,,Los Angeles Clippers,2020
1610612746,2020,00,Luke Kennard,Luke,luke-kennard,5,G,6-5,206,"JUN 24, 1996",25.0,3,Duke,1628379,,Los Angeles Clippers,2020
1610612746,2020,00,Amir Coffey,Amir,amir-coffey,7,G-F,6-7,210,"JUN 17, 1997",24.0,1,Minnesota,1629599,,Los Angeles Clippers,2020
1610612746,2020,00,Marcus Morris Sr.,Marcus,marcus-morris-sr,8,F,6-8,218,"SEP 02, 1989",31.0,9,Kansas,202694,,Los Angeles Clippers,2020
1610612746,2020,00,Serge Ibaka,Serge,serge-ibaka,9,F,6-10,235,"SEP 18, 1989",31.0,11,Ricoh Manresa,201586,,Los Angeles Clippers,2020
1610612746,2020,00,Daniel Oturu,Daniel,daniel-oturu,10,C,6-8,240,"SEP 20, 1999",21.0,R,Minnesota,1630187,,Los Angeles Clippers,2020
1610612746,2020,00,Yogi Ferrell,Yogi,yogi-ferrell,11,G,6-0,178,"MAY 09, 1993",28.0,4,Indiana,1627812,,Los Angeles Clippers,2020
1610612746,2020,00,Paul George,Paul,paul-george,13,F,6-8,220,"MAY 02, 1990",31.0,10,Fresno State,202331,,Los Angeles Clippers,2020
1610612746,2020,00,Terance Mann,Terance,terance-mann,14,G-F,6-5,215,"OCT 18, 1996",24.0,1,Florida State,1629611,,Los Angeles Clippers,2020
1610612746,2020,00,DeMarcus Cousins,DeMarcus,demarcus-cousins,15,C,6-10,270,"AUG 13, 1990",30.0,9,Kentucky,202326,,Los Angeles Clippers,2020
1610612746,2020,00,Patrick Beverley,Patrick,patrick-beverley,21,G,6-1,180,"JUL 12, 1988",32.0,8,Arkansas,201976,,Los Angeles Clippers,2020
1610612746,2020,00,Nicolas Batum,Nicolas,nicolas-batum,33,G-F,6-8,230,"DEC 14, 1988",32.0,12,Le Mans,201587,Signed on 07/09/24,Los Angeles Clippers,2020
1610612746,2020,00,Ivica Zubac,Ivica,ivica-zubac,40,C,7-0,240,"MAR 18, 1997",24.0,4,Mega Basket,1627826,Traded from LAL on 02/07/19,Los Angeles Clippers,2020
1610612746,2020,00,Patrick Patterson,Patrick,patrick-patterson,54,F,6-8,235,"MAR 14, 1989",32.0,10,Kentucky,202335,,Los Angeles Clippers,2020
1610612746,2021,00,Jay Scrubb,Jay,jay-scrubb,0,G,6-5,220,"SEP 01, 2000",21.0,1,John A. Logan,1630206,,Los Angeles Clippers,2021
1610612746,2021,00,Reggie Jackson,Reggie,reggie-jackson,1,G,6-2,208,"APR 16, 1990",32.0,10,Boston College,202704,,Los Angeles Clippers,2021
1610612746,2021,00,Kawhi Leonard,Kawhi,kawhi-leonard,2,F,6-7,225,"JUN 29, 1991",31.0,10,San Diego State,202695,Signed on 07/09/19,Los Angeles Clippers,2021
1610612746,2021,00,Brandon Boston,Brandon,brandon-boston,4,G,6-6,188,"NOV 28, 2001",20.0,R,Kentucky,1630527,,Los Angeles Clippers,2021
1610612746,2021,00,Luke Kennard,Luke,luke-kennard,5,G,6-5,206,"JUN 24, 1996",26.0,4,Duke,1628379,,Los Angeles Clippers,2021
1610612746,2021,00,Amir Coffey,Amir,amir-coffey,7,G-F,6-7,210,"JUN 17, 1997",25.0,2,Minnesota,1629599,,Los Angeles Clippers,2021
1610612746,2021,00,Marcus Morris Sr.,Marcus,marcus-morris-sr,8,F,6-8,218,"SEP 02, 1989",32.0,10,Kansas,202694,,Los Angeles Clippers,2021
1610612746,2021,00,Paul George,Paul,paul-george,13,F,6-8,220,"MAY 02, 1990",32.0,11,Fresno State,202331,,Los Angeles Clippers,2021
1610612746,2021,00,Terance Mann,Terance,terance-mann,14,G-F,6-5,215,"OCT 18, 1996",25.0,2,Florida State,1629611,,Los Angeles Clippers,2021
1610612746,2021,00,Xavier Moon,Xavier,xavier-moon,15,G,6-2,165,"JAN 02, 1995",27.0,R,Morehead State,1629875,,Los Angeles Clippers,2021
1610612746,2021,00,Jason Preston,Jason,jason-preston,17,G,6-3,181,"AUG 10, 1999",22.0,R,Ohio,1630554,Signed on 08/11/25,Los Angeles Clippers,2021
1610612746,2021,00,Rodney Hood,Rodney,rodney-hood,22,G-F,6-8,208,"OCT 20, 1992",29.0,7,Duke,203918,,Los Angeles Clippers,2021
1610612746,2021,00,Robert Covington,Robert,robert-covington,23,F,6-7,209,"DEC 14, 1990",31.0,8,Tennessee State,203496,,Los Angeles Clippers,2021
1610612746,2021,00,Norman Powell,Norman,norman-powell,24,G,6-3,215,"MAY 25, 1993",29.0,6,UCLA,1626181,,Los Angeles Clippers,2021
1610612746,2021,00,Nicolas Batum,Nicolas,nicolas-batum,33,G-F,6-8,230,"DEC 14, 1988",33.0,13,Le Mans,201587,Signed on 07/09/24,Los Angeles Clippers,2021
1610612746,2021,00,Ivica Zubac,Ivica,ivica-zubac,40,C,7-0,240,"MAR 18, 1997",25.0,5,Mega Basket,1627826,Traded from LAL on 02/07/19,Los Angeles Clippers,2021
1610612746,2021,00,Isaiah Hartenstein,Isaiah,isaiah-hartenstein,55,C-F,7-0,250,"MAY 05, 1998",24.0,3,Zalgiris,1628392,,Los Angeles Clippers,2021
1610612746,2022,00,Russell Westbrook,Russell,russell-westbrook,0,G,6-3,200,"NOV 12, 1988",34.0,14,UCLA,201566,,Los Angeles Clippers,2022
1610612746,2022,00,Kawhi Leonard,Kawhi,kawhi-leonard,2,F,6-7,225,"JUN 29, 1991",32.0,11,San Diego State,202695,Signed on 07/09/19,Los Angeles Clippers,2022
1610612746,2022,00,Brandon Boston,Brandon,brandon-boston,4,G,6-6,188,"NOV 28, 2001",21.0,1,Kentucky,1630527,,Los Angeles Clippers,2022
1610612746,2022,00,Bones Hyland,Bones,bones-hyland,5,G,6-2,169,"SEP 14, 2000",22.0,1,Virginia Commonwealth,1630538,,Los Angeles Clippers,2022
1610612746,2022,00,Amir Coffey,Amir,amir-coffey,7,G-F,6-7,210,"JUN 17, 1997",26.0,3,Minnesota,1629599,,Los Angeles Clippers,2022
1610612746,2022,00,Marcus Morris Sr.,Marcus,marcus-morris-sr,8,F,6-8,218,"SEP 02, 1989",33.0,11,Kansas,202694,,Los Angeles Clippers,2022
1610612746,2022,00,Eric Gordon,Eric,eric-gordon,10,G,6-3,215,"DEC 25, 1988",34.0,14,Indiana,201569,,Los Angeles Clippers,2022
1610612746,2022,00,Paul George,Paul,paul-george,13,F,6-8,220,"MAY 02, 1990",33.0,12,Fresno State,202331,,Los Angeles Clippers,2022
1610612746,2022,00,Terance Mann,Terance,terance-mann,14,G-F,6-5,215,"OCT 18, 1996",26.0,3,Florida State,1629611,,Los Angeles Clippers,2022
1610612746,2022,00,Xavier Moon,Xavier,xavier-moon,15,G,6-0,165,"JAN 02, 1995",28.0,1,Morehead State,1629875,,Los Angeles Clippers,2022
1610612746,2022,00,Jason Preston,Jason,jason-preston,17,G,6-3,181,"AUG 10, 1999",23.0,R,Ohio,1630554,Signed on 08/11/25,Los Angeles Clippers,2022
1610612746,2022,00,Robert Covington,Robert,robert-covington,23,F,6-7,209,"DEC 14, 1990",32.0,9,Tennessee State,203496,,Los Angeles Clippers,2022
1610612746,2022,00,Norman Powell,Norman,norman-powell,24,G,6-4,215,"MAY 25, 1993",30.0,7,UCLA,1626181,,Los Angeles Clippers,2022
1610612746,2022,00,Moussa Diabaté,Moussa,moussa-diabaté,25,F,6-10,210,"JAN 21, 2002",21.0,R,Michigan,1631217,,Los Angeles Clippers,2022
1610612746,2022,00,Nicolas Batum,Nicolas,nicolas-batum,33,G-F,6-8,230,"DEC 14, 1988",34.0,14,Le Mans,201587,Signed on 07/09/24,Los Angeles Clippers,2022
1610612746,2022,00,Ivica Zubac,Ivica,ivica-zubac,40,C,7-0,240,"MAR 18, 1997",26.0,6,Mega Basket,1627826,Traded from LAL on 02/07/19,Los Angeles Clippers,2022
1610612746,2022,00,Mason Plumlee,Mason,mason-plumlee,44,F-C,7-0,254,"MAR 05, 1990",33.0,9,Duke,203486,,Los Angeles Clippers,2022
1610612746,2023,00,Russell Westbrook,Russell,russell-westbrook,0,G,6-4,200,"NOV 12, 1988",35.0,15,UCLA,201566,,Los Angeles Clippers,2023
1610612746,2023,00,James Harden,James,james-harden,1,G,6-5,220,"AUG 26, 1989",34.0,14,Arizona State,201935,Traded from PHI on 11/01/23,Los Angeles Clippers,2023
1610612746,2023,00,Kawhi Leonard,Kawhi,kawhi-leonard,2,F,6-7,225,"JUN 29, 1991",33.0,12,San Diego State,202695,Signed on 07/09/19,Los Angeles Clippers,2023
1610612746,2023,00,Brandon Boston,Brandon,brandon-boston,4,G,6-6,188,"NOV 28, 2001",22.0,2,Kentucky,1630527,,Los Angeles Clippers,2023
1610612746,2023,00,Bones Hyland,Bones,bones-hyland,5,G,6-2,169,"SEP 14, 2000",23.0,2,Virginia Commonwealth,1630538,,Los Angeles Clippers,2023
1610612746,2023,00,Amir Coffey,Amir,amir-coffey,7,G-F,6-7,210,"JUN 17, 1997",27.0,4,Minnesota,1629599,,Los Angeles Clippers,2023
1610612746,2023,00,Daniel Theis,Daniel,daniel-theis,10,F-C,6-8,245,"APR 04, 1992",32.0,6,Brose Bamberg,1628464,,Los Angeles Clippers,2023
1610612746,2023,00,Jordan Miller,Jordan,jordan-miller,11,G,6-5,194,"JAN 23, 2000",24.0,R,Miami,1641757,#48 Pick in 2023 Draft,Los Angeles Clippers,2023
1610612746,2023,00,Paul George,Paul,paul-george,13,F,6-8,220,"MAY 02, 1990",34.0,13,Fresno State,202331,,Los Angeles Clippers,2023
1610612746,2023,00,Terance Mann,Terance,terance-mann,14,G-F,6-5,215,"OCT 18, 1996",27.0,4,Florida State,1629611,,Los Angeles Clippers,2023
1610612746,2023,00,P.J. Tucker,P.J.,pj-tucker,17,F,6-5,245,"MAY 05, 1985",39.0,12,Texas,200782,,Los Angeles Clippers,2023
1610612746,2023,00,Kobe Brown,Kobe,kobe-brown,21,F,6-7,250,"JAN 01, 2000",24.0,R,Missouri,1641738,#30 Pick in 2023 Draft,Los Angeles Clippers,2023
1610612746,2023,00,Xavier Moon,Xavier,xavier-moon,22,G,6-0,165,"JAN 02, 1995",29.0,2,Morehead State,1629875,,Los Angeles Clippers,2023
1610612746,2023,00,Kai Jones,Kai,kai-jones,23,C-F,6-11,221,"JAN 19, 2001",23.0,2,Texas,1630539,,Los Angeles Clippers,2023
1610612746,2023,00,Norman Powell,Norman,norman-powell,24,G,6-4,215,"MAY 25, 1993",31.0,8,UCLA,1626181,,Los Angeles Clippers,2023
1610612746,2023,00,Moussa Diabaté,Moussa,moussa-diabaté,25,F,6-9,210,"JAN 21, 2002",22.0,1,Michigan,1631217,,Los Angeles Clippers,2023
1610612746,2023,00,Ivica Zubac,Ivica,ivica-zubac,40,C,7-0,240,"MAR 18, 1997",27.0,7,Mega Basket,1627826,Traded from LAL on 02/07/19,Los Angeles Clippers,2023
1610612746,2023,00,Mason Plumlee,Mason,mason-plumlee,44,F-C,6-10,254,"MAR 05, 1990",34.0,10,Duke,203486,,Los Angeles Clippers,2023
1610612746,2024,00,James Harden,James,james-harden,1,G,6-5,220,"AUG 26, 1989",35.0,15,Arizona State,201935,Traded from PHI on 11/01/23,Los Angeles Clippers,2024
1610612746,2024,00,Kawhi Leonard,Kawhi,kawhi-leonard,2,F,6-7,225,"JUN 29, 1991",34.0,13,San Diego State,202695,Signed on 07/09/19,Los Angeles Clippers,2024
1610612746,2024,00,Seth Lundy,Seth,seth-lundy,5,G-F,6-4,220,"APR 02, 2000",25.0,1,Penn State,1641754,,Los Angeles Clippers,2024
1610612746,2024,00,Amir Coffey,Amir,amir-coffey,7,G-F,6-7,210,"JUN 17, 1997",28.0,5,Minnesota,1629599,,Los Angeles Clippers,2024
1610612746,2024,00,Kris Dunn,Kris,kris-dunn,8,G,6-3,205,"MAR 18, 1994",31.0,8,Providence,1627739,Traded from UTA on 07/18/24,Los Angeles Clippers,2024
1610612746,2024,00,Trentyn Flowers,Trentyn,trentyn-flowers,9,F,6-9,185,"MAR 08, 2005",20.0,R,Adelaide,1642280,Signed on 07/24/24,Los Angeles Clippers,2024
1610612746,2024,00,Bogdan Bogdanović,Bogdan,bogdan-bogdanović,10,G,6-5,225,"AUG 18, 1992",32.0,7,Fenerbahce,203992,Traded from ATL on 02/06/25,Los Angeles Clippers,2024
1610612746,2024,00,Jordan Miller,Jordan,jordan-miller,11,G,6-5,194,"JAN 23, 2000",25.0,1,Miami,1641757,#48 Pick in 2023 Draft,Los Angeles Clippers,2024
1610612746,2024,00,Cam Christie,Cam,cam-christie,12,G,6-6,190,"JUL 24, 2005",19.0,R,Minnesota,1642353,#46 Pick in 2024 Draft,Los Angeles Clippers,2024
1610612746,2024,00,Drew Eubanks,Drew,drew-eubanks,15,F-C,6-10,245,"FEB 01, 1997",28.0,6,Oregon State,1629234,,Los Angeles Clippers,2024
1610612746,2024,00,Kobe Brown,Kobe,kobe-brown,21,F,6-7,250,"JAN 01, 2000",25.0,1,Missouri,1641738,#30 Pick in 2023 Draft,Los Angeles Clippers,2024
1610612746,2024,00,Patrick Baldwin Jr.,Patrick,patrick-baldwin-jr,23,F,6-9,220,"NOV 18, 2002",22.0,2,Wisconsin-Milwaukee,1631116,Signed on 03/01/25,Los Angeles Clippers,2024
1610612746,2024,00,Norman Powell,Norman,norman-powell,24,G,6-4,215,"MAY 25, 1993",32.0,9,UCLA,1626181,,Los Angeles Clippers,2024
1610612746,2024,00,Ben Simmons,Ben,ben-simmons,25,G-F,6-10,240,"JUL 20, 1996",28.0,7,Louisiana State,1627732,,Los Angeles Clippers,2024
1610612746,2024,00,Nicolas Batum,Nicolas,nicolas-batum,33,G-F,6-8,230,"DEC 14, 1988",36.0,16,Le Mans,201587,Signed on 07/09/24,Los Angeles Clippers,2024
1610612746,2024,00,Ivica Zubac,Ivica,ivica-zubac,40,C,7-0,240,"MAR 18, 1997",28.0,8,Mega Basket,1627826,Traded from LAL on 02/07/19,Los Angeles Clippers,2024
1610612746,2024,00,Derrick Jones Jr.,Derrick,derrick-jones-jr,55,F,6-6,210,"FEB 15, 1997",28.0,8,UNLV,1627884,Signed on 07/09/24,Los Angeles Clippers,2024
1610612746,2024,00,Patty Mills,Patty,patty-mills,88,G,6-2,180,"AUG 11, 1988",36.0,15,St. Mary's,201988,,Los Angeles Clippers,2024
1610612746,2025,00,Jahmyl Telfort,Jahmyl,jahmyl-telfort,,,,,"APR 30, 2001",24.0,R,,1643141,Signed on 09/26/25,Los Angeles Clippers,2025
1610612746,2025,00,Bradley Beal,Bradley,bradley-beal,0,G,6-4,207,"JUN 28, 1993",32.0,13,Florida,203078,Signed on 07/18/25,Los Angeles Clippers,2025
1610612746,2025,00,James Harden,James,james-harden,1,G,6-5,220,"AUG 26, 1989",36.0,16,Arizona State,201935,Traded from PHI on 11/01/23,Los Angeles Clippers,2025
1610612746,2025,00,Kawhi Leonard,Kawhi,kawhi-leonard,2,F,6-6,225,"JUN 29, 1991",34.0,14,San Diego State,202695,Signed on 07/09/19,Los Angeles Clippers,2025
1610612746,2025,00,Chris Paul,Chris,chris-paul,3,G,6-0,175,"MAY 06, 1985",40.0,20,Wake Forest,101108,Signed on 07/21/25,Los Angeles Clippers,2025
1610612746,2025,00,Kobe Sanders,Kobe,kobe-sanders,4,G,6-8,207,"MAY 30, 2002",23.0,R,Nevada,1642920,Draft Rights Traded from NYK on 06/26/25,Los Angeles Clippers,2025
1610612746,2025,00,Derrick Jones Jr.,Derrick,derrick-jones-jr,5,F,6-6,210,"FEB 15, 1997",28.0,9,UNLV,1627884,Signed on 07/09/24,Los Angeles Clippers,2025
1610612746,2025,00,Kris Dunn,Kris,kris-dunn,8,G,6-3,205,"MAR 18, 1994",31.0,9,Providence,1627739,Traded from UTA on 07/18/24,Los Angeles Clippers,2025
1610612746,2025,00,Trentyn Flowers,Trentyn,trentyn-flowers,9,F,6-9,185,"MAR 08, 2005",20.0,1,Adelaide,1642280,Signed on 07/24/24,Los Angeles Clippers,2025
1610612746,2025,00,Jason Preston,Jason,jason-preston,10,G,6-3,181,"AUG 10, 1999",26.0,2,Ohio,1630554,Signed on 08/11/25,Los Angeles Clippers,2025
1610612746,2025,00,Bogdan Bogdanović,Bogdan,bogdan-bogdanović,10,G,6-5,225,"AUG 18, 1992",33.0,8,Fenerbahce,203992,Traded from ATL on 02/06/25,Los Angeles Clippers,2025
1610612746,2025,00,Brook Lopez,Brook,brook-lopez,11,C,7-1,282,"APR 01, 1988",37.0,17,Stanford,201572,Signed on 07/06/25,Los Angeles Clippers,2025
1610612746,2025,00,Jordan Miller,Jordan,jordan-miller,11,G,6-5,194,"JAN 23, 2000",25.0,2,Miami,1641757,#48 Pick in 2023 Draft,Los Angeles Clippers,2025
1610612746,2025,00,Cam Christie,Cam,cam-christie,12,G,6-5,190,"JUL 24, 2005",20.0,1,Minnesota,1642353,#46 Pick in 2024 Draft,Los Angeles Clippers,2025
1610612746,2025,00,TyTy Washington Jr.,TyTy,tyty-washington-jr,14,G,6-3,195,"NOV 15, 2001",23.0,3,Kentucky,1631102,Signed on 08/07/25,Los Angeles Clippers,2025
1610612746,2025,00,Yanic Konan Niederhäuser,Yanic Konan,yanic-konan-niederhäuser,14,C,6-11,242,"MAR 14, 2003",22.0,R,Penn State,1642949,#30 Pick in 2025 Draft,Los Angeles Clippers,2025
1610612746,2025,00,John Collins,John,john-collins,20,F-C,6-9,226,"SEP 23, 1997",28.0,8,Wake Forest,1628381,Traded from UTA on 07/07/25,Los Angeles Clippers,2025
1610612746,2025,00,Patrick Baldwin Jr.,Patrick,patrick-baldwin-jr,23,F,7-0,220,"NOV 18, 2002",22.0,3,Wisconsin-Milwaukee,1631116,Signed on 03/01/25,Los Angeles Clippers,2025
1610612746,2025,00,Kobe Brown,Kobe,kobe-brown,24,F,6-7,250,"JAN 01, 2000",25.0,2,Missouri,1641738,#30 Pick in 2023 Draft,Los Angeles Clippers,2025
1610612746,2025,00,Nicolas Batum,Nicolas,nicolas-batum,33,G-F,6-7,230,"DEC 14, 1988",36.0,17,Le Mans,201587,Signed on 07/09/24,Los Angeles Clippers,2025
1610612746,2025,00,Ivica Zubac,Ivica,ivica-zubac,40,C,7-0,240,"MAR 18, 1997",28.0,9,Mega Basket,1627826,Traded from LAL on 02/07/19,Los Angeles Clippers,2025
1610612747,2015,00,Nick Young,Nick,nick-young,0,F-G,6-7,210,"JUN 01, 1985",31.0,8,Southern California,201156,,Los Angeles Lakers,2015
1610612747,2015,00,D'Angelo Russell,D'Angelo,dangelo-russell,1,G,6-5,195,"FEB 23, 1996",20.0,R,Ohio State,1626156,,Los Angeles Lakers,2015
1610612747,2015,00,Brandon Bass,Brandon,brandon-bass,2,F,6-8,250,"APR 30, 1985",31.0,10,Louisiana State,101138,,Los Angeles Lakers,2015
1610612747,2015,00,Anthony Brown,Anthony,anthony-brown,3,F,6-7,210,"OCT 10, 1992",23.0,R,Stanford,1626148,,Los Angeles Lakers,2015
1610612747,2015,00,Ryan Kelly,Ryan,ryan-kelly,4,F,6-11,230,"APR 09, 1991",25.0,2,Duke,203527,,Los Angeles Lakers,2015
1610612747,2015,00,Jordan Clarkson,Jordan,jordan-clarkson,6,G,6-5,194,"JUN 07, 1992",24.0,1,Missouri,203903,,Los Angeles Lakers,2015
1610612747,2015,00,Larry Nance Jr.,Larry,larry-nance-jr,7,F,6-9,230,"JAN 01, 1993",23.0,R,Wyoming,1626204,,Los Angeles Lakers,2015
1610612747,2015,00,Marcelo Huertas,Marcelo,marcelo-huertas,9,G,6-3,200,"MAY 25, 1983",33.0,R,FC Barcelona,1626273,,Los Angeles Lakers,2015
1610612747,2015,00,Roy Hibbert,Roy,roy-hibbert,17,C,7-2,270,"DEC 11, 1986",29.0,7,Georgetown,201579,,Los Angeles Lakers,2015
1610612747,2015,00,Lou Williams,Lou,lou-williams,23,G,6-1,175,"OCT 27, 1986",29.0,10,South Gwinnett HS (GA),101150,,Los Angeles Lakers,2015
1610612747,2015,00,Kobe Bryant,Kobe,kobe-bryant,24,F-G,6-6,212,"AUG 23, 1978",37.0,19,Lower Merion HS (PA),977,,Los Angeles Lakers,2015
1610612747,2015,00,Tarik Black,Tarik,tarik-black,28,C-F,6-9,250,"NOV 22, 1991",24.0,1,Kansas,204028,,Los Angeles Lakers,2015
1610612747,2015,00,Julius Randle,Julius,julius-randle,30,F,6-9,250,"NOV 29, 1994",21.0,1,Kentucky,203944,,Los Angeles Lakers,2015
1610612747,2015,00,Metta World Peace,Metta,metta-world-peace,37,F,6-7,260,"NOV 13, 1979",36.0,15,St. John's (NY),1897,,Los Angeles Lakers,2015
1610612747,2015,00,Robert Sacre,Robert,robert-sacre,50,C,7-0,270,"JUN 06, 1989",27.0,3,Gonzaga,203135,,Los Angeles Lakers,2015
1610612747,2016,00,Nick Young,Nick,nick-young,0,G-F,6-7,210,"JUN 01, 1985",32.0,9,Southern California,201156,,Los Angeles Lakers,2016
1610612747,2016,00,D'Angelo Russell,D'Angelo,dangelo-russell,1,G,6-5,195,"FEB 23, 1996",21.0,1,Ohio State,1626156,,Los Angeles Lakers,2016
1610612747,2016,00,Corey Brewer,Corey,corey-brewer,3,F,6-9,186,"MAR 05, 1986",31.0,9,Florida,201147,,Los Angeles Lakers,2016
1610612747,2016,00,Jordan Clarkson,Jordan,jordan-clarkson,6,G,6-5,194,"JUN 07, 1992",25.0,2,Missouri,203903,,Los Angeles Lakers,2016
1610612747,2016,00,Larry Nance Jr.,Larry,larry-nance-jr,7,F,6-9,230,"JAN 01, 1993",24.0,1,Wyoming,1626204,,Los Angeles Lakers,2016
1610612747,2016,00,Luol Deng,Luol,luol-deng,9,F,6-9,220,"APR 16, 1985",32.0,12,Duke,2736,,Los Angeles Lakers,2016
1610612747,2016,00,David Nwaba,David,david-nwaba,10,G,6-4,209,"JAN 14, 1993",24.0,R,Cal Poly-Obispo,1628021,,Los Angeles Lakers,2016
1610612747,2016,00,Tyler Ennis,Tyler,tyler-ennis,11,G,6-3,194,"AUG 24, 1994",22.0,2,Syracuse,203898,,Los Angeles Lakers,2016
1610612747,2016,00,Brandon Ingram,Brandon,brandon-ingram,14,F,6-9,190,"SEP 02, 1997",19.0,R,Duke,1627742,,Los Angeles Lakers,2016
1610612747,2016,00,Thomas Robinson,Thomas,thomas-robinson,15,F,6-10,237,"MAR 17, 1991",26.0,4,Kansas,203080,,Los Angeles Lakers,2016
1610612747,2016,00,Timofey Mozgov,Timofey,timofey-mozgov,20,C,7-1,275,"JUL 16, 1986",30.0,6,Khimki,202389,,Los Angeles Lakers,2016
1610612747,2016,00,Tarik Black,Tarik,tarik-black,28,C-F,6-9,250,"NOV 22, 1991",25.0,2,Kansas,204028,,Los Angeles Lakers,2016
1610612747,2016,00,Julius Randle,Julius,julius-randle,30,F,6-9,250,"NOV 29, 1994",22.0,2,Kentucky,203944,,Los Angeles Lakers,2016
1610612747,2016,00,Metta World Peace,Metta,metta-world-peace,37,F,6-7,260,"NOV 13, 1979",37.0,16,St. John's (NY),1897,,Los Angeles Lakers,2016
1610612747,2016,00,Ivica Zubac,Ivica,ivica-zubac,40,C,7-1,240,"MAR 18, 1997",20.0,R,Mega Basket,1627826,,Los Angeles Lakers,2016
1610612747,2017,00,Kyle Kuzma,Kyle,kyle-kuzma,0,F,6-9,220,"JUL 24, 1995",22.0,R,Utah,1628398,,Los Angeles Lakers,2017
1610612747,2017,00,Kentavious Caldwell-Pope,Kentavious,kentavious-caldwell-pope,1,G,6-5,205,"FEB 18, 1993",25.0,4,Georgia,203484,,Los Angeles Lakers,2017
1610612747,2017,00,Lonzo Ball,Lonzo,lonzo-ball,2,G,6-6,190,"OCT 27, 1997",20.0,R,UCLA,1628366,,Los Angeles Lakers,2017
1610612747,2017,00,Isaiah Thomas,Isaiah,isaiah-thomas,3,G,5-9,185,"FEB 07, 1989",29.0,6,Washington,202738,,Los Angeles Lakers,2017
1610612747,2017,00,Alex Caruso,Alex,alex-caruso,4,G,6-5,186,"FEB 28, 1994",24.0,R,Texas A&M,1627936,,Los Angeles Lakers,2017
1610612747,2017,00,Josh Hart,Josh,josh-hart,5,G,6-5,215,"MAR 06, 1995",23.0,R,Villanova,1628404,,Los Angeles Lakers,2017
1610612747,2017,00,Luol Deng,Luol,luol-deng,9,F,6-9,220,"APR 16, 1985",33.0,13,Duke,2736,,Los Angeles Lakers,2017
1610612747,2017,00,Tyler Ennis,Tyler,tyler-ennis,10,G,6-3,194,"AUG 24, 1994",23.0,3,Syracuse,203898,,Los Angeles Lakers,2017
1610612747,2017,00,Brook Lopez,Brook,brook-lopez,11,C,7-0,268,"APR 01, 1988",30.0,9,Stanford,201572,,Los Angeles Lakers,2017
1610612747,2017,00,Channing Frye,Channing,channing-frye,12,F,6-11,255,"MAY 17, 1983",35.0,11,Arizona,101112,,Los Angeles Lakers,2017
1610612747,2017,00,Brandon Ingram,Brandon,brandon-ingram,14,F-G,6-9,190,"SEP 02, 1997",20.0,1,Duke,1627742,,Los Angeles Lakers,2017
1610612747,2017,00,Andre Ingram,Andre,andre-ingram,20,G,6-3,190,"NOV 19, 1985",32.0,R,American University,201281,,Los Angeles Lakers,2017
1610612747,2017,00,Travis Wear,Travis,travis-wear,21,F,6-10,225,"SEP 21, 1990",27.0,1,UCLA,204037,,Los Angeles Lakers,2017
1610612747,2017,00,Gary Payton II,Gary,gary-payton-ii,23,G,6-3,190,"DEC 01, 1992",25.0,1,Oregon State,1627780,,Los Angeles Lakers,2017
1610612747,2017,00,Julius Randle,Julius,julius-randle,30,F-C,6-9,250,"NOV 29, 1994",23.0,3,Kentucky,203944,,Los Angeles Lakers,2017
1610612747,2017,00,Thomas Bryant,Thomas,thomas-bryant,31,C,6-10,248,"JUL 31, 1997",20.0,R,Indiana,1628418,,Los Angeles Lakers,2017
1610612747,2017,00,Ivica Zubac,Ivica,ivica-zubac,40,C,7-1,240,"MAR 18, 1997",21.0,1,Mega Basket,1627826,,Los Angeles Lakers,2017
1610612747,2018,00,Kyle Kuzma,Kyle,kyle-kuzma,0,F,6-9,220,"JUL 24, 1995",23.0,1,Utah,1628398,,Los Angeles Lakers,2018
1610612747,2018,00,Kentavious Caldwell-Pope,Kentavious,kentavious-caldwell-pope,1,G,6-5,205,"FEB 18, 1993",26.0,5,Georgia,203484,,Los Angeles Lakers,2018
1610612747,2018,00,Lonzo Ball,Lonzo,lonzo-ball,2,G,6-6,190,"OCT 27, 1997",21.0,1,UCLA,1628366,,Los Angeles Lakers,2018
1610612747,2018,00,Josh Hart,Josh,josh-hart,3,G,6-5,215,"MAR 06, 1995",24.0,1,Villanova,1628404,,Los Angeles Lakers,2018
1610612747,2018,00,Alex Caruso,Alex,alex-caruso,4,G,6-5,186,"FEB 28, 1994",25.0,1,Texas A&M,1627936,,Los Angeles Lakers,2018
1610612747,2018,00,Tyson Chandler,Tyson,tyson-chandler,5,C,7-1,240,"OCT 02, 1982",36.0,17,Dominguez HS (CA),2199,,Los Angeles Lakers,2018
1610612747,2018,00,Lance Stephenson,Lance,lance-stephenson,6,G,6-6,230,"SEP 05, 1990",28.0,8,Cincinnati,202362,,Los Angeles Lakers,2018
1610612747,2018,00,JaVale McGee,JaVale,javale-mcgee,7,C,7-0,270,"JAN 19, 1988",31.0,10,Nevada,201580,,Los Angeles Lakers,2018
1610612747,2018,00,Rajon Rondo,Rajon,rajon-rondo,9,G,6-1,186,"FEB 22, 1986",33.0,12,Kentucky,200765,,Los Angeles Lakers,2018
1610612747,2018,00,Jemerrio Jones,Jemerrio,jemerrio-jones,10,F,6-5,174,"APR 09, 1995",24.0,R,New Mexico State,1629203,,Los Angeles Lakers,2018
1610612747,2018,00,Brandon Ingram,Brandon,brandon-ingram,14,F,6-9,190,"SEP 02, 1997",21.0,2,Duke,1627742,,Los Angeles Lakers,2018
1610612747,2018,00,Moritz Wagner,Moritz,moritz-wagner,15,C,6-11,245,"APR 26, 1997",22.0,R,Michigan,1629021,,Los Angeles Lakers,2018
1610612747,2018,00,Isaac Bonga,Isaac,isaac-bonga,17,G,6-8,180,"NOV 08, 1999",19.0,R,Skyliners Frankfurt,1629067,,Los Angeles Lakers,2018
1610612747,2018,00,Johnathan Williams,Johnathan,johnathan-williams,19,F,6-9,228,"MAY 22, 1995",24.0,R,Gonzaga,1629140,,Los Angeles Lakers,2018
1610612747,2018,00,LeBron James,LeBron,lebron-james,23,F,6-8,250,"DEC 30, 1984",34.0,15,St. Vincent-St. Mary HS (OH),2544,Signed on 07/09/18,Los Angeles Lakers,2018
1610612747,2018,00,Mike Muscala,Mike,mike-muscala,31,F-C,6-11,240,"JUL 01, 1991",27.0,5,Bucknell,203488,,Los Angeles Lakers,2018
1610612747,2018,00,Reggie Bullock Jr.,Reggie,reggie-bullock-jr,35,G-F,6-7,205,"MAR 16, 1991",28.0,5,North Carolina,203493,,Los Angeles Lakers,2018
1610612747,2019,00,Kyle Kuzma,Kyle,kyle-kuzma,0,F,6-8,221,"JUL 24, 1995",24.0,2,Utah,1628398,,Los Angeles Lakers,2019
1610612747,2019,00,Kentavious Caldwell-Pope,Kentavious,kentavious-caldwell-pope,1,G,6-5,204,"FEB 18, 1993",27.0,6,Georgia,203484,,Los Angeles Lakers,2019
1610612747,2019,00,Anthony Davis,Anthony,anthony-davis,3,F-C,6-10,253,"MAR 11, 1993",27.0,7,Kentucky,203076,,Los Angeles Lakers,2019
1610612747,2019,00,Alex Caruso,Alex,alex-caruso,4,G,6-5,186,"FEB 28, 1994",26.0,2,Texas A&M,1627936,,Los Angeles Lakers,2019
1610612747,2019,00,Talen Horton-Tucker,Talen,talen-horton-tucker,5,G,6-4,234,"NOV 25, 2000",19.0,R,Iowa State,1629659,,Los Angeles Lakers,2019
1610612747,2019,00,JaVale McGee,JaVale,javale-mcgee,7,C-F,7-0,270,"JAN 19, 1988",32.0,11,Nevada,201580,,Los Angeles Lakers,2019
1610612747,2019,00,Rajon Rondo,Rajon,rajon-rondo,9,G,6-1,180,"FEB 22, 1986",34.0,13,Kentucky,200765,,Los Angeles Lakers,2019
1610612747,2019,00,Jared Dudley,Jared,jared-dudley,10,F,6-6,237,"JUL 10, 1985",34.0,12,Boston College,201162,,Los Angeles Lakers,2019
1610612747,2019,00,Avery Bradley,Avery,avery-bradley,11,G,6-3,180,"NOV 26, 1990",29.0,9,University of Texas at Austin,202340,,Los Angeles Lakers,2019
1610612747,2019,00,Devontae Cacok,Devontae,devontae-cacok,12,F,6-8,240,"OCT 08, 1996",23.0,R,UNC-Wilmington,1629719,,Los Angeles Lakers,2019
1610612747,2019,00,Danny Green,Danny,danny-green,14,G,6-6,215,"JUN 22, 1987",33.0,10,North Carolina,201980,,Los Angeles Lakers,2019
1610612747,2019,00,Dion Waiters,Dion,dion-waiters,18,G,6-3,210,"DEC 10, 1991",28.0,7,Syracuse,203079,,Los Angeles Lakers,2019
1610612747,2019,00,JR Smith,JR,jr-smith,21,G,6-6,220,"SEP 09, 1985",34.0,15,No College,2747,,Los Angeles Lakers,2019
1610612747,2019,00,LeBron James,LeBron,lebron-james,23,F,6-9,250,"DEC 30, 1984",35.0,16,St. Vincent-St. Mary HS (OH),2544,Signed on 07/09/18,Los Angeles Lakers,2019
1610612747,2019,00,Quinn Cook,Quinn,quinn-cook,28,G,6-1,180,"MAR 23, 1993",27.0,3,Duke,1626188,,Los Angeles Lakers,2019
1610612747,2019,00,Kostas Antetokounmpo,Kostas,kostas-antetokounmpo,37,F,6-10,200,"NOV 20, 1997",22.0,1,Dayton,1628961,,Los Angeles Lakers,2019
1610612747,2019,00,Dwight Howard,Dwight,dwight-howard,39,C-F,6-10,265,"DEC 08, 1985",34.0,15,SW Atlanta Christian Academy (GA),2730,,Los Angeles Lakers,2019
1610612747,2019,00,Markieff Morris,Markieff,markieff-morris,88,F,6-8,245,"SEP 02, 1989",30.0,8,Kansas,202693,,Los Angeles Lakers,2019
1610612747,2020,00,Kyle Kuzma,Kyle,kyle-kuzma,0,F,6-10,221,"JUL 24, 1995",25.0,3,Utah,1628398,,Los Angeles Lakers,2020
1610612747,2020,00,Kentavious Caldwell-Pope,Kentavious,kentavious-caldwell-pope,1,G,6-5,204,"FEB 18, 1993",28.0,7,Georgia,203484,,Los Angeles Lakers,2020
1610612747,2020,00,Andre Drummond,Andre,andre-drummond,2,C,6-10,279,"AUG 10, 1993",27.0,8,Connecticut,203083,,Los Angeles Lakers,2020
1610612747,2020,00,Anthony Davis,Anthony,anthony-davis,3,F-C,6-10,253,"MAR 11, 1993",28.0,8,Kentucky,203076,,Los Angeles Lakers,2020
1610612747,2020,00,Alex Caruso,Alex,alex-caruso,4,G,6-4,186,"FEB 28, 1994",27.0,3,Texas A&M,1627936,,Los Angeles Lakers,2020
1610612747,2020,00,Talen Horton-Tucker,Talen,talen-horton-tucker,5,G,6-4,234,"NOV 25, 2000",20.0,1,Iowa State,1629659,,Los Angeles Lakers,2020
1610612747,2020,00,LeBron James,LeBron,lebron-james,6,F,6-9,250,"DEC 30, 1984",36.0,17,St. Vincent-St. Mary HS (OH),2544,Signed on 07/09/18,Los Angeles Lakers,2020
1610612747,2020,00,Ben McLemore,Ben,ben-mclemore,7,G,6-3,195,"FEB 11, 1993",28.0,7,Kansas,203463,,Los Angeles Lakers,2020
1610612747,2020,00,Wesley Matthews,Wesley,wesley-matthews,9,G,6-4,220,"OCT 14, 1986",34.0,11,Marquette,202083,,Los Angeles Lakers,2020
1610612747,2020,00,Jared Dudley,Jared,jared-dudley,10,F,6-6,237,"JUL 10, 1985",35.0,13,Boston College,201162,,Los Angeles Lakers,2020
1610612747,2020,00,Devontae Cacok,Devontae,devontae-cacok,12,F,6-7,240,"OCT 08, 1996",24.0,1,UNC-Wilmington,1629719,,Los Angeles Lakers,2020
1610612747,2020,00,Marc Gasol,Marc,marc-gasol,14,C,6-11,255,"JAN 29, 1985",36.0,12,FC Barcelona,201188,,Los Angeles Lakers,2020
1610612747,2020,00,Montrezl Harrell,Montrezl,montrezl-harrell,15,F-C,6-7,240,"JAN 26, 1994",27.0,5,Louisville,1626149,,Los Angeles Lakers,2020
1610612747,2020,00,Dennis Schröder,Dennis,dennis-schröder,17,G,6-3,172,"SEP 15, 1993",27.0,7,Braunschweig,203471,,Los Angeles Lakers,2020
1610612747,2020,00,Alfonzo McKinnie,Alfonzo,alfonzo-mckinnie,28,F,6-7,215,"SEP 17, 1992",28.0,3,Wisc.-Green Bay,1628035,,Los Angeles Lakers,2020
1610612747,2020,00,Kostas Antetokounmpo,Kostas,kostas-antetokounmpo,37,F,6-10,200,"NOV 20, 1997",23.0,2,Dayton,1628961,,Los Angeles Lakers,2020
1610612747,2020,00,Markieff Morris,Markieff,markieff-morris,88,F,6-9,245,"SEP 02, 1989",31.0,9,Kansas,202693,,Los Angeles Lakers,2020
1610612747,2021,00,Russell Westbrook,Russell,russell-westbrook,0,G,6-3,200,"NOV 12, 1988",33.0,13,UCLA,201566,,Los Angeles Lakers,2021
1610612747,2021,00,Wayne Ellington,Wayne,wayne-ellington,2,G,6-4,207,"NOV 29, 1987",34.0,12,North Carolina,201961,,Los Angeles Lakers,2021
1610612747,2021,00,Anthony Davis,Anthony,anthony-davis,3,F-C,6-10,253,"MAR 11, 1993",29.0,9,Kentucky,203076,,Los Angeles Lakers,2021
1610612747,2021,00,D.J. Augustin,D.J.,dj-augustin,4,G,5-11,183,"NOV 10, 1987",34.0,13,Texas,201571,,Los Angeles Lakers,2021
1610612747,2021,00,Talen Horton-Tucker,Talen,talen-horton-tucker,5,G,6-4,234,"NOV 25, 2000",21.0,2,Iowa State,1629659,,Los Angeles Lakers,2021
1610612747,2021,00,LeBron James,LeBron,lebron-james,6,F,6-9,250,"DEC 30, 1984",37.0,18,St. Vincent-St. Mary HS (OH),2544,Signed on 07/09/18,Los Angeles Lakers,2021
1610612747,2021,00,Carmelo Anthony,Carmelo,carmelo-anthony,7,F,6-7,238,"MAY 29, 1984",38.0,18,Syracuse,2546,,Los Angeles Lakers,2021
1610612747,2021,00,Kent Bazemore,Kent,kent-bazemore,9,G-F,6-4,195,"JUL 01, 1989",32.0,9,Old Dominion,203145,,Los Angeles Lakers,2021
1610612747,2021,00,Malik Monk,Malik,malik-monk,11,G,6-3,200,"FEB 04, 1998",24.0,4,Kentucky,1628370,,Los Angeles Lakers,2021
1610612747,2021,00,Kendrick Nunn,Kendrick,kendrick-nunn,12,G,6-2,190,"AUG 03, 1995",26.0,2,Oakland,1629134,,Los Angeles Lakers,2021
1610612747,2021,00,Stanley Johnson,Stanley,stanley-johnson,14,F-G,6-6,242,"MAY 29, 1996",26.0,6,Arizona,1626169,,Los Angeles Lakers,2021
1610612747,2021,00,Austin Reaves,Austin,austin-reaves,15,G,6-5,197,"MAY 29, 1998",24.0,R,Oklahoma,1630559,Signed on 08/03/21,Los Angeles Lakers,2021
1610612747,2021,00,Avery Bradley,Avery,avery-bradley,20,G,6-3,180,"NOV 26, 1990",31.0,11,University of Texas at Austin,202340,,Los Angeles Lakers,2021
1610612747,2021,00,Wenyen Gabriel,Wenyen,wenyen-gabriel,35,F,6-9,205,"MAR 26, 1997",25.0,2,Kentucky,1629117,,Los Angeles Lakers,2021
1610612747,2021,00,Mac McClung,Mac,mac-mcclung,37,G,6-2,185,"JAN 06, 1999",23.0,R,Texas Tech,1630644,,Los Angeles Lakers,2021
1610612747,2021,00,Dwight Howard,Dwight,dwight-howard,39,C-F,6-10,265,"DEC 08, 1985",36.0,17,SW Atlanta Christian Academy (GA),2730,,Los Angeles Lakers,2021
1610612747,2021,00,Mason Jones,Mason,mason-jones,40,G,6-4,200,"JUL 21, 1998",23.0,1,Arkansas,1630222,,Los Angeles Lakers,2021
1610612747,2022,00,Shaquille Harrison,Shaquille,shaquille-harrison,0,G,6-4,195,"OCT 06, 1993",29.0,5,Tulsa,1627885,,Los Angeles Lakers,2022
1610612747,2022,00,D'Angelo Russell,D'Angelo,dangelo-russell,1,G,6-4,193,"FEB 23, 1996",27.0,7,Ohio State,1626156,,Los Angeles Lakers,2022
1610612747,2022,00,Jarred Vanderbilt,Jarred,jarred-vanderbilt,2,F,6-8,214,"APR 03, 1999",24.0,4,Kentucky,1629020,Traded from UTA on 02/09/23,Los Angeles Lakers,2022
1610612747,2022,00,Anthony Davis,Anthony,anthony-davis,3,F-C,6-10,253,"MAR 11, 1993",30.0,10,Kentucky,203076,,Los Angeles Lakers,2022
1610612747,2022,00,Lonnie Walker IV,Lonnie,lonnie-walker-iv,4,G-F,6-4,204,"DEC 14, 1998",24.0,4,Miami,1629022,,Los Angeles Lakers,2022
1610612747,2022,00,Malik Beasley,Malik,malik-beasley,5,G,6-4,187,"NOV 26, 1996",26.0,6,Florida State,1627736,,Los Angeles Lakers,2022
1610612747,2022,00,LeBron James,LeBron,lebron-james,6,F,6-9,250,"DEC 30, 1984",38.0,19,St. Vincent-St. Mary HS (OH),2544,Signed on 07/09/18,Los Angeles Lakers,2022
1610612747,2022,00,Troy Brown Jr.,Troy,troy-brown-jr,7,G-F,6-7,215,"JUL 28, 1999",23.0,4,Oregon,1628972,,Los Angeles Lakers,2022
1610612747,2022,00,Tristan Thompson,Tristan,tristan-thompson,9,C-F,6-9,254,"MAR 13, 1991",32.0,11,Texas-Austin,202684,,Los Angeles Lakers,2022
1610612747,2022,00,Max Christie,Max,max-christie,10,G,6-5,190,"FEB 10, 2003",20.0,R,Michigan State,1631108,,Los Angeles Lakers,2022
1610612747,2022,00,Mo Bamba,Mo,mo-bamba,12,C,7-0,231,"MAY 12, 1998",25.0,4,Texas,1628964,,Los Angeles Lakers,2022
1610612747,2022,00,Scotty Pippen Jr.,Scotty,scotty-pippen-jr,14,G,6-1,170,"NOV 10, 2000",22.0,R,Vanderbilt,1630590,,Los Angeles Lakers,2022
1610612747,2022,00,Austin Reaves,Austin,austin-reaves,15,G,6-5,197,"MAY 29, 1998",25.0,1,Oklahoma,1630559,Signed on 08/03/21,Los Angeles Lakers,2022
1610612747,2022,00,Dennis Schröder,Dennis,dennis-schröder,17,G,6-1,172,"SEP 15, 1993",29.0,9,Braunschweig,203471,,Los Angeles Lakers,2022
1610612747,2022,00,Cole Swider,Cole,cole-swider,20,F,6-9,220,"MAY 08, 1999",24.0,R,Syracuse,1631306,,Los Angeles Lakers,2022
1610612747,2022,00,Rui Hachimura,Rui,rui-hachimura,28,F,6-8,230,"FEB 08, 1998",25.0,3,Gonzaga,1629060,Traded from WAS on 01/23/23,Los Angeles Lakers,2022
1610612747,2022,00,Wenyen Gabriel,Wenyen,wenyen-gabriel,35,F,6-9,205,"MAR 26, 1997",26.0,3,Kentucky,1629117,,Los Angeles Lakers,2022
1610612747,2023,00,Jalen Hood-Schifino,Jalen,jalen-hood-schifino,0,G,6-5,215,"JUN 19, 2003",21.0,R,Indiana,1641720,,Los Angeles Lakers,2023
1610612747,2023,00,D'Angelo Russell,D'Angelo,dangelo-russell,1,G,6-3,193,"FEB 23, 1996",28.0,8,Ohio State,1626156,,Los Angeles Lakers,2023
1610612747,2023,00,Jarred Vanderbilt,Jarred,jarred-vanderbilt,2,F,6-8,214,"APR 03, 1999",25.0,5,Kentucky,1629020,Traded from UTA on 02/09/23,Los Angeles Lakers,2023
1610612747,2023,00,Anthony Davis,Anthony,anthony-davis,3,F-C,6-10,253,"MAR 11, 1993",31.0,11,Kentucky,203076,,Los Angeles Lakers,2023
1610612747,2023,00,Skylar Mays,Skylar,skylar-mays,4,G,6-3,205,"SEP 05, 1997",26.0,3,Louisiana State,1630219,,Los Angeles Lakers,2023
1610612747,2023,00,Cam Reddish,Cam,cam-reddish,5,F-G,6-7,217,"SEP 01, 1999",24.0,4,Duke,1629629,,Los Angeles Lakers,2023
1610612747,2023,00,Gabe Vincent,Gabe,gabe-vincent,7,G,6-2,200,"JUN 14, 1996",28.0,4,California-Santa Barbara,1629216,Signed on 07/06/23,Los Angeles Lakers,2023
1610612747,2023,00,Max Christie,Max,max-christie,10,G,6-5,190,"FEB 10, 2003",21.0,1,Michigan State,1631108,,Los Angeles Lakers,2023
1610612747,2023,00,Jaxson Hayes,Jaxson,jaxson-hayes,11,C-F,7-0,220,"MAY 23, 2000",24.0,4,Texas,1629637,Signed on 07/06/23,Los Angeles Lakers,2023
1610612747,2023,00,Taurean Prince,Taurean,taurean-prince,12,F,6-6,218,"MAR 22, 1994",30.0,7,Baylor,1627752,,Los Angeles Lakers,2023
1610612747,2023,00,Colin Castleton,Colin,colin-castleton,14,C,6-10,250,"MAY 25, 2000",24.0,R,Florida,1630658,,Los Angeles Lakers,2023
1610612747,2023,00,Austin Reaves,Austin,austin-reaves,15,G,6-5,197,"MAY 29, 1998",26.0,2,Oklahoma,1630559,Signed on 08/03/21,Los Angeles Lakers,2023
1610612747,2023,00,Harry Giles III,Harry,harry-giles-iii,20,F-C,6-10,240,"APR 22, 1998",26.0,3,Duke,1628385,,Los Angeles Lakers,2023
1610612747,2023,00,Maxwell Lewis,Maxwell,maxwell-lewis,21,F,6-7,195,"JUL 27, 2002",21.0,R,Pepperdine,1641721,,Los Angeles Lakers,2023
1610612747,2023,00,LeBron James,LeBron,lebron-james,23,F,6-9,250,"DEC 30, 1984",39.0,20,St. Vincent-St. Mary HS (OH),2544,Signed on 07/09/18,Los Angeles Lakers,2023
1610612747,2023,00,Spencer Dinwiddie,Spencer,spencer-dinwiddie,26,G,6-5,215,"APR 06, 1993",31.0,9,Colorado,203915,,Los Angeles Lakers,2023
1610612747,2023,00,Rui Hachimura,Rui,rui-hachimura,28,F,6-8,230,"FEB 08, 1998",26.0,4,Gonzaga,1629060,Traded from WAS on 01/23/23,Los Angeles Lakers,2023
1610612747,2023,00,Christian Wood,Christian,christian-wood,35,F,6-8,214,"SEP 27, 1995",28.0,7,UNLV,1626174,,Los Angeles Lakers,2023
1610612747,2024,00,Jarred Vanderbilt,Jarred,jarred-vanderbilt,2,F,6-8,214,"APR 03, 1999",26.0,6,Kentucky,1629020,Traded from UTA on 02/09/23,Los Angeles Lakers,2024
1610612747,2024,00,Dalton Knecht,Dalton,dalton-knecht,4,F,6-6,215,"APR 19, 2001",24.0,R,Tennessee,1642261,#17 Pick in 2024 Draft,Los Angeles Lakers,2024
1610612747,2024,00,Gabe Vincent,Gabe,gabe-vincent,7,G,6-2,200,"JUN 14, 1996",29.0,5,California-Santa Barbara,1629216,Signed on 07/06/23,Los Angeles Lakers,2024
1610612747,2024,00,Bronny James,Bronny,bronny-james,9,G,6-3,210,"OCT 06, 2004",20.0,R,Southern California,1642355,#55 Pick in 2024 Draft,Los Angeles Lakers,2024
1610612747,2024,00,Christian Koloko,Christian,christian-koloko,10,C,7-0,225,"JUN 20, 2000",25.0,2,Arizona,1631132,Signed on 09/16/24,Los Angeles Lakers,2024
1610612747,2024,00,Jaxson Hayes,Jaxson,jaxson-hayes,11,C-F,7-0,220,"MAY 23, 2000",25.0,5,Texas,1629637,Signed on 07/06/23,Los Angeles Lakers,2024
1610612747,2024,00,Maxi Kleber,Maxi,maxi-kleber,14,F,6-10,240,"JAN 29, 1992",33.0,7,Bayern Munich,1628467,Traded from DAL on 02/02/25,Los Angeles Lakers,2024
1610612747,2024,00,Austin Reaves,Austin,austin-reaves,15,G,6-5,197,"MAY 29, 1998",27.0,3,Oklahoma,1630559,Signed on 08/03/21,Los Angeles Lakers,2024
1610612747,2024,00,Dorian Finney-Smith,Dorian,dorian-finney-smith,17,F,6-7,220,"MAY 04, 1993",32.0,8,Florida,1627827,,Los Angeles Lakers,2024
1610612747,2024,00,Shake Milton,Shake,shake-milton,20,G,6-5,205,"SEP 26, 1996",28.0,6,Southern Methodist,1629003,,Los Angeles Lakers,2024
1610612747,2024,00,LeBron James,LeBron,lebron-james,23,F,6-9,250,"DEC 30, 1984",40.0,21,St. Vincent-St. Mary HS (OH),2544,Signed on 07/09/18,Los Angeles Lakers,2024
1610612747,2024,00,Alex Len,Alex,alex-len,27,C,7-0,250,"JUN 16, 1993",32.0,11,Maryland,203458,,Los Angeles Lakers,2024
1610612747,2024,00,Rui Hachimura,Rui,rui-hachimura,28,F,6-8,230,"FEB 08, 1998",27.0,5,Gonzaga,1629060,Traded from WAS on 01/23/23,Los Angeles Lakers,2024
1610612747,2024,00,Jordan Goodwin,Jordan,jordan-goodwin,30,G,6-5,215,"OCT 23, 1998",26.0,3,St. Louis,1630692,,Los Angeles Lakers,2024
1610612747,2024,00,Trey Jemison III,Trey,trey-jemison-iii,55,C,6-11,270,"NOV 28, 1999",25.0,1,Alabama-Birmingham,1641998,,Los Angeles Lakers,2024
1610612747,2024,00,Luka Dončić,Luka,luka-dončić,77,F-G,6-6,230,"FEB 28, 1999",26.0,6,Real Madrid,1629029,Traded from DAL on 02/02/25,Los Angeles Lakers,2024
1610612747,2024,00,Markieff Morris,Markieff,markieff-morris,88,F,6-9,245,"SEP 02, 1989",35.0,13,Kansas,202693,,Los Angeles Lakers,2024
1610612747,2025,00,R.J. Davis,R.J.,rj-davis,,G,6-0,180,"OCT 21, 2001",23.0,R,North Carolina,1642930,Signed on 07/25/25,Los Angeles Lakers,2025
1610612747,2025,00,Chris Mañon,Chris,chris-mañon,,G,6-4,209,"DEC 09, 2001",23.0,R,Vanderbilt,1643024,Signed on 07/24/25,Los Angeles Lakers,2025
1610612747,2025,00,Augustas Marčiulionis,Augustas,augustas-marčiulionis,,G,6-4,200,"MAR 21, 2002",23.0,R,St. Mary's College,1643051,Signed on 07/26/25,Los Angeles Lakers,2025
1610612747,2025,00,Adou Thiero,Adou,adou-thiero,1,G,6-7,220,"MAY 08, 2004",21.0,R,Arkansas,1642876,Draft Rights Traded from BKN on 07/06/25,Los Angeles Lakers,2025
1610612747,2025,00,Jarred Vanderbilt,Jarred,jarred-vanderbilt,2,F,6-8,214,"APR 03, 1999",26.0,7,Kentucky,1629020,Traded from UTA on 02/09/23,Los Angeles Lakers,2025
1610612747,2025,00,Nick Smith Jr.,Nick,nick-smith-jr,3,G,6-2,185,"APR 18, 2004",21.0,2,Arkansas,1641733,Signed on 09/29/25,Los Angeles Lakers,2025
1610612747,2025,00,Dalton Knecht,Dalton,dalton-knecht,4,F,6-6,215,"APR 19, 2001",24.0,1,Tennessee,1642261,#17 Pick in 2024 Draft,Los Angeles Lakers,2025
1610612747,2025,00,Deandre Ayton,Deandre,deandre-ayton,5,C,7-0,252,"JUL 23, 1998",27.0,7,Arizona,1629028,Signed on 07/06/25,Los Angeles Lakers,2025
1610612747,2025,00,Gabe Vincent,Gabe,gabe-vincent,7,G,6-2,200,"JUN 14, 1996",29.0,6,California-Santa Barbara,1629216,Signed on 07/06/23,Los Angeles Lakers,2025
1610612747,2025,00,Bronny James,Bronny,bronny-james,9,G,6-2,210,"OCT 06, 2004",21.0,1,Southern California,1642355,#55 Pick in 2024 Draft,Los Angeles Lakers,2025
1610612747,2025,00,Christian Koloko,Christian,christian-koloko,10,C,6-11,225,"JUN 20, 2000",25.0,3,Arizona,1631132,Signed on 09/16/24,Los Angeles Lakers,2025
1610612747,2025,00,Jaxson Hayes,Jaxson,jaxson-hayes,11,C-F,7-0,220,"MAY 23, 2000",25.0,6,Texas,1629637,Signed on 07/06/23,Los Angeles Lakers,2025
1610612747,2025,00,Jake LaRavia,Jake,jake-laravia,12,F,6-7,235,"NOV 03, 2001",23.0,3,Wake Forest,1631222,Signed on 07/06/25,Los Angeles Lakers,2025
1610612747,2025,00,Maxi Kleber,Maxi,maxi-kleber,14,F,6-10,240,"JAN 29, 1992",33.0,8,Bayern Munich,1628467,Traded from DAL on 02/02/25,Los Angeles Lakers,2025
1610612747,2025,00,Austin Reaves,Austin,austin-reaves,15,G,6-5,197,"MAY 29, 1998",27.0,4,Oklahoma,1630559,Signed on 08/03/21,Los Angeles Lakers,2025
1610612747,2025,00,Nate Williams,Nate,nate-williams,19,G,6-5,205,"FEB 12, 1999",26.0,3,Buffalo,1631466,Signed on 09/27/25,Los Angeles Lakers,2025
1610612747,2025,00,LeBron James,LeBron,lebron-james,23,F,6-9,250,"DEC 30, 1984",40.0,22,St. Vincent-St. Mary HS (OH),2544,Signed on 07/09/18,Los Angeles Lakers,2025
1610612747,2025,00,Rui Hachimura,Rui,rui-hachimura,28,F,6-8,230,"FEB 08, 1998",27.0,6,Gonzaga,1629060,Traded from WAS on 01/23/23,Los Angeles Lakers,2025
1610612747,2025,00,Anton Watson,Anton,anton-watson,28,F,6-8,225,"OCT 06, 2000",25.0,1,Gonzaga,1641817,Signed on 09/27/25,Los Angeles Lakers,2025
1610612747,2025,00,Marcus Smart,Marcus,marcus-smart,36,G,6-3,220,"MAR 06, 1994",31.0,11,Oklahoma State,203935,Signed on 07/22/25,Los Angeles Lakers,2025
1610612747,2025,00,Luka Dončić,Luka,luka-dončić,77,F-G,6-8,230,"FEB 28, 1999",26.0,7,Real Madrid,1629029,Traded from DAL on 02/02/25,Los Angeles Lakers,2025
1610612748,2015,00,Josh Richardson,Josh,josh-richardson,0,G,6-6,200,"SEP 15, 1993",22.0,R,Tennessee,1626196,,Miami Heat,2015
1610612748,2015,00,Chris Bosh,Chris,chris-bosh,1,F,6-11,235,"MAR 24, 1984",32.0,12,Georgia Tech,2547,,Miami Heat,2015
1610612748,2015,00,Joe Johnson,Joe,joe-johnson,2,F-G,6-7,240,"JUN 29, 1981",35.0,14,Arkansas,2207,,Miami Heat,2015
1610612748,2015,00,Dwyane Wade,Dwyane,dwyane-wade,3,G,6-4,220,"JAN 17, 1982",34.0,12,Marquette,2548,,Miami Heat,2015
1610612748,2015,00,Josh McRoberts,Josh,josh-mcroberts,4,F,6-10,240,"FEB 28, 1987",29.0,8,Duke,201177,,Miami Heat,2015
1610612748,2015,00,Amar'e Stoudemire,Amar'e,amare-stoudemire,5,F-C,6-10,245,"NOV 16, 1982",33.0,13,Cypress Creek HS (FL),2405,,Miami Heat,2015
1610612748,2015,00,Goran Dragic,Goran,goran-dragic,7,G,6-3,190,"MAY 06, 1986",30.0,7,Union Olimpija,201609,,Miami Heat,2015
1610612748,2015,00,Tyler Johnson,Tyler,tyler-johnson,8,G,6-4,186,"MAY 07, 1992",24.0,1,Fresno State,204020,,Miami Heat,2015
1610612748,2015,00,Luol Deng,Luol,luol-deng,9,F,6-9,220,"APR 16, 1985",31.0,11,Duke,2736,,Miami Heat,2015
1610612748,2015,00,Dorell Wright,Dorell,dorell-wright,11,F-G,6-9,205,"DEC 02, 1985",30.0,11,South Kent HS (CT),2748,,Miami Heat,2015
1610612748,2015,00,Briante Weber,Briante,briante-weber,12,G,6-2,165,"DEC 29, 1992",23.0,R,Virginia Commonwealth,1627362,,Miami Heat,2015
1610612748,2015,00,Gerald Green,Gerald,gerald-green,14,F,6-7,205,"JAN 26, 1986",30.0,8,No College,101123,,Miami Heat,2015
1610612748,2015,00,Justise Winslow,Justise,justise-winslow,20,F,6-7,225,"MAR 26, 1996",20.0,R,Duke,1626159,,Miami Heat,2015
1610612748,2015,00,Hassan Whiteside,Hassan,hassan-whiteside,21,C,7-0,265,"JUN 13, 1989",27.0,3,Marshall,202355,,Miami Heat,2015
1610612748,2015,00,Udonis Haslem,Udonis,udonis-haslem,40,F,6-8,235,"JUN 09, 1980",36.0,12,Florida,2617,,Miami Heat,2015
1610612748,2016,00,Josh Richardson,Josh,josh-richardson,0,G,6-6,200,"SEP 15, 1993",23.0,1,Tennessee,1626196,,Miami Heat,2016
1610612748,2016,00,Chris Bosh,Chris,chris-bosh,1,F,6-11,235,"MAR 24, 1984",33.0,13,Georgia Tech,2547,,Miami Heat,2016
1610612748,2016,00,Wayne Ellington,Wayne,wayne-ellington,2,G,6-4,200,"NOV 29, 1987",29.0,7,North Carolina,201961,,Miami Heat,2016
1610612748,2016,00,Josh McRoberts,Josh,josh-mcroberts,4,F,6-10,240,"FEB 28, 1987",30.0,9,Duke,201177,,Miami Heat,2016
1610612748,2016,00,Luke Babbitt,Luke,luke-babbitt,5,F,6-9,225,"JUN 20, 1989",28.0,6,Nevada,202337,,Miami Heat,2016
1610612748,2016,00,Goran Dragic,Goran,goran-dragic,7,G,6-3,190,"MAY 06, 1986",31.0,8,Union Olimpija,201609,,Miami Heat,2016
1610612748,2016,00,Tyler Johnson,Tyler,tyler-johnson,8,G,6-4,186,"MAY 07, 1992",25.0,2,Fresno State,204020,,Miami Heat,2016
1610612748,2016,00,Dion Waiters,Dion,dion-waiters,11,G,6-4,220,"DEC 10, 1991",25.0,4,Syracuse,203079,,Miami Heat,2016
1610612748,2016,00,Okaro White,Okaro,okaro-white,15,F,6-8,204,"AUG 13, 1992",24.0,R,Florida State,1627855,,Miami Heat,2016
1610612748,2016,00,James Johnson,James,james-johnson,16,F,6-9,250,"FEB 20, 1987",30.0,7,Wake Forest,201949,,Miami Heat,2016
1610612748,2016,00,Rodney McGruder,Rodney,rodney-mcgruder,17,G,6-4,205,"JUL 29, 1991",25.0,R,Kansas State,203585,,Miami Heat,2016
1610612748,2016,00,Justise Winslow,Justise,justise-winslow,20,F,6-7,225,"MAR 26, 1996",21.0,1,Duke,1626159,,Miami Heat,2016
1610612748,2016,00,Hassan Whiteside,Hassan,hassan-whiteside,21,C,7-0,265,"JUN 13, 1989",28.0,4,Marshall,202355,,Miami Heat,2016
1610612748,2016,00,Willie Reed,Willie,willie-reed,35,F-C,6-11,245,"MAY 16, 1990",27.0,1,St. Louis,203186,,Miami Heat,2016
1610612748,2016,00,Udonis Haslem,Udonis,udonis-haslem,40,F,6-8,235,"JUN 09, 1980",37.0,13,Florida,2617,,Miami Heat,2016
1610612748,2017,00,Josh Richardson,Josh,josh-richardson,0,F,6-6,200,"SEP 15, 1993",24.0,2,Tennessee,1626196,,Miami Heat,2017
1610612748,2017,00,Wayne Ellington,Wayne,wayne-ellington,2,G,6-5,200,"NOV 29, 1987",30.0,8,North Carolina,201961,,Miami Heat,2017
1610612748,2017,00,Dwyane Wade,Dwyane,dwyane-wade,3,G,6-4,220,"JAN 17, 1982",36.0,14,Marquette,2548,,Miami Heat,2017
1610612748,2017,00,Derrick Jones Jr.,Derrick,derrick-jones-jr,5,F-G,6-7,200,"FEB 15, 1997",21.0,1,UNLV,1627884,,Miami Heat,2017
1610612748,2017,00,Goran Dragic,Goran,goran-dragic,7,G,6-3,190,"MAY 06, 1986",32.0,9,Union Olimpija,201609,,Miami Heat,2017
1610612748,2017,00,Tyler Johnson,Tyler,tyler-johnson,8,G,6-4,190,"MAY 07, 1992",26.0,3,Fresno State,204020,,Miami Heat,2017
1610612748,2017,00,Kelly Olynyk,Kelly,kelly-olynyk,9,F-C,7-0,245,"APR 19, 1991",27.0,4,Gonzaga,203482,,Miami Heat,2017
1610612748,2017,00,Dion Waiters,Dion,dion-waiters,11,G,6-4,215,"DEC 10, 1991",26.0,5,Syracuse,203079,,Miami Heat,2017
1610612748,2017,00,Bam Adebayo,Bam,bam-adebayo,13,C-F,6-10,255,"JUL 18, 1997",20.0,R,Kentucky,1628389,#14 Pick in 2017 Draft,Miami Heat,2017
1610612748,2017,00,Derrick Walton Jr.,Derrick,derrick-walton-jr,14,G,6-1,185,"APR 03, 1995",23.0,R,Michigan,1628476,,Miami Heat,2017
1610612748,2017,00,James Johnson,James,james-johnson,16,F,6-8,240,"FEB 20, 1987",31.0,8,Wake Forest,201949,,Miami Heat,2017
1610612748,2017,00,Rodney McGruder,Rodney,rodney-mcgruder,17,G-F,6-4,200,"JUL 29, 1991",26.0,1,Kansas State,203585,,Miami Heat,2017
1610612748,2017,00,Justise Winslow,Justise,justise-winslow,20,F-G,6-7,225,"MAR 26, 1996",22.0,2,Duke,1626159,,Miami Heat,2017
1610612748,2017,00,Hassan Whiteside,Hassan,hassan-whiteside,21,C,7-0,265,"JUN 13, 1989",29.0,5,Marshall,202355,,Miami Heat,2017
1610612748,2017,00,Luke Babbitt,Luke,luke-babbitt,22,F,6-9,225,"JUN 20, 1989",29.0,7,Nevada,202337,,Miami Heat,2017
1610612748,2017,00,Jordan Mickey,Jordan,jordan-mickey,25,C-F,6-8,235,"JUL 09, 1994",23.0,2,Louisiana State,1626175,,Miami Heat,2017
1610612748,2017,00,Udonis Haslem,Udonis,udonis-haslem,40,F,6-8,235,"JUN 09, 1980",38.0,14,Florida,2617,,Miami Heat,2017
1610612748,2018,00,Josh Richardson,Josh,josh-richardson,0,G-F,6-6,200,"SEP 15, 1993",25.0,3,Tennessee,1626196,,Miami Heat,2018
1610612748,2018,00,Yante Maten,Yante,yante-maten,00,F,6-8,240,"AUG 14, 1996",22.0,R,Georgia,1628999,,Miami Heat,2018
1610612748,2018,00,Kendrick Nunn,Kendrick,kendrick-nunn,,G,6-3,184,"AUG 03, 1995",23.0,R,Oakland,1629134,,Miami Heat,2018
1610612748,2018,00,Dwyane Wade,Dwyane,dwyane-wade,3,G,6-4,220,"JAN 17, 1982",37.0,15,Marquette,2548,,Miami Heat,2018
1610612748,2018,00,Derrick Jones Jr.,Derrick,derrick-jones-jr,5,F-G,6-7,200,"FEB 15, 1997",22.0,2,UNLV,1627884,,Miami Heat,2018
1610612748,2018,00,Goran Dragic,Goran,goran-dragic,7,G,6-3,190,"MAY 06, 1986",33.0,10,Union Olimpija,201609,,Miami Heat,2018
1610612748,2018,00,Kelly Olynyk,Kelly,kelly-olynyk,9,F,7-0,240,"APR 19, 1991",28.0,5,Gonzaga,203482,,Miami Heat,2018
1610612748,2018,00,Dion Waiters,Dion,dion-waiters,11,G,6-4,215,"DEC 10, 1991",27.0,6,Syracuse,203079,,Miami Heat,2018
1610612748,2018,00,Bam Adebayo,Bam,bam-adebayo,13,C-F,6-10,255,"JUL 18, 1997",21.0,1,Kentucky,1628389,#14 Pick in 2017 Draft,Miami Heat,2018
1610612748,2018,00,James Johnson,James,james-johnson,16,F,6-8,240,"FEB 20, 1987",32.0,9,Wake Forest,201949,,Miami Heat,2018
1610612748,2018,00,Justise Winslow,Justise,justise-winslow,20,F-G,6-7,225,"MAR 26, 1996",23.0,3,Duke,1626159,,Miami Heat,2018
1610612748,2018,00,Hassan Whiteside,Hassan,hassan-whiteside,21,C,7-0,265,"JUN 13, 1989",30.0,6,Marshall,202355,,Miami Heat,2018
1610612748,2018,00,Ryan Anderson,Ryan,ryan-anderson,31,F,6-10,240,"MAY 06, 1988",31.0,10,California,201583,,Miami Heat,2018
1610612748,2018,00,Udonis Haslem,Udonis,udonis-haslem,40,F,6-8,235,"JUN 09, 1980",39.0,15,Florida,2617,,Miami Heat,2018
1610612748,2018,00,Duncan Robinson,Duncan,duncan-robinson,55,F,6-8,210,"APR 22, 1994",25.0,R,Michigan,1629130,,Miami Heat,2018
1610612748,2019,00,Meyers Leonard,Meyers,meyers-leonard,0,F-C,7-0,260,"FEB 27, 1992",28.0,7,Illinois,203086,,Miami Heat,2019
1610612748,2019,00,Gabe Vincent,Gabe,gabe-vincent,2,G,6-3,200,"JUN 14, 1996",24.0,R,California-Santa Barbara,1629216,,Miami Heat,2019
1610612748,2019,00,KZ Okpala,KZ,kz-okpala,4,F-G,6-8,215,"APR 28, 1999",21.0,R,Stanford,1629644,,Miami Heat,2019
1610612748,2019,00,Derrick Jones Jr.,Derrick,derrick-jones-jr,5,F,6-6,210,"FEB 15, 1997",23.0,3,UNLV,1627884,,Miami Heat,2019
1610612748,2019,00,Goran Dragic,Goran,goran-dragic,7,G,6-3,190,"MAY 06, 1986",34.0,11,Union Olimpija,201609,,Miami Heat,2019
1610612748,2019,00,Kelly Olynyk,Kelly,kelly-olynyk,9,F-C,6-11,240,"APR 19, 1991",29.0,6,Gonzaga,203482,,Miami Heat,2019
1610612748,2019,00,Bam Adebayo,Bam,bam-adebayo,13,C-F,6-9,255,"JUL 18, 1997",22.0,2,Kentucky,1628389,#14 Pick in 2017 Draft,Miami Heat,2019
1610612748,2019,00,Tyler Herro,Tyler,tyler-herro,14,G,6-5,195,"JAN 20, 2000",20.0,R,Kentucky,1629639,#13 Pick in 2019 Draft,Miami Heat,2019
1610612748,2019,00,Kyle Alexander,Kyle,kyle-alexander,17,F-C,6-10,216,"OCT 21, 1996",23.0,R,Tennessee,1629734,,Miami Heat,2019
1610612748,2019,00,Jimmy Butler III,Jimmy,jimmy-butler-iii,22,F,6-7,230,"SEP 14, 1989",30.0,8,Marquette,202710,,Miami Heat,2019
1610612748,2019,00,Kendrick Nunn,Kendrick,kendrick-nunn,25,G,6-2,190,"AUG 03, 1995",24.0,R,Oakland,1629134,,Miami Heat,2019
1610612748,2019,00,Andre Iguodala,Andre,andre-iguodala,28,G-F,6-6,215,"JAN 28, 1984",36.0,15,Arizona,2738,,Miami Heat,2019
1610612748,2019,00,Chris Silva,Chris,chris-silva,30,F,6-8,234,"SEP 19, 1996",23.0,R,South Carolina,1629735,,Miami Heat,2019
1610612748,2019,00,Udonis Haslem,Udonis,udonis-haslem,40,F,6-8,235,"JUN 09, 1980",40.0,16,Florida,2617,,Miami Heat,2019
1610612748,2019,00,Solomon Hill,Solomon,solomon-hill,44,F,6-6,226,"MAR 18, 1991",29.0,6,Arizona,203524,,Miami Heat,2019
1610612748,2019,00,Duncan Robinson,Duncan,duncan-robinson,55,F,6-7,215,"APR 22, 1994",26.0,1,Michigan,1629130,,Miami Heat,2019
1610612748,2019,00,Jae Crowder,Jae,jae-crowder,99,F,6-6,235,"JUL 06, 1990",29.0,7,Marquette,203109,,Miami Heat,2019
1610612748,2020,00,Gabe Vincent,Gabe,gabe-vincent,2,G,6-3,200,"JUN 14, 1996",25.0,1,California-Santa Barbara,1629216,,Miami Heat,2020
1610612748,2020,00,Victor Oladipo,Victor,victor-oladipo,4,G,6-4,213,"MAY 04, 1992",29.0,7,Indiana,203506,,Miami Heat,2020
1610612748,2020,00,Precious Achiuwa,Precious,precious-achiuwa,5,F,6-8,225,"SEP 19, 1999",21.0,R,Memphis,1630173,Signed on 09/25/25,Miami Heat,2020
1610612748,2020,00,Goran Dragic,Goran,goran-dragic,7,G,6-3,190,"MAY 06, 1986",35.0,12,Union Olimpija,201609,,Miami Heat,2020
1610612748,2020,00,Trevor Ariza,Trevor,trevor-ariza,8,F,6-8,215,"JUN 30, 1985",36.0,16,UCLA,2772,,Miami Heat,2020
1610612748,2020,00,KZ Okpala,KZ,kz-okpala,11,F-G,6-8,215,"APR 28, 1999",22.0,1,Stanford,1629644,,Miami Heat,2020
1610612748,2020,00,Bam Adebayo,Bam,bam-adebayo,13,C-F,6-9,255,"JUL 18, 1997",23.0,3,Kentucky,1628389,#14 Pick in 2017 Draft,Miami Heat,2020
1610612748,2020,00,Tyler Herro,Tyler,tyler-herro,14,G,6-5,195,"JAN 20, 2000",21.0,1,Kentucky,1629639,#13 Pick in 2019 Draft,Miami Heat,2020
1610612748,2020,00,Dewayne Dedmon,Dewayne,dewayne-dedmon,21,C,7-0,245,"AUG 12, 1989",31.0,7,USC,203473,,Miami Heat,2020
1610612748,2020,00,Jimmy Butler III,Jimmy,jimmy-butler-iii,22,F,6-7,230,"SEP 14, 1989",31.0,9,Marquette,202710,,Miami Heat,2020
1610612748,2020,00,Kendrick Nunn,Kendrick,kendrick-nunn,25,G,6-2,190,"AUG 03, 1995",25.0,1,Oakland,1629134,,Miami Heat,2020
1610612748,2020,00,Andre Iguodala,Andre,andre-iguodala,28,G-F,6-6,215,"JAN 28, 1984",37.0,16,Arizona,2738,,Miami Heat,2020
1610612748,2020,00,Max Strus,Max,max-strus,31,G-F,6-5,215,"MAR 28, 1996",25.0,1,DePaul,1629622,,Miami Heat,2020
1610612748,2020,00,Udonis Haslem,Udonis,udonis-haslem,40,F,6-8,235,"JUN 09, 1980",41.0,17,Florida,2617,,Miami Heat,2020
1610612748,2020,00,Duncan Robinson,Duncan,duncan-robinson,55,F,6-7,215,"APR 22, 1994",27.0,2,Michigan,1629130,,Miami Heat,2020
1610612748,2020,00,Nemanja Bjelica,Nemanja,nemanja-bjelica,70,F,6-10,234,"MAY 09, 1988",33.0,5,Fenerbahce,202357,,Miami Heat,2020
1610612748,2020,00,Omer Yurtseven,Omer,omer-yurtseven,77,C,7-0,275,"JUN 19, 1998",23.0,R,Georgetown,1630209,,Miami Heat,2020
1610612748,2021,00,Gabe Vincent,Gabe,gabe-vincent,2,G,6-3,200,"JUN 14, 1996",26.0,2,California-Santa Barbara,1629216,,Miami Heat,2021
1610612748,2021,00,Victor Oladipo,Victor,victor-oladipo,4,G,6-4,213,"MAY 04, 1992",30.0,8,Indiana,203506,,Miami Heat,2021
1610612748,2021,00,Kyle Lowry,Kyle,kyle-lowry,7,G,6-0,196,"MAR 25, 1986",36.0,15,Villanova,200768,,Miami Heat,2021
1610612748,2021,00,Markieff Morris,Markieff,markieff-morris,8,F,6-9,245,"SEP 02, 1989",32.0,10,Kansas,202693,,Miami Heat,2021
1610612748,2021,00,Mychal Mulder,Mychal,mychal-mulder,12,G,6-3,195,"JUN 12, 1994",28.0,2,Kentucky,1628539,,Miami Heat,2021
1610612748,2021,00,Bam Adebayo,Bam,bam-adebayo,13,C-F,6-9,255,"JUL 18, 1997",24.0,4,Kentucky,1628389,#14 Pick in 2017 Draft,Miami Heat,2021
1610612748,2021,00,Tyler Herro,Tyler,tyler-herro,14,G,6-5,195,"JAN 20, 2000",22.0,2,Kentucky,1629639,#13 Pick in 2019 Draft,Miami Heat,2021
1610612748,2021,00,Javonte Smart,Javonte,javonte-smart,15,G,6-4,205,"JUN 03, 1999",23.0,R,Louisiana State,1630606,,Miami Heat,2021
1610612748,2021,00,Caleb Martin,Caleb,caleb-martin,16,F,6-5,205,"SEP 28, 1995",26.0,2,Nevada,1628997,,Miami Heat,2021
1610612748,2021,00,P.J. Tucker,P.J.,pj-tucker,17,F,6-5,245,"MAY 05, 1985",37.0,10,Texas,200782,,Miami Heat,2021
1610612748,2021,00,Dewayne Dedmon,Dewayne,dewayne-dedmon,21,C,7-0,245,"AUG 12, 1989",32.0,8,USC,203473,,Miami Heat,2021
1610612748,2021,00,Jimmy Butler III,Jimmy,jimmy-butler-iii,22,F,6-7,230,"SEP 14, 1989",32.0,10,Marquette,202710,,Miami Heat,2021
1610612748,2021,00,Haywood Highsmith,Haywood,haywood-highsmith,24,F,6-4,220,"DEC 09, 1996",25.0,1,Wheeling Jesuit,1629312,,Miami Heat,2021
1610612748,2021,00,Max Strus,Max,max-strus,31,G-F,6-5,215,"MAR 28, 1996",26.0,2,DePaul,1629622,,Miami Heat,2021
1610612748,2021,00,Udonis Haslem,Udonis,udonis-haslem,40,F,6-8,235,"JUN 09, 1980",42.0,18,Florida,2617,,Miami Heat,2021
1610612748,2021,00,Duncan Robinson,Duncan,duncan-robinson,55,F,6-7,215,"APR 22, 1994",28.0,3,Michigan,1629130,,Miami Heat,2021
1610612748,2021,00,Omer Yurtseven,Omer,omer-yurtseven,77,C,6-11,275,"JUN 19, 1998",24.0,R,Georgetown,1630209,,Miami Heat,2021
1610612748,2022,00,Kevin Love,Kevin,kevin-love,0,F-C,6-8,251,"SEP 07, 1988",34.0,14,UCLA,201567,,Miami Heat,2022
1610612748,2022,00,Gabe Vincent,Gabe,gabe-vincent,2,G,6-2,200,"JUN 14, 1996",27.0,3,California-Santa Barbara,1629216,,Miami Heat,2022
1610612748,2022,00,Victor Oladipo,Victor,victor-oladipo,4,G,6-3,213,"MAY 04, 1992",31.0,9,Indiana,203506,,Miami Heat,2022
1610612748,2022,00,Nikola Jović,Nikola,nikola-jović,5,F,6-10,205,"JUN 09, 2003",20.0,R,Mega Basket,1631107,#27 Pick in 2022 Draft,Miami Heat,2022
1610612748,2022,00,Kyle Lowry,Kyle,kyle-lowry,7,G,6-0,196,"MAR 25, 1986",37.0,16,Villanova,200768,,Miami Heat,2022
1610612748,2022,00,Jamal Cain,Jamal,jamal-cain,8,F,6-6,191,"MAR 20, 1999",24.0,R,Oakland,1631288,,Miami Heat,2022
1610612748,2022,00,Bam Adebayo,Bam,bam-adebayo,13,C-F,6-9,255,"JUL 18, 1997",25.0,5,Kentucky,1628389,#14 Pick in 2017 Draft,Miami Heat,2022
1610612748,2022,00,Tyler Herro,Tyler,tyler-herro,14,G,6-5,195,"JAN 20, 2000",23.0,3,Kentucky,1629639,#13 Pick in 2019 Draft,Miami Heat,2022
1610612748,2022,00,Caleb Martin,Caleb,caleb-martin,16,F,6-5,205,"SEP 28, 1995",27.0,3,Nevada,1628997,,Miami Heat,2022
1610612748,2022,00,Jimmy Butler III,Jimmy,jimmy-butler-iii,22,F,6-7,230,"SEP 14, 1989",33.0,11,Marquette,202710,,Miami Heat,2022
1610612748,2022,00,Haywood Highsmith,Haywood,haywood-highsmith,24,F,6-5,220,"DEC 09, 1996",26.0,2,Wheeling Jesuit,1629312,,Miami Heat,2022
1610612748,2022,00,Orlando Robinson,Orlando,orlando-robinson,25,C,6-10,235,"JUL 10, 2000",22.0,R,Fresno State,1631115,,Miami Heat,2022
1610612748,2022,00,Max Strus,Max,max-strus,31,G-F,6-5,215,"MAR 28, 1996",27.0,3,DePaul,1629622,,Miami Heat,2022
1610612748,2022,00,Udonis Haslem,Udonis,udonis-haslem,40,F,6-7,235,"JUN 09, 1980",43.0,19,Florida,2617,,Miami Heat,2022
1610612748,2022,00,Cody Zeller,Cody,cody-zeller,44,F-C,6-11,240,"OCT 05, 1992",30.0,9,Indiana,203469,,Miami Heat,2022
1610612748,2022,00,Duncan Robinson,Duncan,duncan-robinson,55,F,6-7,215,"APR 22, 1994",29.0,4,Michigan,1629130,,Miami Heat,2022
1610612748,2022,00,Omer Yurtseven,Omer,omer-yurtseven,77,C,6-11,275,"JUN 19, 1998",25.0,1,Georgetown,1630209,,Miami Heat,2022
1610612748,2023,00,Josh Richardson,Josh,josh-richardson,0,G,6-5,200,"SEP 15, 1993",30.0,8,Tennessee,1626196,,Miami Heat,2023
1610612748,2023,00,Terry Rozier,Terry,terry-rozier,2,G,6-1,190,"MAR 17, 1994",30.0,8,Louisville,1626179,Traded from CHA on 01/23/24,Miami Heat,2023
1610612748,2023,00,Delon Wright,Delon,delon-wright,4,G,6-5,185,"APR 26, 1992",32.0,8,Utah,1626153,,Miami Heat,2023
1610612748,2023,00,Nikola Jović,Nikola,nikola-jović,5,F,6-10,205,"JUN 09, 2003",21.0,1,Mega Basket,1631107,#27 Pick in 2022 Draft,Miami Heat,2023
1610612748,2023,00,Jamal Cain,Jamal,jamal-cain,8,F,6-6,191,"MAR 20, 1999",25.0,1,Oakland,1631288,,Miami Heat,2023
1610612748,2023,00,Patty Mills,Patty,patty-mills,8,G,6-2,180,"AUG 11, 1988",35.0,14,St. Mary's,201988,,Miami Heat,2023
1610612748,2023,00,Jaime Jaquez Jr.,Jaime,jaime-jaquez-jr,11,G,6-6,225,"FEB 18, 2001",23.0,R,UCLA,1631170,#18 Pick in 2023 Draft,Miami Heat,2023
1610612748,2023,00,Bam Adebayo,Bam,bam-adebayo,13,C-F,6-9,255,"JUL 18, 1997",26.0,6,Kentucky,1628389,#14 Pick in 2017 Draft,Miami Heat,2023
1610612748,2023,00,Tyler Herro,Tyler,tyler-herro,14,G,6-5,195,"JAN 20, 2000",24.0,4,Kentucky,1629639,#13 Pick in 2019 Draft,Miami Heat,2023
1610612748,2023,00,Alondes Williams,Alondes,alondes-williams,15,G,6-4,210,"JUN 19, 1999",25.0,1,Wake Forest,1631214,,Miami Heat,2023
1610612748,2023,00,Caleb Martin,Caleb,caleb-martin,16,F,6-5,205,"SEP 28, 1995",28.0,4,Nevada,1628997,,Miami Heat,2023
1610612748,2023,00,Cole Swider,Cole,cole-swider,21,F,6-8,220,"MAY 08, 1999",25.0,1,Syracuse,1631306,,Miami Heat,2023
1610612748,2023,00,Jimmy Butler III,Jimmy,jimmy-butler-iii,22,F,6-7,230,"SEP 14, 1989",34.0,12,Marquette,202710,,Miami Heat,2023
1610612748,2023,00,Haywood Highsmith,Haywood,haywood-highsmith,24,F,6-5,220,"DEC 09, 1996",27.0,3,Wheeling Jesuit,1629312,,Miami Heat,2023
1610612748,2023,00,Orlando Robinson,Orlando,orlando-robinson,25,C,6-10,235,"JUL 10, 2000",23.0,1,Fresno State,1631115,,Miami Heat,2023
1610612748,2023,00,Thomas Bryant,Thomas,thomas-bryant,31,C-F,6-10,248,"JUL 31, 1997",26.0,6,Indiana,1628418,,Miami Heat,2023
1610612748,2023,00,Kevin Love,Kevin,kevin-love,42,F-C,6-8,251,"SEP 07, 1988",35.0,15,UCLA,201567,,Miami Heat,2023
1610612748,2023,00,Duncan Robinson,Duncan,duncan-robinson,55,F,6-7,215,"APR 22, 1994",30.0,5,Michigan,1629130,,Miami Heat,2023
1610612748,2024,00,Isaiah Stevens,Isaiah,isaiah-stevens,,G,6-0,185,"NOV 01, 2000",24.0,R,Colorado State,1641815,,Miami Heat,2024
1610612748,2024,00,Terry Rozier,Terry,terry-rozier,2,G,6-1,190,"MAR 17, 1994",31.0,9,Louisville,1626179,Traded from CHA on 01/23/24,Miami Heat,2024
1610612748,2024,00,Nikola Jović,Nikola,nikola-jović,5,F,6-10,205,"JUN 09, 2003",22.0,2,Mega Basket,1631107,#27 Pick in 2022 Draft,Miami Heat,2024
1610612748,2024,00,Kel'el Ware,Kel'el,kelel-ware,7,C,7-0,230,"APR 20, 2004",21.0,R,Indiana,1642276,#15 Pick in 2024 Draft,Miami Heat,2024
1610612748,2024,00,Josh Christopher,Josh,josh-christopher,8,G,6-4,215,"DEC 08, 2001",23.0,2,Arizona State,1630528,,Miami Heat,2024
1610612748,2024,00,Pelle Larsson,Pelle,pelle-larsson,9,G,6-5,215,"FEB 23, 2001",24.0,R,Arizona,1641796,Draft Rights Traded from HOU on 06/27/24,Miami Heat,2024
1610612748,2024,00,Jaime Jaquez Jr.,Jaime,jaime-jaquez-jr,11,G,6-6,225,"FEB 18, 2001",24.0,1,UCLA,1631170,#18 Pick in 2023 Draft,Miami Heat,2024
1610612748,2024,00,Dru Smith,Dru,dru-smith,12,G,6-2,203,"DEC 30, 1997",27.0,2,Missouri,1630696,Signed on 07/01/23,Miami Heat,2024
1610612748,2024,00,Bam Adebayo,Bam,bam-adebayo,13,C-F,6-9,255,"JUL 18, 1997",27.0,7,Kentucky,1628389,#14 Pick in 2017 Draft,Miami Heat,2024
1610612748,2024,00,Tyler Herro,Tyler,tyler-herro,14,G,6-5,195,"JAN 20, 2000",25.0,5,Kentucky,1629639,#13 Pick in 2019 Draft,Miami Heat,2024
1610612748,2024,00,Keshad Johnson,Keshad,keshad-johnson,16,F,6-7,225,"JUN 23, 2001",24.0,R,Arizona,1642352,Signed on 07/01/24,Miami Heat,2024
1610612748,2024,00,Alec Burks,Alec,alec-burks,18,G,6-5,214,"JUL 20, 1991",33.0,13,Colorado,202692,,Miami Heat,2024
1610612748,2024,00,Kyle Anderson,Kyle,kyle-anderson,20,F-G,6-9,230,"SEP 20, 1993",31.0,10,UCLA,203937,,Miami Heat,2024
1610612748,2024,00,Andrew Wiggins,Andrew,andrew-wiggins,22,F,6-7,197,"FEB 23, 1995",30.0,10,Kansas,203952,Traded from GSW on 02/06/25,Miami Heat,2024
1610612748,2024,00,Haywood Highsmith,Haywood,haywood-highsmith,24,F,6-5,220,"DEC 09, 1996",28.0,4,Wheeling Jesuit,1629312,,Miami Heat,2024
1610612748,2024,00,Kevin Love,Kevin,kevin-love,42,F-C,6-8,251,"SEP 07, 1988",36.0,16,UCLA,201567,,Miami Heat,2024
1610612748,2024,00,Davion Mitchell,Davion,davion-mitchell,45,G,6-0,202,"SEP 05, 1998",26.0,3,Baylor,1630558,Traded from TOR on 02/06/25,Miami Heat,2024
1610612748,2024,00,Duncan Robinson,Duncan,duncan-robinson,55,F,6-7,215,"APR 22, 1994",31.0,6,Michigan,1629130,,Miami Heat,2024
1610612748,2025,00,Myron Gardner,Myron,myron-gardner,,F,6-5,220,"MAY 21, 2001",24.0,R,Arkansas-Little Rock,1642066,Signed on 07/24/25,Miami Heat,2025
1610612748,2025,00,Gabe Madsen,Gabe,gabe-madsen,,,,,"MAY 01, 2001",24.0,R,Utah,1643019,Signed on 09/11/25,Miami Heat,2025
1610612748,2025,00,Dain Dainja,Dain,dain-dainja,,,,,"JUL 16, 2002",23.0,R,,1643120,Signed on 09/11/25,Miami Heat,2025
1610612748,2025,00,Simone Fontecchio,Simone,simone-fontecchio,0,F,6-7,209,"DEC 09, 1995",29.0,3,Baskonia,1631323,Traded from DET on 07/07/25,Miami Heat,2025
1610612748,2025,00,Terry Rozier,Terry,terry-rozier,2,G,6-1,190,"MAR 17, 1994",31.0,10,Louisville,1626179,Traded from CHA on 01/23/24,Miami Heat,2025
1610612748,2025,00,Precious Achiuwa,Precious,precious-achiuwa,5,F,6-8,243,"SEP 19, 1999",26.0,5,Memphis,1630173,Signed on 09/25/25,Miami Heat,2025
1610612748,2025,00,Nikola Jović,Nikola,nikola-jović,5,F,6-10,205,"JUN 09, 2003",22.0,3,Mega Basket,1631107,#27 Pick in 2022 Draft,Miami Heat,2025
1610612748,2025,00,Kel'el Ware,Kel'el,kelel-ware,7,C,7-0,230,"APR 20, 2004",21.0,1,Indiana,1642276,#15 Pick in 2024 Draft,Miami Heat,2025
1610612748,2025,00,Pelle Larsson,Pelle,pelle-larsson,9,G,6-5,215,"FEB 23, 2001",24.0,1,Arizona,1641796,Draft Rights Traded from HOU on 06/27/24,Miami Heat,2025
1610612748,2025,00,Jaime Jaquez Jr.,Jaime,jaime-jaquez-jr,11,G,6-6,225,"FEB 18, 2001",24.0,2,UCLA,1631170,#18 Pick in 2023 Draft,Miami Heat,2025
1610612748,2025,00,Jahmir Young,Jahmir,jahmir-young,11,G,6-0,185,"OCT 07, 2000",25.0,1,Maryland,1642443,Signed on 09/11/25,Miami Heat,2025
1610612748,2025,00,Dru Smith,Dru,dru-smith,12,G,6-2,203,"DEC 30, 1997",27.0,3,Missouri,1630696,Signed on 07/01/23,Miami Heat,2025
1610612748,2025,00,Bam Adebayo,Bam,bam-adebayo,13,C-F,6-9,255,"JUL 18, 1997",28.0,8,Kentucky,1628389,#14 Pick in 2017 Draft,Miami Heat,2025
1610612748,2025,00,Tyler Herro,Tyler,tyler-herro,14,G,6-5,195,"JAN 20, 2000",25.0,6,Kentucky,1629639,#13 Pick in 2019 Draft,Miami Heat,2025
1610612748,2025,00,Keshad Johnson,Keshad,keshad-johnson,16,F,6-6,225,"JUN 23, 2001",24.0,1,Arizona,1642352,Signed on 07/01/24,Miami Heat,2025
1610612748,2025,00,Andrew Wiggins,Andrew,andrew-wiggins,22,F,6-6,197,"FEB 23, 1995",30.0,11,Kansas,203952,Traded from GSW on 02/06/25,Miami Heat,2025
1610612748,2025,00,Norman Powell,Norman,norman-powell,24,G,6-3,215,"MAY 25, 1993",32.0,10,UCLA,1626181,Traded from LAC on 07/07/25,Miami Heat,2025
1610612748,2025,00,Kasparas Jakučionis,Kasparas,kasparas-jakučionis,25,G,6-5,200,"MAY 29, 2006",19.0,R,Illinois-Urbana-Champaign,1642857,#20 Pick in 2025 Draft,Miami Heat,2025
1610612748,2025,00,Davion Mitchell,Davion,davion-mitchell,45,G,6-0,202,"SEP 05, 1998",27.0,4,Baylor,1630558,Traded from TOR on 02/06/25,Miami Heat,2025
1610612748,2025,00,Vladislav Goldin,Vladislav,vladislav-goldin,50,C,7-0,250,"MAY 12, 2001",24.0,R,Michigan,1642884,Signed on 07/02/25,Miami Heat,2025
1610612748,2025,00,Ethan Thompson,Ethan,ethan-thompson,55,G,6-4,195,"MAY 04, 1999",26.0,R,Oregon State,1630679,Signed on 08/13/25,Miami Heat,2025
1610612749,2015,00,O.J. Mayo,O.J.,oj-mayo,3,G,6-5,210,"NOV 05, 1987",28.0,7,Southern California,201564,,Milwaukee Bucks,2015
1610612749,2015,00,Michael Carter-Williams,Michael,michael-carter-williams,5,G,6-6,190,"OCT 10, 1991",24.0,2,Syracuse,203487,,Milwaukee Bucks,2015
1610612749,2015,00,Steve Novak,Steve,steve-novak,6,F,6-10,225,"JUN 13, 1983",33.0,9,Marquette,200779,,Milwaukee Bucks,2015
1610612749,2015,00,Tyler Ennis,Tyler,tyler-ennis,11,G,6-3,194,"AUG 24, 1994",21.0,1,Syracuse,203898,,Milwaukee Bucks,2015
1610612749,2015,00,Jabari Parker,Jabari,jabari-parker,12,F,6-8,250,"MAR 15, 1995",21.0,1,Duke,203953,,Milwaukee Bucks,2015
1610612749,2015,00,Greg Monroe,Greg,greg-monroe,15,C-F,6-11,265,"JUN 04, 1990",26.0,5,Georgetown,202328,,Milwaukee Bucks,2015
1610612749,2015,00,Damien Inglis,Damien,damien-inglis,17,F,6-8,246,"MAY 20, 1995",21.0,R,Chorale Roanne,203996,,Milwaukee Bucks,2015
1610612749,2015,00,Miles Plumlee,Miles,miles-plumlee,18,C,6-11,249,"SEP 01, 1988",27.0,3,Duke,203101,,Milwaukee Bucks,2015
1610612749,2015,00,Jerryd Bayless,Jerryd,jerryd-bayless,19,G,6-3,200,"AUG 20, 1988",27.0,7,Arizona,201573,,Milwaukee Bucks,2015
1610612749,2015,00,Rashad Vaughn,Rashad,rashad-vaughn,20,G,6-6,202,"AUG 16, 1996",19.0,R,UNLV,1626173,,Milwaukee Bucks,2015
1610612749,2015,00,Greivis Vasquez,Greivis,greivis-vasquez,21,G,6-6,217,"JAN 16, 1987",29.0,5,Maryland,202349,,Milwaukee Bucks,2015
1610612749,2015,00,Khris Middleton,Khris,khris-middleton,22,G-F,6-8,234,"AUG 12, 1991",24.0,3,Texas A&M,203114,,Milwaukee Bucks,2015
1610612749,2015,00,John Henson,John,john-henson,31,F,6-11,229,"DEC 28, 1990",25.0,3,North Carolina,203089,,Milwaukee Bucks,2015
1610612749,2015,00,Giannis Antetokounmpo,Giannis,giannis-antetokounmpo,34,F,6-11,222,"DEC 06, 1994",21.0,2,Filathlitikos,203507,#15 Pick in 2013 Draft,Milwaukee Bucks,2015
1610612749,2015,00,Johnny O'Bryant III,Johnny,johnny-obryant-iii,77,F-C,6-9,257,"JUN 01, 1993",23.0,1,Louisiana State,203948,,Milwaukee Bucks,2015
1610612749,2016,00,Spencer Hawes,Spencer,spencer-hawes,00,F-C,7-1,245,"APR 28, 1988",29.0,9,Washington,201150,,Milwaukee Bucks,2016
1610612749,2016,00,Gary Payton II,Gary,gary-payton-ii,0,G,6-3,190,"DEC 01, 1992",24.0,R,Oregon State,1627780,,Milwaukee Bucks,2016
1610612749,2016,00,Jason Terry,Jason,jason-terry,3,G,6-2,185,"SEP 15, 1977",39.0,17,Arizona,1891,,Milwaukee Bucks,2016
1610612749,2016,00,Thon Maker,Thon,thon-maker,7,F-C,7-1,223,"FEB 25, 1997",20.0,R,Athlete Institute Prep,1627748,,Milwaukee Bucks,2016
1610612749,2016,00,Matthew Dellavedova,Matthew,matthew-dellavedova,8,G,6-4,198,"SEP 08, 1990",26.0,3,Saint Mary's,203521,,Milwaukee Bucks,2016
1610612749,2016,00,Michael Beasley,Michael,michael-beasley,9,F,6-10,235,"JAN 09, 1989",28.0,8,Kansas State,201563,,Milwaukee Bucks,2016
1610612749,2016,00,Jabari Parker,Jabari,jabari-parker,12,F,6-8,250,"MAR 15, 1995",22.0,2,Duke,203953,,Milwaukee Bucks,2016
1610612749,2016,00,Malcolm Brogdon,Malcolm,malcolm-brogdon,13,G,6-5,215,"DEC 11, 1992",24.0,R,Virginia,1627763,,Milwaukee Bucks,2016
1610612749,2016,00,Greg Monroe,Greg,greg-monroe,15,C,6-11,265,"JUN 04, 1990",27.0,6,Georgetown,202328,,Milwaukee Bucks,2016
1610612749,2016,00,Rashad Vaughn,Rashad,rashad-vaughn,20,G,6-6,202,"AUG 16, 1996",20.0,1,UNLV,1626173,,Milwaukee Bucks,2016
1610612749,2016,00,Tony Snell,Tony,tony-snell,21,G-F,6-7,217,"NOV 10, 1991",25.0,3,New Mexico,203503,,Milwaukee Bucks,2016
1610612749,2016,00,Khris Middleton,Khris,khris-middleton,22,G-F,6-8,234,"AUG 12, 1991",25.0,4,Texas A&M,203114,,Milwaukee Bucks,2016
1610612749,2016,00,John Henson,John,john-henson,31,C-F,6-11,229,"DEC 28, 1990",26.0,4,North Carolina,203089,,Milwaukee Bucks,2016
1610612749,2016,00,Giannis Antetokounmpo,Giannis,giannis-antetokounmpo,34,F-G,6-11,222,"DEC 06, 1994",22.0,3,Filathlitikos,203507,#15 Pick in 2013 Draft,Milwaukee Bucks,2016
1610612749,2016,00,Mirza Teletovic,Mirza,mirza-teletovic,35,F,6-9,245,"SEP 17, 1985",31.0,4,Baskonia,203141,,Milwaukee Bucks,2016
1610612749,2017,00,Xavier Munford,Xavier,xavier-munford,0,G,6-4,173,"JUN 01, 1992",26.0,1,Rhode Island,204098,,Milwaukee Bucks,2017
1610612749,2017,00,Jason Terry,Jason,jason-terry,3,G,6-2,185,"SEP 15, 1977",40.0,18,Arizona,1891,,Milwaukee Bucks,2017
1610612749,2017,00,D.J. Wilson,D.J.,dj-wilson,5,F,6-10,236,"FEB 19, 1996",22.0,R,Michigan,1628391,,Milwaukee Bucks,2017
1610612749,2017,00,Eric Bledsoe,Eric,eric-bledsoe,6,G,6-1,205,"DEC 09, 1989",28.0,7,Kentucky,202339,,Milwaukee Bucks,2017
1610612749,2017,00,Thon Maker,Thon,thon-maker,7,C-F,7-1,223,"FEB 25, 1997",21.0,1,Athlete Institute Prep,1627748,,Milwaukee Bucks,2017
1610612749,2017,00,Matthew Dellavedova,Matthew,matthew-dellavedova,8,G,6-4,198,"SEP 08, 1990",27.0,4,Saint Mary's,203521,,Milwaukee Bucks,2017
1610612749,2017,00,Brandon Jennings,Brandon,brandon-jennings,11,G,6-1,170,"SEP 23, 1989",28.0,8,Virtus Roma,201943,,Milwaukee Bucks,2017
1610612749,2017,00,Jabari Parker,Jabari,jabari-parker,12,F,6-8,250,"MAR 15, 1995",23.0,3,Duke,203953,,Milwaukee Bucks,2017
1610612749,2017,00,Malcolm Brogdon,Malcolm,malcolm-brogdon,13,G,6-5,215,"DEC 11, 1992",25.0,1,Virginia,1627763,,Milwaukee Bucks,2017
1610612749,2017,00,Shabazz Muhammad,Shabazz,shabazz-muhammad,15,G-F,6-6,221,"NOV 13, 1992",25.0,4,UCLA,203498,,Milwaukee Bucks,2017
1610612749,2017,00,Tony Snell,Tony,tony-snell,21,G,6-7,221,"NOV 10, 1991",26.0,4,New Mexico,203503,,Milwaukee Bucks,2017
1610612749,2017,00,Khris Middleton,Khris,khris-middleton,22,F,6-8,234,"AUG 12, 1991",26.0,5,Texas A&M,203114,,Milwaukee Bucks,2017
1610612749,2017,00,Sterling Brown,Sterling,sterling-brown,23,G,6-6,230,"FEB 10, 1995",23.0,R,Southern Methodist,1628425,,Milwaukee Bucks,2017
1610612749,2017,00,John Henson,John,john-henson,31,C,6-11,229,"DEC 28, 1990",27.0,5,North Carolina,203089,,Milwaukee Bucks,2017
1610612749,2017,00,Giannis Antetokounmpo,Giannis,giannis-antetokounmpo,34,F,6-11,222,"DEC 06, 1994",23.0,4,Filathlitikos,203507,#15 Pick in 2013 Draft,Milwaukee Bucks,2017
1610612749,2017,00,Marshall Plumlee,Marshall,marshall-plumlee,40,C,7-0,250,"JUL 14, 1992",25.0,1,Duke,1627850,,Milwaukee Bucks,2017
1610612749,2017,00,Tyler Zeller,Tyler,tyler-zeller,44,C,7-0,250,"JAN 17, 1990",28.0,5,North Carolina,203092,,Milwaukee Bucks,2017
1610612749,2018,00,George Hill,George,george-hill,3,G,6-3,188,"MAY 04, 1986",33.0,10,Indiana-Purdue Indianapolis,201588,,Milwaukee Bucks,2018
1610612749,2018,00,D.J. Wilson,D.J.,dj-wilson,5,F,6-10,231,"FEB 19, 1996",23.0,1,Michigan,1628391,,Milwaukee Bucks,2018
1610612749,2018,00,Eric Bledsoe,Eric,eric-bledsoe,6,G,6-1,205,"DEC 09, 1989",29.0,8,Kentucky,202339,,Milwaukee Bucks,2018
1610612749,2018,00,Donte DiVincenzo,Donte,donte-divincenzo,9,G,6-4,203,"JAN 31, 1997",22.0,R,Villanova,1628978,,Milwaukee Bucks,2018
1610612749,2018,00,Brook Lopez,Brook,brook-lopez,11,C,7-0,270,"APR 01, 1988",31.0,10,Stanford,201572,,Milwaukee Bucks,2018
1610612749,2018,00,Tim Frazier,Tim,tim-frazier,12,G,6-1,170,"NOV 01, 1990",28.0,4,Penn State,204025,,Milwaukee Bucks,2018
1610612749,2018,00,Malcolm Brogdon,Malcolm,malcolm-brogdon,13,G,6-5,229,"DEC 11, 1992",26.0,2,Virginia,1627763,,Milwaukee Bucks,2018
1610612749,2018,00,Pau Gasol,Pau,pau-gasol,17,C-F,7-0,250,"JUL 06, 1980",38.0,17,FC Barcelona,2200,,Milwaukee Bucks,2018
1610612749,2018,00,Tony Snell,Tony,tony-snell,21,G,6-7,213,"NOV 10, 1991",27.0,5,New Mexico,203503,,Milwaukee Bucks,2018
1610612749,2018,00,Khris Middleton,Khris,khris-middleton,22,F,6-8,222,"AUG 12, 1991",27.0,6,Texas A&M,203114,,Milwaukee Bucks,2018
1610612749,2018,00,Sterling Brown,Sterling,sterling-brown,23,G,6-6,232,"FEB 10, 1995",24.0,1,Southern Methodist,1628425,,Milwaukee Bucks,2018
1610612749,2018,00,Pat Connaughton,Pat,pat-connaughton,24,G,6-4,209,"JAN 06, 1993",26.0,3,Notre Dame,1626192,,Milwaukee Bucks,2018
1610612749,2018,00,Giannis Antetokounmpo,Giannis,giannis-antetokounmpo,34,F,6-11,242,"DEC 06, 1994",24.0,5,Filathlitikos,203507,#15 Pick in 2013 Draft,Milwaukee Bucks,2018
1610612749,2018,00,Nikola Mirotic,Nikola,nikola-mirotic,41,F,6-10,250,"FEB 11, 1991",28.0,4,Real Madrid,202703,,Milwaukee Bucks,2018
1610612749,2018,00,Bonzie Colson,Bonzie,bonzie-colson,50,F,6-6,225,"JAN 12, 1996",23.0,R,Notre Dame,1629045,,Milwaukee Bucks,2018
1610612749,2018,00,Ersan Ilyasova,Ersan,ersan-ilyasova,77,F,6-10,235,"MAY 15, 1987",32.0,10,FC Barcelona,101141,,Milwaukee Bucks,2018
1610612749,2019,00,Donte DiVincenzo,Donte,donte-divincenzo,0,G,6-4,203,"JAN 31, 1997",23.0,1,Villanova,1628978,,Milwaukee Bucks,2019
1610612749,2019,00,George Hill,George,george-hill,3,G,6-3,188,"MAY 04, 1986",34.0,11,Indiana-Purdue Indianapolis,201588,,Milwaukee Bucks,2019
1610612749,2019,00,D.J. Wilson,D.J.,dj-wilson,5,F,6-10,231,"FEB 19, 1996",24.0,2,Michigan,1628391,,Milwaukee Bucks,2019
1610612749,2019,00,Eric Bledsoe,Eric,eric-bledsoe,6,G,6-1,214,"DEC 09, 1989",30.0,9,Kentucky,202339,,Milwaukee Bucks,2019
1610612749,2019,00,Ersan Ilyasova,Ersan,ersan-ilyasova,7,F,6-9,235,"MAY 15, 1987",33.0,11,FC Barcelona,101141,,Milwaukee Bucks,2019
1610612749,2019,00,Wesley Matthews,Wesley,wesley-matthews,9,G,6-4,220,"OCT 14, 1986",33.0,10,Marquette,202083,,Milwaukee Bucks,2019
1610612749,2019,00,Brook Lopez,Brook,brook-lopez,11,C,7-0,282,"APR 01, 1988",32.0,11,Stanford,201572,,Milwaukee Bucks,2019
1610612749,2019,00,Cam Reynolds,Cam,cam-reynolds,13,G-F,6-7,225,"FEB 07, 1995",25.0,1,Tulane,1629244,,Milwaukee Bucks,2019
1610612749,2019,00,Frank Mason III,Frank,frank-mason-iii,15,G,5-11,190,"APR 03, 1994",26.0,2,Kansas,1628412,,Milwaukee Bucks,2019
1610612749,2019,00,Marvin Williams,Marvin,marvin-williams,20,F,6-8,237,"JUN 19, 1986",34.0,14,North Carolina,101107,,Milwaukee Bucks,2019
1610612749,2019,00,Khris Middleton,Khris,khris-middleton,22,F,6-7,222,"AUG 12, 1991",28.0,7,Texas A&M,203114,,Milwaukee Bucks,2019
1610612749,2019,00,Sterling Brown,Sterling,sterling-brown,23,G-F,6-5,219,"FEB 10, 1995",25.0,2,Southern Methodist,1628425,,Milwaukee Bucks,2019
1610612749,2019,00,Pat Connaughton,Pat,pat-connaughton,24,G,6-5,209,"JAN 06, 1993",27.0,4,Notre Dame,1626192,,Milwaukee Bucks,2019
1610612749,2019,00,Kyle Korver,Kyle,kyle-korver,26,G-F,6-7,212,"MAR 17, 1981",39.0,16,Creighton,2594,,Milwaukee Bucks,2019
1610612749,2019,00,Giannis Antetokounmpo,Giannis,giannis-antetokounmpo,34,F,6-11,242,"DEC 06, 1994",25.0,6,Filathlitikos,203507,#15 Pick in 2013 Draft,Milwaukee Bucks,2019
1610612749,2019,00,Robin Lopez,Robin,robin-lopez,42,C,7-0,281,"APR 01, 1988",32.0,11,Stanford,201577,,Milwaukee Bucks,2019
1610612749,2019,00,Thanasis Antetokounmpo,Thanasis,thanasis-antetokounmpo,43,F,6-6,219,"JUL 18, 1992",27.0,1,Panathinaikos,203648,Signed on 07/16/19,Milwaukee Bucks,2019
1610612749,2020,00,Donte DiVincenzo,Donte,donte-divincenzo,0,G,6-4,203,"JAN 31, 1997",24.0,2,Villanova,1628978,,Milwaukee Bucks,2020
1610612749,2020,00,Elijah Bryant,Elijah,elijah-bryant,3,G,6-5,210,"APR 19, 1995",26.0,R,Brigham Young,1629091,,Milwaukee Bucks,2020
1610612749,2020,00,Jeff Teague,Jeff,jeff-teague,5,G,6-3,195,"JUN 10, 1988",33.0,11,Wake Forest,201952,,Milwaukee Bucks,2020
1610612749,2020,00,Bryn Forbes,Bryn,bryn-forbes,7,G,6-2,205,"JUL 23, 1993",27.0,4,Michigan State,1627854,,Milwaukee Bucks,2020
1610612749,2020,00,Bobby Portis,Bobby,bobby-portis,9,F,6-10,250,"FEB 10, 1995",26.0,5,Arkansas,1626171,Signed on 11/24/20,Milwaukee Bucks,2020
1610612749,2020,00,Brook Lopez,Brook,brook-lopez,11,C,7-0,282,"APR 01, 1988",33.0,12,Stanford,201572,,Milwaukee Bucks,2020
1610612749,2020,00,Jordan Nwora,Jordan,jordan-nwora,13,F,6-8,225,"SEP 09, 1998",22.0,R,Louisville,1629670,,Milwaukee Bucks,2020
1610612749,2020,00,Sam Merrill,Sam,sam-merrill,15,G,6-4,205,"MAY 15, 1996",25.0,R,Utah State,1630241,,Milwaukee Bucks,2020
1610612749,2020,00,P.J. Tucker,P.J.,pj-tucker,17,F,6-5,245,"MAY 05, 1985",36.0,9,Texas,200782,,Milwaukee Bucks,2020
1610612749,2020,00,Jrue Holiday,Jrue,jrue-holiday,21,G,6-3,205,"JUN 12, 1990",31.0,11,UCLA,201950,,Milwaukee Bucks,2020
1610612749,2020,00,Khris Middleton,Khris,khris-middleton,22,F,6-7,222,"AUG 12, 1991",29.0,8,Texas A&M,203114,,Milwaukee Bucks,2020
1610612749,2020,00,Pat Connaughton,Pat,pat-connaughton,24,G,6-5,209,"JAN 06, 1993",28.0,5,Notre Dame,1626192,,Milwaukee Bucks,2020
1610612749,2020,00,Mamadi Diakite,Mamadi,mamadi-diakite,25,F,6-9,228,"JAN 21, 1997",24.0,R,Virginia,1629603,,Milwaukee Bucks,2020
1610612749,2020,00,Giannis Antetokounmpo,Giannis,giannis-antetokounmpo,34,F,6-11,242,"DEC 06, 1994",26.0,7,Filathlitikos,203507,#15 Pick in 2013 Draft,Milwaukee Bucks,2020
1610612749,2020,00,Thanasis Antetokounmpo,Thanasis,thanasis-antetokounmpo,43,F,6-6,219,"JUL 18, 1992",28.0,2,Panathinaikos,203648,Signed on 07/16/19,Milwaukee Bucks,2020
1610612749,2020,00,Justin Jackson,Justin,justin-jackson,44,F,6-8,220,"MAR 28, 1995",26.0,3,North Carolina,1628382,,Milwaukee Bucks,2020
1610612749,2020,00,Axel Toupane,Axel,axel-toupane,66,G-F,6-7,210,"JUL 23, 1992",28.0,2,Strasbourg IG,1626253,,Milwaukee Bucks,2020
1610612749,2021,00,George Hill,George,george-hill,3,G,6-4,188,"MAY 04, 1986",36.0,13,Indiana-Purdue Indianapolis,201588,,Milwaukee Bucks,2021
1610612749,2021,00,Jevon Carter,Jevon,jevon-carter,5,G,6-1,200,"SEP 14, 1995",26.0,3,West Virginia,1628975,,Milwaukee Bucks,2021
1610612749,2021,00,Luca Vildoza,Luca,luca-vildoza,6,G,6-3,190,"AUG 11, 1995",26.0,R,Baskonia,1630492,,Milwaukee Bucks,2021
1610612749,2021,00,Grayson Allen,Grayson,grayson-allen,7,G,6-4,198,"OCT 08, 1995",26.0,3,Duke,1628960,,Milwaukee Bucks,2021
1610612749,2021,00,Bobby Portis,Bobby,bobby-portis,9,F,6-10,250,"FEB 10, 1995",27.0,6,Arkansas,1626171,Signed on 11/24/20,Milwaukee Bucks,2021
1610612749,2021,00,Brook Lopez,Brook,brook-lopez,11,C,7-0,282,"APR 01, 1988",34.0,13,Stanford,201572,,Milwaukee Bucks,2021
1610612749,2021,00,Jordan Nwora,Jordan,jordan-nwora,13,F,6-8,225,"SEP 09, 1998",23.0,1,Louisville,1629670,,Milwaukee Bucks,2021
1610612749,2021,00,Jrue Holiday,Jrue,jrue-holiday,21,G,6-3,205,"JUN 12, 1990",32.0,12,UCLA,201950,,Milwaukee Bucks,2021
1610612749,2021,00,Khris Middleton,Khris,khris-middleton,22,F,6-7,222,"AUG 12, 1991",30.0,9,Texas A&M,203114,,Milwaukee Bucks,2021
1610612749,2021,00,Wesley Matthews,Wesley,wesley-matthews,23,G,6-4,220,"OCT 14, 1986",35.0,12,Marquette,202083,,Milwaukee Bucks,2021
1610612749,2021,00,Pat Connaughton,Pat,pat-connaughton,24,G,6-5,209,"JAN 06, 1993",29.0,6,Notre Dame,1626192,,Milwaukee Bucks,2021
1610612749,2021,00,Serge Ibaka,Serge,serge-ibaka,25,F,6-10,235,"SEP 18, 1989",32.0,12,Ricoh Manresa,201586,,Milwaukee Bucks,2021
1610612749,2021,00,Lindell Wigginton,Lindell,lindell-wigginton,28,G,6-1,189,"MAR 28, 1998",24.0,R,Iowa State,1629623,,Milwaukee Bucks,2021
1610612749,2021,00,Giannis Antetokounmpo,Giannis,giannis-antetokounmpo,34,F,6-11,242,"DEC 06, 1994",27.0,8,Filathlitikos,203507,#15 Pick in 2013 Draft,Milwaukee Bucks,2021
1610612749,2021,00,Thanasis Antetokounmpo,Thanasis,thanasis-antetokounmpo,43,F,6-6,219,"JUL 18, 1992",29.0,3,Panathinaikos,203648,Signed on 07/16/19,Milwaukee Bucks,2021
1610612749,2021,00,Sandro Mamukelashvili,Sandro,sandro-mamukelashvili,54,F-C,6-9,240,"MAY 23, 1999",23.0,R,Seton Hall,1630572,,Milwaukee Bucks,2021
1610612749,2021,00,Rayjon Tucker,Rayjon,rayjon-tucker,59,G,6-3,209,"SEP 24, 1997",24.0,2,Arkansas-Little Rock,1629730,,Milwaukee Bucks,2021
1610612749,2022,00,MarJon Beauchamp,MarJon,marjon-beauchamp,0,F,6-7,199,"OCT 12, 2000",22.0,R,NBA G League Ignite,1630699,,Milwaukee Bucks,2022
1610612749,2022,00,Meyers Leonard,Meyers,meyers-leonard,3,F-C,7-0,260,"FEB 27, 1992",31.0,9,Illinois,203086,,Milwaukee Bucks,2022
1610612749,2022,00,Jevon Carter,Jevon,jevon-carter,5,G,6-1,200,"SEP 14, 1995",27.0,4,West Virginia,1628975,,Milwaukee Bucks,2022
1610612749,2022,00,Joe Ingles,Joe,joe-ingles,7,F-G,6-9,220,"OCT 02, 1987",35.0,8,Maccabi Tel Aviv,204060,,Milwaukee Bucks,2022
1610612749,2022,00,Bobby Portis,Bobby,bobby-portis,9,F,6-11,250,"FEB 10, 1995",28.0,7,Arkansas,1626171,Signed on 11/24/20,Milwaukee Bucks,2022
1610612749,2022,00,Brook Lopez,Brook,brook-lopez,11,C,7-1,282,"APR 01, 1988",35.0,14,Stanford,201572,,Milwaukee Bucks,2022
1610612749,2022,00,Grayson Allen,Grayson,grayson-allen,12,G,6-4,198,"OCT 08, 1995",27.0,4,Duke,1628960,,Milwaukee Bucks,2022
1610612749,2022,00,AJ Green,AJ,aj-green,20,G,6-5,190,"SEP 27, 1999",23.0,R,Northern Iowa,1631260,Signed on 07/01/22,Milwaukee Bucks,2022
1610612749,2022,00,Jrue Holiday,Jrue,jrue-holiday,21,G,6-5,205,"JUN 12, 1990",33.0,13,UCLA,201950,,Milwaukee Bucks,2022
1610612749,2022,00,Khris Middleton,Khris,khris-middleton,22,F,6-7,222,"AUG 12, 1991",31.0,10,Texas A&M,203114,,Milwaukee Bucks,2022
1610612749,2022,00,Wesley Matthews,Wesley,wesley-matthews,23,G,6-5,220,"OCT 14, 1986",36.0,13,Marquette,202083,,Milwaukee Bucks,2022
1610612749,2022,00,Pat Connaughton,Pat,pat-connaughton,24,G,6-5,209,"JAN 06, 1993",30.0,7,Notre Dame,1626192,,Milwaukee Bucks,2022
1610612749,2022,00,Lindell Wigginton,Lindell,lindell-wigginton,28,G,6-1,189,"MAR 28, 1998",25.0,1,Iowa State,1629623,,Milwaukee Bucks,2022
1610612749,2022,00,Goran Dragic,Goran,goran-dragic,31,G,6-4,190,"MAY 06, 1986",37.0,14,Union Olimpija,201609,,Milwaukee Bucks,2022
1610612749,2022,00,Giannis Antetokounmpo,Giannis,giannis-antetokounmpo,34,F,7-0,243,"DEC 06, 1994",28.0,9,Filathlitikos,203507,#15 Pick in 2013 Draft,Milwaukee Bucks,2022
1610612749,2022,00,Thanasis Antetokounmpo,Thanasis,thanasis-antetokounmpo,43,F,6-7,219,"JUL 18, 1992",30.0,4,Panathinaikos,203648,Signed on 07/16/19,Milwaukee Bucks,2022
1610612749,2022,00,Jae Crowder,Jae,jae-crowder,99,F,6-6,235,"JUL 06, 1990",32.0,10,Marquette,203109,,Milwaukee Bucks,2022
1610612749,2023,00,Jaylin Galloway,Jaylin,jaylin-galloway,,F,6-6,190,"DEC 21, 2002",21.0,R,Sydney Kings,1641945,,Milwaukee Bucks,2023
1610612749,2023,00,Damian Lillard,Damian,damian-lillard,0,G,6-2,195,"JUL 15, 1990",33.0,11,Weber State,203081,,Milwaukee Bucks,2023
1610612749,2023,00,MarJon Beauchamp,MarJon,marjon-beauchamp,3,F,6-7,199,"OCT 12, 2000",23.0,1,NBA G League Ignite,1630699,,Milwaukee Bucks,2023
1610612749,2023,00,Malik Beasley,Malik,malik-beasley,5,G,6-4,187,"NOV 26, 1996",27.0,7,Florida State,1627736,,Milwaukee Bucks,2023
1610612749,2023,00,Chris Livingston,Chris,chris-livingston,7,F,6-6,220,"OCT 15, 2003",20.0,R,Kentucky,1641753,#58 Pick in 2023 Draft,Milwaukee Bucks,2023
1610612749,2023,00,Bobby Portis,Bobby,bobby-portis,9,F,6-10,250,"FEB 10, 1995",29.0,8,Arkansas,1626171,Signed on 11/24/20,Milwaukee Bucks,2023
1610612749,2023,00,Brook Lopez,Brook,brook-lopez,11,C,7-1,282,"APR 01, 1988",36.0,15,Stanford,201572,,Milwaukee Bucks,2023
1610612749,2023,00,Danilo Gallinari,Danilo,danilo-gallinari,12,F,6-10,236,"AUG 08, 1988",35.0,13,Olimpia Milano,201568,,Milwaukee Bucks,2023
1610612749,2023,00,AJ Green,AJ,aj-green,20,G,6-4,190,"SEP 27, 1999",24.0,1,Northern Iowa,1631260,Signed on 07/01/22,Milwaukee Bucks,2023
1610612749,2023,00,Patrick Beverley,Patrick,patrick-beverley,21,G,6-2,180,"JUL 12, 1988",35.0,11,Arkansas,201976,,Milwaukee Bucks,2023
1610612749,2023,00,Khris Middleton,Khris,khris-middleton,22,F,6-7,222,"AUG 12, 1991",32.0,11,Texas A&M,203114,,Milwaukee Bucks,2023
1610612749,2023,00,TyTy Washington Jr.,TyTy,tyty-washington-jr,23,G,6-3,195,"NOV 15, 2001",22.0,1,Kentucky,1631102,,Milwaukee Bucks,2023
1610612749,2023,00,Pat Connaughton,Pat,pat-connaughton,24,G,6-5,209,"JAN 06, 1993",31.0,8,Notre Dame,1626192,,Milwaukee Bucks,2023
1610612749,2023,00,Giannis Antetokounmpo,Giannis,giannis-antetokounmpo,34,F,6-11,243,"DEC 06, 1994",29.0,10,Filathlitikos,203507,#15 Pick in 2013 Draft,Milwaukee Bucks,2023
1610612749,2023,00,Thanasis Antetokounmpo,Thanasis,thanasis-antetokounmpo,43,F,6-7,219,"JUL 18, 1992",31.0,5,Panathinaikos,203648,Signed on 07/16/19,Milwaukee Bucks,2023
1610612749,2023,00,Andre Jackson Jr.,Andre,andre-jackson-jr,44,G,6-6,209,"NOV 13, 2001",22.0,R,Connecticut,1641748,Draft Rights Traded from ORL on 06/22/23,Milwaukee Bucks,2023
1610612749,2023,00,Ryan Rollins,Ryan,ryan-rollins,55,G,6-3,180,"JUL 03, 2002",21.0,1,Toledo,1631157,Signed on 02/20/24,Milwaukee Bucks,2023
1610612749,2023,00,Jae Crowder,Jae,jae-crowder,99,F,6-6,235,"JUL 06, 1990",33.0,11,Marquette,203109,,Milwaukee Bucks,2023
1610612749,2024,00,Damian Lillard,Damian,damian-lillard,0,G,6-2,195,"JUL 15, 1990",34.0,12,Weber State,203081,,Milwaukee Bucks,2024
1610612749,2024,00,Jericho Sims,Jericho,jericho-sims,00,C,6-10,250,"OCT 20, 1998",26.0,3,Texas,1630579,Traded from NYK on 02/06/25,Milwaukee Bucks,2024
1610612749,2024,00,Kevin Porter Jr.,Kevin,kevin-porter-jr,3,G-F,6-4,203,"MAY 04, 2000",25.0,4,Southern California,1629645,Traded from LAC on 02/06/25,Milwaukee Bucks,2024
1610612749,2024,00,Gary Trent Jr.,Gary,gary-trent-jr,5,G,6-5,204,"JAN 18, 1999",26.0,6,Duke,1629018,Signed on 07/20/24,Milwaukee Bucks,2024
1610612749,2024,00,Chris Livingston,Chris,chris-livingston,7,F,6-6,220,"OCT 15, 2003",21.0,1,Kentucky,1641753,#58 Pick in 2023 Draft,Milwaukee Bucks,2024
1610612749,2024,00,Bobby Portis,Bobby,bobby-portis,9,F,6-10,250,"FEB 10, 1995",30.0,9,Arkansas,1626171,Signed on 11/24/20,Milwaukee Bucks,2024
1610612749,2024,00,Brook Lopez,Brook,brook-lopez,11,C,7-1,282,"APR 01, 1988",37.0,16,Stanford,201572,,Milwaukee Bucks,2024
1610612749,2024,00,Taurean Prince,Taurean,taurean-prince,12,F,6-6,218,"MAR 22, 1994",31.0,8,Baylor,1627752,Signed on 07/09/24,Milwaukee Bucks,2024
1610612749,2024,00,Ryan Rollins,Ryan,ryan-rollins,13,G,6-3,180,"JUL 03, 2002",22.0,2,Toledo,1631157,Signed on 02/20/24,Milwaukee Bucks,2024
1610612749,2024,00,Jamaree Bouyea,Jamaree,jamaree-bouyea,15,G,6-2,180,"JUN 27, 1999",26.0,2,San Francisco,1631123,Signed on 03/04/25,Milwaukee Bucks,2024
1610612749,2024,00,Stanley Umude,Stanley,stanley-umude,17,G,6-6,210,"APR 12, 1999",26.0,2,Arkansas,1630649,,Milwaukee Bucks,2024
1610612749,2024,00,Kyle Kuzma,Kyle,kyle-kuzma,18,F,6-9,221,"JUL 24, 1995",29.0,7,Utah,1628398,Traded from WAS on 02/06/25,Milwaukee Bucks,2024
1610612749,2024,00,AJ Green,AJ,aj-green,20,G,6-4,190,"SEP 27, 1999",25.0,2,Northern Iowa,1631260,Signed on 07/01/22,Milwaukee Bucks,2024
1610612749,2024,00,Tyler Smith,Tyler,tyler-smith,21,F,6-9,224,"NOV 02, 2004",20.0,R,NBA G League Ignite,1641890,#33 Pick in 2024 Draft,Milwaukee Bucks,2024
1610612749,2024,00,Pat Connaughton,Pat,pat-connaughton,24,G,6-5,209,"JAN 06, 1993",32.0,9,Notre Dame,1626192,,Milwaukee Bucks,2024
1610612749,2024,00,Giannis Antetokounmpo,Giannis,giannis-antetokounmpo,34,F,6-11,243,"DEC 06, 1994",30.0,11,Filathlitikos,203507,#15 Pick in 2013 Draft,Milwaukee Bucks,2024
1610612749,2024,00,Pete Nance,Pete,pete-nance,35,F,6-10,225,"FEB 19, 2000",25.0,1,Northwestern,1631250,Signed on 02/27/25,Milwaukee Bucks,2024
1610612749,2024,00,Andre Jackson Jr.,Andre,andre-jackson-jr,44,G,6-6,209,"NOV 13, 2001",23.0,1,Connecticut,1641748,Draft Rights Traded from ORL on 06/22/23,Milwaukee Bucks,2024
1610612749,2025,00,Jericho Sims,Jericho,jericho-sims,00,C,6-10,250,"OCT 20, 1998",26.0,4,Texas,1630579,Traded from NYK on 02/06/25,Milwaukee Bucks,2025
1610612749,2025,00,Myles Turner,Myles,myles-turner,3,C-F,6-11,250,"MAR 24, 1996",29.0,10,Texas,1626167,Signed on 07/06/25,Milwaukee Bucks,2025
1610612749,2025,00,Gary Trent Jr.,Gary,gary-trent-jr,5,G,6-5,204,"JAN 18, 1999",26.0,7,Duke,1629018,Signed on 07/20/24,Milwaukee Bucks,2025
1610612749,2025,00,Kevin Porter Jr.,Kevin,kevin-porter-jr,7,G-F,6-5,203,"MAY 04, 2000",25.0,5,Southern California,1629645,Traded from LAC on 02/06/25,Milwaukee Bucks,2025
1610612749,2025,00,Bobby Portis,Bobby,bobby-portis,9,F,6-9,250,"FEB 10, 1995",30.0,10,Arkansas,1626171,Signed on 11/24/20,Milwaukee Bucks,2025
1610612749,2025,00,Gary Harris,Gary,gary-harris,11,G,6-4,210,"SEP 14, 1994",31.0,11,Michigan State,203914,Signed on 07/08/25,Milwaukee Bucks,2025
1610612749,2025,00,Taurean Prince,Taurean,taurean-prince,12,F,6-6,218,"MAR 22, 1994",31.0,9,Baylor,1627752,Signed on 07/09/24,Milwaukee Bucks,2025
1610612749,2025,00,Ryan Rollins,Ryan,ryan-rollins,13,G,6-3,180,"JUL 03, 2002",23.0,3,Toledo,1631157,Signed on 02/20/24,Milwaukee Bucks,2025
1610612749,2025,00,Amir Coffey,Amir,amir-coffey,17,G-F,6-7,210,"JUN 17, 1997",28.0,6,Minnesota,1629599,Signed on 08/19/25,Milwaukee Bucks,2025
1610612749,2025,00,Kyle Kuzma,Kyle,kyle-kuzma,18,F,6-8,221,"JUL 24, 1995",30.0,8,Utah,1628398,Traded from WAS on 02/06/25,Milwaukee Bucks,2025
1610612749,2025,00,Mark Sears,Mark,mark-sears,19,G,6-0,185,"FEB 19, 2002",23.0,R,Alabama,1641813,Signed on 07/03/25,Milwaukee Bucks,2025
1610612749,2025,00,AJ Green,AJ,aj-green,20,G,6-4,190,"SEP 27, 1999",26.0,3,Northern Iowa,1631260,Signed on 07/01/22,Milwaukee Bucks,2025
1610612749,2025,00,Tyler Smith,Tyler,tyler-smith,21,F,6-9,224,"NOV 02, 2004",20.0,1,NBA G League Ignite,1641890,#33 Pick in 2024 Draft,Milwaukee Bucks,2025
1610612749,2025,00,Chris Livingston,Chris,chris-livingston,24,F,6-6,220,"OCT 15, 2003",21.0,2,Kentucky,1641753,#58 Pick in 2023 Draft,Milwaukee Bucks,2025
1610612749,2025,00,Giannis Antetokounmpo,Giannis,giannis-antetokounmpo,34,F,6-11,243,"DEC 06, 1994",30.0,12,Filathlitikos,203507,#15 Pick in 2013 Draft,Milwaukee Bucks,2025
1610612749,2025,00,Pete Nance,Pete,pete-nance,35,F,6-9,225,"FEB 19, 2000",25.0,2,Northwestern,1631250,Signed on 02/27/25,Milwaukee Bucks,2025
1610612749,2025,00,Thanasis Antetokounmpo,Thanasis,thanasis-antetokounmpo,43,F,6-7,219,"JUL 18, 1992",33.0,6,Panathinaikos,203648,Signed on 07/16/19,Milwaukee Bucks,2025
1610612749,2025,00,Andre Jackson Jr.,Andre,andre-jackson-jr,44,G,6-6,209,"NOV 13, 2001",23.0,2,Connecticut,1641748,Draft Rights Traded from ORL on 06/22/23,Milwaukee Bucks,2025
1610612749,2025,00,Cole Anthony,Cole,cole-anthony,50,G,6-2,185,"MAY 15, 2000",25.0,5,North Carolina,1630175,Signed on 07/16/25,Milwaukee Bucks,2025
1610612750,2015,00,Tyus Jones,Tyus,tyus-jones,1,G,6-2,195,"MAY 10, 1996",20.0,R,Duke,1626145,,Minnesota Timberwolves,2015
1610612750,2015,00,Greg Smith,Greg,greg-smith,4,C,6-10,250,"JAN 08, 1991",25.0,4,Fresno State,202962,,Minnesota Timberwolves,2015
1610612750,2015,00,Gorgui Dieng,Gorgui,gorgui-dieng,5,C-F,6-11,241,"JAN 18, 1990",26.0,2,Louisville,203476,,Minnesota Timberwolves,2015
1610612750,2015,00,Zach LaVine,Zach,zach-lavine,8,G,6-5,189,"MAR 10, 1995",21.0,1,UCLA,203897,,Minnesota Timberwolves,2015
1610612750,2015,00,Ricky Rubio,Ricky,ricky-rubio,9,G,6-4,194,"OCT 21, 1990",25.0,4,FC Barcelona,201937,,Minnesota Timberwolves,2015
1610612750,2015,00,Damjan Rudez,Damjan,damjan-rudez,10,F,6-9,230,"JUN 17, 1986",30.0,1,Zaragoza,204014,,Minnesota Timberwolves,2015
1610612750,2015,00,Tayshaun Prince,Tayshaun,tayshaun-prince,12,F,6-9,212,"FEB 28, 1980",36.0,13,Kentucky,2419,,Minnesota Timberwolves,2015
1610612750,2015,00,Nikola Pekovic,Nikola,nikola-pekovic,14,C,6-11,307,"JAN 03, 1986",30.0,5,Panathinaikos,201593,,Minnesota Timberwolves,2015
1610612750,2015,00,Shabazz Muhammad,Shabazz,shabazz-muhammad,15,F,6-6,223,"NOV 13, 1992",23.0,2,UCLA,203498,,Minnesota Timberwolves,2015
1610612750,2015,00,Kevin Garnett,Kevin,kevin-garnett,21,F,6-11,240,"MAY 19, 1976",40.0,20,Farragut Academy HS (IL),708,,Minnesota Timberwolves,2015
1610612750,2015,00,Andrew Wiggins,Andrew,andrew-wiggins,22,G-F,6-8,199,"FEB 23, 1995",21.0,1,Kansas,203952,,Minnesota Timberwolves,2015
1610612750,2015,00,Karl-Anthony Towns,Karl-Anthony,karl-anthony-towns,32,C-F,7-0,244,"NOV 15, 1995",20.0,R,Kentucky,1626157,,Minnesota Timberwolves,2015
1610612750,2015,00,Adreian Payne,Adreian,adreian-payne,33,F,6-10,237,"FEB 19, 1991",25.0,1,Michigan State,203940,,Minnesota Timberwolves,2015
1610612750,2015,00,Nemanja Bjelica,Nemanja,nemanja-bjelica,88,F,6-10,240,"MAY 09, 1988",28.0,R,Fenerbahce,202357,,Minnesota Timberwolves,2015
1610612750,2016,00,Tyus Jones,Tyus,tyus-jones,1,G,6-2,195,"MAY 10, 1996",21.0,1,Duke,1626145,,Minnesota Timberwolves,2016
1610612750,2016,00,Kris Dunn,Kris,kris-dunn,3,G,6-4,205,"MAR 18, 1994",23.0,R,Providence,1627739,,Minnesota Timberwolves,2016
1610612750,2016,00,Brandon Rush,Brandon,brandon-rush,4,G-F,6-6,225,"JUL 07, 1985",31.0,8,Kansas,201575,,Minnesota Timberwolves,2016
1610612750,2016,00,Gorgui Dieng,Gorgui,gorgui-dieng,5,F-C,6-11,240,"JAN 18, 1990",27.0,3,Louisville,203476,,Minnesota Timberwolves,2016
1610612750,2016,00,Zach LaVine,Zach,zach-lavine,8,G,6-5,185,"MAR 10, 1995",22.0,2,UCLA,203897,,Minnesota Timberwolves,2016
1610612750,2016,00,Ricky Rubio,Ricky,ricky-rubio,9,G,6-4,190,"OCT 21, 1990",26.0,5,FC Barcelona,201937,,Minnesota Timberwolves,2016
1610612750,2016,00,Nikola Pekovic,Nikola,nikola-pekovic,14,C,6-11,307,"JAN 03, 1986",31.0,6,Panathinaikos,201593,,Minnesota Timberwolves,2016
1610612750,2016,00,Shabazz Muhammad,Shabazz,shabazz-muhammad,15,F,6-6,223,"NOV 13, 1992",24.0,3,UCLA,203498,,Minnesota Timberwolves,2016
1610612750,2016,00,Omri Casspi,Omri,omri-casspi,18,F,6-9,225,"JUN 22, 1988",29.0,7,Maccabi Tel Aviv,201956,,Minnesota Timberwolves,2016
1610612750,2016,00,Andrew Wiggins,Andrew,andrew-wiggins,22,F,6-8,199,"FEB 23, 1995",22.0,2,Kansas,203952,,Minnesota Timberwolves,2016
1610612750,2016,00,Jordan Hill,Jordan,jordan-hill,27,F-C,6-10,240,"JUL 27, 1987",29.0,7,Arizona,201941,,Minnesota Timberwolves,2016
1610612750,2016,00,Karl-Anthony Towns,Karl-Anthony,karl-anthony-towns,32,C,7-0,244,"NOV 15, 1995",21.0,1,Kentucky,1626157,,Minnesota Timberwolves,2016
1610612750,2016,00,Adreian Payne,Adreian,adreian-payne,33,F,6-10,237,"FEB 19, 1991",26.0,2,Michigan State,203940,,Minnesota Timberwolves,2016
1610612750,2016,00,Cole Aldrich,Cole,cole-aldrich,45,C,6-11,250,"OCT 31, 1988",28.0,6,Kansas,202332,,Minnesota Timberwolves,2016
1610612750,2016,00,Nemanja Bjelica,Nemanja,nemanja-bjelica,88,F,6-10,225,"MAY 09, 1988",29.0,1,Fenerbahce,202357,,Minnesota Timberwolves,2016
1610612750,2017,00,Jeff Teague,Jeff,jeff-teague,0,G,6-2,189,"JUN 10, 1988",30.0,8,Wake Forest,201952,,Minnesota Timberwolves,2017
1610612750,2017,00,Tyus Jones,Tyus,tyus-jones,1,G,6-2,184,"MAY 10, 1996",22.0,2,Duke,1626145,,Minnesota Timberwolves,2017
1610612750,2017,00,Anthony Brown,Anthony,anthony-brown,3,F-G,6-7,224,"OCT 10, 1992",25.0,2,Stanford,1626148,,Minnesota Timberwolves,2017
1610612750,2017,00,Gorgui Dieng,Gorgui,gorgui-dieng,5,C,6-11,251,"JAN 18, 1990",28.0,4,Louisville,203476,,Minnesota Timberwolves,2017
1610612750,2017,00,Nemanja Bjelica,Nemanja,nemanja-bjelica,8,F,6-10,230,"MAY 09, 1988",30.0,2,Fenerbahce,202357,,Minnesota Timberwolves,2017
1610612750,2017,00,Amile Jefferson,Amile,amile-jefferson,10,F,6-9,224,"MAY 07, 1993",25.0,R,Duke,1628518,,Minnesota Timberwolves,2017
1610612750,2017,00,Jamal Crawford,Jamal,jamal-crawford,11,G,6-5,185,"MAR 20, 1980",38.0,17,Michigan,2037,,Minnesota Timberwolves,2017
1610612750,2017,00,Marcus Georges-Hunt,Marcus,marcus-georges-hunt,13,G,6-5,226,"MAR 28, 1994",24.0,1,Georgia Tech,1627875,,Minnesota Timberwolves,2017
1610612750,2017,00,Andrew Wiggins,Andrew,andrew-wiggins,22,F,6-8,202,"FEB 23, 1995",23.0,3,Kansas,203952,,Minnesota Timberwolves,2017
1610612750,2017,00,Jimmy Butler III,Jimmy,jimmy-butler-iii,23,G,6-8,236,"SEP 14, 1989",28.0,6,Marquette,202710,,Minnesota Timberwolves,2017
1610612750,2017,00,Justin Patton,Justin,justin-patton,24,C,7-0,236,"JUN 14, 1997",21.0,R,Creighton,1628383,,Minnesota Timberwolves,2017
1610612750,2017,00,Derrick Rose,Derrick,derrick-rose,25,G,6-3,190,"OCT 04, 1988",29.0,8,Memphis,201565,,Minnesota Timberwolves,2017
1610612750,2017,00,Aaron Brooks,Aaron,aaron-brooks,30,G,6-0,161,"JAN 14, 1985",33.0,9,Oregon,201166,,Minnesota Timberwolves,2017
1610612750,2017,00,Karl-Anthony Towns,Karl-Anthony,karl-anthony-towns,32,C,7-0,248,"NOV 15, 1995",22.0,2,Kentucky,1626157,,Minnesota Timberwolves,2017
1610612750,2017,00,Cole Aldrich,Cole,cole-aldrich,45,C,6-11,253,"OCT 31, 1988",29.0,7,Kansas,202332,,Minnesota Timberwolves,2017
1610612750,2017,00,Taj Gibson,Taj,taj-gibson,67,F,6-9,235,"JUN 24, 1985",33.0,8,Southern California,201959,,Minnesota Timberwolves,2017
1610612750,2018,00,Jeff Teague,Jeff,jeff-teague,0,G,6-2,195,"JUN 10, 1988",31.0,9,Wake Forest,201952,,Minnesota Timberwolves,2018
1610612750,2018,00,Tyus Jones,Tyus,tyus-jones,1,G,6-2,196,"MAY 10, 1996",23.0,3,Duke,1626145,,Minnesota Timberwolves,2018
1610612750,2018,00,Jared Terrell,Jared,jared-terrell,3,G,6-3,227,"FEB 10, 1995",24.0,R,Rhode Island,1629123,,Minnesota Timberwolves,2018
1610612750,2018,00,Gorgui Dieng,Gorgui,gorgui-dieng,5,C,6-11,252,"JAN 18, 1990",29.0,5,Louisville,203476,,Minnesota Timberwolves,2018
1610612750,2018,00,Jerryd Bayless,Jerryd,jerryd-bayless,8,G,6-3,200,"AUG 20, 1988",30.0,10,Arizona,201573,,Minnesota Timberwolves,2018
1610612750,2018,00,Luol Deng,Luol,luol-deng,9,F,6-9,237,"APR 16, 1985",34.0,14,Duke,2736,,Minnesota Timberwolves,2018
1610612750,2018,00,C.J. Williams,C.J.,cj-williams,12,G,6-5,226,"FEB 06, 1990",29.0,1,North Carolina State,203710,,Minnesota Timberwolves,2018
1610612750,2018,00,Cam Reynolds,Cam,cam-reynolds,13,G,6-8,225,"FEB 07, 1995",24.0,R,Tulane,1629244,,Minnesota Timberwolves,2018
1610612750,2018,00,Josh Okogie,Josh,josh-okogie,20,G,6-4,212,"SEP 01, 1998",20.0,R,Georgia Tech,1629006,,Minnesota Timberwolves,2018
1610612750,2018,00,Andrew Wiggins,Andrew,andrew-wiggins,22,F-G,6-8,194,"FEB 23, 1995",24.0,4,Kansas,203952,,Minnesota Timberwolves,2018
1610612750,2018,00,Derrick Rose,Derrick,derrick-rose,25,G,6-3,200,"OCT 04, 1988",30.0,9,Memphis,201565,,Minnesota Timberwolves,2018
1610612750,2018,00,Keita Bates-Diop,Keita,keita-bates-diop,31,F,6-9,229,"JAN 23, 1996",23.0,R,Ohio State,1628966,,Minnesota Timberwolves,2018
1610612750,2018,00,Karl-Anthony Towns,Karl-Anthony,karl-anthony-towns,32,C,7-0,248,"NOV 15, 1995",23.0,3,Kentucky,1626157,,Minnesota Timberwolves,2018
1610612750,2018,00,Robert Covington,Robert,robert-covington,33,F,6-9,225,"DEC 14, 1990",28.0,5,Tennessee State,203496,,Minnesota Timberwolves,2018
1610612750,2018,00,Dario Šarić,Dario,dario-šarić,36,F,6-10,223,"APR 08, 1994",25.0,2,Anadolu Efes,203967,,Minnesota Timberwolves,2018
1610612750,2018,00,Anthony Tolliver,Anthony,anthony-tolliver,43,F,6-8,250,"JUN 01, 1985",34.0,10,Creighton,201229,,Minnesota Timberwolves,2018
1610612750,2018,00,Mitchell Creek,Mitchell,mitchell-creek,55,F-G,6-6,225,"APR 27, 1992",27.0,R,Gottingen,1628249,,Minnesota Timberwolves,2018
1610612750,2018,00,Taj Gibson,Taj,taj-gibson,67,F,6-9,232,"JUN 24, 1985",34.0,9,Southern California,201959,,Minnesota Timberwolves,2018
1610612750,2019,00,D'Angelo Russell,D'Angelo,dangelo-russell,0,G,6-4,193,"FEB 23, 1996",24.0,4,Ohio State,1626156,,Minnesota Timberwolves,2019
1610612750,2019,00,Evan Turner,Evan,evan-turner,1,G-F,6-6,220,"OCT 27, 1988",31.0,9,Ohio State,202323,,Minnesota Timberwolves,2019
1610612750,2019,00,Jarred Vanderbilt,Jarred,jarred-vanderbilt,3,F,6-9,214,"APR 03, 1999",21.0,1,Kentucky,1629020,,Minnesota Timberwolves,2019
1610612750,2019,00,Jaylen Nowell,Jaylen,jaylen-nowell,4,G,6-4,201,"JUL 09, 1999",20.0,R,Washington,1629669,,Minnesota Timberwolves,2019
1610612750,2019,00,Malik Beasley,Malik,malik-beasley,5,G,6-4,187,"NOV 26, 1996",23.0,3,Florida State,1627736,,Minnesota Timberwolves,2019
1610612750,2019,00,Jordan McLaughlin,Jordan,jordan-mclaughlin,6,G,5-11,185,"APR 09, 1996",24.0,R,Southern California,1629162,,Minnesota Timberwolves,2019
1610612750,2019,00,Jake Layman,Jake,jake-layman,10,F,6-8,209,"MAR 07, 1994",26.0,3,Maryland,1627774,,Minnesota Timberwolves,2019
1610612750,2019,00,Naz Reid,Naz,naz-reid,11,C-F,6-9,264,"AUG 26, 1999",20.0,R,Louisiana State,1629675,Signed on 07/04/19,Minnesota Timberwolves,2019
1610612750,2019,00,Jacob Evans,Jacob,jacob-evans,12,G-F,6-4,210,"JUN 18, 1997",23.0,1,Cincinnati,1628980,,Minnesota Timberwolves,2019
1610612750,2019,00,Omari Spellman,Omari,omari-spellman,14,F,6-8,245,"JUL 21, 1997",22.0,1,Villanova,1629016,,Minnesota Timberwolves,2019
1610612750,2019,00,James Johnson,James,james-johnson,16,F,6-7,240,"FEB 20, 1987",33.0,10,Wake Forest,201949,,Minnesota Timberwolves,2019
1610612750,2019,00,Josh Okogie,Josh,josh-okogie,20,G,6-4,213,"SEP 01, 1998",21.0,1,Georgia Tech,1629006,,Minnesota Timberwolves,2019
1610612750,2019,00,Jarrett Culver,Jarrett,jarrett-culver,23,G-F,6-6,195,"FEB 20, 1999",21.0,R,Texas Tech,1629633,,Minnesota Timberwolves,2019
1610612750,2019,00,Kelan Martin,Kelan,kelan-martin,30,F,6-5,230,"AUG 03, 1995",24.0,R,Butler,1629103,,Minnesota Timberwolves,2019
1610612750,2019,00,Karl-Anthony Towns,Karl-Anthony,karl-anthony-towns,32,C-F,6-11,248,"NOV 15, 1995",24.0,4,Kentucky,1626157,,Minnesota Timberwolves,2019
1610612750,2019,00,Juancho Hernangomez,Juancho,juancho-hernangomez,41,F,6-9,214,"SEP 28, 1995",24.0,3,Estudiantes,1627823,,Minnesota Timberwolves,2019
1610612750,2020,00,D'Angelo Russell,D'Angelo,dangelo-russell,0,G,6-4,193,"FEB 23, 1996",25.0,5,Ohio State,1626156,,Minnesota Timberwolves,2020
1610612750,2020,00,Anthony Edwards,Anthony,anthony-edwards,1,G,6-4,225,"AUG 05, 2001",19.0,R,Georgia,1630162,#1 Pick in 2020 Draft,Minnesota Timberwolves,2020
1610612750,2020,00,Jaden McDaniels,Jaden,jaden-mcdaniels,3,F,6-9,185,"SEP 29, 2000",20.0,R,Washington,1630183,Draft Rights Traded from OKC on 11/20/20,Minnesota Timberwolves,2020
1610612750,2020,00,Jaylen Nowell,Jaylen,jaylen-nowell,4,G,6-4,201,"JUL 09, 1999",21.0,1,Washington,1629669,,Minnesota Timberwolves,2020
1610612750,2020,00,Malik Beasley,Malik,malik-beasley,5,G,6-4,187,"NOV 26, 1996",24.0,4,Florida State,1627736,,Minnesota Timberwolves,2020
1610612750,2020,00,Jordan McLaughlin,Jordan,jordan-mclaughlin,6,G,5-11,185,"APR 09, 1996",25.0,1,Southern California,1629162,,Minnesota Timberwolves,2020
1610612750,2020,00,Jarred Vanderbilt,Jarred,jarred-vanderbilt,8,F,6-9,214,"APR 03, 1999",22.0,2,Kentucky,1629020,,Minnesota Timberwolves,2020
1610612750,2020,00,Ricky Rubio,Ricky,ricky-rubio,9,G,6-3,190,"OCT 21, 1990",30.0,9,FC Barcelona,201937,,Minnesota Timberwolves,2020
1610612750,2020,00,Jake Layman,Jake,jake-layman,10,F,6-8,209,"MAR 07, 1994",27.0,4,Maryland,1627774,,Minnesota Timberwolves,2020
1610612750,2020,00,Naz Reid,Naz,naz-reid,11,C-F,6-9,264,"AUG 26, 1999",21.0,1,Louisiana State,1629675,Signed on 07/04/19,Minnesota Timberwolves,2020
1610612750,2020,00,Ed Davis,Ed,ed-davis,17,C-F,6-9,218,"JUN 05, 1989",32.0,10,North Carolina,202334,,Minnesota Timberwolves,2020
1610612750,2020,00,Josh Okogie,Josh,josh-okogie,20,G,6-4,213,"SEP 01, 1998",22.0,2,Georgia Tech,1629006,,Minnesota Timberwolves,2020
1610612750,2020,00,Jarrett Culver,Jarrett,jarrett-culver,23,G-F,6-6,195,"FEB 20, 1999",22.0,1,Texas Tech,1629633,,Minnesota Timberwolves,2020
1610612750,2020,00,Karl-Anthony Towns,Karl-Anthony,karl-anthony-towns,32,C-F,6-11,248,"NOV 15, 1995",25.0,5,Kentucky,1626157,,Minnesota Timberwolves,2020
1610612750,2020,00,Juancho Hernangomez,Juancho,juancho-hernangomez,41,F,6-9,214,"SEP 28, 1995",25.0,4,Estudiantes,1627823,,Minnesota Timberwolves,2020
1610612750,2021,00,D'Angelo Russell,D'Angelo,dangelo-russell,0,G,6-4,193,"FEB 23, 1996",26.0,6,Ohio State,1626156,,Minnesota Timberwolves,2021
1610612750,2021,00,Anthony Edwards,Anthony,anthony-edwards,1,G,6-4,225,"AUG 05, 2001",20.0,1,Georgia,1630162,#1 Pick in 2020 Draft,Minnesota Timberwolves,2021
1610612750,2021,00,Jaden McDaniels,Jaden,jaden-mcdaniels,3,F,6-9,185,"SEP 29, 2000",21.0,1,Washington,1630183,Draft Rights Traded from OKC on 11/20/20,Minnesota Timberwolves,2021
1610612750,2021,00,Jaylen Nowell,Jaylen,jaylen-nowell,4,G,6-4,201,"JUL 09, 1999",22.0,2,Washington,1629669,,Minnesota Timberwolves,2021
1610612750,2021,00,Malik Beasley,Malik,malik-beasley,5,G,6-4,187,"NOV 26, 1996",25.0,5,Florida State,1627736,,Minnesota Timberwolves,2021
1610612750,2021,00,Jordan McLaughlin,Jordan,jordan-mclaughlin,6,G,5-11,185,"APR 09, 1996",26.0,2,Southern California,1629162,,Minnesota Timberwolves,2021
1610612750,2021,00,Jarred Vanderbilt,Jarred,jarred-vanderbilt,8,F,6-9,214,"APR 03, 1999",23.0,3,Kentucky,1629020,,Minnesota Timberwolves,2021
1610612750,2021,00,Leandro Bolmaro,Leandro,leandro-bolmaro,9,F,6-6,200,"SEP 11, 2000",21.0,R,FC Barcelona,1630195,,Minnesota Timberwolves,2021
1610612750,2021,00,Jake Layman,Jake,jake-layman,10,F,6-8,209,"MAR 07, 1994",28.0,5,Maryland,1627774,,Minnesota Timberwolves,2021
1610612750,2021,00,Naz Reid,Naz,naz-reid,11,C-F,6-9,264,"AUG 26, 1999",22.0,2,Louisiana State,1629675,Signed on 07/04/19,Minnesota Timberwolves,2021
1610612750,2021,00,Taurean Prince,Taurean,taurean-prince,12,F,6-6,218,"MAR 22, 1994",28.0,5,Baylor,1627752,,Minnesota Timberwolves,2021
1610612750,2021,00,Nathan Knight,Nathan,nathan-knight,13,F-C,6-10,253,"SEP 20, 1997",24.0,1,William & Mary,1630233,,Minnesota Timberwolves,2021
1610612750,2021,00,Greg Monroe,Greg,greg-monroe,15,F-C,6-10,250,"JUN 04, 1990",32.0,9,Georgetown,202328,,Minnesota Timberwolves,2021
1610612750,2021,00,Josh Okogie,Josh,josh-okogie,20,G,6-4,213,"SEP 01, 1998",23.0,3,Georgia Tech,1629006,,Minnesota Timberwolves,2021
1610612750,2021,00,Patrick Beverley,Patrick,patrick-beverley,22,G,6-1,180,"JUL 12, 1988",33.0,9,Arkansas,201976,,Minnesota Timberwolves,2021
1610612750,2021,00,McKinley Wright IV,McKinley,mckinley-wright-iv,25,G,5-11,192,"OCT 25, 1998",23.0,R,Colorado,1630593,,Minnesota Timberwolves,2021
1610612750,2021,00,Karl-Anthony Towns,Karl-Anthony,karl-anthony-towns,32,C-F,6-11,248,"NOV 15, 1995",26.0,6,Kentucky,1626157,,Minnesota Timberwolves,2021
1610612750,2022,00,Anthony Edwards,Anthony,anthony-edwards,1,G,6-4,225,"AUG 05, 2001",21.0,2,Georgia,1630162,#1 Pick in 2020 Draft,Minnesota Timberwolves,2022
1610612750,2022,00,Jaden McDaniels,Jaden,jaden-mcdaniels,3,F,6-9,185,"SEP 29, 2000",22.0,2,Washington,1630183,Draft Rights Traded from OKC on 11/20/20,Minnesota Timberwolves,2022
1610612750,2022,00,Jaylen Nowell,Jaylen,jaylen-nowell,4,G,6-4,201,"JUL 09, 1999",23.0,3,Washington,1629669,,Minnesota Timberwolves,2022
1610612750,2022,00,Kyle Anderson,Kyle,kyle-anderson,5,F-G,6-9,230,"SEP 20, 1993",29.0,8,UCLA,203937,,Minnesota Timberwolves,2022
1610612750,2022,00,Jordan McLaughlin,Jordan,jordan-mclaughlin,6,G,6-0,185,"APR 09, 1996",27.0,3,Southern California,1629162,,Minnesota Timberwolves,2022
1610612750,2022,00,Wendell Moore Jr.,Wendell,wendell-moore-jr,7,G,6-5,215,"SEP 18, 2001",21.0,R,Duke,1631111,,Minnesota Timberwolves,2022
1610612750,2022,00,Josh Minott,Josh,josh-minott,8,F,6-8,205,"NOV 25, 2002",20.0,R,Memphis,1631169,,Minnesota Timberwolves,2022
1610612750,2022,00,Nickeil Alexander-Walker,Nickeil,nickeil-alexander-walker,9,G,6-5,205,"SEP 02, 1998",24.0,3,Virginia Tech,1629638,,Minnesota Timberwolves,2022
1610612750,2022,00,Mike Conley,Mike,mike-conley,10,G,6-1,175,"OCT 11, 1987",35.0,15,Ohio State,201144,Traded from UTA on 02/09/23,Minnesota Timberwolves,2022
1610612750,2022,00,Naz Reid,Naz,naz-reid,11,C-F,6-9,264,"AUG 26, 1999",23.0,3,Louisiana State,1629675,Signed on 07/04/19,Minnesota Timberwolves,2022
1610612750,2022,00,Taurean Prince,Taurean,taurean-prince,12,F,6-6,218,"MAR 22, 1994",29.0,6,Baylor,1627752,,Minnesota Timberwolves,2022
1610612750,2022,00,Nathan Knight,Nathan,nathan-knight,13,F-C,6-8,253,"SEP 20, 1997",25.0,2,William & Mary,1630233,,Minnesota Timberwolves,2022
1610612750,2022,00,Austin Rivers,Austin,austin-rivers,25,G,6-4,200,"AUG 01, 1992",30.0,10,Duke,203085,,Minnesota Timberwolves,2022
1610612750,2022,00,Rudy Gobert,Rudy,rudy-gobert,27,C,7-1,258,"JUN 26, 1992",31.0,9,Cholet,203497,Traded from UTA on 07/06/22,Minnesota Timberwolves,2022
1610612750,2022,00,Karl-Anthony Towns,Karl-Anthony,karl-anthony-towns,32,C-F,7-0,248,"NOV 15, 1995",27.0,7,Kentucky,1626157,,Minnesota Timberwolves,2022
1610612750,2022,00,Matt Ryan,Matt,matt-ryan,37,F,6-6,215,"APR 17, 1997",26.0,1,Tennessee-Chattanooga,1630346,,Minnesota Timberwolves,2022
1610612750,2022,00,Luka Garza,Luka,luka-garza,55,C,6-10,243,"DEC 27, 1998",24.0,1,Iowa,1630568,,Minnesota Timberwolves,2022
1610612750,2023,00,Jaylen Clark,Jaylen,jaylen-clark,0,G,6-4,205,"OCT 13, 2001",22.0,R,UCLA,1641740,#53 Pick in 2023 Draft,Minnesota Timberwolves,2023
1610612750,2023,00,Kyle Anderson,Kyle,kyle-anderson,1,F-G,6-9,230,"SEP 20, 1993",30.0,9,UCLA,203937,,Minnesota Timberwolves,2023
1610612750,2023,00,Jaden McDaniels,Jaden,jaden-mcdaniels,3,F,6-9,185,"SEP 29, 2000",23.0,3,Washington,1630183,Draft Rights Traded from OKC on 11/20/20,Minnesota Timberwolves,2023
1610612750,2023,00,Anthony Edwards,Anthony,anthony-edwards,5,G,6-4,225,"AUG 05, 2001",22.0,3,Georgia,1630162,#1 Pick in 2020 Draft,Minnesota Timberwolves,2023
1610612750,2023,00,Jordan McLaughlin,Jordan,jordan-mclaughlin,6,G,6-0,185,"APR 09, 1996",28.0,4,Southern California,1629162,,Minnesota Timberwolves,2023
1610612750,2023,00,Wendell Moore Jr.,Wendell,wendell-moore-jr,7,G,6-5,215,"SEP 18, 2001",22.0,1,Duke,1631111,,Minnesota Timberwolves,2023
1610612750,2023,00,Josh Minott,Josh,josh-minott,8,F,6-8,205,"NOV 25, 2002",21.0,1,Memphis,1631169,,Minnesota Timberwolves,2023
1610612750,2023,00,Nickeil Alexander-Walker,Nickeil,nickeil-alexander-walker,9,G,6-5,205,"SEP 02, 1998",25.0,4,Virginia Tech,1629638,,Minnesota Timberwolves,2023
1610612750,2023,00,Mike Conley,Mike,mike-conley,10,G,6-0,175,"OCT 11, 1987",36.0,16,Ohio State,201144,Traded from UTA on 02/09/23,Minnesota Timberwolves,2023
1610612750,2023,00,Naz Reid,Naz,naz-reid,11,C-F,6-9,264,"AUG 26, 1999",24.0,4,Louisiana State,1629675,Signed on 07/04/19,Minnesota Timberwolves,2023
1610612750,2023,00,Daishen Nix,Daishen,daishen-nix,12,G,6-3,226,"FEB 13, 2002",22.0,2,NBA G League Ignite,1630227,,Minnesota Timberwolves,2023
1610612750,2023,00,Monté Morris,Monté,monté-morris,23,G,6-2,183,"JUN 27, 1995",29.0,6,Iowa State,1628420,,Minnesota Timberwolves,2023
1610612750,2023,00,T.J. Warren,T.J.,tj-warren,24,F,6-8,220,"SEP 05, 1993",30.0,8,North Carolina State,203933,,Minnesota Timberwolves,2023
1610612750,2023,00,Rudy Gobert,Rudy,rudy-gobert,27,C,7-1,258,"JUN 26, 1992",32.0,10,Cholet,203497,Traded from UTA on 07/06/22,Minnesota Timberwolves,2023
1610612750,2023,00,Karl-Anthony Towns,Karl-Anthony,karl-anthony-towns,32,C-F,7-0,248,"NOV 15, 1995",28.0,8,Kentucky,1626157,,Minnesota Timberwolves,2023
1610612750,2023,00,Leonard Miller,Leonard,leonard-miller,33,F,6-10,210,"NOV 26, 2003",20.0,R,NBA G League Ignite,1631159,Draft Rights Traded from SAS on 06/23/23,Minnesota Timberwolves,2023
1610612750,2023,00,Luka Garza,Luka,luka-garza,55,C,6-10,243,"DEC 27, 1998",25.0,2,Iowa,1630568,,Minnesota Timberwolves,2023
1610612750,2024,00,Donte DiVincenzo,Donte,donte-divincenzo,0,G,6-4,203,"JAN 31, 1997",28.0,6,Villanova,1628978,Traded from NYK on 10/02/24,Minnesota Timberwolves,2024
1610612750,2024,00,Terrence Shannon Jr.,Terrence,terrence-shannon-jr,00,G-F,6-6,215,"JUL 30, 2000",24.0,R,Illinois,1630545,#27 Pick in 2024 Draft,Minnesota Timberwolves,2024
1610612750,2024,00,Jaden McDaniels,Jaden,jaden-mcdaniels,3,F,6-9,185,"SEP 29, 2000",24.0,4,Washington,1630183,Draft Rights Traded from OKC on 11/20/20,Minnesota Timberwolves,2024
1610612750,2024,00,Rob Dillingham,Rob,rob-dillingham,4,G,6-3,175,"JAN 04, 2005",20.0,R,Kentucky,1642265,Draft Rights Traded from SAS on 06/26/24,Minnesota Timberwolves,2024
1610612750,2024,00,Anthony Edwards,Anthony,anthony-edwards,5,G,6-4,225,"AUG 05, 2001",23.0,4,Georgia,1630162,#1 Pick in 2020 Draft,Minnesota Timberwolves,2024
1610612750,2024,00,Joe Ingles,Joe,joe-ingles,7,F-G,6-8,220,"OCT 02, 1987",37.0,10,Maccabi Tel Aviv,204060,Signed on 07/06/24,Minnesota Timberwolves,2024
1610612750,2024,00,Josh Minott,Josh,josh-minott,8,F,6-8,205,"NOV 25, 2002",22.0,2,Memphis,1631169,,Minnesota Timberwolves,2024
1610612750,2024,00,Nickeil Alexander-Walker,Nickeil,nickeil-alexander-walker,9,G,6-5,205,"SEP 02, 1998",26.0,5,Virginia Tech,1629638,,Minnesota Timberwolves,2024
1610612750,2024,00,Mike Conley,Mike,mike-conley,10,G,6-0,175,"OCT 11, 1987",37.0,17,Ohio State,201144,Traded from UTA on 02/09/23,Minnesota Timberwolves,2024
1610612750,2024,00,Naz Reid,Naz,naz-reid,11,C-F,6-9,264,"AUG 26, 1999",25.0,5,Louisiana State,1629675,Signed on 07/04/19,Minnesota Timberwolves,2024
1610612750,2024,00,Tristen Newton,Tristen,tristen-newton,13,G,6-5,190,"APR 26, 2001",24.0,R,Connecticut,1641803,,Minnesota Timberwolves,2024
1610612750,2024,00,Jesse Edwards,Jesse,jesse-edwards,14,C,7-0,236,"MAR 18, 2000",25.0,R,West Virginia,1642399,,Minnesota Timberwolves,2024
1610612750,2024,00,Jaylen Clark,Jaylen,jaylen-clark,22,G,6-4,205,"OCT 13, 2001",23.0,R,UCLA,1641740,#53 Pick in 2023 Draft,Minnesota Timberwolves,2024
1610612750,2024,00,Rudy Gobert,Rudy,rudy-gobert,27,C,7-1,258,"JUN 26, 1992",33.0,11,Cholet,203497,Traded from UTA on 07/06/22,Minnesota Timberwolves,2024
1610612750,2024,00,Julius Randle,Julius,julius-randle,30,F-C,6-9,250,"NOV 29, 1994",30.0,10,Kentucky,203944,Traded from NYK on 10/02/24,Minnesota Timberwolves,2024
1610612750,2024,00,Leonard Miller,Leonard,leonard-miller,33,F,6-10,220,"NOV 26, 2003",21.0,1,NBA G League Ignite,1631159,Draft Rights Traded from SAS on 06/23/23,Minnesota Timberwolves,2024
1610612750,2024,00,Luka Garza,Luka,luka-garza,55,C,6-10,243,"DEC 27, 1998",26.0,3,Iowa,1630568,,Minnesota Timberwolves,2024
1610612750,2024,00,Bones Hyland,Bones,bones-hyland,77,G,6-2,169,"SEP 14, 2000",24.0,3,Virginia Commonwealth,1630538,Signed on 02/27/25,Minnesota Timberwolves,2024
1610612750,2025,00,Zyon Pullin,Zyon,zyon-pullin,,G,6-4,206,"MAR 03, 2001",24.0,1,Florida,1642389,Signed on 09/28/25,Minnesota Timberwolves,2025
1610612750,2025,00,Donte DiVincenzo,Donte,donte-divincenzo,0,G,6-4,203,"JAN 31, 1997",28.0,7,Villanova,1628978,Traded from NYK on 10/02/24,Minnesota Timberwolves,2025
1610612750,2025,00,Terrence Shannon Jr.,Terrence,terrence-shannon-jr,1,G-F,6-6,215,"JUL 30, 2000",25.0,1,Illinois,1630545,#27 Pick in 2024 Draft,Minnesota Timberwolves,2025
1610612750,2025,00,Jaden McDaniels,Jaden,jaden-mcdaniels,3,F,6-9,185,"SEP 29, 2000",25.0,5,Washington,1630183,Draft Rights Traded from OKC on 11/20/20,Minnesota Timberwolves,2025
1610612750,2025,00,Rob Dillingham,Rob,rob-dillingham,4,G,6-2,175,"JAN 04, 2005",20.0,1,Kentucky,1642265,Draft Rights Traded from SAS on 06/26/24,Minnesota Timberwolves,2025
1610612750,2025,00,Anthony Edwards,Anthony,anthony-edwards,5,G,6-4,225,"AUG 05, 2001",24.0,5,Georgia,1630162,#1 Pick in 2020 Draft,Minnesota Timberwolves,2025
1610612750,2025,00,Joe Ingles,Joe,joe-ingles,7,F-G,6-8,220,"OCT 02, 1987",38.0,11,Maccabi Tel Aviv,204060,Signed on 07/06/24,Minnesota Timberwolves,2025
1610612750,2025,00,Bones Hyland,Bones,bones-hyland,8,G,6-2,169,"SEP 14, 2000",25.0,4,Virginia Commonwealth,1630538,Signed on 02/27/25,Minnesota Timberwolves,2025
1610612750,2025,00,Mike Conley,Mike,mike-conley,10,G,6-1,175,"OCT 11, 1987",38.0,18,Ohio State,201144,Traded from UTA on 02/09/23,Minnesota Timberwolves,2025
1610612750,2025,00,Naz Reid,Naz,naz-reid,11,C-F,6-9,264,"AUG 26, 1999",26.0,6,Louisiana State,1629675,Signed on 07/04/19,Minnesota Timberwolves,2025
1610612750,2025,00,Tristen Newton,Tristen,tristen-newton,13,G,6-5,190,"APR 26, 2001",24.0,1,Connecticut,1641803,,Minnesota Timberwolves,2025
1610612750,2025,00,Jules Bernard,Jules,jules-bernard,14,G,6-6,210,"JAN 21, 2000",25.0,1,UCLA,1631262,Signed on 09/28/25,Minnesota Timberwolves,2025
1610612750,2025,00,Joan Beringer,Joan,joan-beringer,19,F,6-11,230,"NOV 11, 2006",18.0,R,,1642866,#17 Pick in 2025 Draft,Minnesota Timberwolves,2025
1610612750,2025,00,Jaylen Clark,Jaylen,jaylen-clark,22,G,6-5,205,"OCT 13, 2001",24.0,1,UCLA,1641740,#53 Pick in 2023 Draft,Minnesota Timberwolves,2025
1610612750,2025,00,Alize Johnson,Alize,alize-johnson,24,F,6-9,212,"APR 22, 1996",29.0,5,Missouri State,1628993,Signed on 09/28/25,Minnesota Timberwolves,2025
1610612750,2025,00,Enrique Freeman,Enrique,enrique-freeman,25,F,6-9,220,"JUL 29, 2000",25.0,1,Akron,1642402,Signed on 08/01/25,Minnesota Timberwolves,2025
1610612750,2025,00,Rudy Gobert,Rudy,rudy-gobert,27,C,7-1,258,"JUN 26, 1992",33.0,12,Cholet,203497,Traded from UTA on 07/06/22,Minnesota Timberwolves,2025
1610612750,2025,00,Julius Randle,Julius,julius-randle,30,F-C,6-9,250,"NOV 29, 1994",30.0,11,Kentucky,203944,Traded from NYK on 10/02/24,Minnesota Timberwolves,2025
1610612750,2025,00,Johnny Juzang,Johnny,johnny-juzang,33,G,6-7,226,"MAR 17, 2001",24.0,3,UCLA,1630548,Signed on 09/15/25,Minnesota Timberwolves,2025
1610612750,2025,00,Leonard Miller,Leonard,leonard-miller,33,F,6-10,220,"NOV 26, 2003",21.0,2,NBA G League Ignite,1631159,Draft Rights Traded from SAS on 06/23/23,Minnesota Timberwolves,2025
1610612750,2025,00,Rocco Zikarsky,Rocco,rocco-zikarsky,44,C,7-3,227,"JUL 11, 2006",19.0,R,,1642911,Draft Rights Traded from LAL on 07/06/25,Minnesota Timberwolves,2025
1610612751,2015,00,Shane Larkin,Shane,shane-larkin,0,G,5-11,175,"OCT 02, 1992",23.0,2,Miami,203499,,Brooklyn Nets,2015
1610612751,2015,00,Chris McCullough,Chris,chris-mccullough,1,F,6-11,200,"FEB 05, 1995",21.0,R,Syracuse,1626191,,Brooklyn Nets,2015
1610612751,2015,00,Jarrett Jack,Jarrett,jarrett-jack,2,G,6-3,200,"OCT 28, 1983",32.0,10,Georgia Tech,101127,,Brooklyn Nets,2015
1610612751,2015,00,Sean Kilpatrick,Sean,sean-kilpatrick,6,G,6-4,219,"JAN 06, 1990",26.0,1,Cincinnati,203930,,Brooklyn Nets,2015
1610612751,2015,00,Sergey Karasev,Sergey,sergey-karasev,10,G-F,6-7,208,"OCT 26, 1993",22.0,2,Zenit Saint Petersburg,203508,,Brooklyn Nets,2015
1610612751,2015,00,Brook Lopez,Brook,brook-lopez,11,C,7-0,275,"APR 01, 1988",28.0,7,Stanford,201572,,Brooklyn Nets,2015
1610612751,2015,00,Henry Sims,Henry,henry-sims,14,C-F,6-10,248,"MAR 27, 1990",26.0,3,Georgetown,203156,,Brooklyn Nets,2015
1610612751,2015,00,Donald Sloan,Donald,donald-sloan,15,G,6-3,205,"JAN 15, 1988",28.0,4,Texas A&M,202388,,Brooklyn Nets,2015
1610612751,2015,00,Wayne Ellington,Wayne,wayne-ellington,21,G,6-4,200,"NOV 29, 1987",28.0,6,North Carolina,201961,,Brooklyn Nets,2015
1610612751,2015,00,Markel Brown,Markel,markel-brown,22,G,6-3,190,"JAN 29, 1992",24.0,1,Oklahoma State,203900,,Brooklyn Nets,2015
1610612751,2015,00,Rondae Hollis-Jefferson,Rondae,rondae-hollis-jefferson,24,G-F,6-7,220,"JAN 03, 1995",21.0,R,Arizona,1626178,,Brooklyn Nets,2015
1610612751,2015,00,Thaddeus Young,Thaddeus,thaddeus-young,30,F,6-8,221,"JUN 21, 1988",28.0,8,Georgia Tech,201152,,Brooklyn Nets,2015
1610612751,2015,00,Willie Reed,Willie,willie-reed,33,F-C,6-10,220,"MAY 16, 1990",26.0,R,St. Louis,203186,,Brooklyn Nets,2015
1610612751,2015,00,Thomas Robinson,Thomas,thomas-robinson,41,F,6-10,237,"MAR 17, 1991",25.0,3,Kansas,203080,,Brooklyn Nets,2015
1610612751,2015,00,Bojan Bogdanovic,Bojan,bojan-bogdanovic,44,G-F,6-8,216,"APR 18, 1989",27.0,1,Fenerbahce,202711,,Brooklyn Nets,2015
1610612751,2016,00,Randy Foye,Randy,randy-foye,2,G,6-4,218,"SEP 24, 1983",33.0,10,Villanova,200751,,Brooklyn Nets,2016
1610612751,2016,00,Sean Kilpatrick,Sean,sean-kilpatrick,6,G,6-4,219,"JAN 06, 1990",27.0,2,Cincinnati,203930,,Brooklyn Nets,2016
1610612751,2016,00,Jeremy Lin,Jeremy,jeremy-lin,7,G,6-3,200,"AUG 23, 1988",28.0,6,Harvard,202391,,Brooklyn Nets,2016
1610612751,2016,00,Spencer Dinwiddie,Spencer,spencer-dinwiddie,8,G,6-6,200,"APR 06, 1993",24.0,2,Colorado,203915,,Brooklyn Nets,2016
1610612751,2016,00,Archie Goodwin,Archie,archie-goodwin,10,G,6-5,205,"AUG 17, 1994",22.0,3,Kentucky,203462,,Brooklyn Nets,2016
1610612751,2016,00,Brook Lopez,Brook,brook-lopez,11,C,7-0,268,"APR 01, 1988",29.0,8,Stanford,201572,,Brooklyn Nets,2016
1610612751,2016,00,Joe Harris,Joe,joe-harris,12,F-G,6-6,219,"SEP 06, 1991",25.0,2,Virginia,203925,,Brooklyn Nets,2016
1610612751,2016,00,Quincy Acy,Quincy,quincy-acy,13,F,6-7,240,"OCT 06, 1990",26.0,4,Baylor,203112,,Brooklyn Nets,2016
1610612751,2016,00,KJ McDaniels,KJ,kj-mcdaniels,14,G-F,6-6,205,"FEB 09, 1993",24.0,2,Clemson,203909,,Brooklyn Nets,2016
1610612751,2016,00,Isaiah Whitehead,Isaiah,isaiah-whitehead,15,G,6-4,213,"MAR 08, 1995",22.0,R,Seton Hall,1627785,,Brooklyn Nets,2016
1610612751,2016,00,Caris LeVert,Caris,caris-levert,22,G-F,6-7,203,"AUG 25, 1994",22.0,R,Michigan,1627747,,Brooklyn Nets,2016
1610612751,2016,00,Rondae Hollis-Jefferson,Rondae,rondae-hollis-jefferson,24,F,6-7,214,"JAN 03, 1995",22.0,1,Arizona,1626178,,Brooklyn Nets,2016
1610612751,2016,00,Trevor Booker,Trevor,trevor-booker,35,F,6-8,228,"NOV 25, 1987",29.0,6,Clemson,202344,,Brooklyn Nets,2016
1610612751,2016,00,Justin Hamilton,Justin,justin-hamilton,41,C,7-0,255,"APR 01, 1990",27.0,2,Louisiana State,203120,,Brooklyn Nets,2016
1610612751,2016,00,Andrew Nicholson,Andrew,andrew-nicholson,44,F,6-9,250,"DEC 08, 1989",27.0,4,St. Bonaventure,203094,,Brooklyn Nets,2016
1610612751,2017,00,James Webb III,James,james-webb-iii,0,F,6-9,202,"AUG 19, 1993",24.0,R,Boise State,1627821,,Brooklyn Nets,2017
1610612751,2017,00,D'Angelo Russell,D'Angelo,dangelo-russell,1,G,6-5,195,"FEB 23, 1996",22.0,2,Ohio State,1626156,,Brooklyn Nets,2017
1610612751,2017,00,Nik Stauskas,Nik,nik-stauskas,2,G,6-6,205,"OCT 07, 1993",24.0,3,Michigan,203917,,Brooklyn Nets,2017
1610612751,2017,00,Jahlil Okafor,Jahlil,jahlil-okafor,4,C,6-11,260,"DEC 15, 1995",22.0,2,Duke,1626143,,Brooklyn Nets,2017
1610612751,2017,00,Jeremy Lin,Jeremy,jeremy-lin,7,G,6-3,200,"AUG 23, 1988",29.0,7,Harvard,202391,,Brooklyn Nets,2017
1610612751,2017,00,Spencer Dinwiddie,Spencer,spencer-dinwiddie,8,G,6-6,200,"APR 06, 1993",25.0,3,Colorado,203915,,Brooklyn Nets,2017
1610612751,2017,00,DeMarre Carroll,DeMarre,demarre-carroll,9,F,6-8,215,"JUL 27, 1986",31.0,8,Missouri,201960,,Brooklyn Nets,2017
1610612751,2017,00,Joe Harris,Joe,joe-harris,12,F-G,6-6,219,"SEP 06, 1991",26.0,3,Virginia,203925,,Brooklyn Nets,2017
1610612751,2017,00,Quincy Acy,Quincy,quincy-acy,13,F,6-7,240,"OCT 06, 1990",27.0,5,Baylor,203112,,Brooklyn Nets,2017
1610612751,2017,00,Milton Doyle,Milton,milton-doyle,14,G,6-4,180,"OCT 31, 1993",24.0,R,Loyola-Chicago,1628495,,Brooklyn Nets,2017
1610612751,2017,00,Isaiah Whitehead,Isaiah,isaiah-whitehead,15,G,6-4,213,"MAR 08, 1995",23.0,1,Seton Hall,1627785,,Brooklyn Nets,2017
1610612751,2017,00,Timofey Mozgov,Timofey,timofey-mozgov,20,C,7-1,275,"JUL 16, 1986",31.0,7,Khimki,202389,,Brooklyn Nets,2017
1610612751,2017,00,Caris LeVert,Caris,caris-levert,22,G-F,6-7,203,"AUG 25, 1994",23.0,1,Michigan,1627747,,Brooklyn Nets,2017
1610612751,2017,00,Rondae Hollis-Jefferson,Rondae,rondae-hollis-jefferson,24,F,6-7,214,"JAN 03, 1995",23.0,2,Arizona,1626178,,Brooklyn Nets,2017
1610612751,2017,00,Jarrett Allen,Jarrett,jarrett-allen,31,C,6-11,234,"APR 21, 1998",20.0,R,Texas,1628386,,Brooklyn Nets,2017
1610612751,2017,00,Allen Crabbe,Allen,allen-crabbe,33,G-F,6-6,215,"APR 09, 1992",26.0,4,California,203459,,Brooklyn Nets,2017
1610612751,2017,00,Dante Cunningham,Dante,dante-cunningham,44,F,6-8,230,"APR 22, 1987",31.0,8,Villanova,201967,,Brooklyn Nets,2017
1610612751,2018,00,Rodions Kurucs,Rodions,rodions-kurucs,00,F,6-9,210,"FEB 05, 1998",21.0,R,FC Barcelona,1629066,,Brooklyn Nets,2018
1610612751,2018,00,D'Angelo Russell,D'Angelo,dangelo-russell,1,G,6-5,198,"FEB 23, 1996",23.0,3,Ohio State,1626156,,Brooklyn Nets,2018
1610612751,2018,00,Jared Dudley,Jared,jared-dudley,6,F,6-7,237,"JUL 10, 1985",33.0,11,Boston College,201162,,Brooklyn Nets,2018
1610612751,2018,00,Spencer Dinwiddie,Spencer,spencer-dinwiddie,8,G,6-6,210,"APR 06, 1993",26.0,4,Colorado,203915,,Brooklyn Nets,2018
1610612751,2018,00,DeMarre Carroll,DeMarre,demarre-carroll,9,F,6-8,215,"JUL 27, 1986",32.0,9,Missouri,201960,,Brooklyn Nets,2018
1610612751,2018,00,Theo Pinson,Theo,theo-pinson,10,G-F,6-6,218,"NOV 05, 1995",23.0,R,North Carolina,1629033,,Brooklyn Nets,2018
1610612751,2018,00,Joe Harris,Joe,joe-harris,12,F-G,6-6,218,"SEP 06, 1991",27.0,4,Virginia,203925,,Brooklyn Nets,2018
1610612751,2018,00,Shabazz Napier,Shabazz,shabazz-napier,13,G,6-1,180,"JUL 14, 1991",27.0,4,Connecticut,203894,,Brooklyn Nets,2018
1610612751,2018,00,Alan Williams,Alan,alan-williams,15,F-C,6-8,265,"JAN 28, 1993",26.0,3,Cal-Santa Barbara,1626210,,Brooklyn Nets,2018
1610612751,2018,00,Ed Davis,Ed,ed-davis,17,C,6-10,225,"JUN 05, 1989",30.0,8,North Carolina,202334,,Brooklyn Nets,2018
1610612751,2018,00,Treveon Graham,Treveon,treveon-graham,21,F,6-5,225,"OCT 28, 1993",25.0,2,Va Commonwealth,1626203,,Brooklyn Nets,2018
1610612751,2018,00,Caris LeVert,Caris,caris-levert,22,G,6-7,204,"AUG 25, 1994",24.0,2,Michigan,1627747,,Brooklyn Nets,2018
1610612751,2018,00,Rondae Hollis-Jefferson,Rondae,rondae-hollis-jefferson,24,F,6-7,217,"JAN 03, 1995",24.0,3,Arizona,1626178,,Brooklyn Nets,2018
1610612751,2018,00,Dzanan Musa,Dzanan,dzanan-musa,30,G-F,6-9,208,"MAY 08, 1999",20.0,R,Cedevita,1629058,,Brooklyn Nets,2018
1610612751,2018,00,Jarrett Allen,Jarrett,jarrett-allen,31,C,6-11,237,"APR 21, 1998",21.0,1,Texas,1628386,,Brooklyn Nets,2018
1610612751,2018,00,Allen Crabbe,Allen,allen-crabbe,33,G-F,6-6,212,"APR 09, 1992",27.0,5,California,203459,,Brooklyn Nets,2018
1610612751,2019,00,Rodions Kurucs,Rodions,rodions-kurucs,00,F,6-9,228,"FEB 05, 1998",22.0,1,FC Barcelona,1629066,,Brooklyn Nets,2019
1610612751,2019,00,Jeremiah Martin,Jeremiah,jeremiah-martin,0,G,6-2,185,"JUN 19, 1996",24.0,R,Memphis,1629725,,Brooklyn Nets,2019
1610612751,2019,00,Jamal Crawford,Jamal,jamal-crawford,1,G,6-5,200,"MAR 20, 1980",40.0,19,Michigan,2037,,Brooklyn Nets,2019
1610612751,2019,00,Taurean Prince,Taurean,taurean-prince,2,F,6-7,218,"MAR 22, 1994",26.0,3,Baylor,1627752,,Brooklyn Nets,2019
1610612751,2019,00,Chris Chiozza,Chris,chris-chiozza,4,G,5-11,175,"NOV 21, 1995",24.0,1,Florida,1629185,,Brooklyn Nets,2019
1610612751,2019,00,DeAndre Jordan,DeAndre,deandre-jordan,6,C,6-11,265,"JUL 21, 1988",31.0,11,Texas A&M,201599,,Brooklyn Nets,2019
1610612751,2019,00,Kevin Durant,Kevin,kevin-durant,7,F,6-10,240,"SEP 29, 1988",31.0,12,Texas,201142,,Brooklyn Nets,2019
1610612751,2019,00,Tyler Johnson,Tyler,tyler-johnson,8,G,6-3,186,"MAY 07, 1992",28.0,5,Fresno State,204020,,Brooklyn Nets,2019
1610612751,2019,00,Timothe Luwawu-Cabarrot,Timothe,timothe-luwawu-cabarrot,9,G-F,6-7,220,"MAY 09, 1995",25.0,3,Mega Basket,1627789,,Brooklyn Nets,2019
1610612751,2019,00,Justin Anderson,Justin,justin-anderson,10,F-G,6-5,231,"NOV 19, 1993",26.0,4,Virginia,1626147,,Brooklyn Nets,2019
1610612751,2019,00,Kyrie Irving,Kyrie,kyrie-irving,11,G,6-2,195,"MAR 23, 1992",28.0,8,Duke,202681,,Brooklyn Nets,2019
1610612751,2019,00,Joe Harris,Joe,joe-harris,12,G-F,6-6,220,"SEP 06, 1991",28.0,5,Virginia,203925,,Brooklyn Nets,2019
1610612751,2019,00,Dzanan Musa,Dzanan,dzanan-musa,13,G-F,6-9,217,"MAY 08, 1999",21.0,1,Cedevita,1629058,,Brooklyn Nets,2019
1610612751,2019,00,Garrett Temple,Garrett,garrett-temple,17,G-F,6-5,195,"MAY 08, 1986",34.0,9,Louisiana State,202066,,Brooklyn Nets,2019
1610612751,2019,00,Wilson Chandler,Wilson,wilson-chandler,21,F,6-8,235,"MAY 10, 1987",33.0,11,DePaul,201163,,Brooklyn Nets,2019
1610612751,2019,00,Caris LeVert,Caris,caris-levert,22,G,6-6,205,"AUG 25, 1994",25.0,3,Michigan,1627747,,Brooklyn Nets,2019
1610612751,2019,00,Spencer Dinwiddie,Spencer,spencer-dinwiddie,26,G,6-5,215,"APR 06, 1993",27.0,5,Colorado,203915,,Brooklyn Nets,2019
1610612751,2019,00,Jarrett Allen,Jarrett,jarrett-allen,31,C,6-11,243,"APR 21, 1998",22.0,2,Texas,1628386,,Brooklyn Nets,2019
1610612751,2019,00,Nic Claxton,Nic,nic-claxton,33,F-C,6-11,215,"APR 17, 1999",21.0,R,Georgia,1629651,#31 Pick in 2019 Draft,Brooklyn Nets,2019
1610612751,2019,00,Lance Thomas,Lance,lance-thomas,42,F,6-8,225,"APR 24, 1988",32.0,8,Duke,202498,,Brooklyn Nets,2019
1610612751,2019,00,Donta Hall,Donta,donta-hall,45,F,6-9,229,"AUG 07, 1997",22.0,R,Alabama,1629743,,Brooklyn Nets,2019
1610612751,2020,00,Reggie Perry,Reggie,reggie-perry,0,F-C,6-8,250,"MAR 21, 2000",21.0,R,Mississippi State,1629617,,Brooklyn Nets,2020
1610612751,2020,00,Bruce Brown,Bruce,bruce-brown,1,G-F,6-4,202,"AUG 15, 1996",24.0,2,Miami,1628971,,Brooklyn Nets,2020
1610612751,2020,00,Blake Griffin,Blake,blake-griffin,2,F,6-9,250,"MAR 16, 1989",32.0,10,Oklahoma,201933,,Brooklyn Nets,2020
1610612751,2020,00,Chris Chiozza,Chris,chris-chiozza,4,G,5-11,175,"NOV 21, 1995",25.0,2,Florida,1629185,,Brooklyn Nets,2020
1610612751,2020,00,DeAndre Jordan,DeAndre,deandre-jordan,6,C,6-11,265,"JUL 21, 1988",32.0,12,Texas A&M,201599,,Brooklyn Nets,2020
1610612751,2020,00,Kevin Durant,Kevin,kevin-durant,7,F,6-10,240,"SEP 29, 1988",32.0,13,Texas,201142,,Brooklyn Nets,2020
1610612751,2020,00,Jeff Green,Jeff,jeff-green,8,F,6-8,235,"AUG 28, 1986",34.0,13,Georgetown,201145,,Brooklyn Nets,2020
1610612751,2020,00,Timothe Luwawu-Cabarrot,Timothe,timothe-luwawu-cabarrot,9,G-F,6-7,220,"MAY 09, 1995",26.0,4,Mega Basket,1627789,,Brooklyn Nets,2020
1610612751,2020,00,Tyler Johnson,Tyler,tyler-johnson,10,G,6-3,186,"MAY 07, 1992",29.0,6,Fresno State,204020,,Brooklyn Nets,2020
1610612751,2020,00,Kyrie Irving,Kyrie,kyrie-irving,11,G,6-2,195,"MAR 23, 1992",29.0,9,Duke,202681,,Brooklyn Nets,2020
1610612751,2020,00,Joe Harris,Joe,joe-harris,12,G-F,6-6,220,"SEP 06, 1991",29.0,6,Virginia,203925,,Brooklyn Nets,2020
1610612751,2020,00,James Harden,James,james-harden,13,G,6-5,220,"AUG 26, 1989",31.0,11,Arizona State,201935,,Brooklyn Nets,2020
1610612751,2020,00,Landry Shamet,Landry,landry-shamet,20,G,6-4,190,"MAR 13, 1997",24.0,2,Wichita State,1629013,,Brooklyn Nets,2020
1610612751,2020,00,Alize Johnson,Alize,alize-johnson,24,F,6-7,212,"APR 22, 1996",25.0,2,Missouri State,1628993,,Brooklyn Nets,2020
1610612751,2020,00,Spencer Dinwiddie,Spencer,spencer-dinwiddie,26,G,6-5,215,"APR 06, 1993",28.0,6,Colorado,203915,,Brooklyn Nets,2020
1610612751,2020,00,Nic Claxton,Nic,nic-claxton,33,F-C,6-11,215,"APR 17, 1999",22.0,1,Georgia,1629651,#31 Pick in 2019 Draft,Brooklyn Nets,2020
1610612751,2020,00,Mike James,Mike,mike-james,55,G,6-1,175,"AUG 18, 1990",30.0,1,Lamar,1628455,,Brooklyn Nets,2020
1610612751,2021,00,Andre Drummond,Andre,andre-drummond,0,C,6-10,279,"AUG 10, 1993",28.0,9,Connecticut,203083,,Brooklyn Nets,2021
1610612751,2021,00,Bruce Brown,Bruce,bruce-brown,1,G-F,6-4,202,"AUG 15, 1996",25.0,3,Miami,1628971,,Brooklyn Nets,2021
1610612751,2021,00,Blake Griffin,Blake,blake-griffin,2,F,6-9,250,"MAR 16, 1989",33.0,11,Oklahoma,201933,,Brooklyn Nets,2021
1610612751,2021,00,David Duke Jr.,David,david-duke-jr,6,G,6-4,204,"OCT 13, 1999",22.0,R,Providence,1630561,,Brooklyn Nets,2021
1610612751,2021,00,Kevin Durant,Kevin,kevin-durant,7,F,6-10,240,"SEP 29, 1988",33.0,14,Texas,201142,,Brooklyn Nets,2021
1610612751,2021,00,Patty Mills,Patty,patty-mills,8,G,6-0,180,"AUG 11, 1988",33.0,12,St. Mary's,201988,,Brooklyn Nets,2021
1610612751,2021,00,Goran Dragic,Goran,goran-dragic,9,G,6-3,190,"MAY 06, 1986",36.0,13,Union Olimpija,201609,,Brooklyn Nets,2021
1610612751,2021,00,Ben Simmons,Ben,ben-simmons,10,G-F,6-11,240,"JUL 20, 1996",25.0,4,Louisiana State,1627732,,Brooklyn Nets,2021
1610612751,2021,00,Kyrie Irving,Kyrie,kyrie-irving,11,G,6-2,195,"MAR 23, 1992",30.0,10,Duke,202681,,Brooklyn Nets,2021
1610612751,2021,00,Joe Harris,Joe,joe-harris,12,G-F,6-6,220,"SEP 06, 1991",30.0,7,Virginia,203925,,Brooklyn Nets,2021
1610612751,2021,00,Kessler Edwards,Kessler,kessler-edwards,14,F,6-7,203,"AUG 09, 2000",21.0,R,Pepperdine,1630556,,Brooklyn Nets,2021
1610612751,2021,00,Day'Ron Sharpe,Day'Ron,dayron-sharpe,20,F,6-9,265,"NOV 06, 2001",20.0,R,North Carolina,1630549,Draft Rights Traded from PHX on 08/06/21,Brooklyn Nets,2021
1610612751,2021,00,LaMarcus Aldridge,LaMarcus,lamarcus-aldridge,21,C-F,6-11,250,"JUL 19, 1985",36.0,15,University of Texas at Austin,200746,,Brooklyn Nets,2021
1610612751,2021,00,Cam Thomas,Cam,cam-thomas,24,G,6-3,210,"OCT 13, 2001",20.0,R,Louisiana State,1630560,#27 Pick in 2021 Draft,Brooklyn Nets,2021
1610612751,2021,00,Seth Curry,Seth,seth-curry,30,G,6-2,185,"AUG 23, 1990",31.0,8,Duke,203552,,Brooklyn Nets,2021
1610612751,2021,00,Nic Claxton,Nic,nic-claxton,33,F-C,6-11,215,"APR 17, 1999",23.0,2,Georgia,1629651,#31 Pick in 2019 Draft,Brooklyn Nets,2021
1610612751,2022,00,Royce O'Neale,Royce,royce-oneale,00,F,6-6,226,"JUN 05, 1993",30.0,5,Baylor,1626220,,Brooklyn Nets,2022
1610612751,2022,00,RaiQuan Gray,RaiQuan,raiquan-gray,0,F,6-7,269,"JUL 07, 1999",23.0,R,Florida State,1630564,,Brooklyn Nets,2022
1610612751,2022,00,Mikal Bridges,Mikal,mikal-bridges,1,G-F,6-6,209,"AUG 30, 1996",26.0,4,Villanova,1628969,,Brooklyn Nets,2022
1610612751,2022,00,Cameron Johnson,Cameron,cameron-johnson,2,F,6-8,210,"MAR 03, 1996",27.0,3,North Carolina,1629661,,Brooklyn Nets,2022
1610612751,2022,00,Edmond Sumner,Edmond,edmond-sumner,4,G,6-4,196,"DEC 31, 1995",27.0,4,Xavier,1628410,,Brooklyn Nets,2022
1610612751,2022,00,David Duke Jr.,David,david-duke-jr,6,G,6-4,204,"OCT 13, 1999",23.0,1,Providence,1630561,,Brooklyn Nets,2022
1610612751,2022,00,Patty Mills,Patty,patty-mills,8,G,6-0,180,"AUG 11, 1988",34.0,13,St. Mary's,201988,,Brooklyn Nets,2022
1610612751,2022,00,Dru Smith,Dru,dru-smith,9,G,6-3,203,"DEC 30, 1997",25.0,R,Missouri,1630696,,Brooklyn Nets,2022
1610612751,2022,00,Ben Simmons,Ben,ben-simmons,10,G-F,6-10,240,"JUL 20, 1996",26.0,5,Louisiana State,1627732,,Brooklyn Nets,2022
1610612751,2022,00,Joe Harris,Joe,joe-harris,12,G-F,6-6,220,"SEP 06, 1991",31.0,8,Virginia,203925,,Brooklyn Nets,2022
1610612751,2022,00,Yuta Watanabe,Yuta,yuta-watanabe,18,G-F,6-8,215,"OCT 13, 1994",28.0,4,George Washington,1629139,,Brooklyn Nets,2022
1610612751,2022,00,Day'Ron Sharpe,Day'Ron,dayron-sharpe,20,C,6-9,265,"NOV 06, 2001",21.0,1,North Carolina,1630549,Draft Rights Traded from PHX on 08/06/21,Brooklyn Nets,2022
1610612751,2022,00,Cam Thomas,Cam,cam-thomas,24,G,6-3,210,"OCT 13, 2001",21.0,1,Louisiana State,1630560,#27 Pick in 2021 Draft,Brooklyn Nets,2022
1610612751,2022,00,Spencer Dinwiddie,Spencer,spencer-dinwiddie,26,G,6-5,215,"APR 06, 1993",30.0,8,Colorado,203915,,Brooklyn Nets,2022
1610612751,2022,00,Dorian Finney-Smith,Dorian,dorian-finney-smith,28,F,6-7,220,"MAY 04, 1993",30.0,6,Florida,1627827,,Brooklyn Nets,2022
1610612751,2022,00,Seth Curry,Seth,seth-curry,30,G,6-1,185,"AUG 23, 1990",32.0,9,Duke,203552,,Brooklyn Nets,2022
1610612751,2022,00,Nic Claxton,Nic,nic-claxton,33,C,6-11,215,"APR 17, 1999",24.0,3,Georgia,1629651,#31 Pick in 2019 Draft,Brooklyn Nets,2022
1610612751,2023,00,Dariq Whitehead,Dariq,dariq-whitehead,0,F,6-6,220,"AUG 01, 2004",19.0,R,Duke,1641727,#22 Pick in 2023 Draft,Brooklyn Nets,2023
1610612751,2023,00,Mikal Bridges,Mikal,mikal-bridges,1,G-F,6-6,209,"AUG 30, 1996",27.0,5,Villanova,1628969,,Brooklyn Nets,2023
1610612751,2023,00,Cameron Johnson,Cameron,cameron-johnson,2,F,6-8,210,"MAR 03, 1996",28.0,4,North Carolina,1629661,,Brooklyn Nets,2023
1610612751,2023,00,Dennis Smith Jr.,Dennis,dennis-smith-jr,4,G,6-3,205,"NOV 25, 1997",26.0,6,North Carolina State,1628372,,Brooklyn Nets,2023
1610612751,2023,00,Lonnie Walker IV,Lonnie,lonnie-walker-iv,8,G-F,6-4,204,"DEC 14, 1998",25.0,5,Miami,1629022,,Brooklyn Nets,2023
1610612751,2023,00,Trendon Watford,Trendon,trendon-watford,9,F,6-8,237,"NOV 09, 2000",23.0,2,Louisiana State,1630570,,Brooklyn Nets,2023
1610612751,2023,00,Ben Simmons,Ben,ben-simmons,10,G-F,6-10,240,"JUL 20, 1996",27.0,6,Louisiana State,1627732,,Brooklyn Nets,2023
1610612751,2023,00,Keita Bates-Diop,Keita,keita-bates-diop,13,F,6-8,229,"JAN 23, 1996",28.0,5,Ohio State,1628966,,Brooklyn Nets,2023
1610612751,2023,00,Jacob Gilyard,Jacob,jacob-gilyard,14,G,5-8,160,"JUL 14, 1998",25.0,1,Richmond,1631367,,Brooklyn Nets,2023
1610612751,2023,00,Jaylen Martin,Jaylen,jaylen-martin,16,G,6-6,216,"JAN 28, 2004",20.0,R,Overtime Elite,1641798,,Brooklyn Nets,2023
1610612751,2023,00,Dennis Schröder,Dennis,dennis-schröder,17,G,6-1,175,"SEP 15, 1993",30.0,10,Braunschweig,203471,,Brooklyn Nets,2023
1610612751,2023,00,Day'Ron Sharpe,Day'Ron,dayron-sharpe,20,C,6-9,265,"NOV 06, 2001",22.0,2,North Carolina,1630549,Draft Rights Traded from PHX on 08/06/21,Brooklyn Nets,2023
1610612751,2023,00,Noah Clowney,Noah,noah-clowney,21,F,6-9,210,"JUL 14, 2004",19.0,R,Alabama,1641730,#21 Pick in 2023 Draft,Brooklyn Nets,2023
1610612751,2023,00,Jalen Wilson,Jalen,jalen-wilson,22,F,6-6,220,"NOV 04, 2000",23.0,R,Kansas,1630592,#51 Pick in 2023 Draft,Brooklyn Nets,2023
1610612751,2023,00,Cam Thomas,Cam,cam-thomas,24,G,6-3,210,"OCT 13, 2001",22.0,2,Louisiana State,1630560,#27 Pick in 2021 Draft,Brooklyn Nets,2023
1610612751,2023,00,Dorian Finney-Smith,Dorian,dorian-finney-smith,28,F,6-7,220,"MAY 04, 1993",31.0,7,Florida,1627827,,Brooklyn Nets,2023
1610612751,2023,00,Nic Claxton,Nic,nic-claxton,33,C,6-11,215,"APR 17, 1999",25.0,4,Georgia,1629651,#31 Pick in 2019 Draft,Brooklyn Nets,2023
1610612751,2023,00,Keon Johnson,Keon,keon-johnson,45,G,6-5,185,"MAR 10, 2002",22.0,2,Tennessee,1630553,,Brooklyn Nets,2023
1610612751,2024,00,Dariq Whitehead,Dariq,dariq-whitehead,0,G-F,6-6,220,"AUG 01, 2004",20.0,1,Duke,1641727,#22 Pick in 2023 Draft,Brooklyn Nets,2024
1610612751,2024,00,D'Angelo Russell,D'Angelo,dangelo-russell,1,G,6-3,193,"FEB 23, 1996",29.0,9,Ohio State,1626156,,Brooklyn Nets,2024
1610612751,2024,00,Cameron Johnson,Cameron,cameron-johnson,2,F,6-8,210,"MAR 03, 1996",29.0,5,North Carolina,1629661,,Brooklyn Nets,2024
1610612751,2024,00,Reece Beekman,Reece,reece-beekman,4,G,6-3,190,"OCT 08, 2001",23.0,R,Virginia,1641736,,Brooklyn Nets,2024
1610612751,2024,00,Ziaire Williams,Ziaire,ziaire-williams,8,F,6-9,185,"SEP 12, 2001",23.0,3,Stanford,1630533,Traded from MEM on 07/19/24,Brooklyn Nets,2024
1610612751,2024,00,Trendon Watford,Trendon,trendon-watford,9,G-F,6-8,237,"NOV 09, 2000",24.0,3,Louisiana State,1630570,,Brooklyn Nets,2024
1610612751,2024,00,Tyson Etienne,Tyson,tyson-etienne,10,G,6-2,200,"SEP 17, 1999",25.0,R,Wichita State,1630623,Signed on 09/10/24,Brooklyn Nets,2024
1610612751,2024,00,Tosan Evbuomwan,Tosan,tosan-evbuomwan,12,F,6-7,217,"FEB 16, 2001",24.0,1,Princeton,1641787,,Brooklyn Nets,2024
1610612751,2024,00,Tyrese Martin,Tyrese,tyrese-martin,13,F,6-6,215,"MAR 07, 1999",26.0,1,Connecticut,1631213,Signed on 09/20/24,Brooklyn Nets,2024
1610612751,2024,00,De'Anthony Melton,De'Anthony,deanthony-melton,14,G,6-3,200,"MAY 28, 1998",27.0,6,Southern California,1629001,,Brooklyn Nets,2024
1610612751,2024,00,Day'Ron Sharpe,Day'Ron,dayron-sharpe,20,C,6-9,265,"NOV 06, 2001",23.0,3,North Carolina,1630549,Draft Rights Traded from PHX on 08/06/21,Brooklyn Nets,2024
1610612751,2024,00,Noah Clowney,Noah,noah-clowney,21,F-C,6-9,210,"JUL 14, 2004",20.0,1,Alabama,1641730,#21 Pick in 2023 Draft,Brooklyn Nets,2024
1610612751,2024,00,Jalen Wilson,Jalen,jalen-wilson,22,F,6-6,220,"NOV 04, 2000",24.0,1,Kansas,1630592,#51 Pick in 2023 Draft,Brooklyn Nets,2024
1610612751,2024,00,Cam Thomas,Cam,cam-thomas,24,G,6-3,210,"OCT 13, 2001",23.0,3,Louisiana State,1630560,#27 Pick in 2021 Draft,Brooklyn Nets,2024
1610612751,2024,00,Drew Timme,Drew,drew-timme,26,F,6-10,235,"SEP 09, 2000",24.0,R,Gonzaga,1631166,Signed on 03/28/25,Brooklyn Nets,2024
1610612751,2024,00,Maxwell Lewis,Maxwell,maxwell-lewis,27,F,6-7,215,"JUL 27, 2002",22.0,1,Pepperdine,1641721,,Brooklyn Nets,2024
1610612751,2024,00,Nic Claxton,Nic,nic-claxton,33,C,6-11,215,"APR 17, 1999",26.0,5,Georgia,1629651,#31 Pick in 2019 Draft,Brooklyn Nets,2024
1610612751,2024,00,Keon Johnson,Keon,keon-johnson,45,G,6-5,185,"MAR 10, 2002",23.0,3,Tennessee,1630553,,Brooklyn Nets,2024
1610612751,2025,00,Trevon Scott,Trevon,trevon-scott,,F,6-8,225,"NOV 25, 1996",28.0,1,Cincinnati,1630286,Signed on 10/13/25,Brooklyn Nets,2025
1610612751,2025,00,Malachi Smith,Malachi,malachi-smith,,G,6-4,205,"DEC 06, 1999",25.0,R,Gonzaga,1641869,Signed on 10/14/25,Brooklyn Nets,2025
1610612751,2025,00,Terry Roberts,Terry,terry-roberts,,G,6-3,180,"SEP 07, 2000",25.0,R,Georgia,1642011,Signed on 10/13/25,Brooklyn Nets,2025
1610612751,2025,00,Ziaire Williams,Ziaire,ziaire-williams,1,F,6-9,185,"SEP 12, 2001",24.0,4,Stanford,1630533,Traded from MEM on 07/19/24,Brooklyn Nets,2025
1610612751,2025,00,Danny Wolf,Danny,danny-wolf,2,F,6-11,250,"MAY 05, 2004",21.0,R,Michigan,1642874,#27 Pick in 2025 Draft,Brooklyn Nets,2025
1610612751,2025,00,Drake Powell,Drake,drake-powell,4,G-F,6-5,195,"SEP 08, 2005",20.0,R,North Carolina,1642962,Draft Rights Traded from ATL on 07/07/25,Brooklyn Nets,2025
1610612751,2025,00,Haywood Highsmith,Haywood,haywood-highsmith,7,F,6-5,220,"DEC 09, 1996",28.0,5,Wheeling Jesuit,1629312,Traded from MIA on 08/15/25,Brooklyn Nets,2025
1610612751,2025,00,Egor Dëmin,Egor,egor-dëmin,8,G,6-8,200,"MAR 03, 2006",19.0,R,Brigham Young,1642856,#8 Pick in 2025 Draft,Brooklyn Nets,2025
1610612751,2025,00,E.J. Liddell,E.J.,ej-liddell,9,F,6-6,240,"DEC 18, 2000",24.0,2,Ohio State,1630604,Signed on 09/03/25,Brooklyn Nets,2025
1610612751,2025,00,Tyson Etienne,Tyson,tyson-etienne,10,G,6-0,200,"SEP 17, 1999",26.0,1,Wichita State,1630623,Signed on 09/10/24,Brooklyn Nets,2025
1610612751,2025,00,Zeng Fanbo,Zeng,zeng-fanbo,12,F,6-10,199,"JAN 11, 2003",22.0,R,NBA G League Ignite,1630855,Signed on 09/22/25,Brooklyn Nets,2025
1610612751,2025,00,Tyrese Martin,Tyrese,tyrese-martin,13,F,6-6,215,"MAR 07, 1999",26.0,2,Connecticut,1631213,Signed on 09/20/24,Brooklyn Nets,2025
1610612751,2025,00,Terance Mann,Terance,terance-mann,14,G-F,6-6,215,"OCT 18, 1996",28.0,6,Florida State,1629611,Traded from ATL on 07/07/25,Brooklyn Nets,2025
1610612751,2025,00,Michael Porter Jr.,Michael,michael-porter-jr,17,F,6-10,218,"JUN 29, 1998",27.0,6,Missouri,1629008,Traded from DEN on 07/08/25,Brooklyn Nets,2025
1610612751,2025,00,Day'Ron Sharpe,Day'Ron,dayron-sharpe,20,C,6-10,265,"NOV 06, 2001",23.0,4,North Carolina,1630549,Draft Rights Traded from PHX on 08/06/21,Brooklyn Nets,2025
1610612751,2025,00,Noah Clowney,Noah,noah-clowney,21,F-C,6-10,210,"JUL 14, 2004",21.0,2,Alabama,1641730,#21 Pick in 2023 Draft,Brooklyn Nets,2025
1610612751,2025,00,Jalen Wilson,Jalen,jalen-wilson,22,F,6-6,220,"NOV 04, 2000",24.0,2,Kansas,1630592,#51 Pick in 2023 Draft,Brooklyn Nets,2025
1610612751,2025,00,Cam Thomas,Cam,cam-thomas,24,G,6-3,210,"OCT 13, 2001",24.0,4,Louisiana State,1630560,#27 Pick in 2021 Draft,Brooklyn Nets,2025
1610612751,2025,00,Nic Claxton,Nic,nic-claxton,33,C,6-11,215,"APR 17, 1999",26.0,6,Georgia,1629651,#31 Pick in 2019 Draft,Brooklyn Nets,2025
1610612751,2025,00,Kobe Bufkin,Kobe,kobe-bufkin,44,G,6-4,195,"SEP 21, 2003",22.0,2,Michigan,1641723,Traded from ATL on 09/16/25,Brooklyn Nets,2025
1610612751,2025,00,Ben Saraf,Ben,ben-saraf,77,G,6-6,200,"APR 14, 2006",19.0,R,Ratiopharm Ulm,1642879,#26 Pick in 2025 Draft,Brooklyn Nets,2025
1610612751,2025,00,Nolan Traore,Nolan,nolan-traore,88,G,6-3,185,"MAY 28, 2006",19.0,R,Saint-Quentin,1642849,#19 Pick in 2025 Draft,Brooklyn Nets,2025
1610612752,2015,00,Kevin Seraphin,Kevin,kevin-seraphin,1,F-C,6-10,278,"DEC 07, 1989",26.0,5,Cholet,202338,,New York Knicks,2015
1610612752,2015,00,Langston Galloway,Langston,langston-galloway,2,G,6-2,200,"DEC 09, 1991",24.0,1,St. Joseph's (PA),204038,,New York Knicks,2015
1610612752,2015,00,Jose Calderon,Jose,jose-calderon,3,G,6-3,200,"SEP 28, 1981",34.0,10,Tau Ceramica,101181,,New York Knicks,2015
1610612752,2015,00,Arron Afflalo,Arron,arron-afflalo,4,G,6-5,210,"OCT 15, 1985",30.0,8,UCLA,201167,,New York Knicks,2015
1610612752,2015,00,Tony Wroten,Tony,tony-wroten,5,G,6-6,205,"APR 13, 1993",23.0,3,Washington,203100,,New York Knicks,2015
1610612752,2015,00,Kristaps Porziņģis,Kristaps,kristaps-porziņģis,6,F-C,7-3,240,"AUG 02, 1995",20.0,R,Cajasol Sevilla,204001,,New York Knicks,2015
1610612752,2015,00,Carmelo Anthony,Carmelo,carmelo-anthony,7,F,6-8,240,"MAY 29, 1984",32.0,12,Syracuse,2546,,New York Knicks,2015
1610612752,2015,00,Robin Lopez,Robin,robin-lopez,8,C,7-0,255,"APR 01, 1988",28.0,7,Stanford,201577,,New York Knicks,2015
1610612752,2015,00,Kyle O'Quinn,Kyle,kyle-oquinn,9,F-C,6-10,250,"MAR 26, 1990",26.0,3,Norfolk State,203124,,New York Knicks,2015
1610612752,2015,00,Cleanthony Early,Cleanthony,cleanthony-early,11,F,6-8,210,"APR 17, 1991",25.0,1,Wichita State,203921,,New York Knicks,2015
1610612752,2015,00,Jerian Grant,Jerian,jerian-grant,13,G,6-4,195,"OCT 09, 1992",23.0,R,Notre Dame,1626170,,New York Knicks,2015
1610612752,2015,00,Lou Amundson,Lou,lou-amundson,17,F,6-9,220,"DEC 07, 1982",33.0,9,UNLV,200811,,New York Knicks,2015
1610612752,2015,00,Sasha Vujacic,Sasha,sasha-vujacic,18,G,6-7,195,"MAR 08, 1984",32.0,8,Udine,2756,,New York Knicks,2015
1610612752,2015,00,Derrick Williams,Derrick,derrick-williams,23,F,6-8,240,"MAY 25, 1991",25.0,4,Arizona,202682,,New York Knicks,2015
1610612752,2015,00,Lance Thomas,Lance,lance-thomas,42,F,6-8,235,"APR 24, 1988",28.0,4,Duke,202498,,New York Knicks,2015
1610612752,2016,00,Maurice Ndour,Maurice,maurice-ndour,2,F,6-9,200,"JUN 18, 1992",25.0,R,Ohio,1626254,,New York Knicks,2016
1610612752,2016,00,Chasson Randle,Chasson,chasson-randle,4,G,6-2,185,"FEB 05, 1993",24.0,R,Stanford,1626184,,New York Knicks,2016
1610612752,2016,00,Courtney Lee,Courtney,courtney-lee,5,G,6-5,200,"OCT 03, 1985",31.0,8,Western Kentucky,201584,,New York Knicks,2016
1610612752,2016,00,Kristaps Porziņģis,Kristaps,kristaps-porziņģis,6,F,7-3,240,"AUG 02, 1995",21.0,1,Cajasol Sevilla,204001,,New York Knicks,2016
1610612752,2016,00,Carmelo Anthony,Carmelo,carmelo-anthony,7,F,6-8,240,"MAY 29, 1984",33.0,13,Syracuse,2546,,New York Knicks,2016
1610612752,2016,00,Justin Holiday,Justin,justin-holiday,8,G,6-6,185,"APR 05, 1989",28.0,3,Washington,203200,,New York Knicks,2016
1610612752,2016,00,Kyle O'Quinn,Kyle,kyle-oquinn,9,C-F,6-10,250,"MAR 26, 1990",27.0,4,Norfolk State,203124,,New York Knicks,2016
1610612752,2016,00,Joakim Noah,Joakim,joakim-noah,13,C,6-11,230,"FEB 25, 1985",32.0,9,Florida,201149,,New York Knicks,2016
1610612752,2016,00,Willy Hernangomez,Willy,willy-hernangomez,14,C,6-11,240,"MAY 27, 1994",23.0,R,Cajasol Sevilla,1626195,,New York Knicks,2016
1610612752,2016,00,Sasha Vujacic,Sasha,sasha-vujacic,18,G,6-7,195,"MAR 08, 1984",33.0,9,Udine,2756,,New York Knicks,2016
1610612752,2016,00,Derrick Rose,Derrick,derrick-rose,25,G,6-3,190,"OCT 04, 1988",28.0,7,Memphis,201565,,New York Knicks,2016
1610612752,2016,00,Ron Baker,Ron,ron-baker,31,G,6-4,220,"MAR 30, 1993",24.0,R,Wichita State,1627758,,New York Knicks,2016
1610612752,2016,00,Marshall Plumlee,Marshall,marshall-plumlee,40,C,7-0,250,"JUL 14, 1992",24.0,R,Duke,1627850,,New York Knicks,2016
1610612752,2016,00,Lance Thomas,Lance,lance-thomas,42,F,6-8,235,"APR 24, 1988",29.0,5,Duke,202498,,New York Knicks,2016
1610612752,2016,00,Mindaugas Kuzminskas,Mindaugas,mindaugas-kuzminskas,91,F,6-9,215,"OCT 19, 1989",27.0,R,Malaga,1627851,,New York Knicks,2016
1610612752,2017,00,Enes Freedom,Enes,enes-freedom,00,C,6-11,245,"MAY 20, 1992",26.0,6,Fenerbahce,202683,,New York Knicks,2017
1610612752,2017,00,Troy Williams,Troy,troy-williams,0,F,6-7,218,"DEC 30, 1994",23.0,1,Indiana,1627786,,New York Knicks,2017
1610612752,2017,00,Emmanuel Mudiay,Emmanuel,emmanuel-mudiay,1,G,6-5,200,"MAR 05, 1996",22.0,2,Guangdong,1626144,,New York Knicks,2017
1610612752,2017,00,Luke Kornet,Luke,luke-kornet,2,F-C,7-1,250,"JUL 15, 1995",22.0,R,Vanderbilt,1628436,,New York Knicks,2017
1610612752,2017,00,Tim Hardaway Jr.,Tim,tim-hardaway-jr,3,F-G,6-6,205,"MAR 16, 1992",26.0,4,Michigan,203501,,New York Knicks,2017
1610612752,2017,00,Isaiah Hicks,Isaiah,isaiah-hicks,4,F,6-9,242,"JUL 24, 1994",23.0,R,North Carolina,1628439,,New York Knicks,2017
1610612752,2017,00,Courtney Lee,Courtney,courtney-lee,5,G,6-5,200,"OCT 03, 1985",32.0,9,Western Kentucky,201584,,New York Knicks,2017
1610612752,2017,00,Kristaps Porziņģis,Kristaps,kristaps-porziņģis,6,F-C,7-3,240,"AUG 02, 1995",22.0,2,Cajasol Sevilla,204001,,New York Knicks,2017
1610612752,2017,00,Michael Beasley,Michael,michael-beasley,8,F,6-9,235,"JAN 09, 1989",29.0,9,Kansas State,201563,,New York Knicks,2017
1610612752,2017,00,Kyle O'Quinn,Kyle,kyle-oquinn,9,C-F,6-10,250,"MAR 26, 1990",28.0,5,Norfolk State,203124,,New York Knicks,2017
1610612752,2017,00,Frank Ntilikina,Frank,frank-ntilikina,11,G,6-5,190,"JUL 28, 1998",19.0,R,Strasbourg IG,1628373,,New York Knicks,2017
1610612752,2017,00,Joakim Noah,Joakim,joakim-noah,13,C,6-11,230,"FEB 25, 1985",33.0,10,Florida,201149,,New York Knicks,2017
1610612752,2017,00,Damyean Dotson,Damyean,damyean-dotson,21,G,6-5,210,"MAY 06, 1994",24.0,R,Houston,1628422,,New York Knicks,2017
1610612752,2017,00,Trey Burke,Trey,trey-burke,23,G,6-1,191,"NOV 12, 1992",25.0,4,Michigan,203504,,New York Knicks,2017
1610612752,2017,00,Ron Baker,Ron,ron-baker,31,G,6-4,220,"MAR 30, 1993",25.0,1,Wichita State,1627758,,New York Knicks,2017
1610612752,2017,00,Lance Thomas,Lance,lance-thomas,42,F,6-8,235,"APR 24, 1988",30.0,6,Duke,202498,,New York Knicks,2017
1610612752,2017,00,Jarrett Jack,Jarrett,jarrett-jack,55,G,6-3,200,"OCT 28, 1983",34.0,12,Georgia Tech,101127,,New York Knicks,2017
1610612752,2018,00,Kadeem Allen,Kadeem,kadeem-allen,0,G,6-3,200,"JAN 15, 1993",26.0,1,Arizona,1628443,,New York Knicks,2018
1610612752,2018,00,Emmanuel Mudiay,Emmanuel,emmanuel-mudiay,1,G,6-5,200,"MAR 05, 1996",23.0,3,Guangdong,1626144,,New York Knicks,2018
1610612752,2018,00,Luke Kornet,Luke,luke-kornet,2,F-C,7-1,250,"JUL 15, 1995",23.0,1,Vanderbilt,1628436,,New York Knicks,2018
1610612752,2018,00,Billy Garrett,Billy,billy-garrett,3,G-F,6-6,215,"OCT 16, 1994",24.0,R,DePaul,1628656,,New York Knicks,2018
1610612752,2018,00,Isaiah Hicks,Isaiah,isaiah-hicks,4,F,6-9,230,"JUL 24, 1994",24.0,1,North Carolina,1628439,,New York Knicks,2018
1610612752,2018,00,Dennis Smith Jr.,Dennis,dennis-smith-jr,5,G,6-3,195,"NOV 25, 1997",21.0,1,North Carolina State,1628372,,New York Knicks,2018
1610612752,2018,00,DeAndre Jordan,DeAndre,deandre-jordan,6,C,6-11,265,"JUL 21, 1988",30.0,10,Texas A&M,201599,,New York Knicks,2018
1610612752,2018,00,Mario Hezonja,Mario,mario-hezonja,8,F,6-8,225,"FEB 25, 1995",24.0,3,FC Barcelona,1626209,,New York Knicks,2018
1610612752,2018,00,Frank Ntilikina,Frank,frank-ntilikina,11,G,6-6,200,"JUL 28, 1998",20.0,1,Strasbourg IG,1628373,,New York Knicks,2018
1610612752,2018,00,Henry Ellenson,Henry,henry-ellenson,13,F,6-11,245,"JAN 13, 1997",22.0,2,Marquette,1627740,,New York Knicks,2018
1610612752,2018,00,Allonzo Trier,Allonzo,allonzo-trier,14,G,6-5,200,"JAN 17, 1996",23.0,R,Arizona,1629019,,New York Knicks,2018
1610612752,2018,00,Kevin Knox II,Kevin,kevin-knox-ii,20,F,6-9,215,"AUG 11, 1999",19.0,R,Kentucky,1628995,,New York Knicks,2018
1610612752,2018,00,Damyean Dotson,Damyean,damyean-dotson,21,G,6-6,210,"MAY 06, 1994",25.0,1,Houston,1628422,,New York Knicks,2018
1610612752,2018,00,Mitchell Robinson,Mitchell,mitchell-robinson,26,C,7-1,240,"APR 01, 1998",21.0,R,Western Kentucky,1629011,#36 Pick in 2018 Draft,New York Knicks,2018
1610612752,2018,00,John Jenkins,John,john-jenkins,30,G,6-4,215,"MAR 06, 1991",28.0,5,Vanderbilt,203098,,New York Knicks,2018
1610612752,2018,00,Noah Vonleh,Noah,noah-vonleh,32,F,6-9,250,"AUG 24, 1995",23.0,4,Indiana,203943,,New York Knicks,2018
1610612752,2018,00,Lance Thomas,Lance,lance-thomas,42,F,6-8,240,"APR 24, 1988",31.0,7,Duke,202498,,New York Knicks,2018
1610612752,2019,00,Bobby Portis,Bobby,bobby-portis,1,F,6-10,250,"FEB 10, 1995",25.0,4,Arkansas,1626171,,New York Knicks,2019
1610612752,2019,00,Theo Pinson,Theo,theo-pinson,1,G-F,6-5,212,"NOV 05, 1995",24.0,1,North Carolina,1629033,,New York Knicks,2019
1610612752,2019,00,Wayne Ellington,Wayne,wayne-ellington,2,G,6-4,207,"NOV 29, 1987",32.0,10,North Carolina,201961,,New York Knicks,2019
1610612752,2019,00,Maurice Harkless,Maurice,maurice-harkless,3,F-G,6-7,220,"MAY 11, 1993",27.0,7,"St. John's, N.Y.",203090,,New York Knicks,2019
1610612752,2019,00,Dennis Smith Jr.,Dennis,dennis-smith-jr,5,G,6-2,205,"NOV 25, 1997",22.0,2,North Carolina State,1628372,,New York Knicks,2019
1610612752,2019,00,Elfrid Payton,Elfrid,elfrid-payton,6,G,6-3,195,"FEB 22, 1994",26.0,5,Louisana-Lafayette,203901,,New York Knicks,2019
1610612752,2019,00,RJ Barrett,RJ,rj-barrett,9,F-G,6-6,214,"JUN 14, 2000",20.0,R,Duke,1629628,,New York Knicks,2019
1610612752,2019,00,Frank Ntilikina,Frank,frank-ntilikina,11,G,6-4,200,"JUL 28, 1998",21.0,2,Strasbourg IG,1628373,,New York Knicks,2019
1610612752,2019,00,Jared Harper,Jared,jared-harper,12,G,5-10,175,"SEP 14, 1997",22.0,R,Auburn,1629607,,New York Knicks,2019
1610612752,2019,00,Ignas Brazdeikis,Ignas,ignas-brazdeikis,17,F,6-6,221,"JAN 08, 1999",21.0,R,Michigan,1629649,,New York Knicks,2019
1610612752,2019,00,Kevin Knox II,Kevin,kevin-knox-ii,20,F,6-7,215,"AUG 11, 1999",20.0,1,Kentucky,1628995,,New York Knicks,2019
1610612752,2019,00,Damyean Dotson,Damyean,damyean-dotson,21,G,6-5,210,"MAY 06, 1994",26.0,2,Houston,1628422,,New York Knicks,2019
1610612752,2019,00,Mitchell Robinson,Mitchell,mitchell-robinson,23,C-F,7-0,240,"APR 01, 1998",22.0,1,Western Kentucky,1629011,#36 Pick in 2018 Draft,New York Knicks,2019
1610612752,2019,00,Reggie Bullock Jr.,Reggie,reggie-bullock-jr,25,G-F,6-6,205,"MAR 16, 1991",29.0,6,North Carolina,203493,,New York Knicks,2019
1610612752,2019,00,Julius Randle,Julius,julius-randle,30,F-C,6-8,250,"NOV 29, 1994",25.0,5,Kentucky,203944,,New York Knicks,2019
1610612752,2019,00,Kenny Wooten,Kenny,kenny-wooten,45,F,6-8,235,"APR 17, 1998",22.0,R,Oregon,1629624,,New York Knicks,2019
1610612752,2019,00,Taj Gibson,Taj,taj-gibson,67,F,6-9,232,"JUN 24, 1985",35.0,10,Southern California,201959,,New York Knicks,2019
1610612752,2020,00,Luca Vildoza,Luca,luca-vildoza,,G,6-3,190,"AUG 11, 1995",25.0,R,Baskonia,1630492,,New York Knicks,2020
1610612752,2020,00,Jared Harper,Jared,jared-harper,0,G,5-10,175,"SEP 14, 1997",23.0,1,Auburn,1629607,,New York Knicks,2020
1610612752,2020,00,Obi Toppin,Obi,obi-toppin,1,F,6-9,220,"MAR 04, 1998",23.0,R,Dayton,1630167,,New York Knicks,2020
1610612752,2020,00,Nerlens Noel,Nerlens,nerlens-noel,3,C-F,6-11,220,"APR 10, 1994",27.0,6,Kentucky,203457,,New York Knicks,2020
1610612752,2020,00,Derrick Rose,Derrick,derrick-rose,4,G,6-2,200,"OCT 04, 1988",32.0,11,Memphis,201565,,New York Knicks,2020
1610612752,2020,00,Immanuel Quickley,Immanuel,immanuel-quickley,5,G,6-3,190,"JUN 17, 1999",22.0,R,Kentucky,1630193,,New York Knicks,2020
1610612752,2020,00,Elfrid Payton,Elfrid,elfrid-payton,6,G,6-3,195,"FEB 22, 1994",27.0,6,Louisana-Lafayette,203901,,New York Knicks,2020
1610612752,2020,00,RJ Barrett,RJ,rj-barrett,9,F-G,6-6,214,"JUN 14, 2000",21.0,1,Duke,1629628,,New York Knicks,2020
1610612752,2020,00,Frank Ntilikina,Frank,frank-ntilikina,11,G,6-4,200,"JUL 28, 1998",22.0,3,Strasbourg IG,1628373,,New York Knicks,2020
1610612752,2020,00,Norvel Pelle,Norvel,norvel-pelle,14,C,6-10,231,"FEB 03, 1993",28.0,1,Iona,203658,,New York Knicks,2020
1610612752,2020,00,Alec Burks,Alec,alec-burks,18,G,6-6,214,"JUL 20, 1991",29.0,9,Colorado,202692,,New York Knicks,2020
1610612752,2020,00,Kevin Knox II,Kevin,kevin-knox-ii,20,F,6-7,215,"AUG 11, 1999",21.0,2,Kentucky,1628995,,New York Knicks,2020
1610612752,2020,00,Theo Pinson,Theo,theo-pinson,21,G-F,6-5,212,"NOV 05, 1995",25.0,2,North Carolina,1629033,,New York Knicks,2020
1610612752,2020,00,Mitchell Robinson,Mitchell,mitchell-robinson,23,C-F,7-0,240,"APR 01, 1998",23.0,2,Western Kentucky,1629011,#36 Pick in 2018 Draft,New York Knicks,2020
1610612752,2020,00,Reggie Bullock Jr.,Reggie,reggie-bullock-jr,25,G-F,6-6,205,"MAR 16, 1991",30.0,7,North Carolina,203493,,New York Knicks,2020
1610612752,2020,00,Julius Randle,Julius,julius-randle,30,F-C,6-8,250,"NOV 29, 1994",26.0,6,Kentucky,203944,,New York Knicks,2020
1610612752,2020,00,Taj Gibson,Taj,taj-gibson,67,F,6-9,232,"JUN 24, 1985",36.0,11,Southern California,201959,,New York Knicks,2020
1610612752,2021,00,Obi Toppin,Obi,obi-toppin,1,F,6-9,220,"MAR 04, 1998",24.0,1,Dayton,1630167,,New York Knicks,2021
1610612752,2021,00,Miles McBride,Miles,miles-mcbride,2,G,6-1,195,"SEP 08, 2000",21.0,R,West Virginia,1630540,Draft Rights Traded from OKC on 07/30/21,New York Knicks,2021
1610612752,2021,00,Nerlens Noel,Nerlens,nerlens-noel,3,C-F,6-11,220,"APR 10, 1994",28.0,7,Kentucky,203457,,New York Knicks,2021
1610612752,2021,00,Derrick Rose,Derrick,derrick-rose,4,G,6-2,200,"OCT 04, 1988",33.0,12,Memphis,201565,,New York Knicks,2021
1610612752,2021,00,Immanuel Quickley,Immanuel,immanuel-quickley,5,G,6-3,190,"JUN 17, 1999",23.0,1,Kentucky,1630193,,New York Knicks,2021
1610612752,2021,00,Quentin Grimes,Quentin,quentin-grimes,6,G,6-4,210,"MAY 08, 2000",22.0,R,Houston,1629656,,New York Knicks,2021
1610612752,2021,00,Kemba Walker,Kemba,kemba-walker,8,G,6-0,184,"MAY 08, 1990",32.0,10,Connecticut,202689,,New York Knicks,2021
1610612752,2021,00,RJ Barrett,RJ,rj-barrett,9,F-G,6-6,214,"JUN 14, 2000",22.0,2,Duke,1629628,,New York Knicks,2021
1610612752,2021,00,Feron Hunt,Feron,feron-hunt,11,F,6-8,195,"JUL 05, 1999",22.0,R,Southern Methodist,1630624,,New York Knicks,2021
1610612752,2021,00,Evan Fournier,Evan,evan-fournier,13,G-F,6-6,205,"OCT 29, 1992",29.0,9,Poitiers Basket 86,203095,,New York Knicks,2021
1610612752,2021,00,Alec Burks,Alec,alec-burks,18,G,6-6,214,"JUL 20, 1991",30.0,10,Colorado,202692,,New York Knicks,2021
1610612752,2021,00,Cam Reddish,Cam,cam-reddish,21,F-G,6-8,217,"SEP 01, 1999",22.0,2,Duke,1629629,,New York Knicks,2021
1610612752,2021,00,Mitchell Robinson,Mitchell,mitchell-robinson,23,C-F,7-0,240,"APR 01, 1998",24.0,3,Western Kentucky,1629011,#36 Pick in 2018 Draft,New York Knicks,2021
1610612752,2021,00,Julius Randle,Julius,julius-randle,30,F-C,6-8,250,"NOV 29, 1994",27.0,7,Kentucky,203944,,New York Knicks,2021
1610612752,2021,00,Jericho Sims,Jericho,jericho-sims,45,C,6-9,250,"OCT 20, 1998",23.0,R,Texas,1630579,,New York Knicks,2021
1610612752,2021,00,Ryan Arcidiacono,Ryan,ryan-arcidiacono,51,G,6-3,195,"MAR 26, 1994",28.0,4,Villanova,1627853,,New York Knicks,2021
1610612752,2021,00,Taj Gibson,Taj,taj-gibson,67,F,6-9,232,"JUN 24, 1985",37.0,12,Southern California,201959,,New York Knicks,2021
1610612752,2022,00,Obi Toppin,Obi,obi-toppin,1,F,6-9,220,"MAR 04, 1998",25.0,2,Dayton,1630167,,New York Knicks,2022
1610612752,2022,00,Miles McBride,Miles,miles-mcbride,2,G,6-2,195,"SEP 08, 2000",22.0,1,West Virginia,1630540,Draft Rights Traded from OKC on 07/30/21,New York Knicks,2022
1610612752,2022,00,Trevor Keels,Trevor,trevor-keels,3,G,6-4,221,"AUG 26, 2003",19.0,R,Duke,1631211,,New York Knicks,2022
1610612752,2022,00,Josh Hart,Josh,josh-hart,3,G,6-4,215,"MAR 06, 1995",28.0,5,Villanova,1628404,Traded from POR on 02/09/23,New York Knicks,2022
1610612752,2022,00,Derrick Rose,Derrick,derrick-rose,4,G,6-3,200,"OCT 04, 1988",34.0,13,Memphis,201565,,New York Knicks,2022
1610612752,2022,00,Duane Washington Jr.,Duane,duane-washington-jr,4,G,6-2,197,"MAR 24, 2000",23.0,1,Ohio State,1630613,,New York Knicks,2022
1610612752,2022,00,Immanuel Quickley,Immanuel,immanuel-quickley,5,G,6-2,190,"JUN 17, 1999",24.0,2,Kentucky,1630193,,New York Knicks,2022
1610612752,2022,00,Quentin Grimes,Quentin,quentin-grimes,6,G,6-5,210,"MAY 08, 2000",23.0,1,Houston,1629656,,New York Knicks,2022
1610612752,2022,00,DaQuan Jeffries,DaQuan,daquan-jeffries,8,G-F,6-5,222,"AUG 30, 1997",25.0,3,Tulsa,1629610,,New York Knicks,2022
1610612752,2022,00,RJ Barrett,RJ,rj-barrett,9,F-G,6-6,214,"JUN 14, 2000",23.0,3,Duke,1629628,,New York Knicks,2022
1610612752,2022,00,Jalen Brunson,Jalen,jalen-brunson,11,G,6-2,190,"AUG 31, 1996",26.0,4,Villanova,1628973,Signed on 07/12/22,New York Knicks,2022
1610612752,2022,00,Evan Fournier,Evan,evan-fournier,13,G-F,6-6,205,"OCT 29, 1992",30.0,10,Poitiers Basket 86,203095,,New York Knicks,2022
1610612752,2022,00,Isaiah Roby,Isaiah,isaiah-roby,18,F,6-8,230,"FEB 03, 1998",25.0,3,Nebraska,1629676,,New York Knicks,2022
1610612752,2022,00,Mitchell Robinson,Mitchell,mitchell-robinson,23,C-F,7-0,240,"APR 01, 1998",25.0,4,Western Kentucky,1629011,#36 Pick in 2018 Draft,New York Knicks,2022
1610612752,2022,00,Julius Randle,Julius,julius-randle,30,F-C,6-8,250,"NOV 29, 1994",28.0,8,Kentucky,203944,,New York Knicks,2022
1610612752,2022,00,Jericho Sims,Jericho,jericho-sims,45,C,6-10,250,"OCT 20, 1998",24.0,1,Texas,1630579,,New York Knicks,2022
1610612752,2022,00,Isaiah Hartenstein,Isaiah,isaiah-hartenstein,55,C-F,7-0,250,"MAY 05, 1998",25.0,4,Zalgiris,1628392,,New York Knicks,2022
1610612752,2023,00,Donte DiVincenzo,Donte,donte-divincenzo,0,G,6-4,203,"JAN 31, 1997",27.0,5,Villanova,1628978,,New York Knicks,2023
1610612752,2023,00,Jacob Toppin,Jacob,jacob-toppin,00,F,6-8,200,"MAY 08, 2000",24.0,R,Kentucky,1631210,,New York Knicks,2023
1610612752,2023,00,Duane Washington Jr.,Duane,duane-washington-jr,1,G,6-2,197,"MAR 24, 2000",24.0,2,Ohio State,1630613,,New York Knicks,2023
1610612752,2023,00,Miles McBride,Miles,miles-mcbride,2,G,6-1,195,"SEP 08, 2000",23.0,2,West Virginia,1630540,Draft Rights Traded from OKC on 07/30/21,New York Knicks,2023
1610612752,2023,00,Josh Hart,Josh,josh-hart,3,G,6-4,215,"MAR 06, 1995",29.0,6,Villanova,1628404,Traded from POR on 02/09/23,New York Knicks,2023
1610612752,2023,00,Charlie Brown Jr.,Charlie,charlie-brown-jr,4,G,6-6,199,"FEB 02, 1997",27.0,3,St. Joseph's (PA),1629718,,New York Knicks,2023
1610612752,2023,00,Precious Achiuwa,Precious,precious-achiuwa,5,F,6-8,243,"SEP 19, 1999",24.0,3,Memphis,1630173,,New York Knicks,2023
1610612752,2023,00,DaQuan Jeffries,DaQuan,daquan-jeffries,8,G-F,6-5,222,"AUG 30, 1997",26.0,4,Tulsa,1629610,,New York Knicks,2023
1610612752,2023,00,OG Anunoby,OG,og-anunoby,8,F-G,6-7,240,"JUL 17, 1997",26.0,6,Indiana,1628384,Traded from TOR on 12/30/23,New York Knicks,2023
1610612752,2023,00,Jalen Brunson,Jalen,jalen-brunson,11,G,6-2,190,"AUG 31, 1996",27.0,5,Villanova,1628973,Signed on 07/12/22,New York Knicks,2023
1610612752,2023,00,Shake Milton,Shake,shake-milton,13,G-F,6-5,205,"SEP 26, 1996",27.0,5,Southern Methodist,1629003,,New York Knicks,2023
1610612752,2023,00,Alec Burks,Alec,alec-burks,18,G,6-5,214,"JUL 20, 1991",32.0,12,Colorado,202692,,New York Knicks,2023
1610612752,2023,00,Mamadi Diakite,Mamadi,mamadi-diakite,21,F,6-9,228,"JAN 21, 1997",27.0,3,Virginia,1629603,,New York Knicks,2023
1610612752,2023,00,Mitchell Robinson,Mitchell,mitchell-robinson,23,C-F,7-0,240,"APR 01, 1998",26.0,5,Western Kentucky,1629011,#36 Pick in 2018 Draft,New York Knicks,2023
1610612752,2023,00,Julius Randle,Julius,julius-randle,30,F-C,6-8,250,"NOV 29, 1994",29.0,9,Kentucky,203944,,New York Knicks,2023
1610612752,2023,00,Bojan Bogdanovic,Bojan,bojan-bogdanovic,44,F,6-7,226,"APR 18, 1989",35.0,9,Fenerbahce,202711,,New York Knicks,2023
1610612752,2023,00,Jericho Sims,Jericho,jericho-sims,45,C,6-10,250,"OCT 20, 1998",25.0,2,Texas,1630579,,New York Knicks,2023
1610612752,2023,00,Isaiah Hartenstein,Isaiah,isaiah-hartenstein,55,C-F,7-0,250,"MAY 05, 1998",26.0,5,Zalgiris,1628392,,New York Knicks,2023
1610612752,2024,00,P.J. Tucker,P.J.,pj-tucker,,F,6-5,245,"MAY 05, 1985",40.0,13,Texas,200782,,New York Knicks,2024
1610612752,2024,00,Delon Wright,Delon,delon-wright,0,G,6-5,185,"APR 26, 1992",33.0,9,Utah,1626153,,New York Knicks,2024
1610612752,2024,00,MarJon Beauchamp,MarJon,marjon-beauchamp,0,F,6-7,199,"OCT 12, 2000",24.0,2,NBA G League Ignite,1630699,,New York Knicks,2024
1610612752,2024,00,Cameron Payne,Cameron,cameron-payne,1,G,6-3,183,"AUG 08, 1994",30.0,9,Murray State,1626166,,New York Knicks,2024
1610612752,2024,00,Miles McBride,Miles,miles-mcbride,2,G,6-1,195,"SEP 08, 2000",24.0,3,West Virginia,1630540,Draft Rights Traded from OKC on 07/30/21,New York Knicks,2024
1610612752,2024,00,Josh Hart,Josh,josh-hart,3,G,6-4,215,"MAR 06, 1995",30.0,7,Villanova,1628404,Traded from POR on 02/09/23,New York Knicks,2024
1610612752,2024,00,Pacôme Dadiet,Pacôme,pacôme-dadiet,4,F,6-8,210,"JUL 27, 2005",19.0,R,Ratiopharm Ulm,1642359,#25 Pick in 2024 Draft,New York Knicks,2024
1610612752,2024,00,Precious Achiuwa,Precious,precious-achiuwa,5,F,6-8,243,"SEP 19, 1999",25.0,4,Memphis,1630173,,New York Knicks,2024
1610612752,2024,00,OG Anunoby,OG,og-anunoby,8,F-G,6-7,240,"JUL 17, 1997",27.0,7,Indiana,1628384,Traded from TOR on 12/30/23,New York Knicks,2024
1610612752,2024,00,Kevin McCullar Jr.,Kevin,kevin-mccullar-jr,9,G,6-6,210,"MAR 15, 2001",24.0,R,Kansas,1641755,Draft Rights Traded from PHX on 06/27/24,New York Knicks,2024
1610612752,2024,00,Jalen Brunson,Jalen,jalen-brunson,11,G,6-2,190,"AUG 31, 1996",28.0,6,Villanova,1628973,Signed on 07/12/22,New York Knicks,2024
1610612752,2024,00,Tyler Kolek,Tyler,tyler-kolek,13,G,6-3,195,"MAR 27, 2001",24.0,R,Marquette,1642278,Draft Rights Traded from POR on 06/27/24,New York Knicks,2024
1610612752,2024,00,Mitchell Robinson,Mitchell,mitchell-robinson,23,C-F,7-0,240,"APR 01, 1998",27.0,6,Western Kentucky,1629011,#36 Pick in 2018 Draft,New York Knicks,2024
1610612752,2024,00,Mikal Bridges,Mikal,mikal-bridges,25,G-F,6-6,209,"AUG 30, 1996",28.0,6,Villanova,1628969,Traded from BKN on 07/06/24,New York Knicks,2024
1610612752,2024,00,Anton Watson,Anton,anton-watson,28,F,6-8,225,"OCT 06, 2000",24.0,R,Gonzaga,1641817,,New York Knicks,2024
1610612752,2024,00,Karl-Anthony Towns,Karl-Anthony,karl-anthony-towns,32,C-F,7-0,248,"NOV 15, 1995",29.0,9,Kentucky,1626157,Traded from MIN on 10/02/24,New York Knicks,2024
1610612752,2024,00,Landry Shamet,Landry,landry-shamet,44,G,6-4,190,"MAR 13, 1997",28.0,6,Wichita State,1629013,Signed on 09/14/24,New York Knicks,2024
1610612752,2024,00,Ariel Hukporti,Ariel,ariel-hukporti,55,C,6-11,246,"APR 12, 2002",23.0,R,Riesen Ludwigsburg,1630574,Draft Rights Traded from DAL on 06/27/24,New York Knicks,2024
1610612752,2025,00,Jordan Clarkson,Jordan,jordan-clarkson,00,G,6-5,194,"JUN 07, 1992",33.0,11,Missouri,203903,Signed on 07/07/25,New York Knicks,2025
1610612752,2025,00,Miles McBride,Miles,miles-mcbride,2,G,6-2,195,"SEP 08, 2000",25.0,4,West Virginia,1630540,Draft Rights Traded from OKC on 07/30/21,New York Knicks,2025
1610612752,2025,00,Josh Hart,Josh,josh-hart,3,G,6-5,215,"MAR 06, 1995",30.0,8,Villanova,1628404,Traded from POR on 02/09/23,New York Knicks,2025
1610612752,2025,00,Pacôme Dadiet,Pacôme,pacôme-dadiet,4,F,6-9,210,"JUL 27, 2005",20.0,1,Ratiopharm Ulm,1642359,#25 Pick in 2024 Draft,New York Knicks,2025
1610612752,2025,00,Malcolm Brogdon,Malcolm,malcolm-brogdon,5,G,6-5,229,"DEC 11, 1992",32.0,9,Virginia,1627763,Signed on 09/15/25,New York Knicks,2025
1610612752,2025,00,OG Anunoby,OG,og-anunoby,8,F-G,6-7,240,"JUL 17, 1997",28.0,8,Indiana,1628384,Traded from TOR on 12/30/23,New York Knicks,2025
1610612752,2025,00,Kevin McCullar Jr.,Kevin,kevin-mccullar-jr,9,G,6-6,210,"MAR 15, 2001",24.0,1,Kansas,1641755,Draft Rights Traded from PHX on 06/27/24,New York Knicks,2025
1610612752,2025,00,Jalen Brunson,Jalen,jalen-brunson,11,G,6-2,190,"AUG 31, 1996",29.0,7,Villanova,1628973,Signed on 07/12/22,New York Knicks,2025
1610612752,2025,00,Tyler Kolek,Tyler,tyler-kolek,13,G,6-2,195,"MAR 27, 2001",24.0,1,Marquette,1642278,Draft Rights Traded from POR on 06/27/24,New York Knicks,2025
1610612752,2025,00,Garrison Mathews,Garrison,garrison-mathews,14,G,6-5,215,"OCT 24, 1996",28.0,6,Lipscomb,1629726,Signed on 09/15/25,New York Knicks,2025
1610612752,2025,00,Tosan Evbuomwan,Tosan,tosan-evbuomwan,20,F,6-8,217,"FEB 16, 2001",24.0,2,Princeton,1641787,Signed on 09/15/25,New York Knicks,2025
1610612752,2025,00,Alex Len,Alex,alex-len,21,C,7-0,250,"JUN 16, 1993",32.0,12,Maryland,203458,Signed on 09/15/25,New York Knicks,2025
1610612752,2025,00,Mitchell Robinson,Mitchell,mitchell-robinson,23,C-F,7-0,240,"APR 01, 1998",27.0,7,Western Kentucky,1629011,#36 Pick in 2018 Draft,New York Knicks,2025
1610612752,2025,00,Mikal Bridges,Mikal,mikal-bridges,25,G-F,6-6,209,"AUG 30, 1996",29.0,7,Villanova,1628969,Traded from BKN on 07/06/24,New York Knicks,2025
1610612752,2025,00,Guerschon Yabusele,Guerschon,guerschon-yabusele,28,F,6-7,265,"DEC 17, 1995",29.0,3,"Rouen, France",1627824,Signed on 07/06/25,New York Knicks,2025
1610612752,2025,00,Karl-Anthony Towns,Karl-Anthony,karl-anthony-towns,32,C-F,7-0,248,"NOV 15, 1995",29.0,10,Kentucky,1626157,Traded from MIN on 10/02/24,New York Knicks,2025
1610612752,2025,00,Matt Ryan,Matt,matt-ryan,37,F,6-6,215,"APR 17, 1997",28.0,4,Tennessee-Chattanooga,1630346,Signed on 11/05/24,New York Knicks,2025
1610612752,2025,00,Landry Shamet,Landry,landry-shamet,44,G,6-5,190,"MAR 13, 1997",28.0,7,Wichita State,1629013,Signed on 09/14/24,New York Knicks,2025
1610612752,2025,00,Trey Jemison III,Trey,trey-jemison-iii,50,C,6-10,270,"NOV 28, 1999",25.0,2,Alabama-Birmingham,1641998,Signed on 09/16/25,New York Knicks,2025
1610612752,2025,00,Mohamed Diawara,Mohamed,mohamed-diawara,51,F,6-9,225,"APR 29, 2005",20.0,R,,1642885,Draft Rights Traded from LAC on 06/26/25,New York Knicks,2025
1610612752,2025,00,Ariel Hukporti,Ariel,ariel-hukporti,55,C,7-0,246,"APR 12, 2002",23.0,1,Riesen Ludwigsburg,1630574,Draft Rights Traded from DAL on 06/27/24,New York Knicks,2025
1610612753,2015,00,Aaron Gordon,Aaron,aaron-gordon,00,F,6-9,220,"SEP 16, 1995",20.0,1,Arizona,203932,,Orlando Magic,2015
1610612753,2015,00,Dewayne Dedmon,Dewayne,dewayne-dedmon,3,C,7-0,245,"AUG 12, 1989",26.0,2,USC,203473,,Orlando Magic,2015
1610612753,2015,00,Elfrid Payton,Elfrid,elfrid-payton,4,G,6-4,185,"FEB 22, 1994",22.0,1,Louisana-Lafayette,203901,,Orlando Magic,2015
1610612753,2015,00,Victor Oladipo,Victor,victor-oladipo,5,G,6-4,210,"MAY 04, 1992",24.0,2,Indiana,203506,,Orlando Magic,2015
1610612753,2015,00,Ersan Ilyasova,Ersan,ersan-ilyasova,7,F,6-10,235,"MAY 15, 1987",29.0,7,FC Barcelona,101141,,Orlando Magic,2015
1610612753,2015,00,Nikola Vučević,Nikola,nikola-vučević,9,C,7-0,260,"OCT 24, 1990",25.0,4,Southern California,202696,,Orlando Magic,2015
1610612753,2015,00,Evan Fournier,Evan,evan-fournier,10,G-F,6-7,205,"OCT 29, 1992",23.0,3,Poitiers Basket 86,203095,,Orlando Magic,2015
1610612753,2015,00,Devyn Marble,Devyn,devyn-marble,11,F,6-6,200,"SEP 21, 1992",23.0,1,Iowa,203906,,Orlando Magic,2015
1610612753,2015,00,Shabazz Napier,Shabazz,shabazz-napier,13,G,6-1,175,"JUL 14, 1991",24.0,1,Connecticut,203894,,Orlando Magic,2015
1610612753,2015,00,Jason Smith,Jason,jason-smith,14,F-C,7-0,240,"MAR 02, 1986",30.0,7,Colorado State,201160,,Orlando Magic,2015
1610612753,2015,00,Mario Hezonja,Mario,mario-hezonja,23,G-F,6-8,218,"FEB 25, 1995",21.0,R,FC Barcelona,1626209,,Orlando Magic,2015
1610612753,2015,00,C.J. Watson,C.J.,cj-watson,32,G,6-2,175,"APR 17, 1984",32.0,8,Tennessee,201228,,Orlando Magic,2015
1610612753,2015,00,Andrew Nicholson,Andrew,andrew-nicholson,44,F,6-9,250,"DEC 08, 1989",26.0,3,St. Bonaventure,203094,,Orlando Magic,2015
1610612753,2015,00,Brandon Jennings,Brandon,brandon-jennings,55,G,6-1,169,"SEP 23, 1989",26.0,6,Virtus Roma,201943,,Orlando Magic,2015
1610612753,2016,00,Aaron Gordon,Aaron,aaron-gordon,00,F,6-9,220,"SEP 16, 1995",21.0,2,Arizona,203932,,Orlando Magic,2016
1610612753,2016,00,Damjan Rudez,Damjan,damjan-rudez,3,F,6-10,228,"JUN 17, 1986",31.0,2,Zaragoza,204014,,Orlando Magic,2016
1610612753,2016,00,Elfrid Payton,Elfrid,elfrid-payton,4,G,6-4,185,"FEB 22, 1994",23.0,2,Louisana-Lafayette,203901,,Orlando Magic,2016
1610612753,2016,00,Mario Hezonja,Mario,mario-hezonja,8,G-F,6-8,218,"FEB 25, 1995",22.0,1,FC Barcelona,1626209,,Orlando Magic,2016
1610612753,2016,00,Nikola Vučević,Nikola,nikola-vučević,9,C,7-0,260,"OCT 24, 1990",26.0,5,Southern California,202696,,Orlando Magic,2016
1610612753,2016,00,Evan Fournier,Evan,evan-fournier,10,G,6-7,205,"OCT 29, 1992",24.0,4,Poitiers Basket 86,203095,,Orlando Magic,2016
1610612753,2016,00,Bismack Biyombo,Bismack,bismack-biyombo,11,C-F,6-9,255,"AUG 28, 1992",24.0,5,Baloncesto Fuenlabrada,202687,,Orlando Magic,2016
1610612753,2016,00,Marcus Georges-Hunt,Marcus,marcus-georges-hunt,13,G,6-6,220,"MAR 28, 1994",23.0,R,Georgia Tech,1627875,,Orlando Magic,2016
1610612753,2016,00,D.J. Augustin,D.J.,dj-augustin,14,G,6-0,183,"NOV 10, 1987",29.0,8,Texas,201571,,Orlando Magic,2016
1610612753,2016,00,Jodie Meeks,Jodie,jodie-meeks,20,G,6-4,210,"AUG 21, 1987",29.0,7,Kentucky,201975,,Orlando Magic,2016
1610612753,2016,00,Patricio Garino,Patricio,patricio-garino,29,G-F,6-6,203,"MAY 17, 1993",24.0,R,George Washington,1627868,,Orlando Magic,2016
1610612753,2016,00,Terrence Ross,Terrence,terrence-ross,31,F,6-7,195,"FEB 05, 1991",26.0,4,Washington,203082,,Orlando Magic,2016
1610612753,2016,00,C.J. Watson,C.J.,cj-watson,32,G,6-2,175,"APR 17, 1984",33.0,9,Tennessee,201228,,Orlando Magic,2016
1610612753,2016,00,Stephen Zimmerman,Stephen,stephen-zimmerman,33,C,7-0,240,"SEP 09, 1996",20.0,R,UNLV,1627757,,Orlando Magic,2016
1610612753,2016,00,Jeff Green,Jeff,jeff-green,34,F,6-9,235,"AUG 28, 1986",30.0,9,Georgetown,201145,,Orlando Magic,2016
1610612753,2017,00,Aaron Gordon,Aaron,aaron-gordon,00,F,6-9,220,"SEP 16, 1995",22.0,3,Arizona,203932,,Orlando Magic,2017
1610612753,2017,00,Jamel Artis,Jamel,jamel-artis,0,G,6-7,213,"JAN 12, 1993",25.0,R,Pittsburgh,1628503,,Orlando Magic,2017
1610612753,2017,00,Jonathan Isaac,Jonathan,jonathan-isaac,1,F,6-10,210,"OCT 03, 1997",20.0,R,Florida State,1628371,#6 Pick in 2017 Draft,Orlando Magic,2017
1610612753,2017,00,Arron Afflalo,Arron,arron-afflalo,4,G,6-5,210,"OCT 15, 1985",32.0,10,UCLA,201167,,Orlando Magic,2017
1610612753,2017,00,Marreese Speights,Marreese,marreese-speights,5,F-C,6-10,255,"AUG 04, 1987",30.0,9,Florida,201578,,Orlando Magic,2017
1610612753,2017,00,Mario Hezonja,Mario,mario-hezonja,8,F-G,6-8,218,"FEB 25, 1995",23.0,2,FC Barcelona,1626209,,Orlando Magic,2017
1610612753,2017,00,Nikola Vučević,Nikola,nikola-vučević,9,C,7-0,260,"OCT 24, 1990",27.0,6,Southern California,202696,,Orlando Magic,2017
1610612753,2017,00,Evan Fournier,Evan,evan-fournier,10,G-F,6-7,205,"OCT 29, 1992",25.0,5,Poitiers Basket 86,203095,,Orlando Magic,2017
1610612753,2017,00,Bismack Biyombo,Bismack,bismack-biyombo,11,C,6-9,255,"AUG 28, 1992",25.0,6,Baloncesto Fuenlabrada,202687,,Orlando Magic,2017
1610612753,2017,00,D.J. Augustin,D.J.,dj-augustin,14,G,6-0,183,"NOV 10, 1987",30.0,9,Texas,201571,,Orlando Magic,2017
1610612753,2017,00,Rodney Purvis,Rodney,rodney-purvis,15,G,6-4,205,"FEB 14, 1994",24.0,R,Connecticut,1628681,,Orlando Magic,2017
1610612753,2017,00,Jonathon Simmons,Jonathon,jonathon-simmons,17,F,6-6,195,"SEP 14, 1989",28.0,2,Houston,203613,,Orlando Magic,2017
1610612753,2017,00,Khem Birch,Khem,khem-birch,24,C,6-9,220,"SEP 28, 1992",25.0,R,UNLV,203920,,Orlando Magic,2017
1610612753,2017,00,Wes Iwundu,Wes,wes-iwundu,25,F,6-7,195,"DEC 20, 1994",23.0,R,Kansas State,1628411,,Orlando Magic,2017
1610612753,2017,00,Terrence Ross,Terrence,terrence-ross,31,G-F,6-7,206,"FEB 05, 1991",27.0,5,Washington,203082,,Orlando Magic,2017
1610612753,2018,00,Aaron Gordon,Aaron,aaron-gordon,00,F,6-9,220,"SEP 16, 1995",23.0,4,Arizona,203932,,Orlando Magic,2018
1610612753,2018,00,Jonathan Isaac,Jonathan,jonathan-isaac,1,F,6-10,210,"OCT 03, 1997",21.0,1,Florida State,1628371,#6 Pick in 2017 Draft,Orlando Magic,2018
1610612753,2018,00,Jarell Martin,Jarell,jarell-martin,2,F,6-10,239,"MAY 24, 1994",25.0,3,Louisiana State,1626185,,Orlando Magic,2018
1610612753,2018,00,Troy Caupain,Troy,troy-caupain,3,G,6-4,210,"NOV 29, 1995",23.0,R,Cincinnati,1628505,,Orlando Magic,2018
1610612753,2018,00,Mo Bamba,Mo,mo-bamba,5,C,7-0,221,"MAY 12, 1998",21.0,R,Texas,1628964,,Orlando Magic,2018
1610612753,2018,00,Michael Carter-Williams,Michael,michael-carter-williams,7,G,6-6,190,"OCT 10, 1991",27.0,5,Syracuse,203487,,Orlando Magic,2018
1610612753,2018,00,Nikola Vučević,Nikola,nikola-vučević,9,C,7-0,260,"OCT 24, 1990",28.0,7,Southern California,202696,,Orlando Magic,2018
1610612753,2018,00,Evan Fournier,Evan,evan-fournier,10,G-F,6-7,205,"OCT 29, 1992",26.0,6,Poitiers Basket 86,203095,,Orlando Magic,2018
1610612753,2018,00,Amile Jefferson,Amile,amile-jefferson,11,F,6-9,222,"MAY 07, 1993",26.0,R,Duke,1628518,,Orlando Magic,2018
1610612753,2018,00,D.J. Augustin,D.J.,dj-augustin,14,G,6-0,183,"NOV 10, 1987",31.0,10,Texas,201571,,Orlando Magic,2018
1610612753,2018,00,Markelle Fultz,Markelle,markelle-fultz,20,G,6-4,200,"MAY 29, 1998",21.0,1,Washington,1628365,,Orlando Magic,2018
1610612753,2018,00,Timofey Mozgov,Timofey,timofey-mozgov,21,C,7-1,275,"JUL 16, 1986",32.0,8,Khimki,202389,,Orlando Magic,2018
1610612753,2018,00,Jerian Grant,Jerian,jerian-grant,22,G,6-4,205,"OCT 09, 1992",26.0,3,Notre Dame,1626170,,Orlando Magic,2018
1610612753,2018,00,Khem Birch,Khem,khem-birch,24,C,6-9,233,"SEP 28, 1992",26.0,1,UNLV,203920,,Orlando Magic,2018
1610612753,2018,00,Wes Iwundu,Wes,wes-iwundu,25,F,6-7,195,"DEC 20, 1994",24.0,1,Kansas State,1628411,,Orlando Magic,2018
1610612753,2018,00,Terrence Ross,Terrence,terrence-ross,31,G-F,6-7,206,"FEB 05, 1991",28.0,6,Washington,203082,,Orlando Magic,2018
1610612753,2018,00,Melvin Frazier Jr.,Melvin,melvin-frazier-jr,35,G-F,6-6,200,"AUG 30, 1996",22.0,R,Tulane,1628982,,Orlando Magic,2018
1610612753,2019,00,Aaron Gordon,Aaron,aaron-gordon,00,F,6-8,235,"SEP 16, 1995",24.0,5,Arizona,203932,,Orlando Magic,2019
1610612753,2019,00,Jonathan Isaac,Jonathan,jonathan-isaac,1,F,6-11,230,"OCT 03, 1997",22.0,2,Florida State,1628371,#6 Pick in 2017 Draft,Orlando Magic,2019
1610612753,2019,00,Al-Farouq Aminu,Al-Farouq,al-farouq-aminu,2,F,6-8,220,"SEP 21, 1990",29.0,9,Wake Forest,202329,,Orlando Magic,2019
1610612753,2019,00,Mo Bamba,Mo,mo-bamba,5,C,7-0,231,"MAY 12, 1998",22.0,1,Texas,1628964,,Orlando Magic,2019
1610612753,2019,00,Michael Carter-Williams,Michael,michael-carter-williams,7,G,6-5,190,"OCT 10, 1991",28.0,6,Syracuse,203487,,Orlando Magic,2019
1610612753,2019,00,Nikola Vučević,Nikola,nikola-vučević,9,C,6-11,260,"OCT 24, 1990",29.0,8,Southern California,202696,,Orlando Magic,2019
1610612753,2019,00,Evan Fournier,Evan,evan-fournier,10,G-F,6-7,205,"OCT 29, 1992",27.0,7,Poitiers Basket 86,203095,,Orlando Magic,2019
1610612753,2019,00,James Ennis III,James,james-ennis-iii,11,F,6-6,215,"JUL 01, 1990",29.0,5,Cal State-Long Beach,203516,,Orlando Magic,2019
1610612753,2019,00,Gary Clark,Gary,gary-clark,12,F,6-6,225,"NOV 16, 1994",25.0,1,Cincinnati,1629109,,Orlando Magic,2019
1610612753,2019,00,BJ Johnson,BJ,bj-johnson,13,F,6-7,200,"DEC 21, 1995",24.0,1,La Salle,1629168,,Orlando Magic,2019
1610612753,2019,00,D.J. Augustin,D.J.,dj-augustin,14,G,5-11,183,"NOV 10, 1987",32.0,11,Texas,201571,,Orlando Magic,2019
1610612753,2019,00,Markelle Fultz,Markelle,markelle-fultz,20,G,6-3,209,"MAY 29, 1998",22.0,2,Washington,1628365,,Orlando Magic,2019
1610612753,2019,00,Vic Law,Vic,vic-law,23,F,6-7,201,"DEC 19, 1995",24.0,R,Northwestern,1629724,,Orlando Magic,2019
1610612753,2019,00,Khem Birch,Khem,khem-birch,24,C,6-9,233,"SEP 28, 1992",27.0,2,UNLV,203920,,Orlando Magic,2019
1610612753,2019,00,Wes Iwundu,Wes,wes-iwundu,25,F,6-6,195,"DEC 20, 1994",25.0,2,Kansas State,1628411,,Orlando Magic,2019
1610612753,2019,00,Terrence Ross,Terrence,terrence-ross,31,G-F,6-6,206,"FEB 05, 1991",29.0,7,Washington,203082,,Orlando Magic,2019
1610612753,2019,00,Melvin Frazier Jr.,Melvin,melvin-frazier-jr,35,G-F,6-5,215,"AUG 30, 1996",23.0,1,Tulane,1628982,,Orlando Magic,2019
1610612753,2020,00,Jonathan Isaac,Jonathan,jonathan-isaac,1,F,6-11,230,"OCT 03, 1997",23.0,3,Florida State,1628371,#6 Pick in 2017 Draft,Orlando Magic,2020
1610612753,2020,00,Chuma Okeke,Chuma,chuma-okeke,3,F,6-6,229,"AUG 18, 1998",22.0,R,Auburn,1629643,,Orlando Magic,2020
1610612753,2020,00,Mo Bamba,Mo,mo-bamba,5,C,7-0,231,"MAY 12, 1998",23.0,2,Texas,1628964,,Orlando Magic,2020
1610612753,2020,00,Michael Carter-Williams,Michael,michael-carter-williams,7,G,6-5,190,"OCT 10, 1991",29.0,7,Syracuse,203487,,Orlando Magic,2020
1610612753,2020,00,Dwayne Bacon,Dwayne,dwayne-bacon,8,G-F,6-6,221,"AUG 30, 1995",25.0,3,Florida State,1628407,,Orlando Magic,2020
1610612753,2020,00,James Ennis III,James,james-ennis-iii,11,F,6-6,215,"JUL 01, 1990",30.0,6,Cal State-Long Beach,203516,,Orlando Magic,2020
1610612753,2020,00,R.J. Hampton,R.J.,rj-hampton,13,G,6-4,175,"FEB 07, 2001",20.0,R,Capital City Go-Go,1630181,,Orlando Magic,2020
1610612753,2020,00,Gary Harris,Gary,gary-harris,14,G,6-4,210,"SEP 14, 1994",26.0,6,Michigan State,203914,,Orlando Magic,2020
1610612753,2020,00,Sindarius Thornwell,Sindarius,sindarius-thornwell,15,G,6-4,215,"NOV 15, 1994",26.0,3,South Carolina,1628414,,Orlando Magic,2020
1610612753,2020,00,Ignas Brazdeikis,Ignas,ignas-brazdeikis,17,F,6-6,221,"JAN 08, 1999",22.0,1,Michigan,1629649,,Orlando Magic,2020
1610612753,2020,00,Markelle Fultz,Markelle,markelle-fultz,20,G,6-3,209,"MAY 29, 1998",23.0,3,Washington,1628365,,Orlando Magic,2020
1610612753,2020,00,Moritz Wagner,Moritz,moritz-wagner,21,F-C,6-11,245,"APR 26, 1997",24.0,2,Michigan,1629021,Signed on 04/27/21,Orlando Magic,2020
1610612753,2020,00,Otto Porter Jr.,Otto,otto-porter-jr,22,F,6-8,198,"JUN 03, 1993",28.0,7,Georgetown,203490,,Orlando Magic,2020
1610612753,2020,00,Chasson Randle,Chasson,chasson-randle,25,G,6-2,185,"FEB 05, 1993",28.0,3,Stanford,1626184,,Orlando Magic,2020
1610612753,2020,00,Terrence Ross,Terrence,terrence-ross,31,G-F,6-6,206,"FEB 05, 1991",30.0,8,Washington,203082,,Orlando Magic,2020
1610612753,2020,00,Wendell Carter Jr.,Wendell,wendell-carter-jr,34,C-F,6-10,270,"APR 16, 1999",22.0,2,Duke,1628976,Traded from CHI on 03/25/21,Orlando Magic,2020
1610612753,2020,00,Cole Anthony,Cole,cole-anthony,50,G,6-2,185,"MAY 15, 2000",21.0,R,North Carolina,1630175,,Orlando Magic,2020
1610612753,2021,00,Jonathan Isaac,Jonathan,jonathan-isaac,1,F,6-10,230,"OCT 03, 1997",24.0,4,Florida State,1628371,#6 Pick in 2017 Draft,Orlando Magic,2021
1610612753,2021,00,Chuma Okeke,Chuma,chuma-okeke,3,F,6-6,229,"AUG 18, 1998",23.0,1,Auburn,1629643,,Orlando Magic,2021
1610612753,2021,00,Jalen Suggs,Jalen,jalen-suggs,4,G,6-5,205,"JUN 03, 2001",21.0,R,Gonzaga,1630591,#5 Pick in 2021 Draft,Orlando Magic,2021
1610612753,2021,00,Mo Bamba,Mo,mo-bamba,5,C,7-0,231,"MAY 12, 1998",24.0,3,Texas,1628964,,Orlando Magic,2021
1610612753,2021,00,Bol Bol,Bol,bol-bol,10,C-F,7-2,220,"NOV 16, 1999",22.0,2,Oregon,1629626,,Orlando Magic,2021
1610612753,2021,00,R.J. Hampton,R.J.,rj-hampton,13,G,6-4,175,"FEB 07, 2001",21.0,1,Capital City Go-Go,1630181,,Orlando Magic,2021
1610612753,2021,00,Gary Harris,Gary,gary-harris,14,G,6-4,210,"SEP 14, 1994",27.0,7,Michigan State,203914,,Orlando Magic,2021
1610612753,2021,00,Ignas Brazdeikis,Ignas,ignas-brazdeikis,17,F,6-6,221,"JAN 08, 1999",23.0,2,Michigan,1629649,,Orlando Magic,2021
1610612753,2021,00,Markelle Fultz,Markelle,markelle-fultz,20,G,6-4,209,"MAY 29, 1998",24.0,4,Washington,1628365,,Orlando Magic,2021
1610612753,2021,00,Moritz Wagner,Moritz,moritz-wagner,21,F-C,6-11,245,"APR 26, 1997",25.0,3,Michigan,1629021,Signed on 04/27/21,Orlando Magic,2021
1610612753,2021,00,Franz Wagner,Franz,franz-wagner,22,F,6-10,220,"AUG 27, 2001",20.0,R,Michigan,1630532,#8 Pick in 2021 Draft,Orlando Magic,2021
1610612753,2021,00,Admiral Schofield,Admiral,admiral-schofield,25,F,6-5,241,"MAR 30, 1997",25.0,1,Tennessee,1629678,,Orlando Magic,2021
1610612753,2021,00,Devin Cannady,Devin,devin-cannady,30,G,6-2,183,"MAY 21, 1996",26.0,1,Princeton,1629962,,Orlando Magic,2021
1610612753,2021,00,Terrence Ross,Terrence,terrence-ross,31,G-F,6-6,206,"FEB 05, 1991",31.0,9,Washington,203082,,Orlando Magic,2021
1610612753,2021,00,Robin Lopez,Robin,robin-lopez,33,C,7-0,281,"APR 01, 1988",34.0,13,Stanford,201577,,Orlando Magic,2021
1610612753,2021,00,Wendell Carter Jr.,Wendell,wendell-carter-jr,34,C-F,6-10,270,"APR 16, 1999",23.0,3,Duke,1628976,Traded from CHI on 03/25/21,Orlando Magic,2021
1610612753,2021,00,Cole Anthony,Cole,cole-anthony,50,G,6-3,185,"MAY 15, 2000",22.0,1,North Carolina,1630175,,Orlando Magic,2021
1610612753,2022,00,Jonathan Isaac,Jonathan,jonathan-isaac,1,F,6-10,230,"OCT 03, 1997",25.0,5,Florida State,1628371,#6 Pick in 2017 Draft,Orlando Magic,2022
1610612753,2022,00,Caleb Houstan,Caleb,caleb-houstan,2,G,6-8,205,"JAN 09, 2003",20.0,R,Michigan,1631216,,Orlando Magic,2022
1610612753,2022,00,Chuma Okeke,Chuma,chuma-okeke,3,F,6-8,229,"AUG 18, 1998",24.0,2,Auburn,1629643,,Orlando Magic,2022
1610612753,2022,00,Jalen Suggs,Jalen,jalen-suggs,4,G,6-5,205,"JUN 03, 2001",22.0,1,Gonzaga,1630591,#5 Pick in 2021 Draft,Orlando Magic,2022
1610612753,2022,00,Paolo Banchero,Paolo,paolo-banchero,5,F,6-10,250,"NOV 12, 2002",20.0,R,Duke,1631094,#1 Pick in 2022 Draft,Orlando Magic,2022
1610612753,2022,00,Kevon Harris,Kevon,kevon-harris,7,G,6-6,216,"JUN 24, 1997",26.0,R,Stephen F. Austin,1630284,,Orlando Magic,2022
1610612753,2022,00,Bol Bol,Bol,bol-bol,10,C-F,7-2,220,"NOV 16, 1999",23.0,3,Oregon,1629626,,Orlando Magic,2022
1610612753,2022,00,Michael Carter-Williams,Michael,michael-carter-williams,11,G,6-5,190,"OCT 10, 1991",31.0,8,Syracuse,203487,,Orlando Magic,2022
1610612753,2022,00,Gary Harris,Gary,gary-harris,14,G,6-4,210,"SEP 14, 1994",28.0,8,Michigan State,203914,,Orlando Magic,2022
1610612753,2022,00,Markelle Fultz,Markelle,markelle-fultz,20,G,6-4,209,"MAY 29, 1998",25.0,5,Washington,1628365,,Orlando Magic,2022
1610612753,2022,00,Moritz Wagner,Moritz,moritz-wagner,21,F-C,6-11,245,"APR 26, 1997",26.0,4,Michigan,1629021,Signed on 04/27/21,Orlando Magic,2022
1610612753,2022,00,Franz Wagner,Franz,franz-wagner,22,F,6-10,220,"AUG 27, 2001",21.0,1,Michigan,1630532,#8 Pick in 2021 Draft,Orlando Magic,2022
1610612753,2022,00,Admiral Schofield,Admiral,admiral-schofield,25,F,6-5,241,"MAR 30, 1997",26.0,2,Tennessee,1629678,,Orlando Magic,2022
1610612753,2022,00,Wendell Carter Jr.,Wendell,wendell-carter-jr,34,C-F,6-10,270,"APR 16, 1999",24.0,4,Duke,1628976,Traded from CHI on 03/25/21,Orlando Magic,2022
1610612753,2022,00,Cole Anthony,Cole,cole-anthony,50,G,6-3,185,"MAY 15, 2000",23.0,2,North Carolina,1630175,,Orlando Magic,2022
1610612753,2022,00,Goga Bitadze,Goga,goga-bitadze,88,C-F,6-11,250,"JUL 20, 1999",23.0,3,Mega Basket,1629048,Signed on 02/13/23,Orlando Magic,2022
1610612753,2023,00,Anthony Black,Anthony,anthony-black,0,G,6-7,200,"JAN 20, 2004",20.0,R,Arkansas,1641710,#6 Pick in 2023 Draft,Orlando Magic,2023
1610612753,2023,00,Jonathan Isaac,Jonathan,jonathan-isaac,1,F,6-10,230,"OCT 03, 1997",26.0,6,Florida State,1628371,#6 Pick in 2017 Draft,Orlando Magic,2023
1610612753,2023,00,Caleb Houstan,Caleb,caleb-houstan,2,G,6-8,205,"JAN 09, 2003",21.0,1,Michigan,1631216,,Orlando Magic,2023
1610612753,2023,00,Chuma Okeke,Chuma,chuma-okeke,3,F,6-7,229,"AUG 18, 1998",25.0,3,Auburn,1629643,,Orlando Magic,2023
1610612753,2023,00,Jalen Suggs,Jalen,jalen-suggs,4,G,6-5,205,"JUN 03, 2001",23.0,2,Gonzaga,1630591,#5 Pick in 2021 Draft,Orlando Magic,2023
1610612753,2023,00,Paolo Banchero,Paolo,paolo-banchero,5,F,6-10,250,"NOV 12, 2002",21.0,1,Duke,1631094,#1 Pick in 2022 Draft,Orlando Magic,2023
1610612753,2023,00,Joe Ingles,Joe,joe-ingles,7,F-G,6-9,220,"OCT 02, 1987",36.0,9,Maccabi Tel Aviv,204060,,Orlando Magic,2023
1610612753,2023,00,Kevon Harris,Kevon,kevon-harris,8,G,6-5,216,"JUN 24, 1997",27.0,1,Stephen F. Austin,1630284,,Orlando Magic,2023
1610612753,2023,00,Trevelin Queen,Trevelin,trevelin-queen,12,G,6-5,190,"FEB 25, 1997",27.0,2,New Mexico State,1630243,,Orlando Magic,2023
1610612753,2023,00,Jett Howard,Jett,jett-howard,13,G,6-6,215,"SEP 14, 2003",20.0,R,Michigan,1641724,#11 Pick in 2023 Draft,Orlando Magic,2023
1610612753,2023,00,Gary Harris,Gary,gary-harris,14,G,6-4,210,"SEP 14, 1994",29.0,9,Michigan State,203914,,Orlando Magic,2023
1610612753,2023,00,Markelle Fultz,Markelle,markelle-fultz,20,G,6-4,209,"MAY 29, 1998",26.0,6,Washington,1628365,,Orlando Magic,2023
1610612753,2023,00,Moritz Wagner,Moritz,moritz-wagner,21,F-C,6-11,245,"APR 26, 1997",27.0,5,Michigan,1629021,Signed on 04/27/21,Orlando Magic,2023
1610612753,2023,00,Franz Wagner,Franz,franz-wagner,22,F,6-10,220,"AUG 27, 2001",22.0,2,Michigan,1630532,#8 Pick in 2021 Draft,Orlando Magic,2023
1610612753,2023,00,Admiral Schofield,Admiral,admiral-schofield,25,F,6-5,241,"MAR 30, 1997",27.0,3,Tennessee,1629678,,Orlando Magic,2023
1610612753,2023,00,Wendell Carter Jr.,Wendell,wendell-carter-jr,34,C-F,6-10,270,"APR 16, 1999",25.0,5,Duke,1628976,Traded from CHI on 03/25/21,Orlando Magic,2023
1610612753,2023,00,Goga Bitadze,Goga,goga-bitadze,35,C-F,6-10,250,"JUL 20, 1999",24.0,4,Mega Basket,1629048,Signed on 02/13/23,Orlando Magic,2023
1610612753,2023,00,Cole Anthony,Cole,cole-anthony,50,G,6-2,185,"MAY 15, 2000",24.0,3,North Carolina,1630175,,Orlando Magic,2023
1610612753,2024,00,Anthony Black,Anthony,anthony-black,0,G,6-7,200,"JAN 20, 2004",21.0,1,Arkansas,1641710,#6 Pick in 2023 Draft,Orlando Magic,2024
1610612753,2024,00,Jonathan Isaac,Jonathan,jonathan-isaac,1,F,6-10,230,"OCT 03, 1997",27.0,7,Florida State,1628371,#6 Pick in 2017 Draft,Orlando Magic,2024
1610612753,2024,00,Caleb Houstan,Caleb,caleb-houstan,2,G,6-8,205,"JAN 09, 2003",22.0,2,Michigan,1631216,,Orlando Magic,2024
1610612753,2024,00,Desmond Bane,Desmond,desmond-bane,3,G,6-5,215,"JUN 25, 1998",27.0,4,TCU,1630217,Traded from MEM on 06/15/25,Orlando Magic,2024
1610612753,2024,00,Jalen Suggs,Jalen,jalen-suggs,4,G,6-5,205,"JUN 03, 2001",24.0,3,Gonzaga,1630591,#5 Pick in 2021 Draft,Orlando Magic,2024
1610612753,2024,00,Paolo Banchero,Paolo,paolo-banchero,5,F,6-10,250,"NOV 12, 2002",22.0,2,Duke,1631094,#1 Pick in 2022 Draft,Orlando Magic,2024
1610612753,2024,00,Mac McClung,Mac,mac-mcclung,8,G,6-2,185,"JAN 06, 1999",26.0,2,Texas Tech,1630644,,Orlando Magic,2024
1610612753,2024,00,Cory Joseph,Cory,cory-joseph,10,G,6-2,200,"AUG 20, 1991",33.0,13,Texas,202709,,Orlando Magic,2024
1610612753,2024,00,Trevelin Queen,Trevelin,trevelin-queen,12,G,6-5,190,"FEB 25, 1997",28.0,3,New Mexico State,1630243,,Orlando Magic,2024
1610612753,2024,00,Jett Howard,Jett,jett-howard,13,G,6-6,215,"SEP 14, 2003",21.0,1,Michigan,1641724,#11 Pick in 2023 Draft,Orlando Magic,2024
1610612753,2024,00,Gary Harris,Gary,gary-harris,14,G,6-4,210,"SEP 14, 1994",30.0,10,Michigan State,203914,,Orlando Magic,2024
1610612753,2024,00,Moritz Wagner,Moritz,moritz-wagner,21,F-C,6-11,245,"APR 26, 1997",28.0,6,Michigan,1629021,Signed on 04/27/21,Orlando Magic,2024
1610612753,2024,00,Franz Wagner,Franz,franz-wagner,22,F,6-10,220,"AUG 27, 2001",23.0,3,Michigan,1630532,#8 Pick in 2021 Draft,Orlando Magic,2024
1610612753,2024,00,Tristan da Silva,Tristan,tristan-da-silva,23,F,6-8,217,"MAY 15, 2001",24.0,R,Colorado,1641783,#18 Pick in 2024 Draft,Orlando Magic,2024
1610612753,2024,00,Wendell Carter Jr.,Wendell,wendell-carter-jr,34,C-F,6-10,270,"APR 16, 1999",26.0,6,Duke,1628976,Traded from CHI on 03/25/21,Orlando Magic,2024
1610612753,2024,00,Goga Bitadze,Goga,goga-bitadze,35,C-F,6-10,250,"JUL 20, 1999",25.0,5,Mega Basket,1629048,Signed on 02/13/23,Orlando Magic,2024
1610612753,2024,00,Ethan Thompson,Ethan,ethan-thompson,55,G,6-5,195,"MAY 04, 1999",26.0,R,Oregon State,1630679,,Orlando Magic,2024
1610612753,2025,00,Phillip Wheeler,Phillip,phillip-wheeler,,F,6-8,185,"APR 23, 2002",23.0,1,Ranney School (NJ),1630762,Signed on 10/13/25,Orlando Magic,2025
1610612753,2025,00,Anthony Black,Anthony,anthony-black,0,G,6-7,200,"JAN 20, 2004",21.0,2,Arkansas,1641710,#6 Pick in 2023 Draft,Orlando Magic,2025
1610612753,2025,00,Jonathan Isaac,Jonathan,jonathan-isaac,1,F,6-10,230,"OCT 03, 1997",28.0,8,Florida State,1628371,#6 Pick in 2017 Draft,Orlando Magic,2025
1610612753,2025,00,Tyus Jones,Tyus,tyus-jones,2,G,6-0,196,"MAY 10, 1996",29.0,10,Duke,1626145,Signed on 07/06/25,Orlando Magic,2025
1610612753,2025,00,Desmond Bane,Desmond,desmond-bane,3,G,6-6,215,"JUN 25, 1998",27.0,5,TCU,1630217,Traded from MEM on 06/15/25,Orlando Magic,2025
1610612753,2025,00,Jalen Suggs,Jalen,jalen-suggs,4,G,6-5,205,"JUN 03, 2001",24.0,4,Gonzaga,1630591,#5 Pick in 2021 Draft,Orlando Magic,2025
1610612753,2025,00,Paolo Banchero,Paolo,paolo-banchero,5,F,6-10,250,"NOV 12, 2002",22.0,3,Duke,1631094,#1 Pick in 2022 Draft,Orlando Magic,2025
1610612753,2025,00,Jamal Cain,Jamal,jamal-cain,8,F,6-7,191,"MAR 20, 1999",26.0,3,Oakland,1631288,Signed on 07/25/25,Orlando Magic,2025
1610612753,2025,00,Jase Richardson,Jase,jase-richardson,11,G,6-1,180,"OCT 16, 2005",19.0,R,Michigan State,1642859,#25 Pick in 2025 Draft,Orlando Magic,2025
1610612753,2025,00,Jett Howard,Jett,jett-howard,13,G,6-8,215,"SEP 14, 2003",22.0,2,Michigan,1641724,#11 Pick in 2023 Draft,Orlando Magic,2025
1610612753,2025,00,Colin Castleton,Colin,colin-castleton,14,C,6-10,250,"MAY 25, 2000",25.0,2,Florida,1630658,Signed on 08/22/25,Orlando Magic,2025
1610612753,2025,00,Orlando Robinson,Orlando,orlando-robinson,21,C,6-10,235,"JUL 10, 2000",25.0,3,Fresno State,1631115,Signed on 07/21/25,Orlando Magic,2025
1610612753,2025,00,Moritz Wagner,Moritz,moritz-wagner,21,F-C,6-11,245,"APR 26, 1997",28.0,7,Michigan,1629021,Signed on 04/27/21,Orlando Magic,2025
1610612753,2025,00,Franz Wagner,Franz,franz-wagner,22,F,6-10,220,"AUG 27, 2001",24.0,4,Michigan,1630532,#8 Pick in 2021 Draft,Orlando Magic,2025
1610612753,2025,00,Tristan da Silva,Tristan,tristan-da-silva,23,F,6-8,217,"MAY 15, 2001",24.0,1,Colorado,1641783,#18 Pick in 2024 Draft,Orlando Magic,2025
1610612753,2025,00,Lester Quinones,Lester,lester-quinones,24,G,6-5,208,"NOV 16, 2000",24.0,3,Memphis,1631311,Signed on 09/02/25,Orlando Magic,2025
1610612753,2025,00,Reece Beekman,Reece,reece-beekman,26,G,6-3,190,"OCT 08, 2001",24.0,1,Virginia,1641736,Signed on 09/02/25,Orlando Magic,2025
1610612753,2025,00,Wendell Carter Jr.,Wendell,wendell-carter-jr,34,C-F,6-10,270,"APR 16, 1999",26.0,7,Duke,1628976,Traded from CHI on 03/25/21,Orlando Magic,2025
1610612753,2025,00,Goga Bitadze,Goga,goga-bitadze,35,C-F,6-11,250,"JUL 20, 1999",26.0,6,Mega Basket,1629048,Signed on 02/13/23,Orlando Magic,2025
1610612753,2025,00,Javonte Smart,Javonte,javonte-smart,39,G,6-4,205,"JUN 03, 1999",26.0,2,Louisiana State,1630606,Signed on 09/19/24,Orlando Magic,2025
1610612753,2025,00,Noah Penda,Noah,noah-penda,93,G-F,6-7,215,"JAN 07, 2005",20.0,R,,1642869,Draft Rights Traded from BOS on 06/26/25,Orlando Magic,2025
1610612754,2015,00,CJ Miles,CJ,cj-miles,0,F-G,6-6,231,"MAR 18, 1987",29.0,10,Skyline HS (TX),101139,,Indiana Pacers,2015
1610612754,2015,00,Joe Young,Joe,joe-young,1,G,6-2,180,"JUN 27, 1992",24.0,R,Oregon,1626202,,Indiana Pacers,2015
1610612754,2015,00,Rodney Stuckey,Rodney,rodney-stuckey,2,G,6-5,205,"APR 21, 1986",30.0,8,Eastern Washington,201155,,Indiana Pacers,2015
1610612754,2015,00,George Hill,George,george-hill,3,G,6-3,188,"MAY 04, 1986",30.0,7,Indiana-Purdue Indianapolis,201588,,Indiana Pacers,2015
1610612754,2015,00,Lavoy Allen,Lavoy,lavoy-allen,5,F-C,6-9,255,"FEB 04, 1989",27.0,4,Temple,202730,,Indiana Pacers,2015
1610612754,2015,00,Ty Lawson,Ty,ty-lawson,10,G,5-11,195,"NOV 03, 1987",28.0,6,North Carolina,201951,,Indiana Pacers,2015
1610612754,2015,00,Monta Ellis,Monta,monta-ellis,11,G,6-3,185,"OCT 26, 1985",30.0,10,Lanier HS (MS),101145,,Indiana Pacers,2015
1610612754,2015,00,Paul George,Paul,paul-george,13,F,6-9,220,"MAY 02, 1990",26.0,5,Fresno State,202331,,Indiana Pacers,2015
1610612754,2015,00,Rakeem Christmas,Rakeem,rakeem-christmas,25,F,6-9,250,"DEC 01, 1991",24.0,R,Syracuse,1626176,,Indiana Pacers,2015
1610612754,2015,00,Jordan Hill,Jordan,jordan-hill,27,C,6-10,235,"JUL 27, 1987",28.0,6,Arizona,201941,,Indiana Pacers,2015
1610612754,2015,00,Ian Mahinmi,Ian,ian-mahinmi,28,C,6-11,250,"NOV 05, 1986",29.0,7,Pau Orthez,101133,,Indiana Pacers,2015
1610612754,2015,00,Myles Turner,Myles,myles-turner,33,F-C,6-11,243,"MAR 24, 1996",20.0,R,Texas,1626167,,Indiana Pacers,2015
1610612754,2015,00,Glenn Robinson III,Glenn,glenn-robinson-iii,40,G-F,6-7,222,"JAN 08, 1994",22.0,1,Michigan,203922,,Indiana Pacers,2015
1610612754,2015,00,Shayne Whittington,Shayne,shayne-whittington,42,F-C,6-11,250,"MAR 27, 1991",25.0,1,Western Michigan,203963,,Indiana Pacers,2015
1610612754,2015,00,Solomon Hill,Solomon,solomon-hill,44,F,6-7,225,"MAR 18, 1991",25.0,2,Arizona,203524,,Indiana Pacers,2015
1610612754,2016,00,CJ Miles,CJ,cj-miles,0,F-G,6-6,225,"MAR 18, 1987",30.0,11,Skyline HS (TX),101139,,Indiana Pacers,2016
1610612754,2016,00,Aaron Brooks,Aaron,aaron-brooks,00,G,6-0,161,"JAN 14, 1985",32.0,8,Oregon,201166,,Indiana Pacers,2016
1610612754,2016,00,Kevin Seraphin,Kevin,kevin-seraphin,1,F-C,6-10,278,"DEC 07, 1989",27.0,6,Cholet,202338,,Indiana Pacers,2016
1610612754,2016,00,Joe Young,Joe,joe-young,3,G,6-2,180,"JUN 27, 1992",25.0,1,Oregon,1626202,,Indiana Pacers,2016
1610612754,2016,00,Lavoy Allen,Lavoy,lavoy-allen,5,F-C,6-9,260,"FEB 04, 1989",28.0,5,Temple,202730,,Indiana Pacers,2016
1610612754,2016,00,Lance Stephenson,Lance,lance-stephenson,6,G,6-5,230,"SEP 05, 1990",26.0,6,Cincinnati,202362,,Indiana Pacers,2016
1610612754,2016,00,Al Jefferson,Al,al-jefferson,7,C,6-10,289,"JAN 04, 1985",32.0,12,No College,2744,,Indiana Pacers,2016
1610612754,2016,00,Monta Ellis,Monta,monta-ellis,11,G,6-3,185,"OCT 26, 1985",31.0,11,Lanier HS (MS),101145,,Indiana Pacers,2016
1610612754,2016,00,Paul George,Paul,paul-george,13,F,6-9,220,"MAY 02, 1990",27.0,6,Fresno State,202331,,Indiana Pacers,2016
1610612754,2016,00,Thaddeus Young,Thaddeus,thaddeus-young,21,F,6-8,221,"JUN 21, 1988",29.0,9,Georgia Tech,201152,,Indiana Pacers,2016
1610612754,2016,00,Rakeem Christmas,Rakeem,rakeem-christmas,25,F,6-9,250,"DEC 01, 1991",25.0,1,Syracuse,1626176,,Indiana Pacers,2016
1610612754,2016,00,Georges Niang,Georges,georges-niang,32,F,6-8,230,"JUN 17, 1993",24.0,R,Iowa State,1627777,,Indiana Pacers,2016
1610612754,2016,00,Myles Turner,Myles,myles-turner,33,C,6-11,243,"MAR 24, 1996",21.0,1,Texas,1626167,,Indiana Pacers,2016
1610612754,2016,00,Glenn Robinson III,Glenn,glenn-robinson-iii,40,G-F,6-6,222,"JAN 08, 1994",23.0,2,Michigan,203922,,Indiana Pacers,2016
1610612754,2016,00,Jeff Teague,Jeff,jeff-teague,44,G,6-2,186,"JUN 10, 1988",29.0,7,Wake Forest,201952,,Indiana Pacers,2016
1610612754,2017,00,Alex Poythress,Alex,alex-poythress,0,F,6-9,235,"SEP 06, 1993",24.0,1,Kentucky,1627816,,Indiana Pacers,2017
1610612754,2017,00,Lance Stephenson,Lance,lance-stephenson,1,G,6-6,230,"SEP 05, 1990",27.0,7,Cincinnati,202362,,Indiana Pacers,2017
1610612754,2017,00,Darren Collison,Darren,darren-collison,2,G,6-2,185,"AUG 23, 1987",30.0,8,UCLA,201954,,Indiana Pacers,2017
1610612754,2017,00,Joe Young,Joe,joe-young,3,G,6-2,185,"JUN 27, 1992",26.0,2,Oregon,1626202,,Indiana Pacers,2017
1610612754,2017,00,Victor Oladipo,Victor,victor-oladipo,4,G,6-4,210,"MAY 04, 1992",26.0,4,Indiana,203506,,Indiana Pacers,2017
1610612754,2017,00,Edmond Sumner,Edmond,edmond-sumner,5,G,6-5,188,"DEC 31, 1995",22.0,R,Xavier,1628410,,Indiana Pacers,2017
1610612754,2017,00,Cory Joseph,Cory,cory-joseph,6,G,6-3,190,"AUG 20, 1991",26.0,6,Texas,202709,,Indiana Pacers,2017
1610612754,2017,00,Domantas Sabonis,Domantas,domantas-sabonis,11,C-F,6-10,252,"MAY 03, 1996",22.0,1,Gonzaga,1627734,,Indiana Pacers,2017
1610612754,2017,00,Ike Anigbogu,Ike,ike-anigbogu,13,C-F,6-10,262,"OCT 16, 1998",19.0,R,UCLA,1628387,,Indiana Pacers,2017
1610612754,2017,00,Trevor Booker,Trevor,trevor-booker,20,F,6-8,228,"NOV 25, 1987",30.0,7,Clemson,202344,,Indiana Pacers,2017
1610612754,2017,00,Thaddeus Young,Thaddeus,thaddeus-young,21,F,6-8,230,"JUN 21, 1988",30.0,10,Georgia Tech,201152,,Indiana Pacers,2017
1610612754,2017,00,T.J. Leaf,T.J.,tj-leaf,22,F,6-10,230,"APR 30, 1997",21.0,R,UCLA,1628388,,Indiana Pacers,2017
1610612754,2017,00,Al Jefferson,Al,al-jefferson,25,C,6-10,280,"JAN 04, 1985",33.0,13,No College,2744,,Indiana Pacers,2017
1610612754,2017,00,Ben Moore,Ben,ben-moore,26,F,6-8,220,"MAY 13, 1995",23.0,R,Southern Methodist,1628500,,Indiana Pacers,2017
1610612754,2017,00,Myles Turner,Myles,myles-turner,33,C,6-11,255,"MAR 24, 1996",22.0,2,Texas,1626167,,Indiana Pacers,2017
1610612754,2017,00,Glenn Robinson III,Glenn,glenn-robinson-iii,40,G-F,6-7,215,"JAN 08, 1994",24.0,3,Michigan,203922,,Indiana Pacers,2017
1610612754,2017,00,Bojan Bogdanovic,Bojan,bojan-bogdanovic,44,F-G,6-8,230,"APR 18, 1989",29.0,3,Fenerbahce,202711,,Indiana Pacers,2017
1610612754,2018,00,Darren Collison,Darren,darren-collison,2,G,6-0,175,"AUG 23, 1987",31.0,9,UCLA,201954,,Indiana Pacers,2018
1610612754,2018,00,Aaron Holiday,Aaron,aaron-holiday,3,G,6-1,185,"SEP 30, 1996",22.0,R,UCLA,1628988,,Indiana Pacers,2018
1610612754,2018,00,Victor Oladipo,Victor,victor-oladipo,4,G,6-4,210,"MAY 04, 1992",27.0,5,Indiana,203506,,Indiana Pacers,2018
1610612754,2018,00,Edmond Sumner,Edmond,edmond-sumner,5,G,6-6,176,"DEC 31, 1995",23.0,1,Xavier,1628410,,Indiana Pacers,2018
1610612754,2018,00,Cory Joseph,Cory,cory-joseph,6,G,6-3,193,"AUG 20, 1991",27.0,7,Texas,202709,,Indiana Pacers,2018
1610612754,2018,00,Kyle O'Quinn,Kyle,kyle-oquinn,10,C,6-10,250,"MAR 26, 1990",29.0,6,Norfolk State,203124,,Indiana Pacers,2018
1610612754,2018,00,Domantas Sabonis,Domantas,domantas-sabonis,11,F,6-11,240,"MAY 03, 1996",23.0,2,Gonzaga,1627734,,Indiana Pacers,2018
1610612754,2018,00,Doug McDermott,Doug,doug-mcdermott,20,F,6-8,225,"JAN 03, 1992",27.0,4,Creighton,203926,,Indiana Pacers,2018
1610612754,2018,00,Thaddeus Young,Thaddeus,thaddeus-young,21,F,6-8,221,"JUN 21, 1988",31.0,11,Georgia Tech,201152,,Indiana Pacers,2018
1610612754,2018,00,T.J. Leaf,T.J.,tj-leaf,22,F,6-10,225,"APR 30, 1997",22.0,1,UCLA,1628388,,Indiana Pacers,2018
1610612754,2018,00,Wesley Matthews,Wesley,wesley-matthews,23,G-F,6-5,220,"OCT 14, 1986",32.0,9,Marquette,202083,,Indiana Pacers,2018
1610612754,2018,00,Alize Johnson,Alize,alize-johnson,24,F,6-9,212,"APR 22, 1996",23.0,R,Missouri State,1628993,,Indiana Pacers,2018
1610612754,2018,00,Davon Reed,Davon,davon-reed,32,G,6-5,208,"JUN 11, 1995",24.0,1,Miami,1628432,,Indiana Pacers,2018
1610612754,2018,00,Myles Turner,Myles,myles-turner,33,C-F,6-11,250,"MAR 24, 1996",23.0,3,Texas,1626167,,Indiana Pacers,2018
1610612754,2018,00,Bojan Bogdanovic,Bojan,bojan-bogdanovic,44,F,6-8,216,"APR 18, 1989",30.0,4,Fenerbahce,202711,,Indiana Pacers,2018
1610612754,2019,00,T.J. Warren,T.J.,tj-warren,1,F,6-8,220,"SEP 05, 1993",26.0,5,North Carolina State,203933,,Indiana Pacers,2019
1610612754,2019,00,Aaron Holiday,Aaron,aaron-holiday,3,G,6-0,185,"SEP 30, 1996",23.0,1,UCLA,1628988,,Indiana Pacers,2019
1610612754,2019,00,Victor Oladipo,Victor,victor-oladipo,4,G,6-4,213,"MAY 04, 1992",28.0,6,Indiana,203506,,Indiana Pacers,2019
1610612754,2019,00,Edmond Sumner,Edmond,edmond-sumner,5,G,6-4,196,"DEC 31, 1995",24.0,2,Xavier,1628410,,Indiana Pacers,2019
1610612754,2019,00,Malcolm Brogdon,Malcolm,malcolm-brogdon,7,G,6-5,229,"DEC 11, 1992",27.0,3,Virginia,1627763,,Indiana Pacers,2019
1610612754,2019,00,Justin Holiday,Justin,justin-holiday,8,F-G,6-6,180,"APR 05, 1989",31.0,6,Washington,203200,,Indiana Pacers,2019
1610612754,2019,00,T.J. McConnell,T.J.,tj-mcconnell,9,G,6-1,190,"MAR 25, 1992",28.0,4,Arizona,204456,Signed on 07/29/19,Indiana Pacers,2019
1610612754,2019,00,Brian Bowen II,Brian,brian-bowen-ii,10,F-G,6-6,190,"OCT 02, 1998",21.0,R,Sydney Kings,1628968,,Indiana Pacers,2019
1610612754,2019,00,Domantas Sabonis,Domantas,domantas-sabonis,11,F-C,6-11,240,"MAY 03, 1996",24.0,3,Gonzaga,1627734,,Indiana Pacers,2019
1610612754,2019,00,JaKarr Sampson,JaKarr,jakarr-sampson,14,F,6-7,214,"MAR 20, 1993",27.0,4,St. John's (NY),203960,,Indiana Pacers,2019
1610612754,2019,00,Naz Mitrou-Long,Naz,naz-mitrou-long,15,G,6-3,218,"AUG 03, 1993",26.0,2,Iowa State,1628513,,Indiana Pacers,2019
1610612754,2019,00,Doug McDermott,Doug,doug-mcdermott,20,F,6-7,225,"JAN 03, 1992",28.0,5,Creighton,203926,,Indiana Pacers,2019
1610612754,2019,00,T.J. Leaf,T.J.,tj-leaf,22,F,6-10,222,"APR 30, 1997",23.0,2,UCLA,1628388,,Indiana Pacers,2019
1610612754,2019,00,Alize Johnson,Alize,alize-johnson,24,F,6-7,212,"APR 22, 1996",24.0,1,Missouri State,1628993,,Indiana Pacers,2019
1610612754,2019,00,Jeremy Lamb,Jeremy,jeremy-lamb,26,G-F,6-5,180,"MAY 30, 1992",28.0,7,Connecticut,203087,,Indiana Pacers,2019
1610612754,2019,00,Myles Turner,Myles,myles-turner,33,C-F,6-11,250,"MAR 24, 1996",24.0,4,Texas,1626167,,Indiana Pacers,2019
1610612754,2019,00,Goga Bitadze,Goga,goga-bitadze,88,C-F,6-11,250,"JUL 20, 1999",20.0,R,Mega Basket,1629048,,Indiana Pacers,2019
1610612754,2020,00,T.J. Warren,T.J.,tj-warren,1,F,6-8,220,"SEP 05, 1993",27.0,6,North Carolina State,203933,,Indiana Pacers,2020
1610612754,2020,00,Cassius Stanley,Cassius,cassius-stanley,2,G,6-5,190,"AUG 18, 1999",21.0,R,Duke,1630199,,Indiana Pacers,2020
1610612754,2020,00,Aaron Holiday,Aaron,aaron-holiday,3,G,6-0,185,"SEP 30, 1996",24.0,2,UCLA,1628988,,Indiana Pacers,2020
1610612754,2020,00,Edmond Sumner,Edmond,edmond-sumner,5,G,6-4,196,"DEC 31, 1995",25.0,3,Xavier,1628410,,Indiana Pacers,2020
1610612754,2020,00,Malcolm Brogdon,Malcolm,malcolm-brogdon,7,G,6-5,229,"DEC 11, 1992",28.0,4,Virginia,1627763,,Indiana Pacers,2020
1610612754,2020,00,Justin Holiday,Justin,justin-holiday,8,F-G,6-6,180,"APR 05, 1989",32.0,7,Washington,203200,,Indiana Pacers,2020
1610612754,2020,00,T.J. McConnell,T.J.,tj-mcconnell,9,G,6-1,190,"MAR 25, 1992",29.0,5,Arizona,204456,Signed on 07/29/19,Indiana Pacers,2020
1610612754,2020,00,Domantas Sabonis,Domantas,domantas-sabonis,11,F-C,6-11,240,"MAY 03, 1996",25.0,4,Gonzaga,1627734,,Indiana Pacers,2020
1610612754,2020,00,Oshae Brissett,Oshae,oshae-brissett,12,F-G,6-7,210,"JUN 20, 1998",23.0,1,Syracuse,1629052,,Indiana Pacers,2020
1610612754,2020,00,JaKarr Sampson,JaKarr,jakarr-sampson,14,F,6-7,214,"MAR 20, 1993",28.0,5,St. John's (NY),203960,,Indiana Pacers,2020
1610612754,2020,00,Doug McDermott,Doug,doug-mcdermott,20,F,6-7,225,"JAN 03, 1992",29.0,6,Creighton,203926,,Indiana Pacers,2020
1610612754,2020,00,Kelan Martin,Kelan,kelan-martin,21,F,6-5,230,"AUG 03, 1995",25.0,1,Butler,1629103,,Indiana Pacers,2020
1610612754,2020,00,Caris LeVert,Caris,caris-levert,22,G,6-6,205,"AUG 25, 1994",26.0,4,Michigan,1627747,,Indiana Pacers,2020
1610612754,2020,00,Jeremy Lamb,Jeremy,jeremy-lamb,26,G-F,6-5,180,"MAY 30, 1992",29.0,8,Connecticut,203087,,Indiana Pacers,2020
1610612754,2020,00,Myles Turner,Myles,myles-turner,33,C-F,6-11,250,"MAR 24, 1996",25.0,5,Texas,1626167,,Indiana Pacers,2020
1610612754,2020,00,Amida Brimah,Amida,amida-brimah,37,C,6-10,230,"FEB 11, 1994",27.0,R,Connecticut,1628578,,Indiana Pacers,2020
1610612754,2020,00,Goga Bitadze,Goga,goga-bitadze,88,C-F,6-11,250,"JUL 20, 1999",21.0,1,Mega Basket,1629048,,Indiana Pacers,2020
1610612754,2021,00,Gabe York,Gabe,gabe-york,,G,6-3,190,"AUG 02, 1993",28.0,R,Arizona,1628221,,Indiana Pacers,2021
1610612754,2021,00,Tyrese Haliburton,Tyrese,tyrese-haliburton,0,G,6-5,185,"FEB 29, 2000",22.0,1,Iowa State,1630169,Traded from SAC on 02/08/22,Indiana Pacers,2021
1610612754,2021,00,T.J. Warren,T.J.,tj-warren,1,F,6-8,220,"SEP 05, 1993",28.0,7,North Carolina State,203933,,Indiana Pacers,2021
1610612754,2021,00,Chris Duarte,Chris,chris-duarte,3,G,6-5,190,"JUN 13, 1997",25.0,R,Oregon,1630537,,Indiana Pacers,2021
1610612754,2021,00,Duane Washington Jr.,Duane,duane-washington-jr,4,G,6-3,197,"MAR 24, 2000",22.0,R,Ohio State,1630613,,Indiana Pacers,2021
1610612754,2021,00,Lance Stephenson,Lance,lance-stephenson,6,F,6-5,210,"SEP 05, 1990",31.0,9,Cincinnati,202362,,Indiana Pacers,2021
1610612754,2021,00,Malcolm Brogdon,Malcolm,malcolm-brogdon,7,G,6-5,229,"DEC 11, 1992",29.0,5,Virginia,1627763,,Indiana Pacers,2021
1610612754,2021,00,T.J. McConnell,T.J.,tj-mcconnell,9,G,6-1,190,"MAR 25, 1992",30.0,6,Arizona,204456,Signed on 07/29/19,Indiana Pacers,2021
1610612754,2021,00,Oshae Brissett,Oshae,oshae-brissett,12,F-G,6-7,210,"JUN 20, 1998",24.0,2,Syracuse,1629052,,Indiana Pacers,2021
1610612754,2021,00,Nate Hinton,Nate,nate-hinton,14,G-F,6-5,210,"JUN 08, 1999",23.0,1,Houston,1630207,,Indiana Pacers,2021
1610612754,2021,00,Isaiah Jackson,Isaiah,isaiah-jackson,23,F,6-10,205,"JAN 10, 2002",20.0,R,Kentucky,1630543,Draft Rights Traded from LAL on 08/06/21,Indiana Pacers,2021
1610612754,2021,00,Buddy Hield,Buddy,buddy-hield,24,G,6-4,220,"DEC 17, 1992",29.0,5,Oklahoma,1627741,,Indiana Pacers,2021
1610612754,2021,00,Jalen Smith,Jalen,jalen-smith,25,F-C,6-10,215,"MAR 16, 2000",22.0,1,Maryland,1630188,,Indiana Pacers,2021
1610612754,2021,00,Terry Taylor,Terry,terry-taylor,32,F,6-5,230,"SEP 23, 1999",22.0,R,Austin Peay,1630678,,Indiana Pacers,2021
1610612754,2021,00,Myles Turner,Myles,myles-turner,33,C-F,6-11,250,"MAR 24, 1996",26.0,6,Texas,1626167,,Indiana Pacers,2021
1610612754,2021,00,Goga Bitadze,Goga,goga-bitadze,88,C-F,7-0,250,"JUL 20, 1999",22.0,2,Mega Basket,1629048,,Indiana Pacers,2021
1610612754,2021,00,Ricky Rubio,Ricky,ricky-rubio,99,G,6-2,190,"OCT 21, 1990",31.0,10,FC Barcelona,201937,,Indiana Pacers,2021
1610612754,2022,00,Tyrese Haliburton,Tyrese,tyrese-haliburton,0,G,6-5,185,"FEB 29, 2000",23.0,2,Iowa State,1630169,Traded from SAC on 02/08/22,Indiana Pacers,2022
1610612754,2022,00,Bennedict Mathurin,Bennedict,bennedict-mathurin,00,G-F,6-5,210,"JUN 19, 2002",21.0,R,Arizona,1631097,#6 Pick in 2022 Draft,Indiana Pacers,2022
1610612754,2022,00,Andrew Nembhard,Andrew,andrew-nembhard,2,G-F,6-3,191,"JAN 16, 2000",23.0,R,Gonzaga,1629614,#31 Pick in 2022 Draft,Indiana Pacers,2022
1610612754,2022,00,Chris Duarte,Chris,chris-duarte,3,G,6-5,190,"JUN 13, 1997",26.0,1,Oregon,1630537,,Indiana Pacers,2022
1610612754,2022,00,George Hill,George,george-hill,7,G,6-4,188,"MAY 04, 1986",37.0,14,Indiana-Purdue Indianapolis,201588,,Indiana Pacers,2022
1610612754,2022,00,T.J. McConnell,T.J.,tj-mcconnell,9,G,6-1,190,"MAR 25, 1992",31.0,7,Arizona,204456,Signed on 07/29/19,Indiana Pacers,2022
1610612754,2022,00,Kendall Brown,Kendall,kendall-brown,10,G,6-7,205,"MAY 11, 2003",20.0,R,Baylor,1631112,,Indiana Pacers,2022
1610612754,2022,00,Oshae Brissett,Oshae,oshae-brissett,12,F-G,6-7,210,"JUN 20, 1998",25.0,3,Syracuse,1629052,,Indiana Pacers,2022
1610612754,2022,00,Jordan Nwora,Jordan,jordan-nwora,13,F,6-9,225,"SEP 09, 1998",24.0,2,Louisville,1629670,,Indiana Pacers,2022
1610612754,2022,00,James Johnson,James,james-johnson,16,F,6-7,240,"FEB 20, 1987",36.0,13,Wake Forest,201949,,Indiana Pacers,2022
1610612754,2022,00,Isaiah Jackson,Isaiah,isaiah-jackson,22,F,6-9,205,"JAN 10, 2002",21.0,1,Kentucky,1630543,Draft Rights Traded from LAL on 08/06/21,Indiana Pacers,2022
1610612754,2022,00,Aaron Nesmith,Aaron,aaron-nesmith,23,G-F,6-5,215,"OCT 16, 1999",23.0,2,Vanderbilt,1630174,Traded from BOS on 07/09/22,Indiana Pacers,2022
1610612754,2022,00,Buddy Hield,Buddy,buddy-hield,24,G,6-4,220,"DEC 17, 1992",30.0,6,Oklahoma,1627741,,Indiana Pacers,2022
1610612754,2022,00,Jalen Smith,Jalen,jalen-smith,25,F-C,6-9,215,"MAR 16, 2000",23.0,2,Maryland,1630188,,Indiana Pacers,2022
1610612754,2022,00,Daniel Theis,Daniel,daniel-theis,27,F-C,6-8,245,"APR 04, 1992",31.0,5,Brose Bamberg,1628464,,Indiana Pacers,2022
1610612754,2022,00,Gabe York,Gabe,gabe-york,32,G,6-3,190,"AUG 02, 1993",29.0,1,Arizona,1628221,,Indiana Pacers,2022
1610612754,2022,00,Myles Turner,Myles,myles-turner,33,C-F,6-11,250,"MAR 24, 1996",27.0,7,Texas,1626167,,Indiana Pacers,2022
1610612754,2023,00,Tyrese Haliburton,Tyrese,tyrese-haliburton,0,G,6-5,185,"FEB 29, 2000",24.0,3,Iowa State,1630169,Traded from SAC on 02/08/22,Indiana Pacers,2023
1610612754,2023,00,Bennedict Mathurin,Bennedict,bennedict-mathurin,00,G-F,6-5,210,"JUN 19, 2002",22.0,1,Arizona,1631097,#6 Pick in 2022 Draft,Indiana Pacers,2023
1610612754,2023,00,Obi Toppin,Obi,obi-toppin,1,F,6-9,220,"MAR 04, 1998",26.0,3,Dayton,1630167,Traded from NYK on 07/07/23,Indiana Pacers,2023
1610612754,2023,00,Andrew Nembhard,Andrew,andrew-nembhard,2,G-F,6-4,191,"JAN 16, 2000",24.0,1,Gonzaga,1629614,#31 Pick in 2022 Draft,Indiana Pacers,2023
1610612754,2023,00,Jarace Walker,Jarace,jarace-walker,5,F,6-7,235,"SEP 04, 2003",20.0,R,Houston,1641716,Draft Rights Traded from WAS on 06/23/23,Indiana Pacers,2023
1610612754,2023,00,T.J. McConnell,T.J.,tj-mcconnell,9,G,6-1,190,"MAR 25, 1992",32.0,8,Arizona,204456,Signed on 07/29/19,Indiana Pacers,2023
1610612754,2023,00,Kendall Brown,Kendall,kendall-brown,10,G,6-7,205,"MAY 11, 2003",21.0,1,Baylor,1631112,,Indiana Pacers,2023
1610612754,2023,00,James Johnson,James,james-johnson,16,F,6-7,240,"FEB 20, 1987",37.0,14,Wake Forest,201949,,Indiana Pacers,2023
1610612754,2023,00,Doug McDermott,Doug,doug-mcdermott,20,F,6-6,225,"JAN 03, 1992",32.0,9,Creighton,203926,,Indiana Pacers,2023
1610612754,2023,00,Isaiah Wong,Isaiah,isaiah-wong,21,G,6-3,185,"JAN 28, 2001",23.0,R,Miami,1631209,,Indiana Pacers,2023
1610612754,2023,00,Isaiah Jackson,Isaiah,isaiah-jackson,22,F,6-9,205,"JAN 10, 2002",22.0,2,Kentucky,1630543,Draft Rights Traded from LAL on 08/06/21,Indiana Pacers,2023
1610612754,2023,00,Aaron Nesmith,Aaron,aaron-nesmith,23,G-F,6-6,215,"OCT 16, 1999",24.0,3,Vanderbilt,1630174,Traded from BOS on 07/09/22,Indiana Pacers,2023
1610612754,2023,00,Jalen Smith,Jalen,jalen-smith,25,F-C,6-9,215,"MAR 16, 2000",24.0,3,Maryland,1630188,,Indiana Pacers,2023
1610612754,2023,00,Ben Sheppard,Ben,ben-sheppard,26,G,6-6,190,"JUL 16, 2001",22.0,R,Belmont,1641767,#26 Pick in 2023 Draft,Indiana Pacers,2023
1610612754,2023,00,Quenton Jackson,Quenton,quenton-jackson,29,G,6-5,173,"SEP 15, 1998",25.0,1,Texas A&M,1631245,Signed on 03/04/24,Indiana Pacers,2023
1610612754,2023,00,Myles Turner,Myles,myles-turner,33,C-F,6-11,250,"MAR 24, 1996",28.0,8,Texas,1626167,,Indiana Pacers,2023
1610612754,2023,00,Pascal Siakam,Pascal,pascal-siakam,43,F,6-8,245,"APR 02, 1994",30.0,7,New Mexico State,1627783,Traded from TOR on 01/17/24,Indiana Pacers,2023
1610612754,2023,00,Oscar Tshiebwe,Oscar,oscar-tshiebwe,44,F-C,6-8,255,"NOV 27, 1999",24.0,R,Kentucky,1631131,,Indiana Pacers,2023
1610612754,2024,00,Tyrese Haliburton,Tyrese,tyrese-haliburton,0,G,6-5,185,"FEB 29, 2000",25.0,4,Iowa State,1630169,Traded from SAC on 02/08/22,Indiana Pacers,2024
1610612754,2024,00,Bennedict Mathurin,Bennedict,bennedict-mathurin,00,G-F,6-5,210,"JUN 19, 2002",23.0,2,Arizona,1631097,#6 Pick in 2022 Draft,Indiana Pacers,2024
1610612754,2024,00,Obi Toppin,Obi,obi-toppin,1,F,6-9,220,"MAR 04, 1998",27.0,4,Dayton,1630167,Traded from NYK on 07/07/23,Indiana Pacers,2024
1610612754,2024,00,Andrew Nembhard,Andrew,andrew-nembhard,2,G-F,6-4,191,"JAN 16, 2000",25.0,2,Gonzaga,1629614,#31 Pick in 2022 Draft,Indiana Pacers,2024
1610612754,2024,00,Thomas Bryant,Thomas,thomas-bryant,3,C-F,6-10,248,"JUL 31, 1997",27.0,7,Indiana,1628418,,Indiana Pacers,2024
1610612754,2024,00,Jarace Walker,Jarace,jarace-walker,5,F,6-7,235,"SEP 04, 2003",21.0,1,Houston,1641716,Draft Rights Traded from WAS on 06/23/23,Indiana Pacers,2024
1610612754,2024,00,Enrique Freeman,Enrique,enrique-freeman,8,F,6-7,220,"JUL 29, 2000",24.0,R,Akron,1642402,,Indiana Pacers,2024
1610612754,2024,00,T.J. McConnell,T.J.,tj-mcconnell,9,G,6-1,190,"MAR 25, 1992",33.0,9,Arizona,204456,Signed on 07/29/19,Indiana Pacers,2024
1610612754,2024,00,RayJ Dennis,RayJ,rayj-dennis,10,G,6-2,180,"MAR 30, 2001",24.0,R,Baylor,1642484,Signed on 01/03/25,Indiana Pacers,2024
1610612754,2024,00,Johnny Furphy,Johnny,johnny-furphy,12,G,6-9,200,"DEC 08, 2004",20.0,R,Kansas,1642277,Draft Rights Traded from SAS on 07/06/24,Indiana Pacers,2024
1610612754,2024,00,Tony Bradley,Tony,tony-bradley,13,C-F,6-11,248,"JAN 08, 1998",27.0,6,North Carolina,1628396,Signed on 03/02/25,Indiana Pacers,2024
1610612754,2024,00,James Johnson,James,james-johnson,16,F,6-7,240,"FEB 20, 1987",38.0,15,Wake Forest,201949,,Indiana Pacers,2024
1610612754,2024,00,Isaiah Jackson,Isaiah,isaiah-jackson,22,F,6-9,205,"JAN 10, 2002",23.0,3,Kentucky,1630543,Draft Rights Traded from LAL on 08/06/21,Indiana Pacers,2024
1610612754,2024,00,Aaron Nesmith,Aaron,aaron-nesmith,23,G-F,6-6,215,"OCT 16, 1999",25.0,4,Vanderbilt,1630174,Traded from BOS on 07/09/22,Indiana Pacers,2024
1610612754,2024,00,Ben Sheppard,Ben,ben-sheppard,26,G,6-6,190,"JUL 16, 2001",23.0,1,Belmont,1641767,#26 Pick in 2023 Draft,Indiana Pacers,2024
1610612754,2024,00,Quenton Jackson,Quenton,quenton-jackson,29,G,6-5,173,"SEP 15, 1998",26.0,2,Texas A&M,1631245,Signed on 03/04/24,Indiana Pacers,2024
1610612754,2024,00,Myles Turner,Myles,myles-turner,33,C-F,6-11,250,"MAR 24, 1996",29.0,9,Texas,1626167,,Indiana Pacers,2024
1610612754,2024,00,Pascal Siakam,Pascal,pascal-siakam,43,F,6-8,245,"APR 02, 1994",31.0,8,New Mexico State,1627783,Traded from TOR on 01/17/24,Indiana Pacers,2024
1610612754,2025,00,Tyrese Haliburton,Tyrese,tyrese-haliburton,0,G,6-5,185,"FEB 29, 2000",25.0,5,Iowa State,1630169,Traded from SAC on 02/08/22,Indiana Pacers,2025
1610612754,2025,00,Bennedict Mathurin,Bennedict,bennedict-mathurin,00,G-F,6-5,210,"JUN 19, 2002",23.0,3,Arizona,1631097,#6 Pick in 2022 Draft,Indiana Pacers,2025
1610612754,2025,00,Obi Toppin,Obi,obi-toppin,1,F,6-9,220,"MAR 04, 1998",27.0,5,Dayton,1630167,Traded from NYK on 07/07/23,Indiana Pacers,2025
1610612754,2025,00,Cameron Payne,Cameron,cameron-payne,1,G,6-2,183,"AUG 08, 1994",31.0,10,Murray State,1626166,Signed on 10/09/25,Indiana Pacers,2025
1610612754,2025,00,Andrew Nembhard,Andrew,andrew-nembhard,2,G-F,6-4,191,"JAN 16, 2000",25.0,3,Gonzaga,1629614,#31 Pick in 2022 Draft,Indiana Pacers,2025
1610612754,2025,00,Taelon Peter,Taelon,taelon-peter,4,G,6-3,185,"FEB 27, 2002",23.0,R,Liberty,1643007,#54 Pick in 2025 Draft,Indiana Pacers,2025
1610612754,2025,00,Jarace Walker,Jarace,jarace-walker,5,F,6-7,235,"SEP 04, 2003",22.0,2,Houston,1641716,Draft Rights Traded from WAS on 06/23/23,Indiana Pacers,2025
1610612754,2025,00,Kam Jones,Kam,kam-jones,7,G,6-4,200,"FEB 25, 2002",23.0,R,Marquette,1642880,Draft Rights Traded from SAS on 07/06/25,Indiana Pacers,2025
1610612754,2025,00,T.J. McConnell,T.J.,tj-mcconnell,9,G,6-1,190,"MAR 25, 1992",33.0,10,Arizona,204456,Signed on 07/29/19,Indiana Pacers,2025
1610612754,2025,00,RayJ Dennis,RayJ,rayj-dennis,10,G,6-1,180,"MAR 30, 2001",24.0,1,Baylor,1642484,Signed on 01/03/25,Indiana Pacers,2025
1610612754,2025,00,James Wiseman,James,james-wiseman,11,C,6-11,240,"MAR 31, 2001",24.0,5,Memphis,1630164,Signed on 07/07/25,Indiana Pacers,2025
1610612754,2025,00,Johnny Furphy,Johnny,johnny-furphy,12,G,6-8,200,"DEC 08, 2004",20.0,1,Kansas,1642277,Draft Rights Traded from SAS on 07/06/24,Indiana Pacers,2025
1610612754,2025,00,Tony Bradley,Tony,tony-bradley,13,C-F,6-10,248,"JAN 08, 1998",27.0,7,North Carolina,1628396,Signed on 03/02/25,Indiana Pacers,2025
1610612754,2025,00,Jalen Slawson,Jalen,jalen-slawson,18,F,6-7,215,"OCT 22, 1999",25.0,1,Furman,1641771,Signed on 09/09/25,Indiana Pacers,2025
1610612754,2025,00,Isaiah Jackson,Isaiah,isaiah-jackson,22,F,6-8,205,"JAN 10, 2002",23.0,4,Kentucky,1630543,Draft Rights Traded from LAL on 08/06/21,Indiana Pacers,2025
1610612754,2025,00,Aaron Nesmith,Aaron,aaron-nesmith,23,G-F,6-5,215,"OCT 16, 1999",25.0,5,Vanderbilt,1630174,Traded from BOS on 07/09/22,Indiana Pacers,2025
1610612754,2025,00,Ben Sheppard,Ben,ben-sheppard,26,G,6-6,190,"JUL 16, 2001",24.0,2,Belmont,1641767,#26 Pick in 2023 Draft,Indiana Pacers,2025
1610612754,2025,00,Quenton Jackson,Quenton,quenton-jackson,29,G,6-4,173,"SEP 15, 1998",27.0,3,Texas A&M,1631245,Signed on 03/04/24,Indiana Pacers,2025
1610612754,2025,00,Jay Huff,Jay,jay-huff,32,C,7-1,240,"AUG 25, 1997",28.0,4,Virginia,1630643,Traded from MEM on 07/06/25,Indiana Pacers,2025
1610612754,2025,00,Gabe McGlothan,Gabe,gabe-mcglothan,41,F,6-6,235,"MAR 03, 1999",26.0,R,Grand Canyon,1642440,Signed on 09/23/25,Indiana Pacers,2025
1610612754,2025,00,Pascal Siakam,Pascal,pascal-siakam,43,F,6-8,245,"APR 02, 1994",31.0,9,New Mexico State,1627783,Traded from TOR on 01/17/24,Indiana Pacers,2025
1610612755,2015,00,Isaiah Canaan,Isaiah,isaiah-canaan,0,G,6-0,201,"MAY 21, 1991",25.0,2,Murray State,203477,,Philadelphia 76ers,2015
1610612755,2015,00,Ish Smith,Ish,ish-smith,1,G,6-0,175,"JUL 05, 1988",27.0,5,Wake Forest,202397,,Philadelphia 76ers,2015
1610612755,2015,00,Nerlens Noel,Nerlens,nerlens-noel,4,F-C,6-11,228,"APR 10, 1994",22.0,1,Kentucky,203457,,Philadelphia 76ers,2015
1610612755,2015,00,Kendall Marshall,Kendall,kendall-marshall,5,G,6-4,200,"AUG 19, 1991",24.0,3,North Carolina,203088,,Philadelphia 76ers,2015
1610612755,2015,00,Carl Landry,Carl,carl-landry,7,F,6-9,248,"SEP 19, 1983",32.0,8,Purdue,201171,,Philadelphia 76ers,2015
1610612755,2015,00,Jahlil Okafor,Jahlil,jahlil-okafor,8,C,6-11,275,"DEC 15, 1995",20.0,R,Duke,1626143,,Philadelphia 76ers,2015
1610612755,2015,00,Nik Stauskas,Nik,nik-stauskas,11,G,6-6,205,"OCT 07, 1993",22.0,1,Michigan,203917,,Philadelphia 76ers,2015
1610612755,2015,00,T.J. McConnell,T.J.,tj-mcconnell,12,G,6-2,200,"MAR 25, 1992",24.0,R,Arizona,204456,,Philadelphia 76ers,2015
1610612755,2015,00,Joel Embiid,Joel,joel-embiid,21,C,7-0,250,"MAR 16, 1994",22.0,R,Kansas,203954,#3 Pick in 2014 Draft,Philadelphia 76ers,2015
1610612755,2015,00,Richaun Holmes,Richaun,richaun-holmes,22,F,6-10,245,"OCT 15, 1993",22.0,R,Bowling Green,1626158,,Philadelphia 76ers,2015
1610612755,2015,00,Hollis Thompson,Hollis,hollis-thompson,31,G-F,6-8,206,"APR 03, 1991",25.0,2,Georgetown,203138,,Philadelphia 76ers,2015
1610612755,2015,00,Robert Covington,Robert,robert-covington,33,F,6-9,215,"DEC 14, 1990",25.0,2,Tennessee State,203496,,Philadelphia 76ers,2015
1610612755,2015,00,Christian Wood,Christian,christian-wood,35,F,6-11,220,"SEP 27, 1995",20.0,R,UNLV,1626174,,Philadelphia 76ers,2015
1610612755,2015,00,Jerami Grant,Jerami,jerami-grant,39,F,6-8,210,"MAR 12, 1994",22.0,1,Syracuse,203924,,Philadelphia 76ers,2015
1610612755,2015,00,Elton Brand,Elton,elton-brand,42,F,6-9,254,"MAR 11, 1979",37.0,16,Duke,1882,,Philadelphia 76ers,2015
1610612755,2016,00,Jerryd Bayless,Jerryd,jerryd-bayless,0,G,6-3,200,"AUG 20, 1988",28.0,8,Arizona,201573,,Philadelphia 76ers,2016
1610612755,2016,00,T.J. McConnell,T.J.,tj-mcconnell,1,G,6-2,200,"MAR 25, 1992",25.0,1,Arizona,204456,,Philadelphia 76ers,2016
1610612755,2016,00,Alex Poythress,Alex,alex-poythress,5,F,6-7,238,"SEP 06, 1993",23.0,R,Kentucky,1627816,,Philadelphia 76ers,2016
1610612755,2016,00,Jahlil Okafor,Jahlil,jahlil-okafor,8,C,6-11,275,"DEC 15, 1995",21.0,1,Duke,1626143,,Philadelphia 76ers,2016
1610612755,2016,00,Dario Šarić,Dario,dario-šarić,9,F,6-10,223,"APR 08, 1994",23.0,R,Anadolu Efes,203967,,Philadelphia 76ers,2016
1610612755,2016,00,Nik Stauskas,Nik,nik-stauskas,11,G,6-6,205,"OCT 07, 1993",23.0,2,Michigan,203917,,Philadelphia 76ers,2016
1610612755,2016,00,Gerald Henderson,Gerald,gerald-henderson,12,G,6-5,215,"DEC 09, 1987",29.0,7,Duke,201945,,Philadelphia 76ers,2016
1610612755,2016,00,Sergio Rodriguez,Sergio,sergio-rodriguez,14,G,6-3,176,"JUN 12, 1986",31.0,4,Estudiantes,200771,,Philadelphia 76ers,2016
1610612755,2016,00,Timothe Luwawu-Cabarrot,Timothe,timothe-luwawu-cabarrot,20,G-F,6-6,205,"MAY 09, 1995",22.0,R,Mega Basket,1627789,,Philadelphia 76ers,2016
1610612755,2016,00,Joel Embiid,Joel,joel-embiid,21,C,7-0,250,"MAR 16, 1994",23.0,R,Kansas,203954,#3 Pick in 2014 Draft,Philadelphia 76ers,2016
1610612755,2016,00,Richaun Holmes,Richaun,richaun-holmes,22,F,6-10,245,"OCT 15, 1993",23.0,1,Bowling Green,1626158,,Philadelphia 76ers,2016
1610612755,2016,00,Justin Anderson,Justin,justin-anderson,23,G-F,6-6,228,"NOV 19, 1993",23.0,1,Virginia,1626147,,Philadelphia 76ers,2016
1610612755,2016,00,Ben Simmons,Ben,ben-simmons,25,F,6-10,240,"JUL 20, 1996",20.0,R,Louisiana State,1627732,,Philadelphia 76ers,2016
1610612755,2016,00,Robert Covington,Robert,robert-covington,33,F,6-9,215,"DEC 14, 1990",26.0,3,Tennessee State,203496,,Philadelphia 76ers,2016
1610612755,2016,00,Shawn Long,Shawn,shawn-long,36,F,6-9,255,"JAN 29, 1993",24.0,R,Louisiana-Lafayette,1627848,,Philadelphia 76ers,2016
1610612755,2016,00,Tiago Splitter,Tiago,tiago-splitter,47,C-F,6-11,245,"JAN 01, 1985",32.0,6,Bilbao,201168,,Philadelphia 76ers,2016
1610612755,2017,00,Jerryd Bayless,Jerryd,jerryd-bayless,0,G,6-3,200,"AUG 20, 1988",29.0,9,Arizona,201573,,Philadelphia 76ers,2017
1610612755,2017,00,Justin Anderson,Justin,justin-anderson,1,G-F,6-6,230,"NOV 19, 1993",24.0,2,Virginia,1626147,,Philadelphia 76ers,2017
1610612755,2017,00,Amir Johnson,Amir,amir-johnson,5,C-F,6-9,240,"MAY 01, 1987",31.0,12,Westchester HS (CA),101161,,Philadelphia 76ers,2017
1610612755,2017,00,Timothe Luwawu-Cabarrot,Timothe,timothe-luwawu-cabarrot,7,G-F,6-6,200,"MAY 09, 1995",23.0,1,Mega Basket,1627789,,Philadelphia 76ers,2017
1610612755,2017,00,Dario Šarić,Dario,dario-šarić,9,F,6-10,223,"APR 08, 1994",24.0,1,Anadolu Efes,203967,,Philadelphia 76ers,2017
1610612755,2017,00,Demetrius Jackson,Demetrius,demetrius-jackson,11,G,6-1,201,"SEP 07, 1994",23.0,1,Notre Dame,1627743,,Philadelphia 76ers,2017
1610612755,2017,00,T.J. McConnell,T.J.,tj-mcconnell,12,G,6-2,190,"MAR 25, 1992",26.0,2,Arizona,204456,,Philadelphia 76ers,2017
1610612755,2017,00,JJ Redick,JJ,jj-redick,17,G-F,6-4,200,"JUN 24, 1984",34.0,11,Duke,200755,,Philadelphia 76ers,2017
1610612755,2017,00,Marco Belinelli,Marco,marco-belinelli,18,G-F,6-5,210,"MAR 25, 1986",32.0,10,Fortitudo Bologna,201158,,Philadelphia 76ers,2017
1610612755,2017,00,Markelle Fultz,Markelle,markelle-fultz,20,G,6-4,200,"MAY 29, 1998",20.0,R,Washington,1628365,,Philadelphia 76ers,2017
1610612755,2017,00,Joel Embiid,Joel,joel-embiid,21,C,7-0,250,"MAR 16, 1994",24.0,1,Kansas,203954,#3 Pick in 2014 Draft,Philadelphia 76ers,2017
1610612755,2017,00,Richaun Holmes,Richaun,richaun-holmes,22,F-C,6-10,235,"OCT 15, 1993",24.0,2,Bowling Green,1626158,,Philadelphia 76ers,2017
1610612755,2017,00,Ersan Ilyasova,Ersan,ersan-ilyasova,23,F,6-10,235,"MAY 15, 1987",31.0,9,FC Barcelona,101141,,Philadelphia 76ers,2017
1610612755,2017,00,Ben Simmons,Ben,ben-simmons,25,G-F,6-10,230,"JUL 20, 1996",21.0,R,Louisiana State,1627732,,Philadelphia 76ers,2017
1610612755,2017,00,Furkan Korkmaz,Furkan,furkan-korkmaz,30,G-F,6-7,190,"JUL 24, 1997",20.0,R,Anadolu Efes,1627788,,Philadelphia 76ers,2017
1610612755,2017,00,Robert Covington,Robert,robert-covington,33,F,6-9,225,"DEC 14, 1990",27.0,4,Tennessee State,203496,,Philadelphia 76ers,2017
1610612755,2018,00,Mike Scott,Mike,mike-scott,1,F,6-8,237,"JUL 16, 1988",30.0,6,Virginia,203118,,Philadelphia 76ers,2018
1610612755,2018,00,Amir Johnson,Amir,amir-johnson,5,C-F,6-9,240,"MAY 01, 1987",32.0,13,Westchester HS (CA),101161,,Philadelphia 76ers,2018
1610612755,2018,00,Haywood Highsmith,Haywood,haywood-highsmith,7,F,6-7,220,"DEC 09, 1996",22.0,R,Wheeling Jesuit,1629312,,Philadelphia 76ers,2018
1610612755,2018,00,Zhaire Smith,Zhaire,zhaire-smith,8,G,6-4,199,"JUN 04, 1999",20.0,R,Texas Tech,1629015,,Philadelphia 76ers,2018
1610612755,2018,00,James Ennis III,James,james-ennis-iii,11,F,6-7,210,"JUL 01, 1990",28.0,4,Cal State-Long Beach,203516,,Philadelphia 76ers,2018
1610612755,2018,00,T.J. McConnell,T.J.,tj-mcconnell,12,G,6-2,190,"MAR 25, 1992",27.0,3,Arizona,204456,,Philadelphia 76ers,2018
1610612755,2018,00,Jonathon Simmons,Jonathon,jonathon-simmons,14,F,6-6,195,"SEP 14, 1989",29.0,3,Houston,203613,,Philadelphia 76ers,2018
1610612755,2018,00,JJ Redick,JJ,jj-redick,17,G,6-4,200,"JUN 24, 1984",35.0,12,Duke,200755,,Philadelphia 76ers,2018
1610612755,2018,00,Shake Milton,Shake,shake-milton,18,G,6-6,207,"SEP 26, 1996",22.0,R,Southern Methodist,1629003,,Philadelphia 76ers,2018
1610612755,2018,00,Joel Embiid,Joel,joel-embiid,21,F-C,7-0,250,"MAR 16, 1994",25.0,2,Kansas,203954,#3 Pick in 2014 Draft,Philadelphia 76ers,2018
1610612755,2018,00,Jimmy Butler III,Jimmy,jimmy-butler-iii,23,G-F,6-8,232,"SEP 14, 1989",29.0,7,Marquette,202710,,Philadelphia 76ers,2018
1610612755,2018,00,Ben Simmons,Ben,ben-simmons,25,G-F,6-10,230,"JUL 20, 1996",22.0,1,Louisiana State,1627732,,Philadelphia 76ers,2018
1610612755,2018,00,Furkan Korkmaz,Furkan,furkan-korkmaz,30,G-F,6-7,190,"JUL 24, 1997",21.0,1,Anadolu Efes,1627788,,Philadelphia 76ers,2018
1610612755,2018,00,Tobias Harris,Tobias,tobias-harris,33,F,6-9,235,"JUL 15, 1992",26.0,7,Tennessee,202699,,Philadelphia 76ers,2018
1610612755,2018,00,Jonah Bolden,Jonah,jonah-bolden,43,F,6-10,220,"JAN 02, 1996",23.0,R,UCLA,1628413,,Philadelphia 76ers,2018
1610612755,2018,00,Boban Marjanovic,Boban,boban-marjanovic,51,C,7-3,290,"AUG 15, 1988",30.0,3,Crvena zvezda,1626246,,Philadelphia 76ers,2018
1610612755,2018,00,Greg Monroe,Greg,greg-monroe,55,C,6-11,265,"JUN 04, 1990",29.0,8,Georgetown,202328,,Philadelphia 76ers,2018
1610612755,2019,00,Josh Richardson,Josh,josh-richardson,0,G,6-5,200,"SEP 15, 1993",26.0,4,Tennessee,1626196,,Philadelphia 76ers,2019
1610612755,2019,00,Mike Scott,Mike,mike-scott,1,F,6-7,237,"JUL 16, 1988",31.0,7,Virginia,203118,,Philadelphia 76ers,2019
1610612755,2019,00,Zhaire Smith,Zhaire,zhaire-smith,5,G,6-3,205,"JUN 04, 1999",21.0,1,Texas Tech,1629015,,Philadelphia 76ers,2019
1610612755,2019,00,Kyle O'Quinn,Kyle,kyle-oquinn,9,C-F,6-9,250,"MAR 26, 1990",30.0,7,Norfolk State,203124,,Philadelphia 76ers,2019
1610612755,2019,00,Tobias Harris,Tobias,tobias-harris,12,F,6-8,226,"JUL 15, 1992",27.0,8,Tennessee,202699,,Philadelphia 76ers,2019
1610612755,2019,00,Norvel Pelle,Norvel,norvel-pelle,14,F,6-10,231,"FEB 03, 1993",27.0,R,Iona,203658,,Philadelphia 76ers,2019
1610612755,2019,00,Shake Milton,Shake,shake-milton,18,G-F,6-5,205,"SEP 26, 1996",23.0,1,Southern Methodist,1629003,,Philadelphia 76ers,2019
1610612755,2019,00,Raul Neto,Raul,raul-neto,19,G,6-1,180,"MAY 19, 1992",28.0,4,Murcia,203526,,Philadelphia 76ers,2019
1610612755,2019,00,Alec Burks,Alec,alec-burks,20,G,6-6,214,"JUL 20, 1991",28.0,8,Colorado,202692,,Philadelphia 76ers,2019
1610612755,2019,00,Joel Embiid,Joel,joel-embiid,21,C-F,7-0,280,"MAR 16, 1994",26.0,3,Kansas,203954,#3 Pick in 2014 Draft,Philadelphia 76ers,2019
1610612755,2019,00,Matisse Thybulle,Matisse,matisse-thybulle,22,G-F,6-5,201,"MAR 04, 1997",23.0,R,Washington,1629680,,Philadelphia 76ers,2019
1610612755,2019,00,Ben Simmons,Ben,ben-simmons,25,G-F,6-10,240,"JUL 20, 1996",23.0,2,Louisiana State,1627732,,Philadelphia 76ers,2019
1610612755,2019,00,Furkan Korkmaz,Furkan,furkan-korkmaz,30,G-F,6-7,202,"JUL 24, 1997",22.0,2,Anadolu Efes,1627788,,Philadelphia 76ers,2019
1610612755,2019,00,Marial Shayok,Marial,marial-shayok,35,G-F,6-5,198,"JUL 26, 1995",24.0,R,Iowa State,1629621,,Philadelphia 76ers,2019
1610612755,2019,00,Glenn Robinson III,Glenn,glenn-robinson-iii,40,F,6-6,222,"JAN 08, 1994",26.0,5,Michigan,203922,,Philadelphia 76ers,2019
1610612755,2019,00,Al Horford,Al,al-horford,42,C-F,6-9,240,"JUN 03, 1986",34.0,12,Florida,201143,,Philadelphia 76ers,2019
1610612755,2019,00,Ryan Broekhoff,Ryan,ryan-broekhoff,45,G-F,6-6,215,"AUG 23, 1990",29.0,1,Valparaiso,1629151,,Philadelphia 76ers,2019
1610612755,2020,00,Tyrese Maxey,Tyrese,tyrese-maxey,0,G,6-2,200,"NOV 04, 2000",20.0,R,Kentucky,1630178,#21 Pick in 2020 Draft,Philadelphia 76ers,2020
1610612755,2020,00,Mike Scott,Mike,mike-scott,1,F,6-7,237,"JUL 16, 1988",32.0,8,Virginia,203118,,Philadelphia 76ers,2020
1610612755,2020,00,Isaiah Joe,Isaiah,isaiah-joe,7,G,6-4,165,"JUL 02, 1999",21.0,R,Arkansas,1630198,,Philadelphia 76ers,2020
1610612755,2020,00,Rayjon Tucker,Rayjon,rayjon-tucker,9,G,6-3,209,"SEP 24, 1997",23.0,1,Arkansas-Little Rock,1629730,,Philadelphia 76ers,2020
1610612755,2020,00,Tobias Harris,Tobias,tobias-harris,12,F,6-8,226,"JUL 15, 1992",28.0,9,Tennessee,202699,,Philadelphia 76ers,2020
1610612755,2020,00,Gary Clark,Gary,gary-clark,12,F,6-6,225,"NOV 16, 1994",26.0,2,Cincinnati,1629109,,Philadelphia 76ers,2020
1610612755,2020,00,Danny Green,Danny,danny-green,14,G,6-6,215,"JUN 22, 1987",34.0,11,North Carolina,201980,,Philadelphia 76ers,2020
1610612755,2020,00,Shake Milton,Shake,shake-milton,18,G-F,6-5,205,"SEP 26, 1996",24.0,2,Southern Methodist,1629003,,Philadelphia 76ers,2020
1610612755,2020,00,Joel Embiid,Joel,joel-embiid,21,C-F,7-0,280,"MAR 16, 1994",27.0,4,Kansas,203954,#3 Pick in 2014 Draft,Philadelphia 76ers,2020
1610612755,2020,00,Matisse Thybulle,Matisse,matisse-thybulle,22,G-F,6-5,201,"MAR 04, 1997",24.0,1,Washington,1629680,,Philadelphia 76ers,2020
1610612755,2020,00,Ben Simmons,Ben,ben-simmons,25,G-F,6-11,240,"JUL 20, 1996",24.0,3,Louisiana State,1627732,,Philadelphia 76ers,2020
1610612755,2020,00,Furkan Korkmaz,Furkan,furkan-korkmaz,30,G-F,6-7,202,"JUL 24, 1997",23.0,3,Anadolu Efes,1627788,,Philadelphia 76ers,2020
1610612755,2020,00,Seth Curry,Seth,seth-curry,31,G,6-2,185,"AUG 23, 1990",30.0,7,Duke,203552,,Philadelphia 76ers,2020
1610612755,2020,00,George Hill,George,george-hill,33,G,6-4,188,"MAY 04, 1986",35.0,12,Indiana-Purdue Indianapolis,201588,,Philadelphia 76ers,2020
1610612755,2020,00,Dwight Howard,Dwight,dwight-howard,39,C-F,6-10,265,"DEC 08, 1985",35.0,16,SW Atlanta Christian Academy (GA),2730,,Philadelphia 76ers,2020
1610612755,2020,00,Anthony Tolliver,Anthony,anthony-tolliver,43,F,6-8,240,"JUN 01, 1985",36.0,12,Creighton,201229,,Philadelphia 76ers,2020
1610612755,2020,00,Paul Reed,Paul,paul-reed,44,F,6-9,210,"JUN 14, 1999",22.0,R,DePaul,1630194,,Philadelphia 76ers,2020
1610612755,2021,00,Tyrese Maxey,Tyrese,tyrese-maxey,0,G,6-2,200,"NOV 04, 2000",21.0,1,Kentucky,1630178,#21 Pick in 2020 Draft,Philadelphia 76ers,2021
1610612755,2021,00,James Harden,James,james-harden,1,G,6-5,220,"AUG 26, 1989",32.0,12,Arizona State,201935,,Philadelphia 76ers,2021
1610612755,2021,00,Myles Powell,Myles,myles-powell,5,G,6-2,195,"JUL 07, 1997",24.0,R,Seton Hall,1629619,,Philadelphia 76ers,2021
1610612755,2021,00,Isaiah Joe,Isaiah,isaiah-joe,7,G,6-4,165,"JUL 02, 1999",22.0,1,Arkansas,1630198,,Philadelphia 76ers,2021
1610612755,2021,00,Paul Millsap,Paul,paul-millsap,8,F,6-7,257,"FEB 10, 1985",37.0,15,Louisiana Tech,200794,,Philadelphia 76ers,2021
1610612755,2021,00,DeAndre Jordan,DeAndre,deandre-jordan,9,C,6-11,265,"JUL 21, 1988",33.0,13,Texas A&M,201599,,Philadelphia 76ers,2021
1610612755,2021,00,Jaden Springer,Jaden,jaden-springer,11,G,6-4,202,"SEP 25, 2002",19.0,R,Tennessee,1630531,,Philadelphia 76ers,2021
1610612755,2021,00,Tobias Harris,Tobias,tobias-harris,12,F,6-7,226,"JUL 15, 1992",29.0,10,Tennessee,202699,,Philadelphia 76ers,2021
1610612755,2021,00,Danny Green,Danny,danny-green,14,G,6-6,215,"JUN 22, 1987",35.0,12,North Carolina,201980,,Philadelphia 76ers,2021
1610612755,2021,00,Charlie Brown Jr.,Charlie,charlie-brown-jr,16,G,6-6,199,"FEB 02, 1997",25.0,2,St. Joseph's (PA),1629718,,Philadelphia 76ers,2021
1610612755,2021,00,Shake Milton,Shake,shake-milton,18,G-F,6-5,205,"SEP 26, 1996",25.0,3,Southern Methodist,1629003,,Philadelphia 76ers,2021
1610612755,2021,00,Georges Niang,Georges,georges-niang,20,F,6-7,230,"JUN 17, 1993",29.0,5,Iowa State,1627777,,Philadelphia 76ers,2021
1610612755,2021,00,Joel Embiid,Joel,joel-embiid,21,C-F,7-0,280,"MAR 16, 1994",28.0,5,Kansas,203954,#3 Pick in 2014 Draft,Philadelphia 76ers,2021
1610612755,2021,00,Matisse Thybulle,Matisse,matisse-thybulle,22,G-F,6-5,201,"MAR 04, 1997",25.0,2,Washington,1629680,,Philadelphia 76ers,2021
1610612755,2021,00,Charles Bassey,Charles,charles-bassey,23,C-F,6-9,230,"OCT 28, 2000",21.0,R,Western Kentucky,1629646,,Philadelphia 76ers,2021
1610612755,2021,00,Furkan Korkmaz,Furkan,furkan-korkmaz,30,G-F,6-7,202,"JUL 24, 1997",24.0,4,Anadolu Efes,1627788,,Philadelphia 76ers,2021
1610612755,2021,00,Paul Reed,Paul,paul-reed,44,F,6-9,210,"JUN 14, 1999",23.0,1,DePaul,1630194,,Philadelphia 76ers,2021
1610612755,2022,00,Tyrese Maxey,Tyrese,tyrese-maxey,0,G,6-2,200,"NOV 04, 2000",22.0,2,Kentucky,1630178,#21 Pick in 2020 Draft,Philadelphia 76ers,2022
1610612755,2022,00,James Harden,James,james-harden,1,G,6-5,220,"AUG 26, 1989",33.0,13,Arizona State,201935,,Philadelphia 76ers,2022
1610612755,2022,00,Montrezl Harrell,Montrezl,montrezl-harrell,5,F-C,6-7,240,"JAN 26, 1994",29.0,7,Louisville,1626149,,Philadelphia 76ers,2022
1610612755,2022,00,Jalen McDaniels,Jalen,jalen-mcdaniels,7,F-C,6-9,205,"JAN 31, 1998",25.0,3,San Diego State,1629667,,Philadelphia 76ers,2022
1610612755,2022,00,De'Anthony Melton,De'Anthony,deanthony-melton,8,G,6-2,200,"MAY 28, 1998",25.0,4,Southern California,1629001,,Philadelphia 76ers,2022
1610612755,2022,00,Mac McClung,Mac,mac-mcclung,9,G,6-2,185,"JAN 06, 1999",24.0,1,Texas Tech,1630644,,Philadelphia 76ers,2022
1610612755,2022,00,Jaden Springer,Jaden,jaden-springer,11,G,6-4,202,"SEP 25, 2002",20.0,1,Tennessee,1630531,,Philadelphia 76ers,2022
1610612755,2022,00,Tobias Harris,Tobias,tobias-harris,12,F,6-7,226,"JUL 15, 1992",30.0,11,Tennessee,202699,,Philadelphia 76ers,2022
1610612755,2022,00,Dewayne Dedmon,Dewayne,dewayne-dedmon,14,C,6-10,245,"AUG 12, 1989",33.0,9,USC,203473,,Philadelphia 76ers,2022
1610612755,2022,00,P.J. Tucker,P.J.,pj-tucker,17,F,6-5,245,"MAY 05, 1985",38.0,11,Texas,200782,,Philadelphia 76ers,2022
1610612755,2022,00,Shake Milton,Shake,shake-milton,18,G-F,6-5,205,"SEP 26, 1996",26.0,4,Southern Methodist,1629003,,Philadelphia 76ers,2022
1610612755,2022,00,Georges Niang,Georges,georges-niang,20,F,6-7,230,"JUN 17, 1993",30.0,6,Iowa State,1627777,,Philadelphia 76ers,2022
1610612755,2022,00,Joel Embiid,Joel,joel-embiid,21,C-F,7-0,280,"MAR 16, 1994",29.0,6,Kansas,203954,#3 Pick in 2014 Draft,Philadelphia 76ers,2022
1610612755,2022,00,Louis King,Louis,louis-king,23,F,6-7,205,"APR 06, 1999",24.0,3,Oregon,1629663,,Philadelphia 76ers,2022
1610612755,2022,00,Danuel House Jr.,Danuel,danuel-house-jr,25,F-G,6-6,220,"JUN 07, 1993",30.0,6,Texas A&M,1627863,,Philadelphia 76ers,2022
1610612755,2022,00,Furkan Korkmaz,Furkan,furkan-korkmaz,30,G-F,6-7,202,"JUL 24, 1997",25.0,5,Anadolu Efes,1627788,,Philadelphia 76ers,2022
1610612755,2022,00,Paul Reed,Paul,paul-reed,44,F,6-9,210,"JUN 14, 1999",24.0,2,DePaul,1630194,,Philadelphia 76ers,2022
1610612755,2023,00,Tyrese Maxey,Tyrese,tyrese-maxey,0,G,6-2,200,"NOV 04, 2000",23.0,3,Kentucky,1630178,#21 Pick in 2020 Draft,Philadelphia 76ers,2023
1610612755,2023,00,KJ Martin,KJ,kj-martin,1,F,6-6,215,"JAN 06, 2001",23.0,3,IMG Academy (FL),1630231,,Philadelphia 76ers,2023
1610612755,2023,00,Mo Bamba,Mo,mo-bamba,5,C,7-0,231,"MAY 12, 1998",26.0,5,Texas,1628964,,Philadelphia 76ers,2023
1610612755,2023,00,Kyle Lowry,Kyle,kyle-lowry,7,G,6-0,196,"MAR 25, 1986",38.0,17,Villanova,200768,Signed on 02/13/24,Philadelphia 76ers,2023
1610612755,2023,00,De'Anthony Melton,De'Anthony,deanthony-melton,8,G,6-3,200,"MAY 28, 1998",26.0,5,Southern California,1629001,,Philadelphia 76ers,2023
1610612755,2023,00,Kelly Oubre Jr.,Kelly,kelly-oubre-jr,9,F-G,6-7,203,"DEC 09, 1995",28.0,8,Kansas,1626162,Signed on 09/26/23,Philadelphia 76ers,2023
1610612755,2023,00,Jeff Dowtin Jr.,Jeff,jeff-dowtin-jr,11,G,6-3,177,"MAY 10, 1997",27.0,2,Rhode Island,1630288,,Philadelphia 76ers,2023
1610612755,2023,00,Tobias Harris,Tobias,tobias-harris,12,F,6-8,226,"JUL 15, 1992",31.0,12,Tennessee,202699,,Philadelphia 76ers,2023
1610612755,2023,00,Ricky Council IV,Ricky,ricky-council-iv,16,G,6-6,207,"AUG 03, 2001",22.0,R,Arkansas,1641741,,Philadelphia 76ers,2023
1610612755,2023,00,Buddy Hield,Buddy,buddy-hield,17,G,6-4,220,"DEC 17, 1992",31.0,7,Oklahoma,1627741,,Philadelphia 76ers,2023
1610612755,2023,00,Joel Embiid,Joel,joel-embiid,21,C-F,7-0,280,"MAR 16, 1994",30.0,7,Kansas,203954,#3 Pick in 2014 Draft,Philadelphia 76ers,2023
1610612755,2023,00,Cameron Payne,Cameron,cameron-payne,22,G,6-3,183,"AUG 08, 1994",29.0,8,Murray State,1626166,,Philadelphia 76ers,2023
1610612755,2023,00,Terquavion Smith,Terquavion,terquavion-smith,23,G,6-4,160,"DEC 31, 2002",21.0,R,North Carolina State,1631173,,Philadelphia 76ers,2023
1610612755,2023,00,Robert Covington,Robert,robert-covington,33,F,6-7,209,"DEC 14, 1990",33.0,10,Tennessee State,203496,,Philadelphia 76ers,2023
1610612755,2023,00,Nicolas Batum,Nicolas,nicolas-batum,40,G-F,6-8,230,"DEC 14, 1988",35.0,15,Le Mans,201587,,Philadelphia 76ers,2023
1610612755,2023,00,Paul Reed,Paul,paul-reed,44,F,6-9,210,"JUN 14, 1999",25.0,3,DePaul,1630194,,Philadelphia 76ers,2023
1610612755,2024,00,Tyrese Maxey,Tyrese,tyrese-maxey,0,G,6-2,200,"NOV 04, 2000",24.0,4,Kentucky,1630178,#21 Pick in 2020 Draft,Philadelphia 76ers,2024
1610612755,2024,00,Andre Drummond,Andre,andre-drummond,1,C,6-11,279,"AUG 10, 1993",31.0,12,Connecticut,203083,Signed on 07/07/24,Philadelphia 76ers,2024
1610612755,2024,00,Quentin Grimes,Quentin,quentin-grimes,5,G,6-4,210,"MAY 08, 2000",25.0,3,Houston,1629656,Traded from DAL on 02/04/25,Philadelphia 76ers,2024
1610612755,2024,00,Kyle Lowry,Kyle,kyle-lowry,7,G,6-0,196,"MAR 25, 1986",39.0,18,Villanova,200768,Signed on 02/13/24,Philadelphia 76ers,2024
1610612755,2024,00,Paul George,Paul,paul-george,8,F,6-8,220,"MAY 02, 1990",35.0,14,Fresno State,202331,Signed on 07/06/24,Philadelphia 76ers,2024
1610612755,2024,00,Kelly Oubre Jr.,Kelly,kelly-oubre-jr,9,F-G,6-8,203,"DEC 09, 1995",29.0,9,Kansas,1626162,Signed on 09/26/23,Philadelphia 76ers,2024
1610612755,2024,00,Jeff Dowtin Jr.,Jeff,jeff-dowtin-jr,11,G,6-3,177,"MAY 10, 1997",28.0,3,Rhode Island,1630288,,Philadelphia 76ers,2024
1610612755,2024,00,Jared Butler,Jared,jared-butler,12,G,6-3,193,"AUG 25, 2000",24.0,3,Baylor,1630215,,Philadelphia 76ers,2024
1610612755,2024,00,Ricky Council IV,Ricky,ricky-council-iv,14,G,6-6,207,"AUG 03, 2001",23.0,1,Arkansas,1641741,,Philadelphia 76ers,2024
1610612755,2024,00,Lonnie Walker IV,Lonnie,lonnie-walker-iv,16,G-F,6-4,204,"DEC 14, 1998",26.0,6,Miami,1629022,,Philadelphia 76ers,2024
1610612755,2024,00,Jalen Hood-Schifino,Jalen,jalen-hood-schifino,17,G,6-5,210,"JUN 19, 2003",22.0,1,Indiana,1641720,,Philadelphia 76ers,2024
1610612755,2024,00,Justin Edwards,Justin,justin-edwards,19,F,6-7,203,"DEC 16, 2003",21.0,R,Kentucky,1642348,Signed on 07/04/24,Philadelphia 76ers,2024
1610612755,2024,00,Jared McCain,Jared,jared-mccain,20,G,6-3,195,"FEB 20, 2004",21.0,R,Duke,1642272,#16 Pick in 2024 Draft,Philadelphia 76ers,2024
1610612755,2024,00,Joel Embiid,Joel,joel-embiid,21,C-F,7-0,280,"MAR 16, 1994",31.0,8,Kansas,203954,#3 Pick in 2014 Draft,Philadelphia 76ers,2024
1610612755,2024,00,Eric Gordon,Eric,eric-gordon,23,G,6-3,215,"DEC 25, 1988",36.0,16,Indiana,201569,Signed on 07/10/24,Philadelphia 76ers,2024
1610612755,2024,00,Guerschon Yabusele,Guerschon,guerschon-yabusele,28,F,6-8,265,"DEC 17, 1995",29.0,2,"Rouen, France",1627824,,Philadelphia 76ers,2024
1610612755,2024,00,Adem Bona,Adem,adem-bona,30,F,6-10,235,"MAR 28, 2003",22.0,R,UCLA,1641737,#41 Pick in 2024 Draft,Philadelphia 76ers,2024
1610612755,2024,00,Alex Reese,Alex,alex-reese,65,F-C,6-9,245,"MAY 21, 1999",26.0,R,Alabama,1642024,,Philadelphia 76ers,2024
1610612755,2025,00,Johni Broome,Johni,johni-broome,,F,6-10,235,"JUL 19, 2002",23.0,R,Auburn,1641780,#35 Pick in 2025 Draft,Philadelphia 76ers,2025
1610612755,2025,00,Hunter Sallis,Hunter,hunter-sallis,,G,6-4,185,"MAR 26, 2003",22.0,R,Wake Forest,1642282,Signed on 07/01/25,Philadelphia 76ers,2025
1610612755,2025,00,VJ Edgecombe,VJ,vj-edgecombe,,G,6-4,180,"JUL 30, 2005",20.0,R,Baylor,1642845,#3 Pick in 2025 Draft,Philadelphia 76ers,2025
1610612755,2025,00,Saint Thomas,Saint,saint-thomas,,,,,"MAY 01, 2003",22.0,R,,1643148,Signed on 09/26/25,Philadelphia 76ers,2025
1610612755,2025,00,Tyrese Maxey,Tyrese,tyrese-maxey,0,G,6-2,200,"NOV 04, 2000",24.0,5,Kentucky,1630178,#21 Pick in 2020 Draft,Philadelphia 76ers,2025
1610612755,2025,00,Andre Drummond,Andre,andre-drummond,1,C,6-11,279,"AUG 10, 1993",32.0,13,Connecticut,203083,Signed on 07/07/24,Philadelphia 76ers,2025
1610612755,2025,00,Kennedy Chandler,Kennedy,kennedy-chandler,1,G,6-0,170,"SEP 16, 2002",23.0,1,Tennessee,1631113,Signed on 09/22/25,Philadelphia 76ers,2025
1610612755,2025,00,Quentin Grimes,Quentin,quentin-grimes,5,G,6-4,210,"MAY 08, 2000",25.0,4,Houston,1629656,Traded from DAL on 02/04/25,Philadelphia 76ers,2025
1610612755,2025,00,Kyle Lowry,Kyle,kyle-lowry,7,G,6-0,196,"MAR 25, 1986",39.0,19,Villanova,200768,Signed on 02/13/24,Philadelphia 76ers,2025
1610612755,2025,00,Paul George,Paul,paul-george,8,F,6-8,220,"MAY 02, 1990",35.0,15,Fresno State,202331,Signed on 07/06/24,Philadelphia 76ers,2025
1610612755,2025,00,Kelly Oubre Jr.,Kelly,kelly-oubre-jr,9,F-G,6-8,203,"DEC 09, 1995",29.0,10,Kansas,1626162,Signed on 09/26/23,Philadelphia 76ers,2025
1610612755,2025,00,Justin Edwards,Justin,justin-edwards,11,F,6-7,203,"DEC 16, 2003",21.0,1,Kentucky,1642348,Signed on 07/04/24,Philadelphia 76ers,2025
1610612755,2025,00,Trendon Watford,Trendon,trendon-watford,12,G-F,6-8,237,"NOV 09, 2000",24.0,4,Louisiana State,1630570,Signed on 07/02/25,Philadelphia 76ers,2025
1610612755,2025,00,Jared McCain,Jared,jared-mccain,20,G,6-3,195,"FEB 20, 2004",21.0,1,Duke,1642272,#16 Pick in 2024 Draft,Philadelphia 76ers,2025
1610612755,2025,00,Emoni Bates,Emoni,emoni-bates,21,F,6-9,202,"JAN 28, 2004",21.0,2,Eastern Michigan,1641734,Signed on 09/22/25,Philadelphia 76ers,2025
1610612755,2025,00,Joel Embiid,Joel,joel-embiid,21,C-F,7-0,280,"MAR 16, 1994",31.0,9,Kansas,203954,#3 Pick in 2014 Draft,Philadelphia 76ers,2025
1610612755,2025,00,Eric Gordon,Eric,eric-gordon,23,G,6-3,215,"DEC 25, 1988",36.0,17,Indiana,201569,Signed on 07/10/24,Philadelphia 76ers,2025
1610612755,2025,00,Dominick Barlow,Dominick,dominick-barlow,25,F,6-9,215,"MAY 26, 2003",22.0,3,Overtime Elite,1631230,Signed on 07/09/25,Philadelphia 76ers,2025
1610612755,2025,00,Adem Bona,Adem,adem-bona,30,F,6-10,235,"MAR 28, 2003",22.0,1,UCLA,1641737,#41 Pick in 2024 Draft,Philadelphia 76ers,2025
1610612755,2025,00,Malcolm Hill,Malcolm,malcolm-hill,33,F,6-6,220,"OCT 26, 1995",29.0,2,Illinois,1630792,Signed on 09/22/25,Philadelphia 76ers,2025
1610612755,2025,00,Jabari Walker,Jabari,jabari-walker,34,F,6-7,237,"JUL 30, 2002",23.0,3,Colorado,1631133,Signed on 07/05/25,Philadelphia 76ers,2025
1610612756,2015,00,Devin Booker,Devin,devin-booker,1,G,6-6,206,"OCT 30, 1996",19.0,R,Kentucky,1626164,#13 Pick in 2015 Draft,Phoenix Suns,2015
1610612756,2015,00,Eric Bledsoe,Eric,eric-bledsoe,2,G,6-1,190,"DEC 09, 1989",26.0,5,Kentucky,202339,,Phoenix Suns,2015
1610612756,2015,00,Brandon Knight,Brandon,brandon-knight,3,G,6-3,189,"DEC 02, 1991",24.0,4,Kentucky,202688,,Phoenix Suns,2015
1610612756,2015,00,Tyson Chandler,Tyson,tyson-chandler,4,C,7-1,240,"OCT 02, 1982",33.0,14,Dominguez HS (CA),2199,,Phoenix Suns,2015
1610612756,2015,00,Chase Budinger,Chase,chase-budinger,10,F,6-7,209,"MAY 22, 1988",28.0,6,Arizona,201978,,Phoenix Suns,2015
1610612756,2015,00,T.J. Warren,T.J.,tj-warren,12,F,6-8,230,"SEP 05, 1993",22.0,1,North Carolina State,203933,,Phoenix Suns,2015
1610612756,2015,00,Ronnie Price,Ronnie,ronnie-price,14,G,6-2,190,"JUN 21, 1983",33.0,10,Utah Valley,101179,,Phoenix Suns,2015
1610612756,2015,00,Alan Williams,Alan,alan-williams,15,C-F,6-8,260,"JAN 28, 1993",23.0,R,Cal-Santa Barbara,1626210,,Phoenix Suns,2015
1610612756,2015,00,P.J. Tucker,P.J.,pj-tucker,17,F,6-6,245,"MAY 05, 1985",31.0,4,Texas,200782,,Phoenix Suns,2015
1610612756,2015,00,Archie Goodwin,Archie,archie-goodwin,20,G,6-5,200,"AUG 17, 1994",21.0,2,Kentucky,203462,,Phoenix Suns,2015
1610612756,2015,00,Alex Len,Alex,alex-len,21,C,7-1,260,"JUN 16, 1993",23.0,2,Maryland,203458,,Phoenix Suns,2015
1610612756,2015,00,John Jenkins,John,john-jenkins,23,G,6-4,215,"MAR 06, 1991",25.0,3,Vanderbilt,203098,,Phoenix Suns,2015
1610612756,2015,00,Jon Leuer,Jon,jon-leuer,30,F,6-10,228,"MAY 14, 1989",27.0,4,Wisconsin,202720,,Phoenix Suns,2015
1610612756,2015,00,Mirza Teletovic,Mirza,mirza-teletovic,35,F,6-9,242,"SEP 17, 1985",30.0,3,Baskonia,203141,,Phoenix Suns,2015
1610612756,2016,00,Marquese Chriss,Marquese,marquese-chriss,0,F,6-10,233,"JUL 02, 1997",19.0,R,Washington,1627737,,Phoenix Suns,2016
1610612756,2016,00,Devin Booker,Devin,devin-booker,1,G,6-6,206,"OCT 30, 1996",20.0,1,Kentucky,1626164,#13 Pick in 2015 Draft,Phoenix Suns,2016
1610612756,2016,00,Eric Bledsoe,Eric,eric-bledsoe,2,G,6-1,205,"DEC 09, 1989",27.0,6,Kentucky,202339,,Phoenix Suns,2016
1610612756,2016,00,Jared Dudley,Jared,jared-dudley,3,F,6-7,225,"JUL 10, 1985",31.0,9,Boston College,201162,,Phoenix Suns,2016
1610612756,2016,00,Tyson Chandler,Tyson,tyson-chandler,4,C,7-1,240,"OCT 02, 1982",34.0,15,Dominguez HS (CA),2199,,Phoenix Suns,2016
1610612756,2016,00,Tyler Ulis,Tyler,tyler-ulis,8,G,5-10,150,"JAN 05, 1996",21.0,R,Kentucky,1627755,,Phoenix Suns,2016
1610612756,2016,00,Derrick Jones Jr.,Derrick,derrick-jones-jr,10,F,6-7,190,"FEB 15, 1997",20.0,R,UNLV,1627884,,Phoenix Suns,2016
1610612756,2016,00,Brandon Knight,Brandon,brandon-knight,11,G,6-3,195,"DEC 02, 1991",25.0,5,Kentucky,202688,,Phoenix Suns,2016
1610612756,2016,00,T.J. Warren,T.J.,tj-warren,12,F,6-8,225,"SEP 05, 1993",23.0,2,North Carolina State,203933,,Phoenix Suns,2016
1610612756,2016,00,Ronnie Price,Ronnie,ronnie-price,14,G,6-2,190,"JUN 21, 1983",34.0,11,Utah Valley,101179,,Phoenix Suns,2016
1610612756,2016,00,Alan Williams,Alan,alan-williams,15,F-C,6-8,260,"JAN 28, 1993",24.0,1,Cal-Santa Barbara,1626210,,Phoenix Suns,2016
1610612756,2016,00,Leandro Barbosa,Leandro,leandro-barbosa,19,G,6-3,194,"NOV 28, 1982",34.0,13,Bauru,2571,,Phoenix Suns,2016
1610612756,2016,00,Alex Len,Alex,alex-len,21,C,7-1,260,"JUN 16, 1993",24.0,3,Maryland,203458,,Phoenix Suns,2016
1610612756,2016,00,Elijah Millsap,Elijah,elijah-millsap,22,G-F,6-7,215,"AUG 12, 1987",29.0,2,Alabama-Birmingham,202407,,Phoenix Suns,2016
1610612756,2016,00,Dragan Bender,Dragan,dragan-bender,35,F,7-1,225,"NOV 17, 1997",19.0,R,Maccabi Tel Aviv,1627733,,Phoenix Suns,2016
1610612756,2017,00,Marquese Chriss,Marquese,marquese-chriss,0,F,6-10,240,"JUL 02, 1997",20.0,1,Washington,1627737,,Phoenix Suns,2017
1610612756,2017,00,Devin Booker,Devin,devin-booker,1,G,6-6,210,"OCT 30, 1996",21.0,2,Kentucky,1626164,#13 Pick in 2015 Draft,Phoenix Suns,2017
1610612756,2017,00,Elfrid Payton,Elfrid,elfrid-payton,2,G,6-4,185,"FEB 22, 1994",24.0,3,Louisana-Lafayette,203901,,Phoenix Suns,2017
1610612756,2017,00,Jared Dudley,Jared,jared-dudley,3,F,6-7,240,"JUL 10, 1985",32.0,10,Boston College,201162,,Phoenix Suns,2017
1610612756,2017,00,Tyson Chandler,Tyson,tyson-chandler,4,C,7-1,240,"OCT 02, 1982",35.0,16,Dominguez HS (CA),2199,,Phoenix Suns,2017
1610612756,2017,00,Tyler Ulis,Tyler,tyler-ulis,8,G,5-10,160,"JAN 05, 1996",22.0,1,Kentucky,1627755,,Phoenix Suns,2017
1610612756,2017,00,Shaquille Harrison,Shaquille,shaquille-harrison,10,G,6-4,190,"OCT 06, 1993",24.0,R,Tulsa,1627885,,Phoenix Suns,2017
1610612756,2017,00,Brandon Knight,Brandon,brandon-knight,11,G,6-3,195,"DEC 02, 1991",26.0,6,Kentucky,202688,,Phoenix Suns,2017
1610612756,2017,00,T.J. Warren,T.J.,tj-warren,12,F,6-8,215,"SEP 05, 1993",24.0,3,North Carolina State,203933,,Phoenix Suns,2017
1610612756,2017,00,Alan Williams,Alan,alan-williams,15,F-C,6-8,265,"JAN 28, 1993",25.0,2,Cal-Santa Barbara,1626210,,Phoenix Suns,2017
1610612756,2017,00,Josh Jackson,Josh,josh-jackson,20,G-F,6-8,200,"FEB 10, 1997",21.0,R,Kansas,1628367,,Phoenix Suns,2017
1610612756,2017,00,Alex Len,Alex,alex-len,21,C,7-1,250,"JUN 16, 1993",25.0,4,Maryland,203458,,Phoenix Suns,2017
1610612756,2017,00,Danuel House Jr.,Danuel,danuel-house-jr,23,F-G,6-7,220,"JUN 07, 1993",25.0,1,Texas A&M,1627863,,Phoenix Suns,2017
1610612756,2017,00,Alec Peters,Alec,alec-peters,25,F,6-9,235,"APR 13, 1995",23.0,R,Valparaiso,1628409,,Phoenix Suns,2017
1610612756,2017,00,Troy Daniels,Troy,troy-daniels,30,G,6-4,205,"JUL 15, 1991",26.0,4,Va Commonwealth,203584,,Phoenix Suns,2017
1610612756,2017,00,Davon Reed,Davon,davon-reed,32,G,6-6,210,"JUN 11, 1995",23.0,R,Miami,1628432,,Phoenix Suns,2017
1610612756,2017,00,Dragan Bender,Dragan,dragan-bender,35,F,7-1,225,"NOV 17, 1997",20.0,1,Maccabi Tel Aviv,1627733,,Phoenix Suns,2017
1610612756,2018,00,Devin Booker,Devin,devin-booker,1,G,6-6,210,"OCT 30, 1996",22.0,3,Kentucky,1626164,#13 Pick in 2015 Draft,Phoenix Suns,2018
1610612756,2018,00,Elie Okobo,Elie,elie-okobo,2,G,6-3,190,"OCT 23, 1997",21.0,R,Elan Bearnais,1629059,,Phoenix Suns,2018
1610612756,2018,00,Kelly Oubre Jr.,Kelly,kelly-oubre-jr,3,F,6-7,205,"DEC 09, 1995",23.0,3,Kansas,1626162,,Phoenix Suns,2018
1610612756,2018,00,George King,George,george-king,8,F,6-6,220,"JAN 15, 1994",25.0,R,University of Colorado Boulder,1628994,,Phoenix Suns,2018
1610612756,2018,00,Jamal Crawford,Jamal,jamal-crawford,11,G,6-5,185,"MAR 20, 1980",39.0,18,Michigan,2037,,Phoenix Suns,2018
1610612756,2018,00,T.J. Warren,T.J.,tj-warren,12,F,6-8,215,"SEP 05, 1993",25.0,4,North Carolina State,203933,,Phoenix Suns,2018
1610612756,2018,00,De'Anthony Melton,De'Anthony,deanthony-melton,14,G,6-4,200,"MAY 28, 1998",21.0,R,Southern California,1629001,,Phoenix Suns,2018
1610612756,2018,00,Tyler Johnson,Tyler,tyler-johnson,16,G,6-4,190,"MAY 07, 1992",27.0,4,Fresno State,204020,,Phoenix Suns,2018
1610612756,2018,00,Josh Jackson,Josh,josh-jackson,20,F,6-8,200,"FEB 10, 1997",22.0,1,Kansas,1628367,,Phoenix Suns,2018
1610612756,2018,00,Richaun Holmes,Richaun,richaun-holmes,21,F-C,6-10,235,"OCT 15, 1993",25.0,3,Bowling Green,1626158,,Phoenix Suns,2018
1610612756,2018,00,Deandre Ayton,Deandre,deandre-ayton,22,C,7-1,250,"JUL 23, 1998",20.0,R,Arizona,1629028,,Phoenix Suns,2018
1610612756,2018,00,Mikal Bridges,Mikal,mikal-bridges,25,F,6-7,210,"AUG 30, 1996",22.0,R,Villanova,1628969,,Phoenix Suns,2018
1610612756,2018,00,Ray Spalding,Ray,ray-spalding,26,F,6-10,215,"MAR 11, 1997",22.0,R,Louisville,1629034,,Phoenix Suns,2018
1610612756,2018,00,Troy Daniels,Troy,troy-daniels,30,G,6-4,205,"JUL 15, 1991",27.0,5,Va Commonwealth,203584,,Phoenix Suns,2018
1610612756,2018,00,Jimmer Fredette,Jimmer,jimmer-fredette,32,G,6-2,195,"FEB 25, 1989",30.0,5,Brigham Young,202690,,Phoenix Suns,2018
1610612756,2018,00,Dragan Bender,Dragan,dragan-bender,35,F,7-1,225,"NOV 17, 1997",21.0,2,Maccabi Tel Aviv,1627733,,Phoenix Suns,2018
1610612756,2019,00,Jalen Lecque,Jalen,jalen-lecque,0,G,6-4,185,"JUN 13, 2000",20.0,R,Brewster Academy (NH),1629665,,Phoenix Suns,2019
1610612756,2019,00,Devin Booker,Devin,devin-booker,1,G,6-5,206,"OCT 30, 1996",23.0,4,Kentucky,1626164,#13 Pick in 2015 Draft,Phoenix Suns,2019
1610612756,2019,00,Elie Okobo,Elie,elie-okobo,2,F-G,6-3,190,"OCT 23, 1997",22.0,1,Elan Bearnais,1629059,,Phoenix Suns,2019
1610612756,2019,00,Kelly Oubre Jr.,Kelly,kelly-oubre-jr,3,F-G,6-7,203,"DEC 09, 1995",24.0,4,Kansas,1626162,,Phoenix Suns,2019
1610612756,2019,00,Jevon Carter,Jevon,jevon-carter,4,G,6-1,200,"SEP 14, 1995",24.0,1,West Virginia,1628975,,Phoenix Suns,2019
1610612756,2019,00,Frank Kaminsky,Frank,frank-kaminsky,8,F-C,7-0,240,"APR 04, 1993",27.0,4,Wisconsin,1626163,,Phoenix Suns,2019
1610612756,2019,00,Ty Jerome,Ty,ty-jerome,10,G-F,6-5,195,"JUL 08, 1997",22.0,R,Virginia,1629660,,Phoenix Suns,2019
1610612756,2019,00,Ricky Rubio,Ricky,ricky-rubio,11,G,6-3,190,"OCT 21, 1990",29.0,8,FC Barcelona,201937,,Phoenix Suns,2019
1610612756,2019,00,Cheick Diallo,Cheick,cheick-diallo,14,F-C,6-8,219,"SEP 13, 1996",23.0,3,Kansas,1627767,,Phoenix Suns,2019
1610612756,2019,00,Cameron Payne,Cameron,cameron-payne,15,G,6-1,183,"AUG 08, 1994",25.0,4,Murray State,1626166,,Phoenix Suns,2019
1610612756,2019,00,Dario Šarić,Dario,dario-šarić,20,F,6-10,225,"APR 08, 1994",26.0,3,Anadolu Efes,203967,,Phoenix Suns,2019
1610612756,2019,00,Deandre Ayton,Deandre,deandre-ayton,22,C,6-11,250,"JUL 23, 1998",21.0,1,Arizona,1629028,,Phoenix Suns,2019
1610612756,2019,00,Cameron Johnson,Cameron,cameron-johnson,23,F,6-8,210,"MAR 03, 1996",24.0,R,North Carolina,1629661,,Phoenix Suns,2019
1610612756,2019,00,Mikal Bridges,Mikal,mikal-bridges,25,F,6-6,209,"AUG 30, 1996",23.0,1,Villanova,1628969,,Phoenix Suns,2019
1610612756,2019,00,Tariq Owens,Tariq,tariq-owens,41,F,6-10,205,"JUN 30, 1995",25.0,R,Texas Tech,1629745,,Phoenix Suns,2019
1610612756,2019,00,Aron Baynes,Aron,aron-baynes,46,C-F,6-10,260,"DEC 09, 1986",33.0,7,Washington State,203382,,Phoenix Suns,2019
1610612756,2020,00,Ty-Shon Alexander,Ty-Shon,ty-shon-alexander,0,G,6-3,195,"JUL 16, 1998",22.0,R,Creighton,1630234,,Phoenix Suns,2020
1610612756,2020,00,Devin Booker,Devin,devin-booker,1,G,6-5,206,"OCT 30, 1996",24.0,5,Kentucky,1626164,#13 Pick in 2015 Draft,Phoenix Suns,2020
1610612756,2020,00,Langston Galloway,Langston,langston-galloway,2,G,6-1,200,"DEC 09, 1991",29.0,6,St. Joseph's (PA),204038,,Phoenix Suns,2020
1610612756,2020,00,Chris Paul,Chris,chris-paul,3,G,6-0,175,"MAY 06, 1985",36.0,15,Wake Forest,101108,,Phoenix Suns,2020
1610612756,2020,00,Jevon Carter,Jevon,jevon-carter,4,G,6-1,200,"SEP 14, 1995",25.0,2,West Virginia,1628975,,Phoenix Suns,2020
1610612756,2020,00,Frank Kaminsky,Frank,frank-kaminsky,8,F-C,7-0,240,"APR 04, 1993",28.0,5,Wisconsin,1626163,,Phoenix Suns,2020
1610612756,2020,00,Jalen Smith,Jalen,jalen-smith,10,F-C,6-10,215,"MAR 16, 2000",21.0,R,Maryland,1630188,,Phoenix Suns,2020
1610612756,2020,00,Abdel Nader,Abdel,abdel-nader,11,F,6-5,225,"SEP 25, 1993",27.0,3,Iowa State,1627846,,Phoenix Suns,2020
1610612756,2020,00,Torrey Craig,Torrey,torrey-craig,12,F,6-7,221,"DEC 19, 1990",30.0,3,South Carolina Upstate,1628470,,Phoenix Suns,2020
1610612756,2020,00,Cameron Payne,Cameron,cameron-payne,15,G,6-1,183,"AUG 08, 1994",26.0,5,Murray State,1626166,,Phoenix Suns,2020
1610612756,2020,00,Dario Šarić,Dario,dario-šarić,20,F-C,6-10,225,"APR 08, 1994",27.0,4,Anadolu Efes,203967,,Phoenix Suns,2020
1610612756,2020,00,Deandre Ayton,Deandre,deandre-ayton,22,C,6-11,250,"JUL 23, 1998",22.0,2,Arizona,1629028,,Phoenix Suns,2020
1610612756,2020,00,Cameron Johnson,Cameron,cameron-johnson,23,F,6-8,210,"MAR 03, 1996",25.0,1,North Carolina,1629661,,Phoenix Suns,2020
1610612756,2020,00,Mikal Bridges,Mikal,mikal-bridges,25,F,6-6,209,"AUG 30, 1996",24.0,2,Villanova,1628969,,Phoenix Suns,2020
1610612756,2020,00,E'Twaun Moore,E'Twaun,etwaun-moore,55,G,6-3,191,"FEB 25, 1989",32.0,9,Purdue,202734,,Phoenix Suns,2020
1610612756,2020,00,Jae Crowder,Jae,jae-crowder,99,F,6-6,235,"JUL 06, 1990",30.0,8,Marquette,203109,,Phoenix Suns,2020
1610612756,2021,00,JaVale McGee,JaVale,javale-mcgee,00,C-F,7-0,270,"JAN 19, 1988",34.0,13,Nevada,201580,,Phoenix Suns,2021
1610612756,2021,00,Torrey Craig,Torrey,torrey-craig,0,F,6-7,221,"DEC 19, 1990",31.0,4,South Carolina Upstate,1628470,,Phoenix Suns,2021
1610612756,2021,00,Devin Booker,Devin,devin-booker,1,G,6-5,206,"OCT 30, 1996",25.0,6,Kentucky,1626164,#13 Pick in 2015 Draft,Phoenix Suns,2021
1610612756,2021,00,Elfrid Payton,Elfrid,elfrid-payton,2,G,6-3,195,"FEB 22, 1994",28.0,7,Louisana-Lafayette,203901,,Phoenix Suns,2021
1610612756,2021,00,Chris Paul,Chris,chris-paul,3,G,6-0,175,"MAY 06, 1985",37.0,16,Wake Forest,101108,,Phoenix Suns,2021
1610612756,2021,00,Aaron Holiday,Aaron,aaron-holiday,4,G,6-0,185,"SEP 30, 1996",25.0,3,UCLA,1628988,,Phoenix Suns,2021
1610612756,2021,00,Ish Wainright,Ish,ish-wainright,12,F,6-5,250,"SEP 12, 1994",27.0,R,Baylor,1630688,,Phoenix Suns,2021
1610612756,2021,00,Landry Shamet,Landry,landry-shamet,14,G,6-4,190,"MAR 13, 1997",25.0,3,Wichita State,1629013,,Phoenix Suns,2021
1610612756,2021,00,Cameron Payne,Cameron,cameron-payne,15,G,6-1,183,"AUG 08, 1994",27.0,6,Murray State,1626166,,Phoenix Suns,2021
1610612756,2021,00,Bismack Biyombo,Bismack,bismack-biyombo,18,C,6-8,255,"AUG 28, 1992",29.0,10,Baloncesto Fuenlabrada,202687,,Phoenix Suns,2021
1610612756,2021,00,Gabriel Lundberg,Gabriel,gabriel-lundberg,19,G,6-4,203,"DEC 04, 1994",27.0,R,CSKA Moscow,1630994,,Phoenix Suns,2021
1610612756,2021,00,Dario Šarić,Dario,dario-šarić,20,F-C,6-10,225,"APR 08, 1994",28.0,5,Anadolu Efes,203967,,Phoenix Suns,2021
1610612756,2021,00,Deandre Ayton,Deandre,deandre-ayton,22,C,6-11,250,"JUL 23, 1998",23.0,3,Arizona,1629028,,Phoenix Suns,2021
1610612756,2021,00,Cameron Johnson,Cameron,cameron-johnson,23,F,6-8,210,"MAR 03, 1996",26.0,2,North Carolina,1629661,,Phoenix Suns,2021
1610612756,2021,00,Mikal Bridges,Mikal,mikal-bridges,25,F,6-6,209,"AUG 30, 1996",25.0,3,Villanova,1628969,,Phoenix Suns,2021
1610612756,2021,00,Jae Crowder,Jae,jae-crowder,99,F,6-6,235,"JUL 06, 1990",31.0,9,Marquette,203109,,Phoenix Suns,2021
1610612756,2022,00,Torrey Craig,Torrey,torrey-craig,0,F,6-7,221,"DEC 19, 1990",32.0,5,South Carolina Upstate,1628470,,Phoenix Suns,2022
1610612756,2022,00,Devin Booker,Devin,devin-booker,1,G,6-5,206,"OCT 30, 1996",26.0,7,Kentucky,1626164,#13 Pick in 2015 Draft,Phoenix Suns,2022
1610612756,2022,00,Josh Okogie,Josh,josh-okogie,2,G,6-4,213,"SEP 01, 1998",24.0,4,Georgia Tech,1629006,,Phoenix Suns,2022
1610612756,2022,00,Chris Paul,Chris,chris-paul,3,G,6-0,175,"MAY 06, 1985",38.0,17,Wake Forest,101108,,Phoenix Suns,2022
1610612756,2022,00,Terrence Ross,Terrence,terrence-ross,8,G-F,6-7,206,"FEB 05, 1991",32.0,10,Washington,203082,,Phoenix Suns,2022
1610612756,2022,00,Damion Lee,Damion,damion-lee,10,G-F,6-5,210,"OCT 21, 1992",30.0,5,Drexel,1627814,,Phoenix Suns,2022
1610612756,2022,00,Jock Landale,Jock,jock-landale,11,C,6-11,255,"OCT 25, 1995",27.0,1,St. Mary's,1629111,,Phoenix Suns,2022
1610612756,2022,00,Ish Wainright,Ish,ish-wainright,12,F,6-5,250,"SEP 12, 1994",28.0,1,Baylor,1630688,,Phoenix Suns,2022
1610612756,2022,00,Landry Shamet,Landry,landry-shamet,14,G,6-4,190,"MAR 13, 1997",26.0,4,Wichita State,1629013,,Phoenix Suns,2022
1610612756,2022,00,Cameron Payne,Cameron,cameron-payne,15,G,6-1,183,"AUG 08, 1994",28.0,7,Murray State,1626166,,Phoenix Suns,2022
1610612756,2022,00,Bismack Biyombo,Bismack,bismack-biyombo,18,C,6-8,255,"AUG 28, 1992",30.0,11,Baloncesto Fuenlabrada,202687,,Phoenix Suns,2022
1610612756,2022,00,T.J. Warren,T.J.,tj-warren,21,F,6-8,220,"SEP 05, 1993",29.0,7,North Carolina State,203933,,Phoenix Suns,2022
1610612756,2022,00,Deandre Ayton,Deandre,deandre-ayton,22,C,7-0,250,"JUL 23, 1998",24.0,4,Arizona,1629028,,Phoenix Suns,2022
1610612756,2022,00,Kevin Durant,Kevin,kevin-durant,35,F,6-10,240,"SEP 29, 1988",34.0,15,Texas,201142,,Phoenix Suns,2022
1610612756,2022,00,Saben Lee,Saben,saben-lee,38,G,6-2,183,"JUN 23, 1999",24.0,2,Vanderbilt,1630240,,Phoenix Suns,2022
1610612756,2022,00,Darius Bazley,Darius,darius-bazley,55,F,6-9,216,"JUN 12, 2000",23.0,3,Princeton HS (OH),1629647,,Phoenix Suns,2022
1610612756,2023,00,Royce O'Neale,Royce,royce-oneale,00,F,6-6,226,"JUN 05, 1993",31.0,6,Baylor,1626220,Traded from BKN on 02/08/24,Phoenix Suns,2023
1610612756,2023,00,Devin Booker,Devin,devin-booker,1,G,6-6,206,"OCT 30, 1996",27.0,8,Kentucky,1626164,#13 Pick in 2015 Draft,Phoenix Suns,2023
1610612756,2023,00,Josh Okogie,Josh,josh-okogie,2,G,6-4,213,"SEP 01, 1998",25.0,5,Georgia Tech,1629006,,Phoenix Suns,2023
1610612756,2023,00,Bradley Beal,Bradley,bradley-beal,3,G,6-4,207,"JUN 28, 1993",31.0,11,Florida,203078,,Phoenix Suns,2023
1610612756,2023,00,Isaiah Thomas,Isaiah,isaiah-thomas,4,G,5-9,185,"FEB 07, 1989",35.0,11,Washington,202738,,Phoenix Suns,2023
1610612756,2023,00,Grayson Allen,Grayson,grayson-allen,8,G,6-4,198,"OCT 08, 1995",28.0,5,Duke,1628960,Traded from MIL on 09/27/23,Phoenix Suns,2023
1610612756,2023,00,Damion Lee,Damion,damion-lee,10,G-F,6-6,210,"OCT 21, 1992",31.0,6,Drexel,1627814,,Phoenix Suns,2023
1610612756,2023,00,Bol Bol,Bol,bol-bol,11,C-F,7-3,220,"NOV 16, 1999",24.0,4,Oregon,1629626,,Phoenix Suns,2023
1610612756,2023,00,Ish Wainright,Ish,ish-wainright,12,F,6-5,250,"SEP 12, 1994",29.0,2,Baylor,1630688,,Phoenix Suns,2023
1610612756,2023,00,Drew Eubanks,Drew,drew-eubanks,14,F-C,6-10,245,"FEB 01, 1997",27.0,5,Oregon State,1629234,,Phoenix Suns,2023
1610612756,2023,00,Jusuf Nurkić,Jusuf,jusuf-nurkić,20,C,7-0,290,"AUG 23, 1994",29.0,9,Cedevita,203994,,Phoenix Suns,2023
1610612756,2023,00,David Roddy,David,david-roddy,21,F,6-4,255,"MAR 27, 2001",23.0,1,Colorado State,1631223,,Phoenix Suns,2023
1610612756,2023,00,Eric Gordon,Eric,eric-gordon,23,G,6-3,215,"DEC 25, 1988",35.0,15,Indiana,201569,,Phoenix Suns,2023
1610612756,2023,00,Nassir Little,Nassir,nassir-little,25,F-G,6-6,220,"FEB 11, 2000",24.0,4,North Carolina,1629642,,Phoenix Suns,2023
1610612756,2023,00,Udoka Azubuike,Udoka,udoka-azubuike,27,C-F,6-11,270,"SEP 17, 1999",24.0,3,Kansas,1628962,,Phoenix Suns,2023
1610612756,2023,00,Thaddeus Young,Thaddeus,thaddeus-young,30,F,6-8,225,"JUN 21, 1988",36.0,16,Georgia Tech,201152,,Phoenix Suns,2023
1610612756,2023,00,Kevin Durant,Kevin,kevin-durant,35,F,6-11,240,"SEP 29, 1988",35.0,16,Texas,201142,,Phoenix Suns,2023
1610612756,2023,00,Saben Lee,Saben,saben-lee,38,G,6-2,183,"JUN 23, 1999",25.0,3,Vanderbilt,1630240,,Phoenix Suns,2023
1610612756,2024,00,Royce O'Neale,Royce,royce-oneale,00,F,6-6,226,"JUN 05, 1993",32.0,7,Baylor,1626220,Traded from BKN on 02/08/24,Phoenix Suns,2024
1610612756,2024,00,Ryan Dunn,Ryan,ryan-dunn,0,F,6-8,216,"JAN 07, 2003",22.0,R,Virginia,1642346,Draft Rights Traded from DEN on 06/26/24,Phoenix Suns,2024
1610612756,2024,00,Devin Booker,Devin,devin-booker,1,G,6-6,206,"OCT 30, 1996",28.0,9,Kentucky,1626164,#13 Pick in 2015 Draft,Phoenix Suns,2024
1610612756,2024,00,Nick Richards,Nick,nick-richards,2,C,7-0,245,"NOV 29, 1997",27.0,4,Kentucky,1630208,Traded from CHA on 01/15/25,Phoenix Suns,2024
1610612756,2024,00,Bradley Beal,Bradley,bradley-beal,3,G,6-4,207,"JUN 28, 1993",32.0,12,Florida,203078,,Phoenix Suns,2024
1610612756,2024,00,Oso Ighodaro,Oso,oso-ighodaro,4,F,7-0,235,"JUL 14, 2002",22.0,R,Marquette,1642345,Draft Rights Traded from NYK on 06/27/24,Phoenix Suns,2024
1610612756,2024,00,Grayson Allen,Grayson,grayson-allen,8,G,6-4,198,"OCT 08, 1995",29.0,6,Duke,1628960,Traded from MIL on 09/27/23,Phoenix Suns,2024
1610612756,2024,00,Damion Lee,Damion,damion-lee,10,G-F,6-6,210,"OCT 21, 1992",32.0,7,Drexel,1627814,,Phoenix Suns,2024
1610612756,2024,00,Bol Bol,Bol,bol-bol,11,C-F,7-3,220,"NOV 16, 1999",25.0,5,Oregon,1629626,,Phoenix Suns,2024
1610612756,2024,00,Collin Gillespie,Collin,collin-gillespie,12,G,6-1,195,"JUN 25, 1999",26.0,1,Villanova,1631221,Signed on 07/02/24,Phoenix Suns,2024
1610612756,2024,00,TyTy Washington Jr.,TyTy,tyty-washington-jr,14,G,6-3,195,"NOV 15, 2001",23.0,2,Kentucky,1631102,,Phoenix Suns,2024
1610612756,2024,00,Jalen Bridges,Jalen,jalen-bridges,15,F,6-8,225,"MAY 14, 2001",24.0,R,Baylor,1641779,,Phoenix Suns,2024
1610612756,2024,00,Cody Martin,Cody,cody-martin,17,F,6-6,205,"SEP 28, 1995",29.0,5,Nevada,1628998,,Phoenix Suns,2024
1610612756,2024,00,Vasilije Micic,Vasilije,vasilije-micic,18,G,6-3,188,"JAN 13, 1994",31.0,1,Serbia,203995,,Phoenix Suns,2024
1610612756,2024,00,Tyus Jones,Tyus,tyus-jones,21,G,6-1,196,"MAY 10, 1996",29.0,9,Duke,1626145,,Phoenix Suns,2024
1610612756,2024,00,Mason Plumlee,Mason,mason-plumlee,22,F-C,6-10,254,"MAR 05, 1990",35.0,11,Duke,203486,,Phoenix Suns,2024
1610612756,2024,00,Monté Morris,Monté,monté-morris,23,G,6-2,183,"JUN 27, 1995",30.0,7,Iowa State,1628420,,Phoenix Suns,2024
1610612756,2024,00,Kevin Durant,Kevin,kevin-durant,35,F,6-11,240,"SEP 29, 1988",36.0,17,Texas,201142,,Phoenix Suns,2024
1610612756,2025,00,Tyrese Samuel,Tyrese,tyrese-samuel,,F,6-8,239,"MAR 10, 2000",25.0,R,Florida,1642487,Signed on 09/23/24,Phoenix Suns,2025
1610612756,2025,00,Khaman Maluach,Khaman,khaman-maluach,,C,7-1,250,"SEP 14, 2006",19.0,R,Duke,1642863,Draft Rights Traded from HOU on 07/06/25,Phoenix Suns,2025
1610612756,2025,00,Koby Brea,Koby,koby-brea,,G,6-5,215,"NOV 06, 2002",22.0,R,Kentucky,1642886,Draft Rights Traded from GSW on 07/06/25,Phoenix Suns,2025
1610612756,2025,00,CJ Huntley,CJ,cj-huntley,,F,6-9,190,"JAN 06, 2002",23.0,R,Appalachian State,1643047,Signed on 07/03/25,Phoenix Suns,2025
1610612756,2025,00,Ryan Dunn,Ryan,ryan-dunn,0,F,6-7,216,"JAN 07, 2003",22.0,1,Virginia,1642346,Draft Rights Traded from DEN on 06/26/24,Phoenix Suns,2025
1610612756,2025,00,Royce O'Neale,Royce,royce-oneale,00,F,6-6,226,"JUN 05, 1993",32.0,8,Baylor,1626220,Traded from BKN on 02/08/24,Phoenix Suns,2025
1610612756,2025,00,Devin Booker,Devin,devin-booker,1,G,6-5,206,"OCT 30, 1996",28.0,10,Kentucky,1626164,#13 Pick in 2015 Draft,Phoenix Suns,2025
1610612756,2025,00,Nick Richards,Nick,nick-richards,2,C,6-11,245,"NOV 29, 1997",27.0,5,Kentucky,1630208,Traded from CHA on 01/15/25,Phoenix Suns,2025
1610612756,2025,00,Dillon Brooks,Dillon,dillon-brooks,3,G-F,6-7,225,"JAN 22, 1996",29.0,8,Oregon,1628415,Traded from HOU on 07/06/25,Phoenix Suns,2025
1610612756,2025,00,Jalen Green,Jalen,jalen-green,4,G,6-4,186,"FEB 09, 2002",23.0,4,NBA G League Ignite,1630224,Traded from HOU on 07/06/25,Phoenix Suns,2025
1610612756,2025,00,David Duke Jr.,David,david-duke-jr,7,G,6-4,204,"OCT 13, 1999",26.0,4,Providence,1630561,Signed on 09/19/25,Phoenix Suns,2025
1610612756,2025,00,Damion Baugh,Damion,damion-baugh,7,G,6-4,194,"AUG 03, 2000",25.0,1,TCU,1641878,Signed on 09/19/25,Phoenix Suns,2025
1610612756,2025,00,Grayson Allen,Grayson,grayson-allen,8,G,6-3,198,"OCT 08, 1995",30.0,7,Duke,1628960,Traded from MIL on 09/27/23,Phoenix Suns,2025
1610612756,2025,00,Oso Ighodaro,Oso,oso-ighodaro,11,F,6-11,235,"JUL 14, 2002",23.0,1,Marquette,1642345,Draft Rights Traded from NYK on 06/27/24,Phoenix Suns,2025
1610612756,2025,00,Jared Butler,Jared,jared-butler,12,G,6-3,193,"AUG 25, 2000",25.0,4,Baylor,1630215,Signed on 07/24/25,Phoenix Suns,2025
1610612756,2025,00,Collin Gillespie,Collin,collin-gillespie,12,G,6-1,195,"JUN 25, 1999",26.0,2,Villanova,1631221,Signed on 07/02/24,Phoenix Suns,2025
1610612756,2025,00,Isaiah Livers,Isaiah,isaiah-livers,12,F,6-6,232,"JUL 28, 1998",27.0,3,Michigan,1630587,Signed on 07/08/25,Phoenix Suns,2025
1610612756,2025,00,Mark Williams,Mark,mark-williams,15,C,7-1,240,"DEC 16, 2001",23.0,3,Duke,1631109,Traded from CHA on 06/30/25,Phoenix Suns,2025
1610612756,2025,00,Rasheer Fleming,Rasheer,rasheer-fleming,20,F,6-9,240,"JUL 10, 2004",21.0,R,St. Joseph's (PA),1642853,Draft Rights Traded from MIN on 07/06/25,Phoenix Suns,2025
1610612756,2025,00,Nigel Hayes-Davis,Nigel,nigel-hayes-davis,21,F,6-7,254,"DEC 16, 1994",30.0,1,Wisconsin,1628502,Signed on 07/09/25,Phoenix Suns,2025
1610612756,2025,00,Jordan Goodwin,Jordan,jordan-goodwin,23,G,6-3,215,"OCT 23, 1998",26.0,4,St. Louis,1630692,Awarded on Waivers on 07/23/25,Phoenix Suns,2025
1610612757,2015,00,Damian Lillard,Damian,damian-lillard,0,G,6-3,195,"JUL 15, 1990",25.0,3,Weber State,203081,Signed on 07/19/25,Portland Trail Blazers,2015
1610612757,2015,00,Brian Roberts,Brian,brian-roberts,2,G,6-1,173,"DEC 03, 1985",30.0,3,Dayton,203148,,Portland Trail Blazers,2015
1610612757,2015,00,CJ McCollum,CJ,cj-mccollum,3,G,6-4,200,"SEP 19, 1991",24.0,2,Lehigh,203468,,Portland Trail Blazers,2015
1610612757,2015,00,Maurice Harkless,Maurice,maurice-harkless,4,F,6-9,215,"MAY 11, 1993",23.0,3,"St. John's, N.Y.",203090,,Portland Trail Blazers,2015
1610612757,2015,00,Pat Connaughton,Pat,pat-connaughton,5,G,6-5,206,"JAN 06, 1993",23.0,R,Notre Dame,1626192,,Portland Trail Blazers,2015
1610612757,2015,00,Al-Farouq Aminu,Al-Farouq,al-farouq-aminu,8,F,6-9,215,"SEP 21, 1990",25.0,5,Wake Forest,202329,,Portland Trail Blazers,2015
1610612757,2015,00,Gerald Henderson,Gerald,gerald-henderson,9,G,6-5,215,"DEC 09, 1987",28.0,6,Duke,201945,,Portland Trail Blazers,2015
1610612757,2015,00,Meyers Leonard,Meyers,meyers-leonard,11,F-C,7-1,245,"FEB 27, 1992",24.0,3,Illinois,203086,,Portland Trail Blazers,2015
1610612757,2015,00,Ed Davis,Ed,ed-davis,17,F-C,6-10,240,"JUN 05, 1989",27.0,5,North Carolina,202334,,Portland Trail Blazers,2015
1610612757,2015,00,Noah Vonleh,Noah,noah-vonleh,21,F,6-9,240,"AUG 24, 1995",20.0,1,Indiana,203943,,Portland Trail Blazers,2015
1610612757,2015,00,Allen Crabbe,Allen,allen-crabbe,23,G,6-6,210,"APR 09, 1992",24.0,2,California,203459,,Portland Trail Blazers,2015
1610612757,2015,00,Mason Plumlee,Mason,mason-plumlee,24,C-F,6-11,235,"MAR 05, 1990",26.0,2,Duke,203486,,Portland Trail Blazers,2015
1610612757,2015,00,Cliff Alexander,Cliff,cliff-alexander,34,F,6-8,240,"NOV 16, 1995",20.0,R,Kansas,1626146,,Portland Trail Blazers,2015
1610612757,2015,00,Chris Kaman,Chris,chris-kaman,35,C,7-0,265,"APR 28, 1982",34.0,12,Central Michigan,2549,,Portland Trail Blazers,2015
1610612757,2015,00,Luis Montero,Luis,luis-montero,44,G,6-7,185,"APR 06, 1993",23.0,R,Westchester C.C.,1626242,,Portland Trail Blazers,2015
1610612757,2016,00,Damian Lillard,Damian,damian-lillard,0,G,6-3,195,"JUL 15, 1990",26.0,4,Weber State,203081,Signed on 07/19/25,Portland Trail Blazers,2016
1610612757,2016,00,Evan Turner,Evan,evan-turner,1,G-F,6-7,220,"OCT 27, 1988",28.0,6,Ohio State,202323,,Portland Trail Blazers,2016
1610612757,2016,00,CJ McCollum,CJ,cj-mccollum,3,G,6-3,190,"SEP 19, 1991",25.0,3,Lehigh,203468,,Portland Trail Blazers,2016
1610612757,2016,00,Maurice Harkless,Maurice,maurice-harkless,4,F,6-9,220,"MAY 11, 1993",24.0,4,"St. John's, N.Y.",203090,,Portland Trail Blazers,2016
1610612757,2016,00,Pat Connaughton,Pat,pat-connaughton,5,G-F,6-5,210,"JAN 06, 1993",24.0,1,Notre Dame,1626192,,Portland Trail Blazers,2016
1610612757,2016,00,Shabazz Napier,Shabazz,shabazz-napier,6,G,6-1,175,"JUL 14, 1991",25.0,2,Connecticut,203894,,Portland Trail Blazers,2016
1610612757,2016,00,Al-Farouq Aminu,Al-Farouq,al-farouq-aminu,8,F,6-9,220,"SEP 21, 1990",26.0,6,Wake Forest,202329,,Portland Trail Blazers,2016
1610612757,2016,00,Jake Layman,Jake,jake-layman,10,F,6-9,210,"MAR 07, 1994",23.0,R,Maryland,1627774,,Portland Trail Blazers,2016
1610612757,2016,00,Meyers Leonard,Meyers,meyers-leonard,11,F-C,7-1,255,"FEB 27, 1992",25.0,4,Illinois,203086,,Portland Trail Blazers,2016
1610612757,2016,00,Ed Davis,Ed,ed-davis,17,F,6-10,245,"JUN 05, 1989",28.0,6,North Carolina,202334,,Portland Trail Blazers,2016
1610612757,2016,00,Noah Vonleh,Noah,noah-vonleh,21,F,6-9,245,"AUG 24, 1995",21.0,2,Indiana,203943,,Portland Trail Blazers,2016
1610612757,2016,00,Allen Crabbe,Allen,allen-crabbe,23,G,6-6,215,"APR 09, 1992",25.0,3,California,203459,,Portland Trail Blazers,2016
1610612757,2016,00,Jusuf Nurkić,Jusuf,jusuf-nurkić,27,C,7-0,280,"AUG 23, 1994",22.0,2,Cedevita,203994,,Portland Trail Blazers,2016
1610612757,2016,00,Festus Ezeli,Festus,festus-ezeli,31,C,6-11,265,"OCT 21, 1989",27.0,3,Vanderbilt,203105,,Portland Trail Blazers,2016
1610612757,2016,00,Tim Quarterman,Tim,tim-quarterman,55,G,6-6,190,"OCT 27, 1994",22.0,R,Louisiana State,1627817,,Portland Trail Blazers,2016
1610612757,2017,00,Damian Lillard,Damian,damian-lillard,0,G,6-3,195,"JUL 15, 1990",27.0,5,Weber State,203081,Signed on 07/19/25,Portland Trail Blazers,2017
1610612757,2017,00,Evan Turner,Evan,evan-turner,1,F-G,6-7,220,"OCT 27, 1988",29.0,7,Ohio State,202323,,Portland Trail Blazers,2017
1610612757,2017,00,Wade Baldwin IV,Wade,wade-baldwin-iv,2,G,6-4,202,"MAR 29, 1996",22.0,1,Vanderbilt,1627735,,Portland Trail Blazers,2017
1610612757,2017,00,CJ McCollum,CJ,cj-mccollum,3,G,6-3,190,"SEP 19, 1991",26.0,4,Lehigh,203468,,Portland Trail Blazers,2017
1610612757,2017,00,Maurice Harkless,Maurice,maurice-harkless,4,F,6-9,220,"MAY 11, 1993",25.0,5,"St. John's, N.Y.",203090,,Portland Trail Blazers,2017
1610612757,2017,00,Pat Connaughton,Pat,pat-connaughton,5,G-F,6-5,210,"JAN 06, 1993",25.0,2,Notre Dame,1626192,,Portland Trail Blazers,2017
1610612757,2017,00,Shabazz Napier,Shabazz,shabazz-napier,6,G,6-1,175,"JUL 14, 1991",26.0,3,Connecticut,203894,,Portland Trail Blazers,2017
1610612757,2017,00,Al-Farouq Aminu,Al-Farouq,al-farouq-aminu,8,F,6-9,220,"SEP 21, 1990",27.0,7,Wake Forest,202329,,Portland Trail Blazers,2017
1610612757,2017,00,Jake Layman,Jake,jake-layman,10,F,6-9,210,"MAR 07, 1994",24.0,1,Maryland,1627774,,Portland Trail Blazers,2017
1610612757,2017,00,Meyers Leonard,Meyers,meyers-leonard,11,C,7-1,255,"FEB 27, 1992",26.0,5,Illinois,203086,,Portland Trail Blazers,2017
1610612757,2017,00,Ed Davis,Ed,ed-davis,17,F-C,6-10,245,"JUN 05, 1989",29.0,7,North Carolina,202334,,Portland Trail Blazers,2017
1610612757,2017,00,Georgios Papagiannis,Georgios,georgios-papagiannis,19,C,7-1,240,"JUL 03, 1997",20.0,1,Panathinaikos,1627834,,Portland Trail Blazers,2017
1610612757,2017,00,C.J. Wilcox,C.J.,cj-wilcox,23,G,6-5,195,"DEC 30, 1990",27.0,3,Washington,203912,,Portland Trail Blazers,2017
1610612757,2017,00,Jusuf Nurkić,Jusuf,jusuf-nurkić,27,C,7-0,280,"AUG 23, 1994",23.0,3,Cedevita,203994,,Portland Trail Blazers,2017
1610612757,2017,00,Zach Collins,Zach,zach-collins,33,C-F,7-0,230,"NOV 19, 1997",20.0,R,Gonzaga,1628380,,Portland Trail Blazers,2017
1610612757,2017,00,Caleb Swanigan,Caleb,caleb-swanigan,50,F-C,6-8,250,"APR 18, 1997",21.0,R,Purdue,1628403,,Portland Trail Blazers,2017
1610612757,2018,00,Enes Freedom,Enes,enes-freedom,00,C,6-11,250,"MAY 20, 1992",27.0,7,Fenerbahce,202683,,Portland Trail Blazers,2018
1610612757,2018,00,Damian Lillard,Damian,damian-lillard,0,G,6-3,195,"JUL 15, 1990",28.0,6,Weber State,203081,Signed on 07/19/25,Portland Trail Blazers,2018
1610612757,2018,00,Evan Turner,Evan,evan-turner,1,G-F,6-7,220,"OCT 27, 1988",30.0,8,Ohio State,202323,,Portland Trail Blazers,2018
1610612757,2018,00,CJ McCollum,CJ,cj-mccollum,3,G,6-3,190,"SEP 19, 1991",27.0,5,Lehigh,203468,,Portland Trail Blazers,2018
1610612757,2018,00,Maurice Harkless,Maurice,maurice-harkless,4,F,6-9,220,"MAY 11, 1993",26.0,6,"St. John's, N.Y.",203090,,Portland Trail Blazers,2018
1610612757,2018,00,Rodney Hood,Rodney,rodney-hood,5,G,6-8,206,"OCT 20, 1992",26.0,4,Duke,203918,,Portland Trail Blazers,2018
1610612757,2018,00,Al-Farouq Aminu,Al-Farouq,al-farouq-aminu,8,F,6-9,220,"SEP 21, 1990",28.0,8,Wake Forest,202329,,Portland Trail Blazers,2018
1610612757,2018,00,Gary Trent Jr.,Gary,gary-trent-jr,9,G,6-6,205,"JAN 18, 1999",20.0,R,Duke,1629018,,Portland Trail Blazers,2018
1610612757,2018,00,Jake Layman,Jake,jake-layman,10,F,6-9,215,"MAR 07, 1994",25.0,2,Maryland,1627774,,Portland Trail Blazers,2018
1610612757,2018,00,Meyers Leonard,Meyers,meyers-leonard,11,F-C,7-1,255,"FEB 27, 1992",27.0,6,Illinois,203086,,Portland Trail Blazers,2018
1610612757,2018,00,Skal Labissiere,Skal,skal-labissiere,17,F,6-11,235,"MAR 18, 1996",23.0,2,Kentucky,1627746,,Portland Trail Blazers,2018
1610612757,2018,00,Anfernee Simons,Anfernee,anfernee-simons,24,G,6-4,185,"JUN 08, 1999",20.0,R,Edgewater HS (FL),1629014,,Portland Trail Blazers,2018
1610612757,2018,00,Jusuf Nurkić,Jusuf,jusuf-nurkić,27,C,7-0,275,"AUG 23, 1994",24.0,4,Cedevita,203994,,Portland Trail Blazers,2018
1610612757,2018,00,Seth Curry,Seth,seth-curry,31,G,6-2,185,"AUG 23, 1990",28.0,5,Duke,203552,,Portland Trail Blazers,2018
1610612757,2018,00,Zach Collins,Zach,zach-collins,33,F-C,7-0,235,"NOV 19, 1997",21.0,1,Gonzaga,1628380,,Portland Trail Blazers,2018
1610612757,2019,00,Damian Lillard,Damian,damian-lillard,0,G,6-2,195,"JUL 15, 1990",29.0,7,Weber State,203081,Signed on 07/19/25,Portland Trail Blazers,2019
1610612757,2019,00,Carmelo Anthony,Carmelo,carmelo-anthony,00,F,6-8,238,"MAY 29, 1984",36.0,16,Syracuse,2546,,Portland Trail Blazers,2019
1610612757,2019,00,Anfernee Simons,Anfernee,anfernee-simons,1,G,6-3,181,"JUN 08, 1999",21.0,1,Edgewater HS (FL),1629014,,Portland Trail Blazers,2019
1610612757,2019,00,Gary Trent Jr.,Gary,gary-trent-jr,2,G-F,6-5,209,"JAN 18, 1999",21.0,1,Duke,1629018,,Portland Trail Blazers,2019
1610612757,2019,00,CJ McCollum,CJ,cj-mccollum,3,G,6-3,190,"SEP 19, 1991",28.0,6,Lehigh,203468,,Portland Trail Blazers,2019
1610612757,2019,00,Moses Brown,Moses,moses-brown,4,C,7-2,245,"OCT 13, 1999",20.0,R,UCLA,1629650,,Portland Trail Blazers,2019
1610612757,2019,00,Rodney Hood,Rodney,rodney-hood,5,G-F,6-8,208,"OCT 20, 1992",27.0,5,Duke,203918,,Portland Trail Blazers,2019
1610612757,2019,00,Jaylen Hoard,Jaylen,jaylen-hoard,6,F,6-8,216,"MAR 30, 1999",21.0,R,Wake Forest,1629658,,Portland Trail Blazers,2019
1610612757,2019,00,Trevor Ariza,Trevor,trevor-ariza,8,F,6-8,215,"JUN 30, 1985",35.0,15,UCLA,2772,,Portland Trail Blazers,2019
1610612757,2019,00,Nassir Little,Nassir,nassir-little,9,F-G,6-5,220,"FEB 11, 2000",20.0,R,North Carolina,1629642,,Portland Trail Blazers,2019
1610612757,2019,00,Jaylen Adams,Jaylen,jaylen-adams,10,G,6-0,225,"MAY 04, 1996",24.0,1,St. Bonaventure,1629121,,Portland Trail Blazers,2019
1610612757,2019,00,Hassan Whiteside,Hassan,hassan-whiteside,21,C,7-0,265,"JUN 13, 1989",31.0,7,Marshall,202355,,Portland Trail Blazers,2019
1610612757,2019,00,Jusuf Nurkić,Jusuf,jusuf-nurkić,27,C,7-0,290,"AUG 23, 1994",25.0,5,Cedevita,203994,,Portland Trail Blazers,2019
1610612757,2019,00,Zach Collins,Zach,zach-collins,33,F-C,6-11,250,"NOV 19, 1997",22.0,2,Gonzaga,1628380,,Portland Trail Blazers,2019
1610612757,2019,00,Wenyen Gabriel,Wenyen,wenyen-gabriel,35,F,6-9,205,"MAR 26, 1997",23.0,R,Kentucky,1629117,,Portland Trail Blazers,2019
1610612757,2019,00,Mario Hezonja,Mario,mario-hezonja,44,F-G,6-8,220,"FEB 25, 1995",25.0,4,FC Barcelona,1626209,,Portland Trail Blazers,2019
1610612757,2019,00,Caleb Swanigan,Caleb,caleb-swanigan,50,F,6-9,260,"APR 18, 1997",23.0,2,Purdue,1628403,,Portland Trail Blazers,2019
1610612757,2020,00,Damian Lillard,Damian,damian-lillard,0,G,6-2,195,"JUL 15, 1990",30.0,8,Weber State,203081,Signed on 07/19/25,Portland Trail Blazers,2020
1610612757,2020,00,Carmelo Anthony,Carmelo,carmelo-anthony,00,F,6-7,238,"MAY 29, 1984",37.0,17,Syracuse,2546,,Portland Trail Blazers,2020
1610612757,2020,00,Anfernee Simons,Anfernee,anfernee-simons,1,G,6-3,181,"JUN 08, 1999",22.0,2,Edgewater HS (FL),1629014,,Portland Trail Blazers,2020
1610612757,2020,00,Rondae Hollis-Jefferson,Rondae,rondae-hollis-jefferson,2,F,6-6,217,"JAN 03, 1995",26.0,5,Arizona,1626178,,Portland Trail Blazers,2020
1610612757,2020,00,CJ McCollum,CJ,cj-mccollum,3,G,6-3,190,"SEP 19, 1991",29.0,7,Lehigh,203468,,Portland Trail Blazers,2020
1610612757,2020,00,Harry Giles III,Harry,harry-giles-iii,4,F-C,6-11,240,"APR 22, 1998",23.0,2,Duke,1628385,,Portland Trail Blazers,2020
1610612757,2020,00,Derrick Jones Jr.,Derrick,derrick-jones-jr,5,F,6-5,210,"FEB 15, 1997",24.0,4,UNLV,1627884,,Portland Trail Blazers,2020
1610612757,2020,00,Nassir Little,Nassir,nassir-little,9,F-G,6-5,220,"FEB 11, 2000",21.0,1,North Carolina,1629642,,Portland Trail Blazers,2020
1610612757,2020,00,Enes Freedom,Enes,enes-freedom,11,C,6-10,250,"MAY 20, 1992",29.0,9,Fenerbahce,202683,,Portland Trail Blazers,2020
1610612757,2020,00,CJ Elleby,CJ,cj-elleby,16,F-G,6-6,200,"JUN 16, 2000",21.0,R,Washington State,1629604,,Portland Trail Blazers,2020
1610612757,2020,00,T.J. Leaf,T.J.,tj-leaf,18,F,6-10,222,"APR 30, 1997",24.0,3,UCLA,1628388,,Portland Trail Blazers,2020
1610612757,2020,00,Keljin Blevins,Keljin,keljin-blevins,21,G,6-4,200,"NOV 24, 1995",25.0,R,Montana State,1629833,,Portland Trail Blazers,2020
1610612757,2020,00,Robert Covington,Robert,robert-covington,23,F,6-7,209,"DEC 14, 1990",30.0,7,Tennessee State,203496,,Portland Trail Blazers,2020
1610612757,2020,00,Norman Powell,Norman,norman-powell,24,G,6-3,215,"MAY 25, 1993",28.0,5,UCLA,1626181,,Portland Trail Blazers,2020
1610612757,2020,00,Jusuf Nurkić,Jusuf,jusuf-nurkić,27,C,6-11,290,"AUG 23, 1994",26.0,6,Cedevita,203994,,Portland Trail Blazers,2020
1610612757,2020,00,Zach Collins,Zach,zach-collins,33,F-C,6-11,250,"NOV 19, 1997",23.0,3,Gonzaga,1628380,,Portland Trail Blazers,2020
1610612757,2021,00,Damian Lillard,Damian,damian-lillard,0,G,6-2,195,"JUL 15, 1990",31.0,9,Weber State,203081,Signed on 07/19/25,Portland Trail Blazers,2021
1610612757,2021,00,Joe Ingles,Joe,joe-ingles,00,F-G,6-8,220,"OCT 02, 1987",34.0,7,Maccabi Tel Aviv,204060,,Portland Trail Blazers,2021
1610612757,2021,00,Anfernee Simons,Anfernee,anfernee-simons,1,G,6-3,181,"JUN 08, 1999",23.0,3,Edgewater HS (FL),1629014,,Portland Trail Blazers,2021
1610612757,2021,00,Trendon Watford,Trendon,trendon-watford,2,F,6-8,237,"NOV 09, 2000",21.0,R,Louisiana State,1630570,,Portland Trail Blazers,2021
1610612757,2021,00,Greg Brown III,Greg,greg-brown-iii,4,F,6-7,206,"SEP 01, 2001",20.0,R,Texas,1630535,,Portland Trail Blazers,2021
1610612757,2021,00,Eric Bledsoe,Eric,eric-bledsoe,5,G,6-1,214,"DEC 09, 1989",32.0,11,Kentucky,202339,,Portland Trail Blazers,2021
1610612757,2021,00,Keon Johnson,Keon,keon-johnson,6,G,6-4,185,"MAR 10, 2002",20.0,R,Tennessee,1630553,,Portland Trail Blazers,2021
1610612757,2021,00,Brandon Williams,Brandon,brandon-williams,8,G,6-2,190,"NOV 22, 1999",22.0,R,Arizona,1630314,,Portland Trail Blazers,2021
1610612757,2021,00,Nassir Little,Nassir,nassir-little,9,F-G,6-5,220,"FEB 11, 2000",22.0,2,North Carolina,1629642,,Portland Trail Blazers,2021
1610612757,2021,00,Josh Hart,Josh,josh-hart,11,G,6-5,215,"MAR 06, 1995",27.0,4,Villanova,1628404,,Portland Trail Blazers,2021
1610612757,2021,00,CJ Elleby,CJ,cj-elleby,16,F-G,6-6,200,"JUN 16, 2000",22.0,1,Washington State,1629604,,Portland Trail Blazers,2021
1610612757,2021,00,Elijah Hughes,Elijah,elijah-hughes,19,G,6-5,215,"MAR 10, 1998",24.0,1,Syracuse,1630190,,Portland Trail Blazers,2021
1610612757,2021,00,Keljin Blevins,Keljin,keljin-blevins,21,G,6-4,200,"NOV 24, 1995",26.0,1,Montana State,1629833,,Portland Trail Blazers,2021
1610612757,2021,00,Ben McLemore,Ben,ben-mclemore,23,G,6-3,195,"FEB 11, 1993",29.0,8,Kansas,203463,,Portland Trail Blazers,2021
1610612757,2021,00,Justise Winslow,Justise,justise-winslow,26,F-G,6-6,222,"MAR 26, 1996",26.0,6,Duke,1626159,,Portland Trail Blazers,2021
1610612757,2021,00,Jusuf Nurkić,Jusuf,jusuf-nurkić,27,C,6-11,290,"AUG 23, 1994",27.0,7,Cedevita,203994,,Portland Trail Blazers,2021
1610612757,2021,00,Didi Louzada,Didi,didi-louzada,35,G,6-5,188,"JUL 02, 1999",22.0,1,Sydney,1629712,,Portland Trail Blazers,2021
1610612757,2022,00,Damian Lillard,Damian,damian-lillard,0,G,6-2,195,"JUL 15, 1990",32.0,10,Weber State,203081,Signed on 07/19/25,Portland Trail Blazers,2022
1610612757,2022,00,Anfernee Simons,Anfernee,anfernee-simons,1,G,6-3,181,"JUN 08, 1999",24.0,4,Edgewater HS (FL),1629014,,Portland Trail Blazers,2022
1610612757,2022,00,Trendon Watford,Trendon,trendon-watford,2,F,6-8,237,"NOV 09, 2000",22.0,1,Louisiana State,1630570,,Portland Trail Blazers,2022
1610612757,2022,00,Matisse Thybulle,Matisse,matisse-thybulle,4,G-F,6-5,201,"MAR 04, 1997",26.0,3,Washington,1629680,Traded from PHI on 02/09/23,Portland Trail Blazers,2022
1610612757,2022,00,Cam Reddish,Cam,cam-reddish,5,F-G,6-7,217,"SEP 01, 1999",23.0,3,Duke,1629629,,Portland Trail Blazers,2022
1610612757,2022,00,Keon Johnson,Keon,keon-johnson,6,G,6-3,185,"MAR 10, 2002",21.0,1,Tennessee,1630553,,Portland Trail Blazers,2022
1610612757,2022,00,Jerami Grant,Jerami,jerami-grant,9,F,6-8,210,"MAR 12, 1994",29.0,8,Syracuse,203924,Traded from DET on 07/06/22,Portland Trail Blazers,2022
1610612757,2022,00,Nassir Little,Nassir,nassir-little,10,F-G,6-5,220,"FEB 11, 2000",23.0,3,North Carolina,1629642,,Portland Trail Blazers,2022
1610612757,2022,00,Kevin Knox II,Kevin,kevin-knox-ii,11,F,6-7,215,"AUG 11, 1999",23.0,4,Kentucky,1628995,,Portland Trail Blazers,2022
1610612757,2022,00,Shaedon Sharpe,Shaedon,shaedon-sharpe,17,G,6-5,200,"MAY 30, 2003",20.0,R,Kentucky,1631101,#7 Pick in 2022 Draft,Portland Trail Blazers,2022
1610612757,2022,00,John Butler Jr.,John,john-butler-jr,21,F,7-0,190,"DEC 04, 2002",20.0,R,Florida State,1631219,,Portland Trail Blazers,2022
1610612757,2022,00,Drew Eubanks,Drew,drew-eubanks,24,F-C,6-10,245,"FEB 01, 1997",26.0,4,Oregon State,1629234,,Portland Trail Blazers,2022
1610612757,2022,00,Justise Winslow,Justise,justise-winslow,26,F-G,6-6,222,"MAR 26, 1996",27.0,7,Duke,1626159,,Portland Trail Blazers,2022
1610612757,2022,00,Jusuf Nurkić,Jusuf,jusuf-nurkić,27,C,7-0,290,"AUG 23, 1994",28.0,8,Cedevita,203994,,Portland Trail Blazers,2022
1610612757,2022,00,Jabari Walker,Jabari,jabari-walker,34,F,6-7,200,"JUL 30, 2002",20.0,R,Colorado,1631133,,Portland Trail Blazers,2022
1610612757,2022,00,Ibou Badji,Ibou,ibou-badji,41,C,7-1,240,"OCT 13, 2002",20.0,R,FC Barcelona,1630641,,Portland Trail Blazers,2022
1610612757,2022,00,Nate Williams,Nate,nate-williams,49,G,6-5,205,"FEB 12, 1999",24.0,R,Buffalo,1631466,,Portland Trail Blazers,2022
1610612757,2023,00,Scoot Henderson,Scoot,scoot-henderson,00,G,6-3,202,"FEB 03, 2004",20.0,R,NBA G League Ignite,1630703,#3 Pick in 2023 Draft,Portland Trail Blazers,2023
1610612757,2023,00,Anfernee Simons,Anfernee,anfernee-simons,1,G,6-3,193,"JUN 08, 1999",25.0,5,Edgewater HS (FL),1629014,,Portland Trail Blazers,2023
1610612757,2023,00,Deandre Ayton,Deandre,deandre-ayton,2,C,7-0,247,"JUL 23, 1998",25.0,5,Arizona,1629028,,Portland Trail Blazers,2023
1610612757,2023,00,Matisse Thybulle,Matisse,matisse-thybulle,4,G-F,6-5,201,"MAR 04, 1997",27.0,4,Washington,1629680,Traded from PHI on 02/09/23,Portland Trail Blazers,2023
1610612757,2023,00,Dalano Banton,Dalano,dalano-banton,5,F,6-8,204,"NOV 07, 1999",24.0,2,Nebraska,1630625,,Portland Trail Blazers,2023
1610612757,2023,00,Kris Murray,Kris,kris-murray,8,F,6-8,210,"AUG 19, 2000",23.0,R,Iowa,1631200,#23 Pick in 2023 Draft,Portland Trail Blazers,2023
1610612757,2023,00,Jerami Grant,Jerami,jerami-grant,9,F,6-7,210,"MAR 12, 1994",30.0,9,Syracuse,203924,Traded from DET on 07/06/22,Portland Trail Blazers,2023
1610612757,2023,00,Moses Brown,Moses,moses-brown,10,C,7-2,258,"OCT 13, 1999",24.0,4,UCLA,1629650,,Portland Trail Blazers,2023
1610612757,2023,00,Malcolm Brogdon,Malcolm,malcolm-brogdon,11,G,6-4,229,"DEC 11, 1992",31.0,7,Virginia,1627763,,Portland Trail Blazers,2023
1610612757,2023,00,Shaedon Sharpe,Shaedon,shaedon-sharpe,17,G,6-5,205,"MAY 30, 2003",21.0,1,Kentucky,1631101,#7 Pick in 2022 Draft,Portland Trail Blazers,2023
1610612757,2023,00,Ashton Hagans,Ashton,ashton-hagans,19,G-F,6-3,190,"JUL 08, 1999",24.0,1,Kentucky,1630204,,Portland Trail Blazers,2023
1610612757,2023,00,Justin Minaya,Justin,justin-minaya,24,F,6-5,205,"MAR 26, 1999",25.0,1,Providence,1631303,,Portland Trail Blazers,2023
1610612757,2023,00,Duop Reath,Duop,duop-reath,26,C,6-9,245,"JUN 26, 1996",28.0,R,Louisiana State,1641871,Signed on 10/02/23,Portland Trail Blazers,2023
1610612757,2023,00,Toumani Camara,Toumani,toumani-camara,33,F,6-7,226,"MAY 08, 2000",24.0,R,Dayton,1641739,Traded from PHX on 09/27/23,Portland Trail Blazers,2023
1610612757,2023,00,Jabari Walker,Jabari,jabari-walker,34,F,6-7,227,"JUL 30, 2002",21.0,1,Colorado,1631133,,Portland Trail Blazers,2023
1610612757,2023,00,Robert Williams III,Robert,robert-williams-iii,35,C-F,6-9,249,"OCT 17, 1997",26.0,5,Texas A&M,1629057,Traded from BOS on 10/01/23,Portland Trail Blazers,2023
1610612757,2023,00,Ibou Badji,Ibou,ibou-badji,41,C,7-0,240,"OCT 13, 2002",21.0,R,FC Barcelona,1630641,,Portland Trail Blazers,2023
1610612757,2023,00,Rayan Rupert,Rayan,rayan-rupert,72,G-F,6-6,185,"MAY 31, 2004",20.0,R,New Zealand Breakers,1641712,#43 Pick in 2023 Draft,Portland Trail Blazers,2023
1610612757,2024,00,Scoot Henderson,Scoot,scoot-henderson,00,G,6-3,206,"FEB 03, 2004",21.0,1,NBA G League Ignite,1630703,#3 Pick in 2023 Draft,Portland Trail Blazers,2024
1610612757,2024,00,Anfernee Simons,Anfernee,anfernee-simons,1,G,6-3,200,"JUN 08, 1999",26.0,6,Edgewater HS (FL),1629014,,Portland Trail Blazers,2024
1610612757,2024,00,Deandre Ayton,Deandre,deandre-ayton,2,C,7-0,252,"JUL 23, 1998",26.0,6,Arizona,1629028,,Portland Trail Blazers,2024
1610612757,2024,00,Matisse Thybulle,Matisse,matisse-thybulle,4,G-F,6-5,201,"MAR 04, 1997",28.0,5,Washington,1629680,Traded from PHI on 02/09/23,Portland Trail Blazers,2024
1610612757,2024,00,Dalano Banton,Dalano,dalano-banton,5,F,6-8,203,"NOV 07, 1999",25.0,3,Nebraska,1630625,,Portland Trail Blazers,2024
1610612757,2024,00,Deni Avdija,Deni,deni-avdija,8,F,6-9,240,"JAN 03, 2001",24.0,4,Maccabi Tel Aviv,1630166,Traded from WAS on 07/06/24,Portland Trail Blazers,2024
1610612757,2024,00,Jerami Grant,Jerami,jerami-grant,9,F,6-7,210,"MAR 12, 1994",31.0,10,Syracuse,203924,Traded from DET on 07/06/22,Portland Trail Blazers,2024
1610612757,2024,00,Justin Minaya,Justin,justin-minaya,10,F,6-5,205,"MAR 26, 1999",26.0,2,Providence,1631303,,Portland Trail Blazers,2024
1610612757,2024,00,Bryce McGowens,Bryce,bryce-mcgowens,11,G,6-6,190,"NOV 08, 2002",22.0,2,Nebraska,1631121,,Portland Trail Blazers,2024
1610612757,2024,00,Shaedon Sharpe,Shaedon,shaedon-sharpe,17,G,6-5,208,"MAY 30, 2003",22.0,2,Kentucky,1631101,#7 Pick in 2022 Draft,Portland Trail Blazers,2024
1610612757,2024,00,Rayan Rupert,Rayan,rayan-rupert,21,G-F,6-6,195,"MAY 31, 2004",21.0,1,New Zealand Breakers,1641712,#43 Pick in 2023 Draft,Portland Trail Blazers,2024
1610612757,2024,00,Donovan Clingan,Donovan,donovan-clingan,23,C,7-2,280,"FEB 23, 2004",21.0,R,Connecticut,1642270,#7 Pick in 2024 Draft,Portland Trail Blazers,2024
1610612757,2024,00,Kris Murray,Kris,kris-murray,24,F,6-8,216,"AUG 19, 2000",24.0,1,Iowa,1631200,#23 Pick in 2023 Draft,Portland Trail Blazers,2024
1610612757,2024,00,Sidy Cissoko,Sidy,sidy-cissoko,25,G,6-6,200,"APR 02, 2004",21.0,1,NBA G League Ignite,1631321,Signed on 02/08/25,Portland Trail Blazers,2024
1610612757,2024,00,Duop Reath,Duop,duop-reath,26,C,6-9,245,"JUN 26, 1996",29.0,1,Louisiana State,1641871,Signed on 10/02/23,Portland Trail Blazers,2024
1610612757,2024,00,Toumani Camara,Toumani,toumani-camara,33,F,6-7,229,"MAY 08, 2000",25.0,1,Dayton,1641739,Traded from PHX on 09/27/23,Portland Trail Blazers,2024
1610612757,2024,00,Jabari Walker,Jabari,jabari-walker,34,F,6-7,237,"JUL 30, 2002",22.0,2,Colorado,1631133,,Portland Trail Blazers,2024
1610612757,2024,00,Robert Williams III,Robert,robert-williams-iii,35,C-F,6-9,249,"OCT 17, 1997",27.0,6,Texas A&M,1629057,Traded from BOS on 10/01/23,Portland Trail Blazers,2024
1610612757,2025,00,Caleb Love,Caleb,caleb-love,,G,6-3,212,"SEP 27, 2001",24.0,R,Arizona,1631126,Signed on 07/01/25,Portland Trail Blazers,2025
1610612757,2025,00,Javonte Cooke,Javonte,javonte-cooke,,G,6-6,185,"JUL 11, 1999",26.0,R,Winston-Salem,1631451,Signed on 09/30/25,Portland Trail Blazers,2025
1610612757,2025,00,Yang Hansen,Hansen,hansen-yang,,C,7-1,270,"JUN 26, 2005",20.0,R,,1642905,Draft Rights Traded from MEM on 06/25/25,Portland Trail Blazers,2025
1610612757,2025,00,Damian Lillard,Damian,damian-lillard,0,G,6-2,200,"JUL 15, 1990",35.0,13,Weber State,203081,Signed on 07/19/25,Portland Trail Blazers,2025
1610612757,2025,00,Scoot Henderson,Scoot,scoot-henderson,00,G,6-3,207,"FEB 03, 2004",21.0,2,NBA G League Ignite,1630703,#3 Pick in 2023 Draft,Portland Trail Blazers,2025
1610612757,2025,00,Blake Wesley,Blake,blake-wesley,1,G,6-4,190,"MAR 16, 2003",22.0,3,Notre Dame,1631104,Signed on 07/21/25,Portland Trail Blazers,2025
1610612757,2025,00,Matisse Thybulle,Matisse,matisse-thybulle,4,G-F,6-5,202,"MAR 04, 1997",28.0,6,Washington,1629680,Traded from PHI on 02/09/23,Portland Trail Blazers,2025
1610612757,2025,00,Jrue Holiday,Jrue,jrue-holiday,5,G,6-4,220,"JUN 12, 1990",35.0,16,UCLA,201950,Traded from BOS on 07/07/25,Portland Trail Blazers,2025
1610612757,2025,00,Deni Avdija,Deni,deni-avdija,8,F,6-8,228,"JAN 03, 2001",24.0,5,Maccabi Tel Aviv,1630166,Traded from WAS on 07/06/24,Portland Trail Blazers,2025
1610612757,2025,00,Jerami Grant,Jerami,jerami-grant,9,F,6-7,213,"MAR 12, 1994",31.0,11,Syracuse,203924,Traded from DET on 07/06/22,Portland Trail Blazers,2025
1610612757,2025,00,Shaedon Sharpe,Shaedon,shaedon-sharpe,17,G,6-5,210,"MAY 30, 2003",22.0,3,Kentucky,1631101,#7 Pick in 2022 Draft,Portland Trail Blazers,2025
1610612757,2025,00,Rayan Rupert,Rayan,rayan-rupert,21,G-F,6-7,205,"MAY 31, 2004",21.0,2,New Zealand Breakers,1641712,#43 Pick in 2023 Draft,Portland Trail Blazers,2025
1610612757,2025,00,Donovan Clingan,Donovan,donovan-clingan,23,C,7-2,280,"FEB 23, 2004",21.0,1,Connecticut,1642270,#7 Pick in 2024 Draft,Portland Trail Blazers,2025
1610612757,2025,00,Kris Murray,Kris,kris-murray,24,F,6-8,218,"AUG 19, 2000",25.0,2,Iowa,1631200,#23 Pick in 2023 Draft,Portland Trail Blazers,2025
1610612757,2025,00,Duop Reath,Duop,duop-reath,26,C,6-9,245,"JUN 26, 1996",29.0,2,Louisiana State,1641871,Signed on 10/02/23,Portland Trail Blazers,2025
1610612757,2025,00,Toumani Camara,Toumani,toumani-camara,33,F,6-7,230,"MAY 08, 2000",25.0,2,Dayton,1641739,Traded from PHX on 09/27/23,Portland Trail Blazers,2025
1610612757,2025,00,Robert Williams III,Robert,robert-williams-iii,35,C-F,6-9,249,"OCT 17, 1997",27.0,7,Texas A&M,1629057,Traded from BOS on 10/01/23,Portland Trail Blazers,2025
1610612757,2025,00,Sidy Cissoko,Sidy,sidy-cissoko,91,G,6-6,220,"APR 02, 2004",21.0,2,NBA G League Ignite,1631321,Signed on 02/08/25,Portland Trail Blazers,2025
1610612758,2015,00,Willie Cauley-Stein,Willie,willie-cauley-stein,00,C,7-0,240,"AUG 18, 1993",22.0,R,Kentucky,1626161,,Sacramento Kings,2015
1610612758,2015,00,Marco Belinelli,Marco,marco-belinelli,3,G-F,6-5,210,"MAR 25, 1986",30.0,8,Fortitudo Bologna,201158,,Sacramento Kings,2015
1610612758,2015,00,James Anderson,James,james-anderson,5,G-F,6-6,213,"MAR 25, 1989",27.0,4,Oklahoma State,202341,,Sacramento Kings,2015
1610612758,2015,00,Darren Collison,Darren,darren-collison,7,G,6-0,175,"AUG 23, 1987",28.0,6,UCLA,201954,,Sacramento Kings,2015
1610612758,2015,00,Rudy Gay,Rudy,rudy-gay,8,F,6-8,230,"AUG 17, 1986",29.0,9,Connecticut,200752,,Sacramento Kings,2015
1610612758,2015,00,Rajon Rondo,Rajon,rajon-rondo,9,G,6-1,186,"FEB 22, 1986",30.0,9,Kentucky,200765,,Sacramento Kings,2015
1610612758,2015,00,Quincy Acy,Quincy,quincy-acy,13,F,6-7,240,"OCT 06, 1990",25.0,3,Baylor,203112,,Sacramento Kings,2015
1610612758,2015,00,DeMarcus Cousins,DeMarcus,demarcus-cousins,15,C-F,6-11,270,"AUG 13, 1990",25.0,5,Kentucky,202326,,Sacramento Kings,2015
1610612758,2015,00,Omri Casspi,Omri,omri-casspi,18,F,6-9,225,"JUN 22, 1988",28.0,6,Maccabi Tel Aviv,201956,,Sacramento Kings,2015
1610612758,2015,00,Ben McLemore,Ben,ben-mclemore,23,G,6-5,195,"FEB 11, 1993",23.0,2,Kansas,203463,,Sacramento Kings,2015
1610612758,2015,00,Eric Moreland,Eric,eric-moreland,25,F-C,6-10,238,"DEC 24, 1991",24.0,1,Oregon State,203961,,Sacramento Kings,2015
1610612758,2015,00,Duje Dukan,Duje,duje-dukan,26,F,6-9,220,"DEC 04, 1991",24.0,R,Wisconsin,1626251,,Sacramento Kings,2015
1610612758,2015,00,Seth Curry,Seth,seth-curry,30,G,6-2,185,"AUG 23, 1990",25.0,2,Duke,203552,,Sacramento Kings,2015
1610612758,2015,00,Caron Butler,Caron,caron-butler,31,F,6-7,228,"MAR 13, 1980",36.0,13,Connecticut,2406,,Sacramento Kings,2015
1610612758,2015,00,Kosta Koufos,Kosta,kosta-koufos,41,C,7-0,265,"FEB 24, 1989",27.0,7,Ohio State,201585,,Sacramento Kings,2015
1610612758,2016,00,Willie Cauley-Stein,Willie,willie-cauley-stein,00,C,7-0,240,"AUG 18, 1993",23.0,1,Kentucky,1626161,,Sacramento Kings,2016
1610612758,2016,00,Skal Labissiere,Skal,skal-labissiere,3,F-C,6-11,225,"MAR 18, 1996",21.0,R,Kentucky,1627746,,Sacramento Kings,2016
1610612758,2016,00,Malachi Richardson,Malachi,malachi-richardson,5,G,6-6,205,"JAN 05, 1996",21.0,R,Syracuse,1627781,,Sacramento Kings,2016
1610612758,2016,00,Darren Collison,Darren,darren-collison,7,G,6-0,175,"AUG 23, 1987",29.0,7,UCLA,201954,,Sacramento Kings,2016
1610612758,2016,00,Rudy Gay,Rudy,rudy-gay,8,F,6-8,230,"AUG 17, 1986",30.0,10,Connecticut,200752,,Sacramento Kings,2016
1610612758,2016,00,Langston Galloway,Langston,langston-galloway,9,G,6-2,200,"DEC 09, 1991",25.0,2,St. Joseph's (PA),204038,,Sacramento Kings,2016
1610612758,2016,00,Ty Lawson,Ty,ty-lawson,10,G,5-11,195,"NOV 03, 1987",29.0,7,North Carolina,201951,,Sacramento Kings,2016
1610612758,2016,00,Georgios Papagiannis,Georgios,georgios-papagiannis,13,C,7-1,240,"JUL 03, 1997",19.0,R,Panathinaikos,1627834,,Sacramento Kings,2016
1610612758,2016,00,Garrett Temple,Garrett,garrett-temple,17,G,6-6,195,"MAY 08, 1986",31.0,6,Louisiana State,202066,,Sacramento Kings,2016
1610612758,2016,00,Ben McLemore,Ben,ben-mclemore,23,G,6-5,195,"FEB 11, 1993",24.0,3,Kansas,203463,,Sacramento Kings,2016
1610612758,2016,00,Buddy Hield,Buddy,buddy-hield,24,G,6-4,214,"DEC 17, 1992",24.0,R,Oklahoma,1627741,,Sacramento Kings,2016
1610612758,2016,00,Tyreke Evans,Tyreke,tyreke-evans,32,G-F,6-6,220,"SEP 19, 1989",27.0,7,Memphis,201936,,Sacramento Kings,2016
1610612758,2016,00,Arron Afflalo,Arron,arron-afflalo,40,G,6-5,210,"OCT 15, 1985",31.0,9,UCLA,201167,,Sacramento Kings,2016
1610612758,2016,00,Kosta Koufos,Kosta,kosta-koufos,41,C,7-0,265,"FEB 24, 1989",28.0,8,Ohio State,201585,,Sacramento Kings,2016
1610612758,2017,00,Willie Cauley-Stein,Willie,willie-cauley-stein,00,C,7-0,240,"AUG 18, 1993",24.0,2,Kentucky,1626161,,Sacramento Kings,2017
1610612758,2017,00,De'Aaron Fox,De'Aaron,deaaron-fox,5,G,6-3,175,"DEC 20, 1997",20.0,R,Kentucky,1628368,,Sacramento Kings,2017
1610612758,2017,00,Skal Labissiere,Skal,skal-labissiere,7,F-C,6-11,225,"MAR 18, 1996",22.0,1,Kentucky,1627746,,Sacramento Kings,2017
1610612758,2017,00,Bogdan Bogdanović,Bogdan,bogdan-bogdanović,8,G,6-6,205,"AUG 18, 1992",25.0,R,Fenerbahce,203992,,Sacramento Kings,2017
1610612758,2017,00,Iman Shumpert,Iman,iman-shumpert,9,G,6-5,220,"JUN 26, 1990",28.0,6,Georgia Tech,202697,,Sacramento Kings,2017
1610612758,2017,00,Frank Mason III,Frank,frank-mason-iii,10,G,5-11,190,"APR 03, 1994",24.0,R,Kansas,1628412,,Sacramento Kings,2017
1610612758,2017,00,Vince Carter,Vince,vince-carter,15,G-F,6-6,220,"JAN 26, 1977",41.0,19,North Carolina,1713,,Sacramento Kings,2017
1610612758,2017,00,Garrett Temple,Garrett,garrett-temple,17,F-G,6-6,195,"MAY 08, 1986",32.0,7,Louisiana State,202066,,Sacramento Kings,2017
1610612758,2017,00,Harry Giles III,Harry,harry-giles-iii,20,F-C,6-10,240,"APR 22, 1998",20.0,R,Duke,1628385,,Sacramento Kings,2017
1610612758,2017,00,Bruno Caboclo,Bruno,bruno-caboclo,22,F,6-9,205,"SEP 21, 1995",22.0,3,Pinheiros,203998,,Sacramento Kings,2017
1610612758,2017,00,Buddy Hield,Buddy,buddy-hield,24,G,6-4,214,"DEC 17, 1992",25.0,1,Oklahoma,1627741,,Sacramento Kings,2017
1610612758,2017,00,Justin Jackson,Justin,justin-jackson,25,F,6-8,210,"MAR 28, 1995",23.0,R,North Carolina,1628382,,Sacramento Kings,2017
1610612758,2017,00,JaKarr Sampson,JaKarr,jakarr-sampson,29,F,6-9,207,"MAR 20, 1993",25.0,2,St. John's (NY),203960,,Sacramento Kings,2017
1610612758,2017,00,Nigel Hayes-Davis,Nigel,nigel-hayes-davis,40,F,6-7,254,"DEC 16, 1994",23.0,R,Wisconsin,1628502,,Sacramento Kings,2017
1610612758,2017,00,Kosta Koufos,Kosta,kosta-koufos,41,C,7-0,265,"FEB 24, 1989",29.0,9,Ohio State,201585,,Sacramento Kings,2017
1610612758,2017,00,Jack Cooley,Jack,jack-cooley,45,C-F,6-10,274,"APR 12, 1991",27.0,1,Notre Dame,204022,,Sacramento Kings,2017
1610612758,2017,00,Zach Randolph,Zach,zach-randolph,50,F,6-9,250,"JUL 16, 1981",36.0,16,Michigan State,2216,,Sacramento Kings,2017
1610612758,2018,00,Willie Cauley-Stein,Willie,willie-cauley-stein,00,C,7-0,240,"AUG 18, 1993",25.0,3,Kentucky,1626161,,Sacramento Kings,2018
1610612758,2018,00,Yogi Ferrell,Yogi,yogi-ferrell,3,G,6-0,180,"MAY 09, 1993",26.0,2,Indiana,1627812,,Sacramento Kings,2018
1610612758,2018,00,De'Aaron Fox,De'Aaron,deaaron-fox,5,G,6-3,175,"DEC 20, 1997",21.0,1,Kentucky,1628368,,Sacramento Kings,2018
1610612758,2018,00,Bogdan Bogdanović,Bogdan,bogdan-bogdanović,8,G,6-6,205,"AUG 18, 1992",26.0,1,Fenerbahce,203992,,Sacramento Kings,2018
1610612758,2018,00,BJ Johnson,BJ,bj-johnson,9,F,6-7,200,"DEC 21, 1995",23.0,R,La Salle,1629168,,Sacramento Kings,2018
1610612758,2018,00,Frank Mason III,Frank,frank-mason-iii,10,G,5-11,190,"APR 03, 1994",25.0,1,Kansas,1628412,,Sacramento Kings,2018
1610612758,2018,00,Alec Burks,Alec,alec-burks,13,G,6-6,214,"JUL 20, 1991",27.0,7,Colorado,202692,,Sacramento Kings,2018
1610612758,2018,00,Troy Williams,Troy,troy-williams,19,F,6-7,218,"DEC 30, 1994",24.0,2,Indiana,1627786,,Sacramento Kings,2018
1610612758,2018,00,Harry Giles III,Harry,harry-giles-iii,20,F-C,6-10,240,"APR 22, 1998",21.0,R,Duke,1628385,,Sacramento Kings,2018
1610612758,2018,00,Buddy Hield,Buddy,buddy-hield,24,G,6-4,214,"DEC 17, 1992",26.0,2,Oklahoma,1627741,,Sacramento Kings,2018
1610612758,2018,00,Wenyen Gabriel,Wenyen,wenyen-gabriel,32,F,6-9,205,"MAR 26, 1997",22.0,R,Kentucky,1629117,,Sacramento Kings,2018
1610612758,2018,00,Corey Brewer,Corey,corey-brewer,33,G-F,6-9,186,"MAR 05, 1986",33.0,11,Florida,201147,,Sacramento Kings,2018
1610612758,2018,00,Marvin Bagley III,Marvin,marvin-bagley-iii,35,F,6-11,234,"MAR 14, 1999",20.0,R,Duke,1628963,,Sacramento Kings,2018
1610612758,2018,00,Harrison Barnes,Harrison,harrison-barnes,40,F,6-8,225,"MAY 30, 1992",27.0,6,North Carolina,203084,,Sacramento Kings,2018
1610612758,2018,00,Kosta Koufos,Kosta,kosta-koufos,41,C,7-0,245,"FEB 24, 1989",30.0,10,Ohio State,201585,,Sacramento Kings,2018
1610612758,2018,00,Caleb Swanigan,Caleb,caleb-swanigan,50,F,6-9,250,"APR 18, 1997",22.0,1,Purdue,1628403,,Sacramento Kings,2018
1610612758,2018,00,Nemanja Bjelica,Nemanja,nemanja-bjelica,88,F,6-10,234,"MAY 09, 1988",31.0,3,Fenerbahce,202357,,Sacramento Kings,2018
1610612758,2019,00,Yogi Ferrell,Yogi,yogi-ferrell,3,G,6-0,178,"MAY 09, 1993",27.0,3,Indiana,1627812,,Sacramento Kings,2019
1610612758,2019,00,De'Aaron Fox,De'Aaron,deaaron-fox,5,G,6-3,185,"DEC 20, 1997",22.0,2,Kentucky,1628368,,Sacramento Kings,2019
1610612758,2019,00,Kyle Guy,Kyle,kyle-guy,7,G,6-1,167,"AUG 11, 1997",22.0,R,Virginia,1629657,,Sacramento Kings,2019
1610612758,2019,00,Bogdan Bogdanović,Bogdan,bogdan-bogdanović,8,G,6-6,220,"AUG 18, 1992",27.0,2,Fenerbahce,203992,,Sacramento Kings,2019
1610612758,2019,00,Cory Joseph,Cory,cory-joseph,9,G,6-3,200,"AUG 20, 1991",28.0,8,Texas,202709,,Sacramento Kings,2019
1610612758,2019,00,Justin James,Justin,justin-james,10,G-F,6-7,190,"JAN 24, 1997",23.0,R,Wyoming,1629713,,Sacramento Kings,2019
1610612758,2019,00,Corey Brewer,Corey,corey-brewer,13,G-F,6-9,188,"MAR 05, 1986",34.0,12,Florida,201147,,Sacramento Kings,2019
1610612758,2019,00,DaQuan Jeffries,DaQuan,daquan-jeffries,19,G-F,6-5,230,"AUG 30, 1997",22.0,R,Tulsa,1629610,,Sacramento Kings,2019
1610612758,2019,00,Harry Giles III,Harry,harry-giles-iii,20,F-C,6-11,240,"APR 22, 1998",22.0,1,Duke,1628385,,Sacramento Kings,2019
1610612758,2019,00,Richaun Holmes,Richaun,richaun-holmes,22,F,6-10,235,"OCT 15, 1993",26.0,4,Bowling Green,1626158,,Sacramento Kings,2019
1610612758,2019,00,Buddy Hield,Buddy,buddy-hield,24,G,6-4,220,"DEC 17, 1992",27.0,3,Oklahoma,1627741,,Sacramento Kings,2019
1610612758,2019,00,Alex Len,Alex,alex-len,25,C,7-0,250,"JUN 16, 1993",27.0,6,Maryland,203458,,Sacramento Kings,2019
1610612758,2019,00,Kent Bazemore,Kent,kent-bazemore,26,G-F,6-4,195,"JUL 01, 1989",30.0,7,Old Dominion,203145,,Sacramento Kings,2019
1610612758,2019,00,Jabari Parker,Jabari,jabari-parker,33,F,6-8,245,"MAR 15, 1995",25.0,5,Duke,203953,,Sacramento Kings,2019
1610612758,2019,00,Marvin Bagley III,Marvin,marvin-bagley-iii,35,F,6-11,235,"MAR 14, 1999",21.0,1,Duke,1628963,,Sacramento Kings,2019
1610612758,2019,00,Harrison Barnes,Harrison,harrison-barnes,40,F,6-8,225,"MAY 30, 1992",28.0,7,North Carolina,203084,,Sacramento Kings,2019
1610612758,2019,00,Nemanja Bjelica,Nemanja,nemanja-bjelica,88,F,6-10,234,"MAY 09, 1988",32.0,4,Fenerbahce,202357,,Sacramento Kings,2019
1610612758,2020,00,Tyrese Haliburton,Tyrese,tyrese-haliburton,0,G,6-5,185,"FEB 29, 2000",21.0,R,Iowa State,1630169,,Sacramento Kings,2020
1610612758,2020,00,Jahmi'us Ramsey,Jahmi'us,jahmius-ramsey,3,G,6-3,190,"JUN 09, 2001",20.0,R,Texas Tech,1630186,,Sacramento Kings,2020
1610612758,2020,00,De'Aaron Fox,De'Aaron,deaaron-fox,5,G,6-3,185,"DEC 20, 1997",23.0,3,Kentucky,1628368,,Sacramento Kings,2020
1610612758,2020,00,Kyle Guy,Kyle,kyle-guy,7,G,6-1,167,"AUG 11, 1997",23.0,1,Virginia,1629657,,Sacramento Kings,2020
1610612758,2020,00,Maurice Harkless,Maurice,maurice-harkless,8,F-G,6-7,220,"MAY 11, 1993",28.0,8,"St. John's, N.Y.",203090,,Sacramento Kings,2020
1610612758,2020,00,Terence Davis,Terence,terence-davis,9,G,6-4,201,"MAY 16, 1997",24.0,1,Mississippi,1629056,Signed on 04/09/25,Sacramento Kings,2020
1610612758,2020,00,Justin James,Justin,justin-james,10,G-F,6-7,190,"JAN 24, 1997",24.0,1,Wyoming,1629713,,Sacramento Kings,2020
1610612758,2020,00,Robert Woodard II,Robert,robert-woodard-ii,13,F,6-6,235,"SEP 22, 1999",21.0,R,Mississippi State,1630218,,Sacramento Kings,2020
1610612758,2020,00,Damian Jones,Damian,damian-jones,15,C,6-11,245,"JUN 30, 1995",26.0,4,Vanderbilt,1627745,,Sacramento Kings,2020
1610612758,2020,00,Hassan Whiteside,Hassan,hassan-whiteside,20,C,7-0,265,"JUN 13, 1989",32.0,8,Marshall,202355,,Sacramento Kings,2020
1610612758,2020,00,Richaun Holmes,Richaun,richaun-holmes,22,F,6-10,235,"OCT 15, 1993",27.0,5,Bowling Green,1626158,,Sacramento Kings,2020
1610612758,2020,00,Louis King,Louis,louis-king,23,F,6-7,205,"APR 06, 1999",22.0,1,Oregon,1629663,,Sacramento Kings,2020
1610612758,2020,00,Buddy Hield,Buddy,buddy-hield,24,G,6-4,220,"DEC 17, 1992",28.0,4,Oklahoma,1627741,,Sacramento Kings,2020
1610612758,2020,00,Chimezie Metu,Chimezie,chimezie-metu,25,F-C,6-9,225,"MAR 22, 1997",24.0,2,USC,1629002,,Sacramento Kings,2020
1610612758,2020,00,Marvin Bagley III,Marvin,marvin-bagley-iii,35,F,6-11,235,"MAR 14, 1999",22.0,2,Duke,1628963,,Sacramento Kings,2020
1610612758,2020,00,Harrison Barnes,Harrison,harrison-barnes,40,F,6-8,225,"MAY 30, 1992",29.0,8,North Carolina,203084,,Sacramento Kings,2020
1610612758,2020,00,Delon Wright,Delon,delon-wright,55,G,6-5,185,"APR 26, 1992",29.0,5,Utah,1626153,,Sacramento Kings,2020
1610612758,2021,00,Donte DiVincenzo,Donte,donte-divincenzo,0,G,6-4,203,"JAN 31, 1997",25.0,3,Villanova,1628978,,Sacramento Kings,2021
1610612758,2021,00,Terence Davis,Terence,terence-davis,3,G,6-4,201,"MAY 16, 1997",25.0,2,Mississippi,1629056,Signed on 04/09/25,Sacramento Kings,2021
1610612758,2021,00,De'Aaron Fox,De'Aaron,deaaron-fox,5,G,6-3,185,"DEC 20, 1997",24.0,4,Kentucky,1628368,,Sacramento Kings,2021
1610612758,2021,00,Chimezie Metu,Chimezie,chimezie-metu,7,F-C,6-9,225,"MAR 22, 1997",25.0,3,USC,1629002,,Sacramento Kings,2021
1610612758,2021,00,Maurice Harkless,Maurice,maurice-harkless,8,F-G,6-7,220,"MAY 11, 1993",29.0,9,"St. John's, N.Y.",203090,,Sacramento Kings,2021
1610612758,2021,00,Justin Holiday,Justin,justin-holiday,9,F-G,6-6,180,"APR 05, 1989",33.0,8,Washington,203200,,Sacramento Kings,2021
1610612758,2021,00,Domantas Sabonis,Domantas,domantas-sabonis,10,F-C,6-11,240,"MAY 03, 1996",26.0,5,Gonzaga,1627734,Traded from IND on 02/08/22,Sacramento Kings,2021
1610612758,2021,00,Davion Mitchell,Davion,davion-mitchell,15,G,6-0,202,"SEP 05, 1998",23.0,R,Baylor,1630558,,Sacramento Kings,2021
1610612758,2021,00,Richaun Holmes,Richaun,richaun-holmes,22,F,6-10,235,"OCT 15, 1993",28.0,6,Bowling Green,1626158,,Sacramento Kings,2021
1610612758,2021,00,Alex Len,Alex,alex-len,25,C,7-0,250,"JUN 16, 1993",29.0,8,Maryland,203458,,Sacramento Kings,2021
1610612758,2021,00,Jeremy Lamb,Jeremy,jeremy-lamb,26,G-F,6-5,180,"MAY 30, 1992",30.0,9,Connecticut,203087,,Sacramento Kings,2021
1610612758,2021,00,Damian Jones,Damian,damian-jones,30,C,6-11,245,"JUN 30, 1995",27.0,5,Vanderbilt,1627745,,Sacramento Kings,2021
1610612758,2021,00,Harrison Barnes,Harrison,harrison-barnes,40,F,6-8,225,"MAY 30, 1992",30.0,9,North Carolina,203084,,Sacramento Kings,2021
1610612758,2021,00,Trey Lyles,Trey,trey-lyles,41,F,6-9,234,"NOV 05, 1995",26.0,6,Kentucky,1626168,,Sacramento Kings,2021
1610612758,2021,00,Josh Jackson,Josh,josh-jackson,55,G-F,6-8,207,"FEB 10, 1997",25.0,4,Kansas,1628367,,Sacramento Kings,2021
1610612758,2021,00,Neemias Queta,Neemias,neemias-queta,88,C,7-0,248,"JUL 13, 1999",22.0,R,Utah State,1629674,,Sacramento Kings,2021
1610612758,2022,00,Malik Monk,Malik,malik-monk,0,G,6-3,200,"FEB 04, 1998",25.0,5,Kentucky,1628370,Signed on 07/06/22,Sacramento Kings,2022
1610612758,2022,00,Terence Davis,Terence,terence-davis,3,G,6-4,201,"MAY 16, 1997",26.0,3,Mississippi,1629056,Signed on 04/09/25,Sacramento Kings,2022
1610612758,2022,00,De'Aaron Fox,De'Aaron,deaaron-fox,5,G,6-3,185,"DEC 20, 1997",25.0,5,Kentucky,1628368,,Sacramento Kings,2022
1610612758,2022,00,Chimezie Metu,Chimezie,chimezie-metu,7,F-C,6-9,225,"MAR 22, 1997",26.0,4,USC,1629002,,Sacramento Kings,2022
1610612758,2022,00,Matthew Dellavedova,Matthew,matthew-dellavedova,8,G,6-3,200,"SEP 08, 1990",32.0,8,Saint Mary's,203521,,Sacramento Kings,2022
1610612758,2022,00,Kevin Huerter,Kevin,kevin-huerter,9,G-F,6-7,198,"AUG 27, 1998",24.0,4,Maryland,1628989,,Sacramento Kings,2022
1610612758,2022,00,Domantas Sabonis,Domantas,domantas-sabonis,10,F-C,7-1,240,"MAY 03, 1996",27.0,6,Gonzaga,1627734,Traded from IND on 02/08/22,Sacramento Kings,2022
1610612758,2022,00,Keegan Murray,Keegan,keegan-murray,13,F,6-8,225,"AUG 19, 2000",22.0,R,Iowa,1631099,#4 Pick in 2022 Draft,Sacramento Kings,2022
1610612758,2022,00,Davion Mitchell,Davion,davion-mitchell,15,G,6-0,202,"SEP 05, 1998",24.0,1,Baylor,1630558,,Sacramento Kings,2022
1610612758,2022,00,Kessler Edwards,Kessler,kessler-edwards,17,F,6-7,203,"AUG 09, 2000",22.0,1,Pepperdine,1630556,,Sacramento Kings,2022
1610612758,2022,00,Richaun Holmes,Richaun,richaun-holmes,22,F,6-8,235,"OCT 15, 1993",29.0,7,Bowling Green,1626158,,Sacramento Kings,2022
1610612758,2022,00,Keon Ellis,Keon,keon-ellis,23,G,6-3,175,"JAN 08, 2000",23.0,R,Alabama,1631165,Signed on 07/02/22,Sacramento Kings,2022
1610612758,2022,00,Alex Len,Alex,alex-len,25,C,7-2,250,"JUN 16, 1993",30.0,9,Maryland,203458,,Sacramento Kings,2022
1610612758,2022,00,PJ Dozier,PJ,pj-dozier,35,G-F,6-6,205,"OCT 25, 1996",26.0,5,South Carolina,1628408,,Sacramento Kings,2022
1610612758,2022,00,Harrison Barnes,Harrison,harrison-barnes,40,F,6-8,225,"MAY 30, 1992",31.0,10,North Carolina,203084,,Sacramento Kings,2022
1610612758,2022,00,Trey Lyles,Trey,trey-lyles,41,F,6-9,234,"NOV 05, 1995",27.0,7,Kentucky,1626168,,Sacramento Kings,2022
1610612758,2022,00,Neemias Queta,Neemias,neemias-queta,88,C,7-0,248,"JUL 13, 1999",23.0,1,Utah State,1629674,,Sacramento Kings,2022
1610612758,2023,00,JaVale McGee,JaVale,javale-mcgee,00,C-F,7-0,270,"JAN 19, 1988",36.0,15,Nevada,201580,,Sacramento Kings,2023
1610612758,2023,00,Malik Monk,Malik,malik-monk,0,G,6-3,200,"FEB 04, 1998",26.0,6,Kentucky,1628370,Signed on 07/06/22,Sacramento Kings,2023
1610612758,2023,00,Chris Duarte,Chris,chris-duarte,3,G,6-5,190,"JUN 13, 1997",27.0,2,Oregon,1630537,,Sacramento Kings,2023
1610612758,2023,00,De'Aaron Fox,De'Aaron,deaaron-fox,5,G,6-3,185,"DEC 20, 1997",26.0,6,Kentucky,1628368,,Sacramento Kings,2023
1610612758,2023,00,Sasha Vezenkov,Sasha,sasha-vezenkov,7,F,6-8,225,"AUG 06, 1995",28.0,R,"Barcelona, Spain",1628426,,Sacramento Kings,2023
1610612758,2023,00,Mason Jones,Mason,mason-jones,8,G,6-4,200,"JUL 21, 1998",25.0,2,Arkansas,1630222,,Sacramento Kings,2023
1610612758,2023,00,Kevin Huerter,Kevin,kevin-huerter,9,G-F,6-7,198,"AUG 27, 1998",25.0,5,Maryland,1628989,,Sacramento Kings,2023
1610612758,2023,00,Domantas Sabonis,Domantas,domantas-sabonis,10,F-C,6-10,240,"MAY 03, 1996",28.0,7,Gonzaga,1627734,Traded from IND on 02/08/22,Sacramento Kings,2023
1610612758,2023,00,Keegan Murray,Keegan,keegan-murray,13,F,6-8,225,"AUG 19, 2000",23.0,1,Iowa,1631099,#4 Pick in 2022 Draft,Sacramento Kings,2023
1610612758,2023,00,Davion Mitchell,Davion,davion-mitchell,15,G,6-0,202,"SEP 05, 1998",25.0,2,Baylor,1630558,,Sacramento Kings,2023
1610612758,2023,00,Kessler Edwards,Kessler,kessler-edwards,17,F,6-7,203,"AUG 09, 2000",23.0,2,Pepperdine,1630556,,Sacramento Kings,2023
1610612758,2023,00,Jalen Slawson,Jalen,jalen-slawson,18,F,6-7,215,"OCT 22, 1999",24.0,R,Furman,1641771,,Sacramento Kings,2023
1610612758,2023,00,Colby Jones,Colby,colby-jones,20,G,6-6,207,"MAY 28, 2002",22.0,R,Xavier,1641732,,Sacramento Kings,2023
1610612758,2023,00,Keon Ellis,Keon,keon-ellis,23,G,6-3,175,"JAN 08, 2000",24.0,1,Alabama,1631165,Signed on 07/02/22,Sacramento Kings,2023
1610612758,2023,00,Alex Len,Alex,alex-len,25,C,7-0,250,"JUN 16, 1993",31.0,10,Maryland,203458,,Sacramento Kings,2023
1610612758,2023,00,Jordan Ford,Jordan,jordan-ford,31,G,6-1,175,"MAY 26, 1998",26.0,R,St. Mary's College,1630259,,Sacramento Kings,2023
1610612758,2023,00,Harrison Barnes,Harrison,harrison-barnes,40,F,6-8,225,"MAY 30, 1992",32.0,11,North Carolina,203084,,Sacramento Kings,2023
1610612758,2023,00,Trey Lyles,Trey,trey-lyles,41,F,6-9,234,"NOV 05, 1995",28.0,8,Kentucky,1626168,,Sacramento Kings,2023
1610612758,2024,00,Malik Monk,Malik,malik-monk,0,G,6-3,200,"FEB 04, 1998",27.0,7,Kentucky,1628370,Signed on 07/06/22,Sacramento Kings,2024
1610612758,2024,00,Terence Davis,Terence,terence-davis,3,G,6-4,201,"MAY 16, 1997",28.0,4,Mississippi,1629056,Signed on 04/09/25,Sacramento Kings,2024
1610612758,2024,00,Isaac Jones,Isaac,isaac-jones,3,F,6-9,245,"JUL 11, 2000",24.0,R,Washington State,1642403,Signed on 07/03/24,Sacramento Kings,2024
1610612758,2024,00,Doug McDermott,Doug,doug-mcdermott,7,F,6-6,225,"JAN 03, 1992",33.0,10,Creighton,203926,Signed on 10/16/24,Sacramento Kings,2024
1610612758,2024,00,Zach LaVine,Zach,zach-lavine,8,G,6-5,200,"MAR 10, 1995",30.0,10,UCLA,203897,Traded from CHI on 02/03/25,Sacramento Kings,2024
1610612758,2024,00,DeMar DeRozan,DeMar,demar-derozan,10,G-F,6-6,220,"AUG 07, 1989",35.0,15,Southern California,201942,Traded from CHI on 07/08/24,Sacramento Kings,2024
1610612758,2024,00,Domantas Sabonis,Domantas,domantas-sabonis,11,F-C,6-10,240,"MAY 03, 1996",29.0,8,Gonzaga,1627734,Traded from IND on 02/08/22,Sacramento Kings,2024
1610612758,2024,00,Keegan Murray,Keegan,keegan-murray,13,F,6-8,225,"AUG 19, 2000",24.0,2,Iowa,1631099,#4 Pick in 2022 Draft,Sacramento Kings,2024
1610612758,2024,00,Mason Jones,Mason,mason-jones,15,G,6-4,200,"JUL 21, 1998",26.0,3,Arkansas,1630222,,Sacramento Kings,2024
1610612758,2024,00,Jonas Valančiūnas,Jonas,jonas-valančiūnas,17,C,6-11,265,"MAY 06, 1992",33.0,12,Lietuvos rytas Vilnius,202685,,Sacramento Kings,2024
1610612758,2024,00,Markelle Fultz,Markelle,markelle-fultz,20,G,6-4,209,"MAY 29, 1998",27.0,7,Washington,1628365,,Sacramento Kings,2024
1610612758,2024,00,Devin Carter,Devin,devin-carter,22,G,6-2,195,"MAR 18, 2002",23.0,R,Providence,1642269,#13 Pick in 2024 Draft,Sacramento Kings,2024
1610612758,2024,00,Keon Ellis,Keon,keon-ellis,23,G,6-4,175,"JAN 08, 2000",25.0,2,Alabama,1631165,Signed on 07/02/22,Sacramento Kings,2024
1610612758,2024,00,Isaiah Crawford,Isaiah,isaiah-crawford,24,F,6-6,220,"NOV 01, 2001",23.0,R,Louisiana Tech,1642384,,Sacramento Kings,2024
1610612758,2024,00,Jake LaRavia,Jake,jake-laravia,33,F,6-7,235,"NOV 03, 2001",23.0,2,Wake Forest,1631222,,Sacramento Kings,2024
1610612758,2024,00,Trey Lyles,Trey,trey-lyles,41,F,6-9,234,"NOV 05, 1995",29.0,9,Kentucky,1626168,,Sacramento Kings,2024
1610612758,2024,00,Jae Crowder,Jae,jae-crowder,99,F,6-6,235,"JUL 06, 1990",34.0,12,Marquette,203109,,Sacramento Kings,2024
1610612758,2025,00,Isaiah Stevens,Isaiah,isaiah-stevens,,G,5-11,185,"NOV 01, 2000",24.0,1,Colorado State,1641815,Signed on 07/08/25,Sacramento Kings,2025
1610612758,2025,00,Dylan Cardwell,Dylan,dylan-cardwell,,C,6-10,255,"DEC 16, 2001",23.0,R,Auburn,1642928,Signed on 07/02/25,Sacramento Kings,2025
1610612758,2025,00,Malik Monk,Malik,malik-monk,0,G,6-3,200,"FEB 04, 1998",27.0,8,Kentucky,1628370,Signed on 07/06/22,Sacramento Kings,2025
1610612758,2025,00,Terence Davis,Terence,terence-davis,3,G,6-4,201,"MAY 16, 1997",28.0,5,Mississippi,1629056,Signed on 04/09/25,Sacramento Kings,2025
1610612758,2025,00,Isaac Jones,Isaac,isaac-jones,3,F,6-8,245,"JUL 11, 2000",25.0,1,Washington State,1642403,Signed on 07/03/24,Sacramento Kings,2025
1610612758,2025,00,Nique Clifford,Nique,nique-clifford,5,G,6-5,175,"FEB 09, 2002",23.0,R,Colorado State,1642363,Draft Rights Traded from OKC on 06/25/25,Sacramento Kings,2025
1610612758,2025,00,Doug McDermott,Doug,doug-mcdermott,7,F,6-7,225,"JAN 03, 1992",33.0,11,Creighton,203926,Signed on 10/16/24,Sacramento Kings,2025
1610612758,2025,00,Zach LaVine,Zach,zach-lavine,8,G,6-5,200,"MAR 10, 1995",30.0,11,UCLA,203897,Traded from CHI on 02/03/25,Sacramento Kings,2025
1610612758,2025,00,Dario Šarić,Dario,dario-šarić,9,F-C,6-10,225,"APR 08, 1994",31.0,9,Anadolu Efes,203967,Traded from DEN on 07/13/25,Sacramento Kings,2025
1610612758,2025,00,DeMar DeRozan,DeMar,demar-derozan,10,G-F,6-6,220,"AUG 07, 1989",36.0,16,Southern California,201942,Traded from CHI on 07/08/24,Sacramento Kings,2025
1610612758,2025,00,Domantas Sabonis,Domantas,domantas-sabonis,11,F-C,6-10,240,"MAY 03, 1996",29.0,9,Gonzaga,1627734,Traded from IND on 02/08/22,Sacramento Kings,2025
1610612758,2025,00,Keegan Murray,Keegan,keegan-murray,13,F,6-8,225,"AUG 19, 2000",25.0,3,Iowa,1631099,#4 Pick in 2022 Draft,Sacramento Kings,2025
1610612758,2025,00,Dennis Schröder,Dennis,dennis-schröder,17,G,6-1,175,"SEP 15, 1993",32.0,12,Braunschweig,203471,Traded from DET on 07/07/25,Sacramento Kings,2025
1610612758,2025,00,Drew Eubanks,Drew,drew-eubanks,19,F-C,6-10,245,"FEB 01, 1997",28.0,7,Oregon State,1629234,Signed on 07/08/25,Sacramento Kings,2025
1610612758,2025,00,Devin Carter,Devin,devin-carter,22,G,6-2,195,"MAR 18, 2002",23.0,1,Providence,1642269,#13 Pick in 2024 Draft,Sacramento Kings,2025
1610612758,2025,00,Keon Ellis,Keon,keon-ellis,23,G,6-4,175,"JAN 08, 2000",25.0,3,Alabama,1631165,Signed on 07/02/22,Sacramento Kings,2025
1610612758,2025,00,Daeqwon Plowden,Daeqwon,daeqwon-plowden,29,G-F,6-4,216,"AUG 29, 1998",27.0,1,Bowling Green,1631342,Signed on 07/30/25,Sacramento Kings,2025
1610612758,2025,00,Maxime Raynaud,Maxime,maxime-raynaud,42,C,7-1,250,"APR 07, 2003",22.0,R,Stanford,1642875,#42 Pick in 2025 Draft,Sacramento Kings,2025
1610612759,2015,00,Kyle Anderson,Kyle,kyle-anderson,1,F,6-9,230,"SEP 20, 1993",22.0,1,UCLA,203937,,San Antonio Spurs,2015
1610612759,2015,00,Kawhi Leonard,Kawhi,kawhi-leonard,2,F,6-7,230,"JUN 29, 1991",25.0,4,San Diego State,202695,,San Antonio Spurs,2015
1610612759,2015,00,Patty Mills,Patty,patty-mills,8,G,6-0,185,"AUG 11, 1988",27.0,6,St. Mary's,201988,,San Antonio Spurs,2015
1610612759,2015,00,Tony Parker,Tony,tony-parker,9,G,6-2,185,"MAY 17, 1982",34.0,14,Paris Basket Racing,2225,,San Antonio Spurs,2015
1610612759,2015,00,LaMarcus Aldridge,LaMarcus,lamarcus-aldridge,12,F,6-11,240,"JUL 19, 1985",30.0,9,University of Texas at Austin,200746,,San Antonio Spurs,2015
1610612759,2015,00,Danny Green,Danny,danny-green,14,G-F,6-6,215,"JUN 22, 1987",29.0,6,North Carolina,201980,,San Antonio Spurs,2015
1610612759,2015,00,Matt Bonner,Matt,matt-bonner,15,C-F,6-10,235,"APR 05, 1980",36.0,11,Florida,2588,,San Antonio Spurs,2015
1610612759,2015,00,Jonathon Simmons,Jonathon,jonathon-simmons,17,G-F,6-6,195,"SEP 14, 1989",26.0,R,Houston,203613,,San Antonio Spurs,2015
1610612759,2015,00,Manu Ginobili,Manu,manu-ginobili,20,G,6-6,205,"JUL 28, 1977",38.0,13,Virtus Bologna,1938,,San Antonio Spurs,2015
1610612759,2015,00,Tim Duncan,Tim,tim-duncan,21,C-F,6-11,250,"APR 25, 1976",40.0,18,Wake Forest,1495,,San Antonio Spurs,2015
1610612759,2015,00,Kevin Martin,Kevin,kevin-martin,23,G,6-7,199,"FEB 01, 1983",33.0,11,Western Carolina,2755,,San Antonio Spurs,2015
1610612759,2015,00,Andre Miller,Andre,andre-miller,24,G,6-3,200,"MAR 19, 1976",40.0,16,Utah,1889,,San Antonio Spurs,2015
1610612759,2015,00,David West,David,david-west,30,F,6-9,250,"AUG 29, 1980",35.0,12,Xavier,2561,,San Antonio Spurs,2015
1610612759,2015,00,Boris Diaw,Boris,boris-diaw,33,C-F,6-8,250,"APR 16, 1982",34.0,12,Pau Orthez,2564,,San Antonio Spurs,2015
1610612759,2015,00,Boban Marjanovic,Boban,boban-marjanovic,40,C,7-3,290,"AUG 15, 1988",27.0,R,Crvena zvezda,1626246,,San Antonio Spurs,2015
1610612759,2016,00,Kyle Anderson,Kyle,kyle-anderson,1,G-F,6-9,230,"SEP 20, 1993",23.0,2,UCLA,203937,,San Antonio Spurs,2016
1610612759,2016,00,Kawhi Leonard,Kawhi,kawhi-leonard,2,F,6-7,230,"JUN 29, 1991",26.0,5,San Diego State,202695,,San Antonio Spurs,2016
1610612759,2016,00,Dewayne Dedmon,Dewayne,dewayne-dedmon,3,C,7-0,245,"AUG 12, 1989",27.0,3,USC,203473,,San Antonio Spurs,2016
1610612759,2016,00,Dejounte Murray,Dejounte,dejounte-murray,5,G,6-5,170,"SEP 19, 1996",20.0,R,Washington,1627749,,San Antonio Spurs,2016
1610612759,2016,00,Patty Mills,Patty,patty-mills,8,G,6-0,185,"AUG 11, 1988",28.0,7,St. Mary's,201988,,San Antonio Spurs,2016
1610612759,2016,00,Tony Parker,Tony,tony-parker,9,G,6-2,185,"MAY 17, 1982",35.0,15,Paris Basket Racing,2225,,San Antonio Spurs,2016
1610612759,2016,00,David Lee,David,david-lee,10,F-C,6-9,245,"APR 29, 1983",34.0,11,Florida,101135,,San Antonio Spurs,2016
1610612759,2016,00,Bryn Forbes,Bryn,bryn-forbes,11,G,6-3,190,"JUL 23, 1993",23.0,R,Michigan State,1627854,,San Antonio Spurs,2016
1610612759,2016,00,LaMarcus Aldridge,LaMarcus,lamarcus-aldridge,12,F,6-11,260,"JUL 19, 1985",31.0,10,University of Texas at Austin,200746,,San Antonio Spurs,2016
1610612759,2016,00,Danny Green,Danny,danny-green,14,G-F,6-6,215,"JUN 22, 1987",30.0,7,North Carolina,201980,,San Antonio Spurs,2016
1610612759,2016,00,Pau Gasol,Pau,pau-gasol,16,C,7-0,250,"JUL 06, 1980",36.0,15,FC Barcelona,2200,,San Antonio Spurs,2016
1610612759,2016,00,Jonathon Simmons,Jonathon,jonathon-simmons,17,G-F,6-6,195,"SEP 14, 1989",27.0,1,Houston,203613,,San Antonio Spurs,2016
1610612759,2016,00,Manu Ginobili,Manu,manu-ginobili,20,G,6-6,205,"JUL 28, 1977",39.0,14,Virtus Bologna,1938,,San Antonio Spurs,2016
1610612759,2016,00,Joel Anthony,Joel,joel-anthony,30,C,6-9,245,"AUG 09, 1982",34.0,9,UNLV,201202,,San Antonio Spurs,2016
1610612759,2016,00,Davis Bertans,Davis,davis-bertans,42,F,6-10,210,"NOV 12, 1992",24.0,R,Baskonia,202722,,San Antonio Spurs,2016
1610612759,2017,00,Kyle Anderson,Kyle,kyle-anderson,1,F,6-9,230,"SEP 20, 1993",24.0,3,UCLA,203937,,San Antonio Spurs,2017
1610612759,2017,00,Kawhi Leonard,Kawhi,kawhi-leonard,2,F,6-7,230,"JUN 29, 1991",27.0,6,San Diego State,202695,,San Antonio Spurs,2017
1610612759,2017,00,Brandon Paul,Brandon,brandon-paul,3,G,6-4,200,"APR 30, 1991",27.0,R,Illinois,203464,,San Antonio Spurs,2017
1610612759,2017,00,Derrick White,Derrick,derrick-white,4,G,6-4,190,"JUL 02, 1994",23.0,R,Colorado,1628401,,San Antonio Spurs,2017
1610612759,2017,00,Dejounte Murray,Dejounte,dejounte-murray,5,G,6-5,170,"SEP 19, 1996",21.0,1,Washington,1627749,,San Antonio Spurs,2017
1610612759,2017,00,Patty Mills,Patty,patty-mills,8,G,6-0,185,"AUG 11, 1988",29.0,8,St. Mary's,201988,,San Antonio Spurs,2017
1610612759,2017,00,Tony Parker,Tony,tony-parker,9,G,6-2,185,"MAY 17, 1982",36.0,16,Paris Basket Racing,2225,,San Antonio Spurs,2017
1610612759,2017,00,Matt Costello,Matt,matt-costello,10,F-C,6-10,240,"AUG 05, 1993",24.0,R,Michigan State,1627856,,San Antonio Spurs,2017
1610612759,2017,00,Bryn Forbes,Bryn,bryn-forbes,11,G,6-3,190,"JUL 23, 1993",24.0,1,Michigan State,1627854,,San Antonio Spurs,2017
1610612759,2017,00,LaMarcus Aldridge,LaMarcus,lamarcus-aldridge,12,F,6-11,260,"JUL 19, 1985",32.0,11,University of Texas at Austin,200746,,San Antonio Spurs,2017
1610612759,2017,00,Danny Green,Danny,danny-green,14,G-F,6-6,215,"JUN 22, 1987",31.0,8,North Carolina,201980,,San Antonio Spurs,2017
1610612759,2017,00,Pau Gasol,Pau,pau-gasol,16,C,7-0,250,"JUL 06, 1980",37.0,16,FC Barcelona,2200,,San Antonio Spurs,2017
1610612759,2017,00,Manu Ginobili,Manu,manu-ginobili,20,G,6-6,205,"JUL 28, 1977",40.0,15,Virtus Bologna,1938,,San Antonio Spurs,2017
1610612759,2017,00,Rudy Gay,Rudy,rudy-gay,22,F,6-8,230,"AUG 17, 1986",31.0,11,Connecticut,200752,,San Antonio Spurs,2017
1610612759,2017,00,Darrun Hilliard,Darrun,darrun-hilliard,24,G,6-6,220,"APR 13, 1993",25.0,2,Villanova,1626199,,San Antonio Spurs,2017
1610612759,2017,00,Davis Bertans,Davis,davis-bertans,42,C-F,6-10,210,"NOV 12, 1992",25.0,1,Baskonia,202722,,San Antonio Spurs,2017
1610612759,2017,00,Joffrey Lauvergne,Joffrey,joffrey-lauvergne,77,C,6-11,260,"SEP 30, 1991",26.0,3,Khimki,203530,,San Antonio Spurs,2017
1610612759,2018,00,Lonnie Walker IV,Lonnie,lonnie-walker-iv,1,G,6-5,205,"DEC 14, 1998",20.0,R,Miami,1629022,,San Antonio Spurs,2018
1610612759,2018,00,Quincy Pondexter,Quincy,quincy-pondexter,3,F,6-7,230,"MAR 10, 1988",31.0,6,Washington,202347,,San Antonio Spurs,2018
1610612759,2018,00,Derrick White,Derrick,derrick-white,4,G,6-4,190,"JUL 02, 1994",24.0,1,Colorado,1628401,,San Antonio Spurs,2018
1610612759,2018,00,Dejounte Murray,Dejounte,dejounte-murray,5,G,6-5,170,"SEP 19, 1996",22.0,2,Washington,1627749,,San Antonio Spurs,2018
1610612759,2018,00,Chimezie Metu,Chimezie,chimezie-metu,7,F,6-10,225,"MAR 22, 1997",22.0,R,USC,1629002,,San Antonio Spurs,2018
1610612759,2018,00,Patty Mills,Patty,patty-mills,8,G,6-0,180,"AUG 11, 1988",30.0,9,St. Mary's,201988,,San Antonio Spurs,2018
1610612759,2018,00,DeMar DeRozan,DeMar,demar-derozan,10,G,6-7,220,"AUG 07, 1989",29.0,9,Southern California,201942,,San Antonio Spurs,2018
1610612759,2018,00,Bryn Forbes,Bryn,bryn-forbes,11,G,6-3,190,"JUL 23, 1993",25.0,2,Michigan State,1627854,,San Antonio Spurs,2018
1610612759,2018,00,LaMarcus Aldridge,LaMarcus,lamarcus-aldridge,12,C-F,6-11,260,"JUL 19, 1985",33.0,12,University of Texas at Austin,200746,,San Antonio Spurs,2018
1610612759,2018,00,Drew Eubanks,Drew,drew-eubanks,14,F,6-10,245,"FEB 01, 1997",22.0,R,Oregon State,1629234,,San Antonio Spurs,2018
1610612759,2018,00,Marco Belinelli,Marco,marco-belinelli,18,G-F,6-5,210,"MAR 25, 1986",33.0,11,Fortitudo Bologna,201158,,San Antonio Spurs,2018
1610612759,2018,00,Rudy Gay,Rudy,rudy-gay,22,F,6-8,230,"AUG 17, 1986",32.0,12,Connecticut,200752,,San Antonio Spurs,2018
1610612759,2018,00,Jakob Poeltl,Jakob,jakob-poeltl,25,C,7-0,230,"OCT 15, 1995",23.0,2,Utah,1627751,,San Antonio Spurs,2018
1610612759,2018,00,Ben Moore,Ben,ben-moore,26,F,6-8,220,"MAY 13, 1995",24.0,1,Southern Methodist,1628500,,San Antonio Spurs,2018
1610612759,2018,00,Donatas Motiejunas,Donatas,donatas-motiejunas,28,F-C,7-0,220,"SEP 20, 1990",28.0,5,Lithuania,202700,,San Antonio Spurs,2018
1610612759,2018,00,Dante Cunningham,Dante,dante-cunningham,33,F,6-8,230,"APR 22, 1987",32.0,9,Villanova,201967,,San Antonio Spurs,2018
1610612759,2018,00,Davis Bertans,Davis,davis-bertans,42,F,6-10,225,"NOV 12, 1992",26.0,2,Baskonia,202722,,San Antonio Spurs,2018
1610612759,2019,00,Lonnie Walker IV,Lonnie,lonnie-walker-iv,1,G-F,6-5,204,"DEC 14, 1998",21.0,1,Miami,1629022,,San Antonio Spurs,2019
1610612759,2019,00,Keldon Johnson,Keldon,keldon-johnson,3,F-G,6-5,220,"OCT 11, 1999",20.0,R,Kentucky,1629640,#29 Pick in 2019 Draft,San Antonio Spurs,2019
1610612759,2019,00,Derrick White,Derrick,derrick-white,4,G,6-4,190,"JUL 02, 1994",25.0,2,Colorado,1628401,,San Antonio Spurs,2019
1610612759,2019,00,Dejounte Murray,Dejounte,dejounte-murray,5,G,6-4,180,"SEP 19, 1996",23.0,3,Washington,1627749,,San Antonio Spurs,2019
1610612759,2019,00,Chimezie Metu,Chimezie,chimezie-metu,7,F-C,6-9,225,"MAR 22, 1997",23.0,1,USC,1629002,,San Antonio Spurs,2019
1610612759,2019,00,Patty Mills,Patty,patty-mills,8,G,6-1,180,"AUG 11, 1988",31.0,10,St. Mary's,201988,,San Antonio Spurs,2019
1610612759,2019,00,DeMar DeRozan,DeMar,demar-derozan,10,G-F,6-6,220,"AUG 07, 1989",30.0,10,Southern California,201942,,San Antonio Spurs,2019
1610612759,2019,00,Bryn Forbes,Bryn,bryn-forbes,11,G,6-2,205,"JUL 23, 1993",26.0,3,Michigan State,1627854,,San Antonio Spurs,2019
1610612759,2019,00,LaMarcus Aldridge,LaMarcus,lamarcus-aldridge,12,C-F,6-11,250,"JUL 19, 1985",34.0,13,University of Texas at Austin,200746,,San Antonio Spurs,2019
1610612759,2019,00,Drew Eubanks,Drew,drew-eubanks,14,F-C,6-9,245,"FEB 01, 1997",23.0,1,Oregon State,1629234,,San Antonio Spurs,2019
1610612759,2019,00,Quinndary Weatherspoon,Quinndary,quinndary-weatherspoon,15,G,6-3,205,"SEP 10, 1996",23.0,R,Mississippi State,1629683,,San Antonio Spurs,2019
1610612759,2019,00,Marco Belinelli,Marco,marco-belinelli,18,G,6-5,220,"MAR 25, 1986",34.0,12,Fortitudo Bologna,201158,,San Antonio Spurs,2019
1610612759,2019,00,Luka Samanic,Luka,luka-samanic,19,F,6-10,227,"JAN 09, 2000",20.0,R,Union Olimpija,1629677,,San Antonio Spurs,2019
1610612759,2019,00,Rudy Gay,Rudy,rudy-gay,22,F-G,6-8,250,"AUG 17, 1986",33.0,13,Connecticut,200752,,San Antonio Spurs,2019
1610612759,2019,00,Jakob Poeltl,Jakob,jakob-poeltl,25,C,7-1,245,"OCT 15, 1995",24.0,3,Utah,1627751,,San Antonio Spurs,2019
1610612759,2019,00,Tyler Zeller,Tyler,tyler-zeller,40,F-C,6-11,250,"JAN 17, 1990",30.0,7,North Carolina,203092,,San Antonio Spurs,2019
1610612759,2019,00,Trey Lyles,Trey,trey-lyles,41,F,6-9,234,"NOV 05, 1995",24.0,4,Kentucky,1626168,,San Antonio Spurs,2019
1610612759,2020,00,Lonnie Walker IV,Lonnie,lonnie-walker-iv,1,G-F,6-4,204,"DEC 14, 1998",22.0,2,Miami,1629022,,San Antonio Spurs,2020
1610612759,2020,00,Keldon Johnson,Keldon,keldon-johnson,3,F-G,6-5,220,"OCT 11, 1999",21.0,1,Kentucky,1629640,#29 Pick in 2019 Draft,San Antonio Spurs,2020
1610612759,2020,00,Derrick White,Derrick,derrick-white,4,G,6-4,190,"JUL 02, 1994",26.0,3,Colorado,1628401,,San Antonio Spurs,2020
1610612759,2020,00,Dejounte Murray,Dejounte,dejounte-murray,5,G,6-4,180,"SEP 19, 1996",24.0,4,Washington,1627749,,San Antonio Spurs,2020
1610612759,2020,00,Gorgui Dieng,Gorgui,gorgui-dieng,7,C,6-10,252,"JAN 18, 1990",31.0,7,Louisville,203476,,San Antonio Spurs,2020
1610612759,2020,00,Patty Mills,Patty,patty-mills,8,G,6-1,180,"AUG 11, 1988",32.0,11,St. Mary's,201988,,San Antonio Spurs,2020
1610612759,2020,00,DeMar DeRozan,DeMar,demar-derozan,10,G-F,6-6,220,"AUG 07, 1989",31.0,11,Southern California,201942,,San Antonio Spurs,2020
1610612759,2020,00,Drew Eubanks,Drew,drew-eubanks,14,F-C,6-9,245,"FEB 01, 1997",24.0,2,Oregon State,1629234,,San Antonio Spurs,2020
1610612759,2020,00,Quinndary Weatherspoon,Quinndary,quinndary-weatherspoon,15,G,6-3,205,"SEP 10, 1996",24.0,1,Mississippi State,1629683,,San Antonio Spurs,2020
1610612759,2020,00,Luka Samanic,Luka,luka-samanic,19,F,6-10,227,"JAN 09, 2000",21.0,1,Union Olimpija,1629677,,San Antonio Spurs,2020
1610612759,2020,00,Rudy Gay,Rudy,rudy-gay,22,F-G,6-8,250,"AUG 17, 1986",34.0,14,Connecticut,200752,,San Antonio Spurs,2020
1610612759,2020,00,Devin Vassell,Devin,devin-vassell,24,G-F,6-5,200,"AUG 23, 2000",20.0,R,Florida State,1630170,#11 Pick in 2020 Draft,San Antonio Spurs,2020
1610612759,2020,00,Jakob Poeltl,Jakob,jakob-poeltl,25,C,7-1,245,"OCT 15, 1995",25.0,4,Utah,1627751,,San Antonio Spurs,2020
1610612759,2020,00,Keita Bates-Diop,Keita,keita-bates-diop,31,F,6-8,229,"JAN 23, 1996",25.0,2,Ohio State,1628966,,San Antonio Spurs,2020
1610612759,2020,00,Tre Jones,Tre,tre-jones,33,G,6-1,185,"JAN 08, 2000",21.0,R,Duke,1630200,,San Antonio Spurs,2020
1610612759,2020,00,Trey Lyles,Trey,trey-lyles,41,F,6-9,234,"NOV 05, 1995",25.0,5,Kentucky,1626168,,San Antonio Spurs,2020
1610612759,2020,00,DaQuan Jeffries,DaQuan,daquan-jeffries,55,G-F,6-5,230,"AUG 30, 1997",23.0,1,Tulsa,1629610,,San Antonio Spurs,2020
1610612759,2021,00,Lonnie Walker IV,Lonnie,lonnie-walker-iv,1,G-F,6-4,204,"DEC 14, 1998",23.0,3,Miami,1629022,,San Antonio Spurs,2021
1610612759,2021,00,Keldon Johnson,Keldon,keldon-johnson,3,F-G,6-6,220,"OCT 11, 1999",22.0,2,Kentucky,1629640,#29 Pick in 2019 Draft,San Antonio Spurs,2021
1610612759,2021,00,Dejounte Murray,Dejounte,dejounte-murray,5,G,6-4,180,"SEP 19, 1996",25.0,5,Washington,1627749,,San Antonio Spurs,2021
1610612759,2021,00,Josh Richardson,Josh,josh-richardson,7,G,6-5,200,"SEP 15, 1993",28.0,6,Tennessee,1626196,,San Antonio Spurs,2021
1610612759,2021,00,Joshua Primo,Joshua,joshua-primo,11,G,6-4,189,"DEC 24, 2002",19.0,R,Alabama,1630563,,San Antonio Spurs,2021
1610612759,2021,00,Joe Wieskamp,Joe,joe-wieskamp,15,G-F,6-6,205,"AUG 23, 1999",22.0,R,Iowa,1630580,,San Antonio Spurs,2021
1610612759,2021,00,Doug McDermott,Doug,doug-mcdermott,17,F,6-7,225,"JAN 03, 1992",30.0,7,Creighton,203926,,San Antonio Spurs,2021
1610612759,2021,00,DJ Stewart,DJ,dj-stewart,18,G,6-5,205,"JUL 28, 1999",22.0,R,Mississippi State,1630597,,San Antonio Spurs,2021
1610612759,2021,00,Devontae Cacok,Devontae,devontae-cacok,18,F,6-7,240,"OCT 08, 1996",25.0,2,UNC-Wilmington,1629719,,San Antonio Spurs,2021
1610612759,2021,00,Zach Collins,Zach,zach-collins,23,F-C,6-11,250,"NOV 19, 1997",24.0,4,Gonzaga,1628380,,San Antonio Spurs,2021
1610612759,2021,00,Devin Vassell,Devin,devin-vassell,24,G-F,6-5,200,"AUG 23, 2000",21.0,1,Florida State,1630170,#11 Pick in 2020 Draft,San Antonio Spurs,2021
1610612759,2021,00,Jakob Poeltl,Jakob,jakob-poeltl,25,C,7-1,245,"OCT 15, 1995",26.0,5,Utah,1627751,,San Antonio Spurs,2021
1610612759,2021,00,Robert Woodard II,Robert,robert-woodard-ii,28,F,6-6,235,"SEP 22, 1999",22.0,1,Mississippi State,1630218,,San Antonio Spurs,2021
1610612759,2021,00,Keita Bates-Diop,Keita,keita-bates-diop,31,F,6-8,229,"JAN 23, 1996",26.0,3,Ohio State,1628966,,San Antonio Spurs,2021
1610612759,2021,00,Tre Jones,Tre,tre-jones,33,G,6-1,185,"JAN 08, 2000",22.0,1,Duke,1630200,,San Antonio Spurs,2021
1610612759,2021,00,Jock Landale,Jock,jock-landale,34,C,6-11,255,"OCT 25, 1995",26.0,R,St. Mary's,1629111,,San Antonio Spurs,2021
1610612759,2021,00,Romeo Langford,Romeo,romeo-langford,35,G-F,6-5,216,"OCT 25, 1999",22.0,2,Indiana,1629641,,San Antonio Spurs,2021
1610612759,2022,00,Keldon Johnson,Keldon,keldon-johnson,3,F-G,6-5,220,"OCT 11, 1999",23.0,3,Kentucky,1629640,#29 Pick in 2019 Draft,San Antonio Spurs,2022
1610612759,2022,00,Devonte' Graham,Devonte',devonte-graham,4,G,6-1,195,"FEB 22, 1995",28.0,4,Kansas,1628984,,San Antonio Spurs,2022
1610612759,2022,00,Jeremy Sochan,Jeremy,jeremy-sochan,10,F,6-8,230,"MAY 20, 2003",20.0,R,Baylor,1631110,#9 Pick in 2022 Draft,San Antonio Spurs,2022
1610612759,2022,00,Blake Wesley,Blake,blake-wesley,14,G,6-4,185,"MAR 16, 2003",20.0,R,Notre Dame,1631104,,San Antonio Spurs,2022
1610612759,2022,00,Doug McDermott,Doug,doug-mcdermott,17,F,6-6,225,"JAN 03, 1992",31.0,8,Creighton,203926,,San Antonio Spurs,2022
1610612759,2022,00,Malaki Branham,Malaki,malaki-branham,22,F,6-4,180,"MAY 12, 2003",20.0,R,Ohio State,1631103,,San Antonio Spurs,2022
1610612759,2022,00,Zach Collins,Zach,zach-collins,23,F-C,6-11,250,"NOV 19, 1997",25.0,5,Gonzaga,1628380,,San Antonio Spurs,2022
1610612759,2022,00,Khem Birch,Khem,khem-birch,24,C,6-8,233,"SEP 28, 1992",30.0,5,UNLV,203920,,San Antonio Spurs,2022
1610612759,2022,00,Devin Vassell,Devin,devin-vassell,24,G-F,6-5,200,"AUG 23, 2000",22.0,2,Florida State,1630170,#11 Pick in 2020 Draft,San Antonio Spurs,2022
1610612759,2022,00,Dominick Barlow,Dominick,dominick-barlow,26,F,6-9,215,"MAY 26, 2003",20.0,R,Overtime Elite,1631230,,San Antonio Spurs,2022
1610612759,2022,00,Charles Bassey,Charles,charles-bassey,28,C-F,6-9,230,"OCT 28, 2000",22.0,1,Western Kentucky,1629646,,San Antonio Spurs,2022
1610612759,2022,00,Julian Champagnie,Julian,julian-champagnie,30,F,6-7,217,"JUN 29, 2001",22.0,R,St. John's,1630577,,San Antonio Spurs,2022
1610612759,2022,00,Keita Bates-Diop,Keita,keita-bates-diop,31,F,6-8,229,"JAN 23, 1996",27.0,4,Ohio State,1628966,,San Antonio Spurs,2022
1610612759,2022,00,Tre Jones,Tre,tre-jones,33,G,6-1,185,"JAN 08, 2000",23.0,2,Duke,1630200,,San Antonio Spurs,2022
1610612759,2022,00,Romeo Langford,Romeo,romeo-langford,35,G-F,6-5,216,"OCT 25, 1999",23.0,3,Indiana,1629641,,San Antonio Spurs,2022
1610612759,2022,00,Gorgui Dieng,Gorgui,gorgui-dieng,41,C,6-10,248,"JAN 18, 1990",33.0,9,Louisville,203476,,San Antonio Spurs,2022
1610612759,2022,00,Sandro Mamukelashvili,Sandro,sandro-mamukelashvili,54,F-C,6-10,240,"MAY 23, 1999",24.0,1,Seton Hall,1630572,,San Antonio Spurs,2022
1610612759,2023,00,RaiQuan Gray,RaiQuan,raiquan-gray,0,F,6-7,269,"JUL 07, 1999",24.0,1,Florida State,1630564,,San Antonio Spurs,2023
1610612759,2023,00,Victor Wembanyama,Victor,victor-wembanyama,1,F-C,7-4,210,"JAN 04, 2004",20.0,R,Metropolitans 92,1641705,#1 Pick in 2023 Draft,San Antonio Spurs,2023
1610612759,2023,00,Keldon Johnson,Keldon,keldon-johnson,3,F-G,6-5,220,"OCT 11, 1999",24.0,4,Kentucky,1629640,#29 Pick in 2019 Draft,San Antonio Spurs,2023
1610612759,2023,00,Devonte' Graham,Devonte',devonte-graham,4,G,6-1,195,"FEB 22, 1995",29.0,5,Kansas,1628984,,San Antonio Spurs,2023
1610612759,2023,00,Jeremy Sochan,Jeremy,jeremy-sochan,10,F,6-8,230,"MAY 20, 2003",21.0,1,Baylor,1631110,#9 Pick in 2022 Draft,San Antonio Spurs,2023
1610612759,2023,00,Blake Wesley,Blake,blake-wesley,14,G,6-3,185,"MAR 16, 2003",21.0,1,Notre Dame,1631104,,San Antonio Spurs,2023
1610612759,2023,00,Cedi Osman,Cedi,cedi-osman,16,F,6-7,230,"APR 08, 1995",29.0,6,Anadolu Efes,1626224,,San Antonio Spurs,2023
1610612759,2023,00,Jamaree Bouyea,Jamaree,jamaree-bouyea,21,G,6-2,180,"JUN 27, 1999",25.0,1,San Francisco,1631123,,San Antonio Spurs,2023
1610612759,2023,00,Malaki Branham,Malaki,malaki-branham,22,F,6-4,180,"MAY 12, 2003",21.0,1,Ohio State,1631103,,San Antonio Spurs,2023
1610612759,2023,00,Zach Collins,Zach,zach-collins,23,F-C,6-11,250,"NOV 19, 1997",26.0,6,Gonzaga,1628380,,San Antonio Spurs,2023
1610612759,2023,00,Devin Vassell,Devin,devin-vassell,24,G-F,6-5,200,"AUG 23, 2000",23.0,3,Florida State,1630170,#11 Pick in 2020 Draft,San Antonio Spurs,2023
1610612759,2023,00,Sidy Cissoko,Sidy,sidy-cissoko,25,G,6-6,200,"APR 02, 2004",20.0,R,NBA G League Ignite,1631321,,San Antonio Spurs,2023
1610612759,2023,00,Dominick Barlow,Dominick,dominick-barlow,26,F,6-9,215,"MAY 26, 2003",21.0,1,Overtime Elite,1631230,,San Antonio Spurs,2023
1610612759,2023,00,David Duke Jr.,David,david-duke-jr,28,G,6-4,204,"OCT 13, 1999",24.0,2,Providence,1630561,,San Antonio Spurs,2023
1610612759,2023,00,Charles Bassey,Charles,charles-bassey,28,C-F,6-10,230,"OCT 28, 2000",23.0,2,Western Kentucky,1629646,,San Antonio Spurs,2023
1610612759,2023,00,Julian Champagnie,Julian,julian-champagnie,30,F,6-7,217,"JUN 29, 2001",23.0,1,St. John's,1630577,,San Antonio Spurs,2023
1610612759,2023,00,Tre Jones,Tre,tre-jones,33,G,6-1,185,"JAN 08, 2000",24.0,3,Duke,1630200,,San Antonio Spurs,2023
1610612759,2023,00,Sandro Mamukelashvili,Sandro,sandro-mamukelashvili,54,F-C,6-9,240,"MAY 23, 1999",25.0,2,Seton Hall,1630572,,San Antonio Spurs,2023
1610612759,2024,00,Keldon Johnson,Keldon,keldon-johnson,0,F-G,6-5,220,"OCT 11, 1999",25.0,5,Kentucky,1629640,#29 Pick in 2019 Draft,San Antonio Spurs,2024
1610612759,2024,00,Victor Wembanyama,Victor,victor-wembanyama,1,F-C,7-3,235,"JAN 04, 2004",21.0,1,Metropolitans 92,1641705,#1 Pick in 2023 Draft,San Antonio Spurs,2024
1610612759,2024,00,Chris Paul,Chris,chris-paul,3,G,6-0,175,"MAY 06, 1985",40.0,19,Wake Forest,101108,,San Antonio Spurs,2024
1610612759,2024,00,De'Aaron Fox,De'Aaron,deaaron-fox,4,G,6-3,185,"DEC 20, 1997",27.0,7,Kentucky,1628368,Traded from SAC on 02/03/25,San Antonio Spurs,2024
1610612759,2024,00,Stephon Castle,Stephon,stephon-castle,5,G,6-6,215,"NOV 01, 2004",20.0,R,Connecticut,1642264,#4 Pick in 2024 Draft,San Antonio Spurs,2024
1610612759,2024,00,David Duke Jr.,David,david-duke-jr,7,G,6-4,204,"OCT 13, 1999",25.0,3,Providence,1630561,,San Antonio Spurs,2024
1610612759,2024,00,Jeremy Sochan,Jeremy,jeremy-sochan,10,F,6-8,230,"MAY 20, 2003",22.0,2,Baylor,1631110,#9 Pick in 2022 Draft,San Antonio Spurs,2024
1610612759,2024,00,Jordan McLaughlin,Jordan,jordan-mclaughlin,11,G,6-0,185,"APR 09, 1996",29.0,5,Southern California,1629162,Traded from SAC on 02/03/25,San Antonio Spurs,2024
1610612759,2024,00,Blake Wesley,Blake,blake-wesley,14,G,6-3,185,"MAR 16, 2003",22.0,2,Notre Dame,1631104,,San Antonio Spurs,2024
1610612759,2024,00,Bismack Biyombo,Bismack,bismack-biyombo,15,C,6-8,255,"AUG 28, 1992",32.0,13,Baloncesto Fuenlabrada,202687,Signed on 02/09/25,San Antonio Spurs,2024
1610612759,2024,00,Malaki Branham,Malaki,malaki-branham,22,F,6-4,180,"MAY 12, 2003",22.0,2,Ohio State,1631103,,San Antonio Spurs,2024
1610612759,2024,00,Devin Vassell,Devin,devin-vassell,24,G-F,6-5,200,"AUG 23, 2000",24.0,4,Florida State,1630170,#11 Pick in 2020 Draft,San Antonio Spurs,2024
1610612759,2024,00,Riley Minix,Riley,riley-minix,27,F,6-7,230,"SEP 22, 2000",24.0,R,Morehead State,1642434,Signed on 07/20/24,San Antonio Spurs,2024
1610612759,2024,00,Charles Bassey,Charles,charles-bassey,28,C-F,6-10,230,"OCT 28, 2000",24.0,3,Western Kentucky,1629646,,San Antonio Spurs,2024
1610612759,2024,00,Julian Champagnie,Julian,julian-champagnie,30,F,6-7,217,"JUN 29, 2001",24.0,2,St. John's,1630577,,San Antonio Spurs,2024
1610612759,2024,00,Harrison Barnes,Harrison,harrison-barnes,40,F,6-8,225,"MAY 30, 1992",33.0,12,North Carolina,203084,Traded from SAC on 07/08/24,San Antonio Spurs,2024
1610612759,2024,00,Sandro Mamukelashvili,Sandro,sandro-mamukelashvili,54,F-C,6-9,240,"MAY 23, 1999",26.0,3,Seton Hall,1630572,,San Antonio Spurs,2024
1610612759,2024,00,Harrison Ingram,Harrison,harrison-ingram,55,F,6-5,230,"NOV 27, 2002",22.0,R,North Carolina,1631127,#48 Pick in 2024 Draft,San Antonio Spurs,2024
1610612759,2025,00,Jordan McLaughlin,Jordan,jordan-mclaughlin,0,G,5-11,185,"APR 09, 1996",29.0,6,Southern California,1629162,Traded from SAC on 02/03/25,San Antonio Spurs,2025
1610612759,2025,00,Victor Wembanyama,Victor,victor-wembanyama,1,F-C,7-4,235,"JAN 04, 2004",21.0,2,Metropolitans 92,1641705,#1 Pick in 2023 Draft,San Antonio Spurs,2025
1610612759,2025,00,Dylan Harper,Dylan,dylan-harper,2,G,6-5,215,"MAR 02, 2006",19.0,R,Rutgers,1642844,#2 Pick in 2025 Draft,San Antonio Spurs,2025
1610612759,2025,00,Keldon Johnson,Keldon,keldon-johnson,3,F-G,6-6,220,"OCT 11, 1999",26.0,6,Kentucky,1629640,#29 Pick in 2019 Draft,San Antonio Spurs,2025
1610612759,2025,00,De'Aaron Fox,De'Aaron,deaaron-fox,4,G,6-3,185,"DEC 20, 1997",27.0,8,Kentucky,1628368,Traded from SAC on 02/03/25,San Antonio Spurs,2025
1610612759,2025,00,Stephon Castle,Stephon,stephon-castle,5,G,6-6,215,"NOV 01, 2004",20.0,1,Connecticut,1642264,#4 Pick in 2024 Draft,San Antonio Spurs,2025
1610612759,2025,00,Luke Kornet,Luke,luke-kornet,7,C-F,7-1,250,"JUL 15, 1995",30.0,8,Vanderbilt,1628436,Signed on 07/07/25,San Antonio Spurs,2025
1610612759,2025,00,Kelly Olynyk,Kelly,kelly-olynyk,8,F-C,7-0,240,"APR 19, 1991",34.0,12,Gonzaga,203482,Traded from WAS on 07/09/25,San Antonio Spurs,2025
1610612759,2025,00,Jeremy Sochan,Jeremy,jeremy-sochan,10,F,6-8,230,"MAY 20, 2003",22.0,3,Baylor,1631110,#9 Pick in 2022 Draft,San Antonio Spurs,2025
1610612759,2025,00,Carter Bryant,Carter,carter-bryant,11,F,6-6,220,"NOV 26, 2005",19.0,R,Arizona,1642868,#14 Pick in 2025 Draft,San Antonio Spurs,2025
1610612759,2025,00,Adam Flagler,Adam,adam-flagler,14,G,6-1,180,"DEC 01, 1999",25.0,2,Baylor,1641745,Signed on 08/08/25,San Antonio Spurs,2025
1610612759,2025,00,Stanley Umude,Stanley,stanley-umude,17,G,6-6,210,"APR 12, 1999",26.0,3,Arkansas,1630649,Signed on 09/02/25,San Antonio Spurs,2025
1610612759,2025,00,Bismack Biyombo,Bismack,bismack-biyombo,18,C,6-8,255,"AUG 28, 1992",33.0,14,Baloncesto Fuenlabrada,202687,Signed on 02/09/25,San Antonio Spurs,2025
1610612759,2025,00,Devin Vassell,Devin,devin-vassell,24,G-F,6-5,200,"AUG 23, 2000",25.0,5,Florida State,1630170,#11 Pick in 2020 Draft,San Antonio Spurs,2025
1610612759,2025,00,David Jones Garcia,David,david-jones-garcia,25,F,6-4,210,"NOV 24, 2001",23.0,R,Memphis,1642357,Signed on 07/23/25,San Antonio Spurs,2025
1610612759,2025,00,Riley Minix,Riley,riley-minix,27,F,6-7,230,"SEP 22, 2000",25.0,1,Morehead State,1642434,Signed on 07/20/24,San Antonio Spurs,2025
1610612759,2025,00,Julian Champagnie,Julian,julian-champagnie,30,F,6-7,217,"JUN 29, 2001",24.0,3,St. John's,1630577,,San Antonio Spurs,2025
1610612759,2025,00,Micah Potter,Micah,micah-potter,33,C,6-9,248,"APR 06, 1998",27.0,4,Wisconsin,1630695,Signed on 08/06/25,San Antonio Spurs,2025
1610612759,2025,00,Harrison Barnes,Harrison,harrison-barnes,40,F,6-7,225,"MAY 30, 1992",33.0,13,North Carolina,203084,Traded from SAC on 07/08/24,San Antonio Spurs,2025
1610612759,2025,00,Lindy Waters III,Lindy,lindy-waters-iii,43,F,6-5,210,"JUL 28, 1997",28.0,4,Oklahoma State,1630322,Signed on 07/24/25,San Antonio Spurs,2025
1610612759,2025,00,Harrison Ingram,Harrison,harrison-ingram,55,F,6-5,230,"NOV 27, 2002",22.0,1,North Carolina,1631127,#48 Pick in 2024 Draft,San Antonio Spurs,2025
1610612760,2015,00,Russell Westbrook,Russell,russell-westbrook,0,G,6-3,200,"NOV 12, 1988",27.0,7,UCLA,201566,,Oklahoma City Thunder,2015
1610612760,2015,00,Anthony Morrow,Anthony,anthony-morrow,2,G,6-5,210,"SEP 27, 1985",30.0,7,Georgia Tech,201627,,Oklahoma City Thunder,2015
1610612760,2015,00,Dion Waiters,Dion,dion-waiters,3,G,6-4,220,"DEC 10, 1991",24.0,3,Syracuse,203079,,Oklahoma City Thunder,2015
1610612760,2015,00,Nick Collison,Nick,nick-collison,4,F,6-10,255,"OCT 26, 1980",35.0,11,Kansas,2555,,Oklahoma City Thunder,2015
1610612760,2015,00,Kyle Singler,Kyle,kyle-singler,5,F,6-8,228,"MAY 04, 1988",28.0,3,Duke,202713,,Oklahoma City Thunder,2015
1610612760,2015,00,Randy Foye,Randy,randy-foye,6,G,6-4,213,"SEP 24, 1983",32.0,9,Villanova,200751,,Oklahoma City Thunder,2015
1610612760,2015,00,Serge Ibaka,Serge,serge-ibaka,9,F,6-10,245,"SEP 18, 1989",26.0,6,Ricoh Manresa,201586,,Oklahoma City Thunder,2015
1610612760,2015,00,Enes Freedom,Enes,enes-freedom,11,C,6-11,245,"MAY 20, 1992",24.0,4,Fenerbahce,202683,,Oklahoma City Thunder,2015
1610612760,2015,00,Steven Adams,Steven,steven-adams,12,C,7-0,255,"JUL 20, 1993",22.0,2,Pittsburgh,203500,,Oklahoma City Thunder,2015
1610612760,2015,00,Nazr Mohammed,Nazr,nazr-mohammed,13,C,6-10,250,"SEP 05, 1977",38.0,17,Kentucky,1737,,Oklahoma City Thunder,2015
1610612760,2015,00,Andre Roberson,Andre,andre-roberson,21,G,6-7,210,"DEC 04, 1991",24.0,2,Colorado,203460,,Oklahoma City Thunder,2015
1610612760,2015,00,Cameron Payne,Cameron,cameron-payne,22,G,6-3,185,"AUG 08, 1994",21.0,R,Murray State,1626166,,Oklahoma City Thunder,2015
1610612760,2015,00,Mitch McGary,Mitch,mitch-mcgary,33,F,6-10,255,"JUN 06, 1992",24.0,1,Michigan,203956,,Oklahoma City Thunder,2015
1610612760,2015,00,Josh Huestis,Josh,josh-huestis,34,F,6-7,230,"DEC 19, 1991",24.0,R,Stanford,203962,,Oklahoma City Thunder,2015
1610612760,2015,00,Kevin Durant,Kevin,kevin-durant,35,F,6-9,240,"SEP 29, 1988",27.0,8,Texas,201142,,Oklahoma City Thunder,2015
1610612760,2016,00,Russell Westbrook,Russell,russell-westbrook,0,G,6-3,200,"NOV 12, 1988",28.0,8,UCLA,201566,,Oklahoma City Thunder,2016
1610612760,2016,00,Domantas Sabonis,Domantas,domantas-sabonis,3,F,6-11,240,"MAY 03, 1996",21.0,R,Gonzaga,1627734,,Oklahoma City Thunder,2016
1610612760,2016,00,Nick Collison,Nick,nick-collison,4,F,6-10,255,"OCT 26, 1980",36.0,12,Kansas,2555,,Oklahoma City Thunder,2016
1610612760,2016,00,Victor Oladipo,Victor,victor-oladipo,5,G,6-4,210,"MAY 04, 1992",25.0,3,Indiana,203506,,Oklahoma City Thunder,2016
1610612760,2016,00,Semaj Christon,Semaj,semaj-christon,6,G,6-3,190,"NOV 01, 1992",24.0,R,Xavier,203902,,Oklahoma City Thunder,2016
1610612760,2016,00,Alex Abrines,Alex,alex-abrines,8,G-F,6-6,190,"AUG 01, 1993",23.0,R,FC Barcelona,203518,,Oklahoma City Thunder,2016
1610612760,2016,00,Jerami Grant,Jerami,jerami-grant,9,F,6-9,210,"MAR 12, 1994",23.0,2,Syracuse,203924,,Oklahoma City Thunder,2016
1610612760,2016,00,Enes Freedom,Enes,enes-freedom,11,C,6-11,245,"MAY 20, 1992",25.0,5,Fenerbahce,202683,,Oklahoma City Thunder,2016
1610612760,2016,00,Steven Adams,Steven,steven-adams,12,C,7-0,255,"JUL 20, 1993",23.0,3,Pittsburgh,203500,,Oklahoma City Thunder,2016
1610612760,2016,00,Kyle Singler,Kyle,kyle-singler,15,F,6-8,228,"MAY 04, 1988",29.0,4,Duke,202713,,Oklahoma City Thunder,2016
1610612760,2016,00,Andre Roberson,Andre,andre-roberson,21,F,6-7,210,"DEC 04, 1991",25.0,3,Colorado,203460,,Oklahoma City Thunder,2016
1610612760,2016,00,Taj Gibson,Taj,taj-gibson,22,F,6-9,236,"JUN 24, 1985",32.0,7,Southern California,201959,,Oklahoma City Thunder,2016
1610612760,2016,00,Doug McDermott,Doug,doug-mcdermott,25,F,6-8,219,"JAN 03, 1992",25.0,2,Creighton,203926,,Oklahoma City Thunder,2016
1610612760,2016,00,Norris Cole,Norris,norris-cole,30,G,6-2,175,"OCT 13, 1988",28.0,5,Cleveland State,202708,,Oklahoma City Thunder,2016
1610612760,2016,00,Josh Huestis,Josh,josh-huestis,34,F,6-7,230,"DEC 19, 1991",25.0,1,Stanford,203962,,Oklahoma City Thunder,2016
1610612760,2017,00,Russell Westbrook,Russell,russell-westbrook,0,G,6-3,200,"NOV 12, 1988",29.0,9,UCLA,201566,,Oklahoma City Thunder,2017
1610612760,2017,00,Raymond Felton,Raymond,raymond-felton,2,G,6-1,205,"JUN 26, 1984",34.0,12,North Carolina,101109,,Oklahoma City Thunder,2017
1610612760,2017,00,Corey Brewer,Corey,corey-brewer,3,G-F,6-9,186,"MAR 05, 1986",32.0,10,Florida,201147,,Oklahoma City Thunder,2017
1610612760,2017,00,Nick Collison,Nick,nick-collison,4,F-C,6-10,255,"OCT 26, 1980",37.0,13,Kansas,2555,,Oklahoma City Thunder,2017
1610612760,2017,00,Carmelo Anthony,Carmelo,carmelo-anthony,7,F,6-8,240,"MAY 29, 1984",34.0,14,Syracuse,2546,,Oklahoma City Thunder,2017
1610612760,2017,00,Alex Abrines,Alex,alex-abrines,8,G,6-6,190,"AUG 01, 1993",24.0,1,FC Barcelona,203518,,Oklahoma City Thunder,2017
1610612760,2017,00,Jerami Grant,Jerami,jerami-grant,9,F,6-9,220,"MAR 12, 1994",24.0,3,Syracuse,203924,,Oklahoma City Thunder,2017
1610612760,2017,00,Steven Adams,Steven,steven-adams,12,C,7-0,255,"JUL 20, 1993",24.0,4,Pittsburgh,203500,,Oklahoma City Thunder,2017
1610612760,2017,00,Paul George,Paul,paul-george,13,F,6-9,220,"MAY 02, 1990",28.0,7,Fresno State,202331,,Oklahoma City Thunder,2017
1610612760,2017,00,Kyle Singler,Kyle,kyle-singler,15,F,6-8,228,"MAY 04, 1988",30.0,5,Duke,202713,,Oklahoma City Thunder,2017
1610612760,2017,00,Andre Roberson,Andre,andre-roberson,21,G,6-7,210,"DEC 04, 1991",26.0,4,Colorado,203460,,Oklahoma City Thunder,2017
1610612760,2017,00,Terrance Ferguson,Terrance,terrance-ferguson,23,G,6-7,184,"MAY 17, 1998",20.0,R,Adelaide,1628390,,Oklahoma City Thunder,2017
1610612760,2017,00,Daniel Hamilton,Daniel,daniel-hamilton,25,G-F,6-7,195,"AUG 08, 1995",22.0,R,Connecticut,1627772,,Oklahoma City Thunder,2017
1610612760,2017,00,Josh Huestis,Josh,josh-huestis,34,G,6-7,230,"DEC 19, 1991",26.0,2,Stanford,203962,,Oklahoma City Thunder,2017
1610612760,2017,00,PJ Dozier,PJ,pj-dozier,35,G,6-6,205,"OCT 25, 1996",21.0,R,South Carolina,1628408,,Oklahoma City Thunder,2017
1610612760,2017,00,Dakari Johnson,Dakari,dakari-johnson,44,C,7-0,255,"SEP 22, 1995",22.0,R,Kentucky,1626177,,Oklahoma City Thunder,2017
1610612760,2017,00,Patrick Patterson,Patrick,patrick-patterson,54,F,6-9,230,"MAR 14, 1989",29.0,7,Kentucky,202335,,Oklahoma City Thunder,2017
1610612760,2018,00,Russell Westbrook,Russell,russell-westbrook,0,G,6-3,200,"NOV 12, 1988",30.0,10,UCLA,201566,,Oklahoma City Thunder,2018
1610612760,2018,00,Raymond Felton,Raymond,raymond-felton,2,G,6-1,205,"JUN 26, 1984",35.0,13,North Carolina,101109,,Oklahoma City Thunder,2018
1610612760,2018,00,Nerlens Noel,Nerlens,nerlens-noel,3,F-C,6-11,220,"APR 10, 1994",25.0,4,Kentucky,203457,,Oklahoma City Thunder,2018
1610612760,2018,00,Markieff Morris,Markieff,markieff-morris,5,F,6-10,245,"SEP 02, 1989",29.0,7,Kansas,202693,,Oklahoma City Thunder,2018
1610612760,2018,00,Hamidou Diallo,Hamidou,hamidou-diallo,6,G,6-5,198,"JUL 31, 1998",20.0,R,Kentucky,1628977,,Oklahoma City Thunder,2018
1610612760,2018,00,Jawun Evans,Jawun,jawun-evans,8,G,6-0,190,"JUL 26, 1996",22.0,1,Oklahoma State,1628393,,Oklahoma City Thunder,2018
1610612760,2018,00,Jerami Grant,Jerami,jerami-grant,9,F,6-9,220,"MAR 12, 1994",25.0,4,Syracuse,203924,,Oklahoma City Thunder,2018
1610612760,2018,00,Abdel Nader,Abdel,abdel-nader,11,F,6-6,225,"SEP 25, 1993",25.0,1,Iowa State,1627846,,Oklahoma City Thunder,2018
1610612760,2018,00,Steven Adams,Steven,steven-adams,12,C,7-0,265,"JUL 20, 1993",25.0,5,Pittsburgh,203500,,Oklahoma City Thunder,2018
1610612760,2018,00,Paul George,Paul,paul-george,13,F,6-9,220,"MAY 02, 1990",29.0,8,Fresno State,202331,,Oklahoma City Thunder,2018
1610612760,2018,00,Donte Grantham,Donte,donte-grantham,15,F,6-8,215,"MAR 19, 1995",24.0,R,Clemson,1629055,,Oklahoma City Thunder,2018
1610612760,2018,00,Dennis Schröder,Dennis,dennis-schröder,17,G,6-1,172,"SEP 15, 1993",25.0,5,Braunschweig,203471,,Oklahoma City Thunder,2018
1610612760,2018,00,Andre Roberson,Andre,andre-roberson,21,G-F,6-7,210,"DEC 04, 1991",27.0,5,Colorado,203460,,Oklahoma City Thunder,2018
1610612760,2018,00,Terrance Ferguson,Terrance,terrance-ferguson,23,G,6-7,190,"MAY 17, 1998",21.0,1,Adelaide,1628390,,Oklahoma City Thunder,2018
1610612760,2018,00,Deonte Burton,Deonte,deonte-burton,30,G,6-5,245,"JAN 31, 1994",25.0,R,Iowa State,1629126,,Oklahoma City Thunder,2018
1610612760,2018,00,Patrick Patterson,Patrick,patrick-patterson,54,F,6-9,230,"MAR 14, 1989",30.0,8,Kentucky,202335,,Oklahoma City Thunder,2018
1610612760,2019,00,Shai Gilgeous-Alexander,Shai,shai-gilgeous-alexander,2,G-F,6-5,180,"JUL 12, 1998",21.0,1,Kentucky,1628983,Traded from LAC on 07/10/19,Oklahoma City Thunder,2019
1610612760,2019,00,Chris Paul,Chris,chris-paul,3,G,6-1,175,"MAY 06, 1985",35.0,14,Wake Forest,101108,,Oklahoma City Thunder,2019
1610612760,2019,00,Luguentz Dort,Luguentz,luguentz-dort,5,G,6-3,215,"APR 19, 1999",21.0,R,Arizona State,1629652,Signed on 07/06/19,Oklahoma City Thunder,2019
1610612760,2019,00,Hamidou Diallo,Hamidou,hamidou-diallo,6,G,6-5,202,"JUL 31, 1998",21.0,1,Kentucky,1628977,,Oklahoma City Thunder,2019
1610612760,2019,00,Darius Bazley,Darius,darius-bazley,7,F-G,6-8,208,"JUN 12, 2000",20.0,R,Princeton HS (OH),1629647,,Oklahoma City Thunder,2019
1610612760,2019,00,Danilo Gallinari,Danilo,danilo-gallinari,8,F,6-10,233,"AUG 08, 1988",31.0,10,Olimpia Milano,201568,,Oklahoma City Thunder,2019
1610612760,2019,00,Nerlens Noel,Nerlens,nerlens-noel,9,C-F,6-10,220,"APR 10, 1994",26.0,5,Kentucky,203457,,Oklahoma City Thunder,2019
1610612760,2019,00,Abdel Nader,Abdel,abdel-nader,11,F,6-5,225,"SEP 25, 1993",26.0,2,Iowa State,1627846,,Oklahoma City Thunder,2019
1610612760,2019,00,Steven Adams,Steven,steven-adams,12,C,6-11,265,"JUL 20, 1993",26.0,6,Pittsburgh,203500,,Oklahoma City Thunder,2019
1610612760,2019,00,Devon Hall,Devon,devon-hall,14,G,6-5,215,"JUL 07, 1995",24.0,R,Virginia,1628985,,Oklahoma City Thunder,2019
1610612760,2019,00,Kevin Hervey,Kevin,kevin-hervey,15,F,6-9,230,"JUL 09, 1996",23.0,R,Texas-Arlington,1628987,,Oklahoma City Thunder,2019
1610612760,2019,00,Dennis Schröder,Dennis,dennis-schröder,17,G,6-1,172,"SEP 15, 1993",26.0,6,Braunschweig,203471,,Oklahoma City Thunder,2019
1610612760,2019,00,Andre Roberson,Andre,andre-roberson,21,G-F,6-7,210,"DEC 04, 1991",28.0,5,Colorado,203460,,Oklahoma City Thunder,2019
1610612760,2019,00,Isaiah Roby,Isaiah,isaiah-roby,22,F,6-8,230,"FEB 03, 1998",22.0,R,Nebraska,1629676,,Oklahoma City Thunder,2019
1610612760,2019,00,Terrance Ferguson,Terrance,terrance-ferguson,23,G,6-6,190,"MAY 17, 1998",22.0,2,Adelaide,1628390,,Oklahoma City Thunder,2019
1610612760,2019,00,Deonte Burton,Deonte,deonte-burton,30,G-F,6-4,240,"JAN 31, 1994",26.0,1,Iowa State,1629126,,Oklahoma City Thunder,2019
1610612760,2019,00,Mike Muscala,Mike,mike-muscala,33,F-C,6-10,240,"JUL 01, 1991",28.0,6,Bucknell,203488,,Oklahoma City Thunder,2019
1610612760,2020,00,Shai Gilgeous-Alexander,Shai,shai-gilgeous-alexander,2,G-F,6-6,180,"JUL 12, 1998",22.0,2,Kentucky,1628983,Traded from LAC on 07/10/19,Oklahoma City Thunder,2020
1610612760,2020,00,Luguentz Dort,Luguentz,luguentz-dort,5,G,6-3,215,"APR 19, 1999",22.0,1,Arizona State,1629652,Signed on 07/06/19,Oklahoma City Thunder,2020
1610612760,2020,00,Gabriel Deck,Gabriel,gabriel-deck,6,F,6-6,231,"FEB 08, 1995",26.0,R,Real Madrid,1630466,,Oklahoma City Thunder,2020
1610612760,2020,00,Darius Bazley,Darius,darius-bazley,7,F-G,6-8,208,"JUN 12, 2000",21.0,1,Princeton HS (OH),1629647,,Oklahoma City Thunder,2020
1610612760,2020,00,Jaylen Hoard,Jaylen,jaylen-hoard,8,F,6-8,216,"MAR 30, 1999",22.0,1,Wake Forest,1629658,,Oklahoma City Thunder,2020
1610612760,2020,00,Kemba Walker,Kemba,kemba-walker,8,G,6-0,184,"MAY 08, 1990",31.0,9,Connecticut,202689,,Oklahoma City Thunder,2020
1610612760,2020,00,Theo Maledon,Theo,theo-maledon,11,G,6-4,175,"JUN 12, 2001",20.0,R,ASVEL,1630177,,Oklahoma City Thunder,2020
1610612760,2020,00,Tony Bradley,Tony,tony-bradley,13,C-F,6-10,248,"JAN 08, 1998",23.0,3,North Carolina,1628396,,Oklahoma City Thunder,2020
1610612760,2020,00,Svi Mykhailiuk,Svi,svi-mykhailiuk,14,G-F,6-7,205,"JUN 10, 1997",24.0,2,Kansas,1629004,,Oklahoma City Thunder,2020
1610612760,2020,00,Josh Hall,Josh,josh-hall,15,F,6-9,190,"OCT 08, 2000",20.0,R,Moravian Prep (NC),1630221,,Oklahoma City Thunder,2020
1610612760,2020,00,Ty Jerome,Ty,ty-jerome,16,G-F,6-5,195,"JUL 08, 1997",23.0,1,Virginia,1629660,,Oklahoma City Thunder,2020
1610612760,2020,00,Aleksej Pokusevski,Aleksej,aleksej-pokusevski,17,C,7-0,190,"DEC 26, 2001",19.0,R,Olympiacos,1630197,,Oklahoma City Thunder,2020
1610612760,2020,00,Isaiah Roby,Isaiah,isaiah-roby,22,F,6-8,230,"FEB 03, 1998",23.0,1,Nebraska,1629676,,Oklahoma City Thunder,2020
1610612760,2020,00,Mike Muscala,Mike,mike-muscala,33,F-C,6-10,240,"JUL 01, 1991",29.0,7,Bucknell,203488,,Oklahoma City Thunder,2020
1610612760,2020,00,Kenrich Williams,Kenrich,kenrich-williams,34,G-F,6-6,210,"DEC 02, 1994",26.0,2,TCU,1629026,Traded from NOP on 11/23/20,Oklahoma City Thunder,2020
1610612760,2020,00,Charlie Brown Jr.,Charlie,charlie-brown-jr,44,G,6-6,199,"FEB 02, 1997",24.0,1,St. Joseph's (PA),1629718,,Oklahoma City Thunder,2020
1610612760,2021,00,Shai Gilgeous-Alexander,Shai,shai-gilgeous-alexander,2,G,6-6,180,"JUL 12, 1998",23.0,3,Kentucky,1628983,Traded from LAC on 07/10/19,Oklahoma City Thunder,2021
1610612760,2021,00,Josh Giddey,Josh,josh-giddey,3,G,6-8,205,"OCT 10, 2002",19.0,R,NBA Global Academy,1630581,,Oklahoma City Thunder,2021
1610612760,2021,00,Luguentz Dort,Luguentz,luguentz-dort,5,G,6-3,215,"APR 19, 1999",23.0,2,Arizona State,1629652,Signed on 07/06/19,Oklahoma City Thunder,2021
1610612760,2021,00,Melvin Frazier Jr.,Melvin,melvin-frazier-jr,6,G-F,6-5,215,"AUG 30, 1996",25.0,2,Tulane,1628982,,Oklahoma City Thunder,2021
1610612760,2021,00,Darius Bazley,Darius,darius-bazley,7,F,6-8,208,"JUN 12, 2000",22.0,2,Princeton HS (OH),1629647,,Oklahoma City Thunder,2021
1610612760,2021,00,Theo Maledon,Theo,theo-maledon,11,G,6-4,175,"JUN 12, 2001",21.0,1,ASVEL,1630177,,Oklahoma City Thunder,2021
1610612760,2021,00,Lindy Waters III,Lindy,lindy-waters-iii,12,F,6-6,215,"JUL 28, 1997",24.0,R,Oklahoma State,1630322,,Oklahoma City Thunder,2021
1610612760,2021,00,Derrick Favors,Derrick,derrick-favors,15,F,6-9,265,"JUL 15, 1991",30.0,11,Georgia Tech,202324,,Oklahoma City Thunder,2021
1610612760,2021,00,Ty Jerome,Ty,ty-jerome,16,G-F,6-5,195,"JUL 08, 1997",24.0,2,Virginia,1629660,,Oklahoma City Thunder,2021
1610612760,2021,00,Aleksej Pokusevski,Aleksej,aleksej-pokusevski,17,F,7-0,190,"DEC 26, 2001",20.0,1,Olympiacos,1630197,,Oklahoma City Thunder,2021
1610612760,2021,00,Aaron Wiggins,Aaron,aaron-wiggins,21,G,6-4,190,"JAN 02, 1999",23.0,R,Maryland,1630598,#55 Pick in 2021 Draft,Oklahoma City Thunder,2021
1610612760,2021,00,Isaiah Roby,Isaiah,isaiah-roby,22,F,6-8,230,"FEB 03, 1998",24.0,2,Nebraska,1629676,,Oklahoma City Thunder,2021
1610612760,2021,00,Tre Mann,Tre,tre-mann,23,G,6-3,178,"FEB 03, 2001",21.0,R,Florida,1630544,,Oklahoma City Thunder,2021
1610612760,2021,00,Vít Krejčí,Vít,vít-krejčí,27,G,6-8,195,"JUN 19, 2000",22.0,R,Zaragoza,1630249,,Oklahoma City Thunder,2021
1610612760,2021,00,Mike Muscala,Mike,mike-muscala,33,F-C,6-10,240,"JUL 01, 1991",30.0,8,Bucknell,203488,,Oklahoma City Thunder,2021
1610612760,2021,00,Kenrich Williams,Kenrich,kenrich-williams,34,G-F,6-6,210,"DEC 02, 1994",27.0,3,TCU,1629026,Traded from NOP on 11/23/20,Oklahoma City Thunder,2021
1610612760,2021,00,Jeremiah Robinson-Earl,Jeremiah,jeremiah-robinson-earl,50,F,6-8,242,"NOV 03, 2000",21.0,R,Villanova,1630526,,Oklahoma City Thunder,2021
1610612760,2022,00,Shai Gilgeous-Alexander,Shai,shai-gilgeous-alexander,2,G,6-6,195,"JUL 12, 1998",24.0,4,Kentucky,1628983,Traded from LAC on 07/10/19,Oklahoma City Thunder,2022
1610612760,2022,00,Josh Giddey,Josh,josh-giddey,3,G,6-8,216,"OCT 10, 2002",20.0,1,NBA Global Academy,1630581,,Oklahoma City Thunder,2022
1610612760,2022,00,Luguentz Dort,Luguentz,luguentz-dort,5,G,6-4,220,"APR 19, 1999",24.0,3,Arizona State,1629652,Signed on 07/06/19,Oklahoma City Thunder,2022
1610612760,2022,00,Jaylin Williams,Jaylin,jaylin-williams,6,F,6-9,240,"JUN 29, 2002",21.0,R,Arkansas,1631119,#34 Pick in 2022 Draft,Oklahoma City Thunder,2022
1610612760,2022,00,Chet Holmgren,Chet,chet-holmgren,7,C-F,7-1,195,"MAY 01, 2002",21.0,R,Gonzaga,1631096,#2 Pick in 2022 Draft,Oklahoma City Thunder,2022
1610612760,2022,00,Jalen Williams,Jalen,jalen-williams,8,G-F,6-5,211,"APR 14, 2001",22.0,R,Santa Clara,1631114,#12 Pick in 2022 Draft,Oklahoma City Thunder,2022
1610612760,2022,00,Dario Šarić,Dario,dario-šarić,9,F-C,6-10,225,"APR 08, 1994",29.0,6,Anadolu Efes,203967,,Oklahoma City Thunder,2022
1610612760,2022,00,Isaiah Joe,Isaiah,isaiah-joe,11,G,6-3,165,"JUL 02, 1999",23.0,2,Arkansas,1630198,Signed on 10/16/22,Oklahoma City Thunder,2022
1610612760,2022,00,Lindy Waters III,Lindy,lindy-waters-iii,12,F,6-6,210,"JUL 28, 1997",25.0,1,Oklahoma State,1630322,,Oklahoma City Thunder,2022
1610612760,2022,00,Ousmane Dieng,Ousmane,ousmane-dieng,13,F,6-9,185,"MAY 21, 2003",20.0,R,New Zealand Breakers,1631172,Draft Rights Traded from NYK on 06/23/22,Oklahoma City Thunder,2022
1610612760,2022,00,Jared Butler,Jared,jared-butler,14,G,6-3,193,"AUG 25, 2000",22.0,1,Baylor,1630215,,Oklahoma City Thunder,2022
1610612760,2022,00,Aleksej Pokusevski,Aleksej,aleksej-pokusevski,17,F,7-0,210,"DEC 26, 2001",21.0,2,Olympiacos,1630197,,Oklahoma City Thunder,2022
1610612760,2022,00,Aaron Wiggins,Aaron,aaron-wiggins,21,G,6-5,190,"JAN 02, 1999",24.0,1,Maryland,1630598,#55 Pick in 2021 Draft,Oklahoma City Thunder,2022
1610612760,2022,00,Tre Mann,Tre,tre-mann,23,G,6-3,178,"FEB 03, 2001",22.0,1,Florida,1630544,,Oklahoma City Thunder,2022
1610612760,2022,00,Olivier Sarr,Olivier,olivier-sarr,30,C,6-11,240,"FEB 20, 1999",24.0,1,Kentucky,1630846,,Oklahoma City Thunder,2022
1610612760,2022,00,Kenrich Williams,Kenrich,kenrich-williams,34,G-F,6-6,210,"DEC 02, 1994",28.0,4,TCU,1629026,Traded from NOP on 11/23/20,Oklahoma City Thunder,2022
1610612760,2022,00,Jeremiah Robinson-Earl,Jeremiah,jeremiah-robinson-earl,50,F,6-8,240,"NOV 03, 2000",22.0,1,Villanova,1630526,,Oklahoma City Thunder,2022
1610612760,2023,00,Shai Gilgeous-Alexander,Shai,shai-gilgeous-alexander,2,G,6-6,195,"JUL 12, 1998",25.0,5,Kentucky,1628983,Traded from LAC on 07/10/19,Oklahoma City Thunder,2023
1610612760,2023,00,Josh Giddey,Josh,josh-giddey,3,G,6-8,216,"OCT 10, 2002",21.0,2,NBA Global Academy,1630581,,Oklahoma City Thunder,2023
1610612760,2023,00,Luguentz Dort,Luguentz,luguentz-dort,5,G,6-4,220,"APR 19, 1999",25.0,4,Arizona State,1629652,Signed on 07/06/19,Oklahoma City Thunder,2023
1610612760,2023,00,Jaylin Williams,Jaylin,jaylin-williams,6,F,6-9,240,"JUN 29, 2002",22.0,1,Arkansas,1631119,#34 Pick in 2022 Draft,Oklahoma City Thunder,2023
1610612760,2023,00,Chet Holmgren,Chet,chet-holmgren,7,C-F,7-1,208,"MAY 01, 2002",22.0,R,Gonzaga,1631096,#2 Pick in 2022 Draft,Oklahoma City Thunder,2023
1610612760,2023,00,Jalen Williams,Jalen,jalen-williams,8,G-F,6-5,211,"APR 14, 2001",23.0,1,Santa Clara,1631114,#12 Pick in 2022 Draft,Oklahoma City Thunder,2023
1610612760,2023,00,Isaiah Joe,Isaiah,isaiah-joe,11,G,6-3,165,"JUL 02, 1999",24.0,3,Arkansas,1630198,Signed on 10/16/22,Oklahoma City Thunder,2023
1610612760,2023,00,Lindy Waters III,Lindy,lindy-waters-iii,12,F,6-6,210,"JUL 28, 1997",26.0,2,Oklahoma State,1630322,,Oklahoma City Thunder,2023
1610612760,2023,00,Ousmane Dieng,Ousmane,ousmane-dieng,13,F,6-9,185,"MAY 21, 2003",21.0,1,New Zealand Breakers,1631172,Draft Rights Traded from NYK on 06/23/22,Oklahoma City Thunder,2023
1610612760,2023,00,Adam Flagler,Adam,adam-flagler,14,G,6-3,180,"DEC 01, 1999",24.0,R,Baylor,1641745,,Oklahoma City Thunder,2023
1610612760,2023,00,Bismack Biyombo,Bismack,bismack-biyombo,15,C,6-8,255,"AUG 28, 1992",31.0,12,Baloncesto Fuenlabrada,202687,,Oklahoma City Thunder,2023
1610612760,2023,00,Keyontae Johnson,Keyontae,keyontae-johnson,18,F,6-4,230,"MAY 24, 2000",24.0,R,Kansas State,1641749,,Oklahoma City Thunder,2023
1610612760,2023,00,Aaron Wiggins,Aaron,aaron-wiggins,21,G,6-5,190,"JAN 02, 1999",25.0,2,Maryland,1630598,#55 Pick in 2021 Draft,Oklahoma City Thunder,2023
1610612760,2023,00,Cason Wallace,Cason,cason-wallace,22,G,6-3,195,"NOV 07, 2003",20.0,R,Kentucky,1641717,Draft Rights Traded from DAL on 07/06/23,Oklahoma City Thunder,2023
1610612760,2023,00,Olivier Sarr,Olivier,olivier-sarr,30,C,6-10,240,"FEB 20, 1999",25.0,2,Kentucky,1630846,,Oklahoma City Thunder,2023
1610612760,2023,00,Gordon Hayward,Gordon,gordon-hayward,33,F,6-7,225,"MAR 23, 1990",34.0,13,Butler,202330,,Oklahoma City Thunder,2023
1610612760,2023,00,Kenrich Williams,Kenrich,kenrich-williams,34,G-F,6-6,210,"DEC 02, 1994",29.0,5,TCU,1629026,Traded from NOP on 11/23/20,Oklahoma City Thunder,2023
1610612760,2023,00,Mike Muscala,Mike,mike-muscala,50,F-C,6-10,240,"JUL 01, 1991",33.0,10,Bucknell,203488,,Oklahoma City Thunder,2023
1610612760,2024,00,Shai Gilgeous-Alexander,Shai,shai-gilgeous-alexander,2,G,6-6,195,"JUL 12, 1998",26.0,6,Kentucky,1628983,Traded from LAC on 07/10/19,Oklahoma City Thunder,2024
1610612760,2024,00,Dillon Jones,Dillon,dillon-jones,3,F,6-5,235,"OCT 29, 2001",23.0,R,Weber State,1641794,,Oklahoma City Thunder,2024
1610612760,2024,00,Luguentz Dort,Luguentz,luguentz-dort,5,G,6-4,220,"APR 19, 1999",26.0,5,Arizona State,1629652,Signed on 07/06/19,Oklahoma City Thunder,2024
1610612760,2024,00,Jaylin Williams,Jaylin,jaylin-williams,6,F,6-9,240,"JUN 29, 2002",23.0,2,Arkansas,1631119,#34 Pick in 2022 Draft,Oklahoma City Thunder,2024
1610612760,2024,00,Chet Holmgren,Chet,chet-holmgren,7,C-F,7-1,208,"MAY 01, 2002",23.0,1,Gonzaga,1631096,#2 Pick in 2022 Draft,Oklahoma City Thunder,2024
1610612760,2024,00,Jalen Williams,Jalen,jalen-williams,8,G-F,6-5,211,"APR 14, 2001",24.0,2,Santa Clara,1631114,#12 Pick in 2022 Draft,Oklahoma City Thunder,2024
1610612760,2024,00,Alex Caruso,Alex,alex-caruso,9,G,6-5,186,"FEB 28, 1994",31.0,7,Texas A&M,1627936,Traded from CHI on 06/21/24,Oklahoma City Thunder,2024
1610612760,2024,00,Isaiah Joe,Isaiah,isaiah-joe,11,G,6-3,165,"JUL 02, 1999",25.0,4,Arkansas,1630198,Signed on 10/16/22,Oklahoma City Thunder,2024
1610612760,2024,00,Ousmane Dieng,Ousmane,ousmane-dieng,13,F,6-9,185,"MAY 21, 2003",22.0,2,New Zealand Breakers,1631172,Draft Rights Traded from NYK on 06/23/22,Oklahoma City Thunder,2024
1610612760,2024,00,Adam Flagler,Adam,adam-flagler,14,G,6-3,180,"DEC 01, 1999",25.0,1,Baylor,1641745,,Oklahoma City Thunder,2024
1610612760,2024,00,Branden Carlson,Branden,branden-carlson,15,C,7-0,220,"JUN 14, 1999",26.0,R,Utah,1642382,Signed on 11/16/24,Oklahoma City Thunder,2024
1610612760,2024,00,Aaron Wiggins,Aaron,aaron-wiggins,21,G,6-5,190,"JAN 02, 1999",26.0,3,Maryland,1630598,#55 Pick in 2021 Draft,Oklahoma City Thunder,2024
1610612760,2024,00,Cason Wallace,Cason,cason-wallace,22,G,6-3,195,"NOV 07, 2003",21.0,1,Kentucky,1641717,Draft Rights Traded from DAL on 07/06/23,Oklahoma City Thunder,2024
1610612760,2024,00,Ajay Mitchell,Ajay,ajay-mitchell,25,G,6-5,190,"JUN 25, 2002",23.0,R,California-Santa Barbara,1642349,Draft Rights Traded from NYK on 06/27/24,Oklahoma City Thunder,2024
1610612760,2024,00,Kenrich Williams,Kenrich,kenrich-williams,34,G-F,6-6,210,"DEC 02, 1994",30.0,6,TCU,1629026,Traded from NOP on 11/23/20,Oklahoma City Thunder,2024
1610612760,2024,00,Nikola Topić,Nikola,nikola-topić,44,G,6-6,200,"AUG 10, 2005",19.0,R,Crvena zvezda,1642260,#12 Pick in 2024 Draft,Oklahoma City Thunder,2024
1610612760,2024,00,Isaiah Hartenstein,Isaiah,isaiah-hartenstein,55,C-F,7-0,250,"MAY 05, 1998",27.0,6,Zalgiris,1628392,Signed on 07/06/24,Oklahoma City Thunder,2024
1610612760,2024,00,Alex Ducas,Alex,alex-ducas,88,G,6-7,220,"DEC 11, 2000",24.0,R,St. Mary's (CA),1642505,,Oklahoma City Thunder,2024
1610612760,2025,00,Payton Sandfort,Payton,payton-sandfort,,F,6-7,215,"JUL 12, 2002",23.0,R,Iowa,1642362,Signed on 10/13/25,Oklahoma City Thunder,2025
1610612760,2025,00,Chris Youngblood,Chris,chris-youngblood,,G,6-4,,"FEB 09, 2002",23.0,R,Alabama,1642959,Signed on 09/26/25,Oklahoma City Thunder,2025
1610612760,2025,00,Zack Austin,Zack,zack-austin,,G,6-5,216,"AUG 11, 2001",24.0,R,Pittsburgh,1643113,Signed on 09/26/25,Oklahoma City Thunder,2025
1610612760,2025,00,Shai Gilgeous-Alexander,Shai,shai-gilgeous-alexander,2,G,6-6,195,"JUL 12, 1998",27.0,7,Kentucky,1628983,Traded from LAC on 07/10/19,Oklahoma City Thunder,2025
1610612760,2025,00,Luguentz Dort,Luguentz,luguentz-dort,5,G,6-4,220,"APR 19, 1999",26.0,6,Arizona State,1629652,Signed on 07/06/19,Oklahoma City Thunder,2025
1610612760,2025,00,Jaylin Williams,Jaylin,jaylin-williams,6,F,6-9,240,"JUN 29, 2002",23.0,3,Arkansas,1631119,#34 Pick in 2022 Draft,Oklahoma City Thunder,2025
1610612760,2025,00,Chet Holmgren,Chet,chet-holmgren,7,C-F,7-1,208,"MAY 01, 2002",23.0,2,Gonzaga,1631096,#2 Pick in 2022 Draft,Oklahoma City Thunder,2025
1610612760,2025,00,Jalen Williams,Jalen,jalen-williams,8,G-F,6-5,211,"APR 14, 2001",24.0,3,Santa Clara,1631114,#12 Pick in 2022 Draft,Oklahoma City Thunder,2025
1610612760,2025,00,Alex Caruso,Alex,alex-caruso,9,G,6-5,186,"FEB 28, 1994",31.0,8,Texas A&M,1627936,Traded from CHI on 06/21/24,Oklahoma City Thunder,2025
1610612760,2025,00,Isaiah Joe,Isaiah,isaiah-joe,11,G,6-4,165,"JUL 02, 1999",26.0,5,Arkansas,1630198,Signed on 10/16/22,Oklahoma City Thunder,2025
1610612760,2025,00,Thomas Sorber,Thomas,thomas-sorber,12,C,6-9,250,"DEC 25, 2005",19.0,R,Georgetown,1642850,#15 Pick in 2025 Draft,Oklahoma City Thunder,2025
1610612760,2025,00,Ousmane Dieng,Ousmane,ousmane-dieng,13,F,6-9,185,"MAY 21, 2003",22.0,3,New Zealand Breakers,1631172,Draft Rights Traded from NYK on 06/23/22,Oklahoma City Thunder,2025
1610612760,2025,00,Branden Carlson,Branden,branden-carlson,15,C,7-0,220,"JUN 14, 1999",26.0,1,Utah,1642382,Signed on 11/16/24,Oklahoma City Thunder,2025
1610612760,2025,00,Malevy Leons,Malevy,malevy-leons,17,F,6-9,210,"SEP 23, 1999",26.0,1,Bradley,1642502,Signed on 09/27/24,Oklahoma City Thunder,2025
1610612760,2025,00,Aaron Wiggins,Aaron,aaron-wiggins,21,G,6-5,190,"JAN 02, 1999",26.0,4,Maryland,1630598,#55 Pick in 2021 Draft,Oklahoma City Thunder,2025
1610612760,2025,00,Cason Wallace,Cason,cason-wallace,22,G,6-3,195,"NOV 07, 2003",21.0,2,Kentucky,1641717,Draft Rights Traded from DAL on 07/06/23,Oklahoma City Thunder,2025
1610612760,2025,00,Brooks Barnhizer,Brooks,brooks-barnhizer,23,G,6-5,230,"MAR 02, 2002",23.0,R,Northwestern,1642964,#44 Pick in 2025 Draft,Oklahoma City Thunder,2025
1610612760,2025,00,Ajay Mitchell,Ajay,ajay-mitchell,25,G,6-4,190,"JUN 25, 2002",23.0,1,California-Santa Barbara,1642349,Draft Rights Traded from NYK on 06/27/24,Oklahoma City Thunder,2025
1610612760,2025,00,Buddy Boeheim,Buddy,buddy-boeheim,27,F,6-5,205,"NOV 11, 1999",25.0,2,Syracuse,1631205,Signed on 10/16/24,Oklahoma City Thunder,2025
1610612760,2025,00,Kenrich Williams,Kenrich,kenrich-williams,34,G-F,6-7,210,"DEC 02, 1994",30.0,7,TCU,1629026,Traded from NOP on 11/23/20,Oklahoma City Thunder,2025
1610612760,2025,00,Nikola Topić,Nikola,nikola-topić,44,G,6-6,200,"AUG 10, 2005",20.0,R,Crvena zvezda,1642260,#12 Pick in 2024 Draft,Oklahoma City Thunder,2025
1610612760,2025,00,Isaiah Hartenstein,Isaiah,isaiah-hartenstein,55,C-F,7-0,250,"MAY 05, 1998",27.0,7,Zalgiris,1628392,Signed on 07/06/24,Oklahoma City Thunder,2025
1610612761,2015,00,Jason Thompson,Jason,jason-thompson,1,F-C,6-11,250,"JUL 21, 1986",29.0,7,Rider,201574,,Toronto Raptors,2015
1610612761,2015,00,James Johnson,James,james-johnson,3,F,6-9,250,"FEB 20, 1987",29.0,6,Wake Forest,201949,,Toronto Raptors,2015
1610612761,2015,00,Luis Scola,Luis,luis-scola,4,F,6-9,240,"APR 30, 1980",36.0,8,Tau Ceramica,2449,,Toronto Raptors,2015
1610612761,2015,00,DeMarre Carroll,DeMarre,demarre-carroll,5,F,6-8,212,"JUL 27, 1986",29.0,6,Missouri,201960,,Toronto Raptors,2015
1610612761,2015,00,Cory Joseph,Cory,cory-joseph,6,G,6-3,190,"AUG 20, 1991",24.0,4,Texas,202709,,Toronto Raptors,2015
1610612761,2015,00,Kyle Lowry,Kyle,kyle-lowry,7,G,6-0,205,"MAR 25, 1986",30.0,9,Villanova,200768,,Toronto Raptors,2015
1610612761,2015,00,Bismack Biyombo,Bismack,bismack-biyombo,8,C-F,6-9,245,"AUG 28, 1992",23.0,4,Baloncesto Fuenlabrada,202687,,Toronto Raptors,2015
1610612761,2015,00,DeMar DeRozan,DeMar,demar-derozan,10,G,6-7,220,"AUG 07, 1989",26.0,6,Southern California,201942,,Toronto Raptors,2015
1610612761,2015,00,Jonas Valančiūnas,Jonas,jonas-valančiūnas,17,C,7-0,255,"MAY 06, 1992",24.0,3,Lietuvos rytas Vilnius,202685,,Toronto Raptors,2015
1610612761,2015,00,Bruno Caboclo,Bruno,bruno-caboclo,20,F,6-9,205,"SEP 21, 1995",20.0,1,Pinheiros,203998,,Toronto Raptors,2015
1610612761,2015,00,Norman Powell,Norman,norman-powell,24,G,6-4,215,"MAY 25, 1993",23.0,R,UCLA,1626181,,Toronto Raptors,2015
1610612761,2015,00,Terrence Ross,Terrence,terrence-ross,31,F-G,6-7,195,"FEB 05, 1991",25.0,3,Washington,203082,,Toronto Raptors,2015
1610612761,2015,00,Patrick Patterson,Patrick,patrick-patterson,54,F,6-9,235,"MAR 14, 1989",27.0,5,Kentucky,202335,,Toronto Raptors,2015
1610612761,2015,00,Delon Wright,Delon,delon-wright,55,G,6-5,190,"APR 26, 1992",24.0,R,Utah,1626153,,Toronto Raptors,2015
1610612761,2015,00,Lucas Nogueira,Lucas,lucas-nogueira,92,C,7-0,220,"JUL 26, 1992",23.0,1,Estudiantes,203512,,Toronto Raptors,2015
1610612761,2016,00,P.J. Tucker,P.J.,pj-tucker,2,F,6-6,245,"MAY 05, 1985",32.0,5,Texas,200782,,Toronto Raptors,2016
1610612761,2016,00,DeMarre Carroll,DeMarre,demarre-carroll,5,F,6-8,212,"JUL 27, 1986",30.0,7,Missouri,201960,,Toronto Raptors,2016
1610612761,2016,00,Cory Joseph,Cory,cory-joseph,6,G,6-3,190,"AUG 20, 1991",25.0,5,Texas,202709,,Toronto Raptors,2016
1610612761,2016,00,Kyle Lowry,Kyle,kyle-lowry,7,G,6-0,205,"MAR 25, 1986",31.0,10,Villanova,200768,,Toronto Raptors,2016
1610612761,2016,00,Serge Ibaka,Serge,serge-ibaka,9,F,6-10,235,"SEP 18, 1989",27.0,7,Ricoh Manresa,201586,,Toronto Raptors,2016
1610612761,2016,00,DeMar DeRozan,DeMar,demar-derozan,10,G,6-7,220,"AUG 07, 1989",27.0,7,Southern California,201942,,Toronto Raptors,2016
1610612761,2016,00,Jonas Valančiūnas,Jonas,jonas-valančiūnas,17,C,7-0,255,"MAY 06, 1992",25.0,4,Lietuvos rytas Vilnius,202685,,Toronto Raptors,2016
1610612761,2016,00,Bruno Caboclo,Bruno,bruno-caboclo,20,F,6-9,205,"SEP 21, 1995",21.0,2,Pinheiros,203998,,Toronto Raptors,2016
1610612761,2016,00,Fred VanVleet,Fred,fred-vanvleet,23,G,6-0,195,"FEB 25, 1994",23.0,R,Wichita State,1627832,,Toronto Raptors,2016
1610612761,2016,00,Norman Powell,Norman,norman-powell,24,G,6-4,215,"MAY 25, 1993",24.0,1,UCLA,1626181,,Toronto Raptors,2016
1610612761,2016,00,Jakob Poeltl,Jakob,jakob-poeltl,42,C,7-0,230,"OCT 15, 1995",21.0,R,Utah,1627751,Traded from SAS on 02/09/23,Toronto Raptors,2016
1610612761,2016,00,Pascal Siakam,Pascal,pascal-siakam,43,F,6-9,230,"APR 02, 1994",23.0,R,New Mexico State,1627783,,Toronto Raptors,2016
1610612761,2016,00,Patrick Patterson,Patrick,patrick-patterson,54,F,6-9,235,"MAR 14, 1989",28.0,6,Kentucky,202335,,Toronto Raptors,2016
1610612761,2016,00,Delon Wright,Delon,delon-wright,55,G,6-5,190,"APR 26, 1992",25.0,1,Utah,1626153,,Toronto Raptors,2016
1610612761,2016,00,Lucas Nogueira,Lucas,lucas-nogueira,92,C,7-0,220,"JUL 26, 1992",24.0,2,Estudiantes,203512,,Toronto Raptors,2016
1610612761,2017,00,CJ Miles,CJ,cj-miles,0,F-G,6-6,225,"MAR 18, 1987",31.0,12,Skyline HS (TX),101139,,Toronto Raptors,2017
1610612761,2017,00,OG Anunoby,OG,og-anunoby,3,F,6-8,235,"JUL 17, 1997",20.0,R,Indiana,1628384,,Toronto Raptors,2017
1610612761,2017,00,Lorenzo Brown,Lorenzo,lorenzo-brown,4,G,6-5,189,"AUG 26, 1990",27.0,3,North Carolina State,203485,,Toronto Raptors,2017
1610612761,2017,00,Kyle Lowry,Kyle,kyle-lowry,7,G,6-0,205,"MAR 25, 1986",32.0,11,Villanova,200768,,Toronto Raptors,2017
1610612761,2017,00,Serge Ibaka,Serge,serge-ibaka,9,F-C,6-10,235,"SEP 18, 1989",28.0,8,Ricoh Manresa,201586,,Toronto Raptors,2017
1610612761,2017,00,DeMar DeRozan,DeMar,demar-derozan,10,G,6-7,220,"AUG 07, 1989",28.0,8,Southern California,201942,,Toronto Raptors,2017
1610612761,2017,00,Malcolm Miller,Malcolm,malcolm-miller,13,F,6-7,210,"MAR 06, 1993",25.0,R,Holy Cross,1626259,,Toronto Raptors,2017
1610612761,2017,00,Jonas Valančiūnas,Jonas,jonas-valančiūnas,17,C,7-0,255,"MAY 06, 1992",26.0,5,Lietuvos rytas Vilnius,202685,,Toronto Raptors,2017
1610612761,2017,00,Malachi Richardson,Malachi,malachi-richardson,22,G,6-6,205,"JAN 05, 1996",22.0,1,Syracuse,1627781,,Toronto Raptors,2017
1610612761,2017,00,Fred VanVleet,Fred,fred-vanvleet,23,G,6-0,195,"FEB 25, 1994",24.0,1,Wichita State,1627832,,Toronto Raptors,2017
1610612761,2017,00,Norman Powell,Norman,norman-powell,24,F-G,6-4,215,"MAY 25, 1993",25.0,2,UCLA,1626181,,Toronto Raptors,2017
1610612761,2017,00,Alfonzo McKinnie,Alfonzo,alfonzo-mckinnie,34,F,6-8,215,"SEP 17, 1992",25.0,R,Wisc.-Green Bay,1628035,,Toronto Raptors,2017
1610612761,2017,00,Jakob Poeltl,Jakob,jakob-poeltl,42,C,7-0,230,"OCT 15, 1995",22.0,1,Utah,1627751,Traded from SAS on 02/09/23,Toronto Raptors,2017
1610612761,2017,00,Pascal Siakam,Pascal,pascal-siakam,43,F,6-9,230,"APR 02, 1994",24.0,1,New Mexico State,1627783,,Toronto Raptors,2017
1610612761,2017,00,Delon Wright,Delon,delon-wright,55,G,6-5,190,"APR 26, 1992",26.0,2,Utah,1626153,,Toronto Raptors,2017
1610612761,2017,00,Lucas Nogueira,Lucas,lucas-nogueira,92,C,7-0,220,"JUL 26, 1992",25.0,3,Estudiantes,203512,,Toronto Raptors,2017
1610612761,2018,00,Patrick McCaw,Patrick,patrick-mccaw,1,G,6-7,185,"OCT 25, 1995",23.0,2,UNLV,1627775,,Toronto Raptors,2018
1610612761,2018,00,Kawhi Leonard,Kawhi,kawhi-leonard,2,F,6-7,230,"JUN 29, 1991",28.0,7,San Diego State,202695,,Toronto Raptors,2018
1610612761,2018,00,OG Anunoby,OG,og-anunoby,3,F,6-8,232,"JUL 17, 1997",21.0,1,Indiana,1628384,,Toronto Raptors,2018
1610612761,2018,00,Kyle Lowry,Kyle,kyle-lowry,7,G,6-1,196,"MAR 25, 1986",33.0,12,Villanova,200768,,Toronto Raptors,2018
1610612761,2018,00,Jordan Loyd,Jordan,jordan-loyd,8,G,6-4,210,"JUL 27, 1993",25.0,R,Indianapolis,1628070,,Toronto Raptors,2018
1610612761,2018,00,Serge Ibaka,Serge,serge-ibaka,9,C-F,6-10,235,"SEP 18, 1989",29.0,9,Ricoh Manresa,201586,,Toronto Raptors,2018
1610612761,2018,00,Malcolm Miller,Malcolm,malcolm-miller,13,F,6-7,210,"MAR 06, 1993",26.0,1,Holy Cross,1626259,,Toronto Raptors,2018
1610612761,2018,00,Danny Green,Danny,danny-green,14,G-F,6-6,215,"JUN 22, 1987",32.0,9,North Carolina,201980,,Toronto Raptors,2018
1610612761,2018,00,Eric Moreland,Eric,eric-moreland,15,F-C,6-10,238,"DEC 24, 1991",27.0,3,Oregon State,203961,,Toronto Raptors,2018
1610612761,2018,00,Jeremy Lin,Jeremy,jeremy-lin,17,G,6-3,200,"AUG 23, 1988",30.0,8,Harvard,202391,,Toronto Raptors,2018
1610612761,2018,00,Jodie Meeks,Jodie,jodie-meeks,20,G,6-4,210,"AUG 21, 1987",31.0,9,Kentucky,201975,,Toronto Raptors,2018
1610612761,2018,00,Fred VanVleet,Fred,fred-vanvleet,23,G,6-0,195,"FEB 25, 1994",25.0,2,Wichita State,1627832,,Toronto Raptors,2018
1610612761,2018,00,Norman Powell,Norman,norman-powell,24,F-G,6-4,215,"MAY 25, 1993",26.0,3,UCLA,1626181,,Toronto Raptors,2018
1610612761,2018,00,Chris Boucher,Chris,chris-boucher,25,F,6-10,200,"JAN 11, 1993",26.0,1,Oregon,1628449,,Toronto Raptors,2018
1610612761,2018,00,Marc Gasol,Marc,marc-gasol,33,C,7-1,255,"JAN 29, 1985",34.0,10,FC Barcelona,201188,,Toronto Raptors,2018
1610612761,2018,00,Pascal Siakam,Pascal,pascal-siakam,43,F,6-9,230,"APR 02, 1994",25.0,2,New Mexico State,1627783,,Toronto Raptors,2018
1610612761,2019,00,Terence Davis,Terence,terence-davis,0,G,6-4,201,"MAY 16, 1997",23.0,R,Mississippi,1629056,,Toronto Raptors,2019
1610612761,2019,00,Paul Watson,Paul,paul-watson,1,G,6-6,210,"DEC 30, 1994",25.0,R,Fresno State,1628778,,Toronto Raptors,2019
1610612761,2019,00,OG Anunoby,OG,og-anunoby,3,F,6-7,232,"JUL 17, 1997",22.0,2,Indiana,1628384,,Toronto Raptors,2019
1610612761,2019,00,Rondae Hollis-Jefferson,Rondae,rondae-hollis-jefferson,4,F,6-6,217,"JAN 03, 1995",25.0,4,Arizona,1626178,,Toronto Raptors,2019
1610612761,2019,00,Stanley Johnson,Stanley,stanley-johnson,5,F-G,6-6,242,"MAY 29, 1996",24.0,4,Arizona,1626169,,Toronto Raptors,2019
1610612761,2019,00,Kyle Lowry,Kyle,kyle-lowry,7,G,6-0,196,"MAR 25, 1986",34.0,13,Villanova,200768,,Toronto Raptors,2019
1610612761,2019,00,Serge Ibaka,Serge,serge-ibaka,9,F,7-0,235,"SEP 18, 1989",30.0,10,Ricoh Manresa,201586,,Toronto Raptors,2019
1610612761,2019,00,Oshae Brissett,Oshae,oshae-brissett,12,F-G,6-7,210,"JUN 20, 1998",22.0,R,Syracuse,1629052,,Toronto Raptors,2019
1610612761,2019,00,Malcolm Miller,Malcolm,malcolm-miller,13,G-F,6-7,210,"MAR 06, 1993",27.0,2,Holy Cross,1626259,,Toronto Raptors,2019
1610612761,2019,00,Dewan Hernandez,Dewan,dewan-hernandez,20,C-F,6-10,235,"DEC 09, 1996",23.0,R,Miami,1629608,,Toronto Raptors,2019
1610612761,2019,00,Matt Thomas,Matt,matt-thomas,21,G,6-4,190,"AUG 04, 1994",25.0,R,Iowa State,1629744,,Toronto Raptors,2019
1610612761,2019,00,Patrick McCaw,Patrick,patrick-mccaw,22,G,6-7,181,"OCT 25, 1995",24.0,3,UNLV,1627775,,Toronto Raptors,2019
1610612761,2019,00,Fred VanVleet,Fred,fred-vanvleet,23,G,6-1,197,"FEB 25, 1994",26.0,3,Wichita State,1627832,,Toronto Raptors,2019
1610612761,2019,00,Norman Powell,Norman,norman-powell,24,G,6-3,215,"MAY 25, 1993",27.0,4,UCLA,1626181,,Toronto Raptors,2019
1610612761,2019,00,Chris Boucher,Chris,chris-boucher,25,F-C,6-9,200,"JAN 11, 1993",27.0,2,Oregon,1628449,,Toronto Raptors,2019
1610612761,2019,00,Marc Gasol,Marc,marc-gasol,33,C,6-11,255,"JAN 29, 1985",35.0,11,FC Barcelona,201188,,Toronto Raptors,2019
1610612761,2019,00,Pascal Siakam,Pascal,pascal-siakam,43,F,6-9,230,"APR 02, 1994",26.0,3,New Mexico State,1627783,,Toronto Raptors,2019
1610612761,2020,00,Freddie Gillespie,Freddie,freddie-gillespie,,F,6-9,245,"JUN 14, 1997",24.0,R,Baylor,1630273,,Toronto Raptors,2020
1610612761,2020,00,Paul Watson,Paul,paul-watson,1,G,6-6,210,"DEC 30, 1994",26.0,1,Fresno State,1628778,,Toronto Raptors,2020
1610612761,2020,00,OG Anunoby,OG,og-anunoby,3,F,6-7,232,"JUL 17, 1997",23.0,3,Indiana,1628384,,Toronto Raptors,2020
1610612761,2020,00,Stanley Johnson,Stanley,stanley-johnson,5,F-G,6-6,242,"MAY 29, 1996",25.0,5,Arizona,1626169,,Toronto Raptors,2020
1610612761,2020,00,Kyle Lowry,Kyle,kyle-lowry,7,G,6-0,196,"MAR 25, 1986",35.0,14,Villanova,200768,,Toronto Raptors,2020
1610612761,2020,00,Malachi Flynn,Malachi,malachi-flynn,8,G,6-1,175,"MAY 09, 1998",23.0,R,San Diego State,1630201,,Toronto Raptors,2020
1610612761,2020,00,Yuta Watanabe,Yuta,yuta-watanabe,18,G-F,6-9,215,"OCT 13, 1994",26.0,2,George Washington,1629139,,Toronto Raptors,2020
1610612761,2020,00,Fred VanVleet,Fred,fred-vanvleet,23,G,6-1,197,"FEB 25, 1994",27.0,4,Wichita State,1627832,,Toronto Raptors,2020
1610612761,2020,00,Khem Birch,Khem,khem-birch,24,C,6-9,233,"SEP 28, 1992",28.0,3,UNLV,203920,,Toronto Raptors,2020
1610612761,2020,00,Chris Boucher,Chris,chris-boucher,25,F-C,6-9,200,"JAN 11, 1993",28.0,3,Oregon,1628449,,Toronto Raptors,2020
1610612761,2020,00,Rodney Hood,Rodney,rodney-hood,32,G-F,6-8,208,"OCT 20, 1992",28.0,6,Duke,203918,,Toronto Raptors,2020
1610612761,2020,00,Gary Trent Jr.,Gary,gary-trent-jr,33,G-F,6-5,209,"JAN 18, 1999",22.0,2,Duke,1629018,,Toronto Raptors,2020
1610612761,2020,00,Pascal Siakam,Pascal,pascal-siakam,43,F,6-9,230,"APR 02, 1994",27.0,4,New Mexico State,1627783,,Toronto Raptors,2020
1610612761,2020,00,Aron Baynes,Aron,aron-baynes,46,C-F,6-10,260,"DEC 09, 1986",34.0,8,Washington State,203382,,Toronto Raptors,2020
1610612761,2020,00,DeAndre' Bembry,DeAndre',deandre-bembry,95,G-F,6-5,210,"JUL 04, 1994",26.0,4,St. Joseph's (PA),1627761,,Toronto Raptors,2020
1610612761,2021,00,Armoni Brooks,Armoni,armoni-brooks,1,G,6-3,195,"JUN 05, 1998",24.0,1,Houston,1629717,,Toronto Raptors,2021
1610612761,2021,00,OG Anunoby,OG,og-anunoby,3,F,6-7,232,"JUL 17, 1997",24.0,4,Indiana,1628384,,Toronto Raptors,2021
1610612761,2021,00,Scottie Barnes,Scottie,scottie-barnes,4,F,6-7,225,"AUG 01, 2001",20.0,R,Florida State,1630567,#4 Pick in 2021 Draft,Toronto Raptors,2021
1610612761,2021,00,Precious Achiuwa,Precious,precious-achiuwa,5,F,6-8,225,"SEP 19, 1999",22.0,1,Memphis,1630173,,Toronto Raptors,2021
1610612761,2021,00,Justin Champagnie,Justin,justin-champagnie,11,G-F,6-6,206,"JUN 29, 2001",21.0,R,Pittsburgh,1630551,,Toronto Raptors,2021
1610612761,2021,00,David Johnson,David,david-johnson,13,G,6-4,203,"FEB 26, 2001",21.0,R,Louisville,1630525,,Toronto Raptors,2021
1610612761,2021,00,Svi Mykhailiuk,Svi,svi-mykhailiuk,14,G-F,6-7,205,"JUN 10, 1997",25.0,3,Kansas,1629004,,Toronto Raptors,2021
1610612761,2021,00,Isaac Bonga,Isaac,isaac-bonga,17,G,6-8,180,"NOV 08, 1999",22.0,3,Skyliners Frankfurt,1629067,,Toronto Raptors,2021
1610612761,2021,00,Yuta Watanabe,Yuta,yuta-watanabe,18,G-F,6-9,215,"OCT 13, 1994",27.0,3,George Washington,1629139,,Toronto Raptors,2021
1610612761,2021,00,Thaddeus Young,Thaddeus,thaddeus-young,21,F,6-8,235,"JUN 21, 1988",34.0,14,Georgia Tech,201152,,Toronto Raptors,2021
1610612761,2021,00,Malachi Flynn,Malachi,malachi-flynn,22,G,6-1,175,"MAY 09, 1998",24.0,1,San Diego State,1630201,,Toronto Raptors,2021
1610612761,2021,00,Fred VanVleet,Fred,fred-vanvleet,23,G,6-1,197,"FEB 25, 1994",28.0,5,Wichita State,1627832,,Toronto Raptors,2021
1610612761,2021,00,Khem Birch,Khem,khem-birch,24,C,6-9,233,"SEP 28, 1992",29.0,4,UNLV,203920,,Toronto Raptors,2021
1610612761,2021,00,Chris Boucher,Chris,chris-boucher,25,F-C,6-9,200,"JAN 11, 1993",29.0,4,Oregon,1628449,,Toronto Raptors,2021
1610612761,2021,00,Gary Trent Jr.,Gary,gary-trent-jr,33,G-F,6-5,209,"JAN 18, 1999",23.0,3,Duke,1629018,,Toronto Raptors,2021
1610612761,2021,00,Pascal Siakam,Pascal,pascal-siakam,43,F,6-8,230,"APR 02, 1994",28.0,5,New Mexico State,1627783,,Toronto Raptors,2021
1610612761,2021,00,Dalano Banton,Dalano,dalano-banton,45,F,6-7,204,"NOV 07, 1999",22.0,R,Nebraska,1630625,,Toronto Raptors,2021
1610612761,2022,00,Will Barton,Will,will-barton,1,G,6-5,181,"JAN 06, 1991",32.0,10,Memphis,203115,,Toronto Raptors,2022
1610612761,2022,00,OG Anunoby,OG,og-anunoby,3,F,6-7,232,"JUL 17, 1997",25.0,5,Indiana,1628384,,Toronto Raptors,2022
1610612761,2022,00,Scottie Barnes,Scottie,scottie-barnes,4,F,6-8,225,"AUG 01, 2001",21.0,1,Florida State,1630567,#4 Pick in 2021 Draft,Toronto Raptors,2022
1610612761,2022,00,Precious Achiuwa,Precious,precious-achiuwa,5,F,6-8,225,"SEP 19, 1999",23.0,2,Memphis,1630173,,Toronto Raptors,2022
1610612761,2022,00,Ron Harper Jr.,Ron,ron-harper-jr,8,F,6-5,245,"APR 12, 2000",23.0,R,Rutgers,1631199,,Toronto Raptors,2022
1610612761,2022,00,Joe Wieskamp,Joe,joe-wieskamp,11,G-F,6-6,205,"AUG 23, 1999",23.0,1,Iowa,1630580,,Toronto Raptors,2022
1610612761,2022,00,Jakob Poeltl,Jakob,jakob-poeltl,19,C,7-1,245,"OCT 15, 1995",27.0,6,Utah,1627751,Traded from SAS on 02/09/23,Toronto Raptors,2022
1610612761,2022,00,Jeff Dowtin Jr.,Jeff,jeff-dowtin-jr,20,G,6-3,177,"MAY 10, 1997",26.0,1,Rhode Island,1630288,,Toronto Raptors,2022
1610612761,2022,00,Thaddeus Young,Thaddeus,thaddeus-young,21,F,6-8,235,"JUN 21, 1988",35.0,15,Georgia Tech,201152,,Toronto Raptors,2022
1610612761,2022,00,Malachi Flynn,Malachi,malachi-flynn,22,G,6-1,175,"MAY 09, 1998",25.0,2,San Diego State,1630201,,Toronto Raptors,2022
1610612761,2022,00,Fred VanVleet,Fred,fred-vanvleet,23,G,6-0,197,"FEB 25, 1994",29.0,6,Wichita State,1627832,,Toronto Raptors,2022
1610612761,2022,00,Chris Boucher,Chris,chris-boucher,25,F-C,6-9,200,"JAN 11, 1993",30.0,5,Oregon,1628449,,Toronto Raptors,2022
1610612761,2022,00,Otto Porter Jr.,Otto,otto-porter-jr,32,F,6-8,198,"JUN 03, 1993",30.0,9,Georgetown,203490,,Toronto Raptors,2022
1610612761,2022,00,Gary Trent Jr.,Gary,gary-trent-jr,33,G-F,6-5,209,"JAN 18, 1999",24.0,4,Duke,1629018,,Toronto Raptors,2022
1610612761,2022,00,Christian Koloko,Christian,christian-koloko,35,C,7-0,230,"JUN 20, 2000",23.0,R,Arizona,1631132,,Toronto Raptors,2022
1610612761,2022,00,Pascal Siakam,Pascal,pascal-siakam,43,F,6-8,230,"APR 02, 1994",29.0,6,New Mexico State,1627783,,Toronto Raptors,2022
1610612761,2022,00,Dalano Banton,Dalano,dalano-banton,45,F,6-7,204,"NOV 07, 1999",23.0,1,Nebraska,1630625,,Toronto Raptors,2022
1610612761,2023,00,Malik Williams,Malik,malik-williams,,C,6-11,250,"AUG 26, 1998",25.0,R,Louisville,1642013,,Toronto Raptors,2023
1610612761,2023,00,Javon Freeman-Liberty,Javon,javon-freeman-liberty,0,G,6-3,190,"OCT 20, 1999",24.0,R,DePaul,1631241,,Toronto Raptors,2023
1610612761,2023,00,Gradey Dick,Gradey,gradey-dick,1,G-F,6-6,200,"NOV 20, 2003",20.0,R,Kansas,1641711,#13 Pick in 2023 Draft,Toronto Raptors,2023
1610612761,2023,00,Jalen McDaniels,Jalen,jalen-mcdaniels,2,F,6-9,190,"JAN 31, 1998",26.0,4,San Diego State,1629667,,Toronto Raptors,2023
1610612761,2023,00,D.J. Carton,D.J.,dj-carton,3,G,6-3,200,"AUG 05, 2000",23.0,R,Marquette,1630618,,Toronto Raptors,2023
1610612761,2023,00,Scottie Barnes,Scottie,scottie-barnes,4,F-G,6-7,237,"AUG 01, 2001",22.0,2,Florida State,1630567,#4 Pick in 2021 Draft,Toronto Raptors,2023
1610612761,2023,00,Immanuel Quickley,Immanuel,immanuel-quickley,5,G,6-2,190,"JUN 17, 1999",25.0,3,Kentucky,1630193,Traded from NYK on 12/30/23,Toronto Raptors,2023
1610612761,2023,00,RJ Barrett,RJ,rj-barrett,9,F-G,6-6,214,"JUN 14, 2000",24.0,4,Duke,1629628,Traded from NYK on 12/30/23,Toronto Raptors,2023
1610612761,2023,00,Bruce Brown,Bruce,bruce-brown,11,G-F,6-4,202,"AUG 15, 1996",27.0,5,Miami,1628971,,Toronto Raptors,2023
1610612761,2023,00,Jordan Nwora,Jordan,jordan-nwora,13,F,6-8,225,"SEP 09, 1998",25.0,3,Louisville,1629670,,Toronto Raptors,2023
1610612761,2023,00,Mouhamadou Gueye,Mouhamadou,mouhamadou-gueye,16,F,6-9,210,"JUL 06, 1998",25.0,R,Pittsburgh,1631338,,Toronto Raptors,2023
1610612761,2023,00,Garrett Temple,Garrett,garrett-temple,17,G-F,6-5,195,"MAY 08, 1986",38.0,13,Louisiana State,202066,Signed on 07/31/23,Toronto Raptors,2023
1610612761,2023,00,Jakob Poeltl,Jakob,jakob-poeltl,19,C,7-0,260,"OCT 15, 1995",28.0,7,Utah,1627751,Traded from SAS on 02/09/23,Toronto Raptors,2023
1610612761,2023,00,Chris Boucher,Chris,chris-boucher,25,F,6-9,200,"JAN 11, 1993",31.0,6,Oregon,1628449,,Toronto Raptors,2023
1610612761,2023,00,Ochai Agbaji,Ochai,ochai-agbaji,30,G,6-5,215,"APR 20, 2000",24.0,1,Kansas,1630534,Traded from UTA on 02/08/24,Toronto Raptors,2023
1610612761,2023,00,Gary Trent Jr.,Gary,gary-trent-jr,33,G,6-5,204,"JAN 18, 1999",25.0,5,Duke,1629018,,Toronto Raptors,2023
1610612761,2023,00,Kelly Olynyk,Kelly,kelly-olynyk,41,F-C,6-11,240,"APR 19, 1991",33.0,10,Gonzaga,203482,,Toronto Raptors,2023
1610612761,2024,00,A.J. Lawson,A.J.,aj-lawson,0,G,6-6,179,"JUL 15, 2000",24.0,2,South Carolina,1630639,Signed on 12/11/24,Toronto Raptors,2024
1610612761,2024,00,Gradey Dick,Gradey,gradey-dick,1,G-F,6-6,200,"NOV 20, 2003",21.0,1,Kansas,1641711,#13 Pick in 2023 Draft,Toronto Raptors,2024
1610612761,2024,00,Jonathan Mogbo,Jonathan,jonathan-mogbo,2,F,6-9,225,"OCT 29, 2001",23.0,R,San Francisco,1642367,#31 Pick in 2024 Draft,Toronto Raptors,2024
1610612761,2024,00,Brandon Ingram,Brandon,brandon-ingram,3,F,6-8,190,"SEP 02, 1997",27.0,8,Duke,1627742,Traded from NOP on 02/06/25,Toronto Raptors,2024
1610612761,2024,00,Scottie Barnes,Scottie,scottie-barnes,4,F-G,6-7,237,"AUG 01, 2001",23.0,3,Florida State,1630567,#4 Pick in 2021 Draft,Toronto Raptors,2024
1610612761,2024,00,Immanuel Quickley,Immanuel,immanuel-quickley,5,G,6-2,190,"JUN 17, 1999",26.0,4,Kentucky,1630193,Traded from NYK on 12/30/23,Toronto Raptors,2024
1610612761,2024,00,Jared Rhoden,Jared,jared-rhoden,8,G,6-5,210,"AUG 27, 1999",25.0,2,Seton Hall,1631197,Signed on 02/19/25,Toronto Raptors,2024
1610612761,2024,00,RJ Barrett,RJ,rj-barrett,9,F-G,6-6,214,"JUN 14, 2000",25.0,5,Duke,1629628,Traded from NYK on 12/30/23,Toronto Raptors,2024
1610612761,2024,00,Colin Castleton,Colin,colin-castleton,11,C,6-10,250,"MAY 25, 2000",25.0,1,Florida,1630658,,Toronto Raptors,2024
1610612761,2024,00,Ja'Kobe Walter,Ja'Kobe,jakobe-walter,14,G,6-5,180,"SEP 04, 2004",20.0,R,Baylor,1642266,#19 Pick in 2024 Draft,Toronto Raptors,2024
1610612761,2024,00,Garrett Temple,Garrett,garrett-temple,17,G-F,6-5,195,"MAY 08, 1986",39.0,14,Louisiana State,202066,Signed on 07/31/23,Toronto Raptors,2024
1610612761,2024,00,Jakob Poeltl,Jakob,jakob-poeltl,19,C,7-0,260,"OCT 15, 1995",29.0,8,Utah,1627751,Traded from SAS on 02/09/23,Toronto Raptors,2024
1610612761,2024,00,Ulrich Chomche,Ulrich,ulrich-chomche,22,C,6-11,235,"DEC 30, 2005",19.0,R,NBA Global Academy,1642279,Draft Rights Traded from MEM on 07/06/24,Toronto Raptors,2024
1610612761,2024,00,Jamal Shead,Jamal,jamal-shead,23,G,6-1,200,"JUL 24, 2002",22.0,R,Houston,1642347,Draft Rights Traded from SAC on 06/28/24,Toronto Raptors,2024
1610612761,2024,00,Chris Boucher,Chris,chris-boucher,25,F,6-9,200,"JAN 11, 1993",32.0,7,Oregon,1628449,,Toronto Raptors,2024
1610612761,2024,00,Ochai Agbaji,Ochai,ochai-agbaji,30,G,6-5,215,"APR 20, 2000",25.0,2,Kansas,1630534,Traded from UTA on 02/08/24,Toronto Raptors,2024
1610612761,2024,00,Jamison Battle,Jamison,jamison-battle,77,F,6-7,220,"MAY 10, 2001",24.0,R,Ohio State,1642419,Signed on 07/16/24,Toronto Raptors,2024
1610612761,2025,00,Chucky Hepburn,Chucky,chucky-hepburn,,G,6-0,190,"FEB 09, 2003",22.0,R,Louisville,1642935,Signed on 07/01/25,Toronto Raptors,2025
1610612761,2025,00,A.J. Lawson,A.J.,aj-lawson,0,G,6-6,179,"JUL 15, 2000",25.0,3,South Carolina,1630639,Signed on 12/11/24,Toronto Raptors,2025
1610612761,2025,00,Gradey Dick,Gradey,gradey-dick,1,G-F,6-7,200,"NOV 20, 2003",21.0,2,Kansas,1641711,#13 Pick in 2023 Draft,Toronto Raptors,2025
1610612761,2025,00,Jonathan Mogbo,Jonathan,jonathan-mogbo,2,F,6-9,225,"OCT 29, 2001",23.0,1,San Francisco,1642367,#31 Pick in 2024 Draft,Toronto Raptors,2025
1610612761,2025,00,Brandon Ingram,Brandon,brandon-ingram,3,F,6-8,190,"SEP 02, 1997",28.0,9,Duke,1627742,Traded from NOP on 02/06/25,Toronto Raptors,2025
1610612761,2025,00,Scottie Barnes,Scottie,scottie-barnes,4,F-G,6-8,237,"AUG 01, 2001",24.0,4,Florida State,1630567,#4 Pick in 2021 Draft,Toronto Raptors,2025
1610612761,2025,00,Immanuel Quickley,Immanuel,immanuel-quickley,5,G,6-2,190,"JUN 17, 1999",26.0,5,Kentucky,1630193,Traded from NYK on 12/30/23,Toronto Raptors,2025
1610612761,2025,00,Jared Rhoden,Jared,jared-rhoden,8,G,6-5,210,"AUG 27, 1999",26.0,3,Seton Hall,1631197,Signed on 02/19/25,Toronto Raptors,2025
1610612761,2025,00,RJ Barrett,RJ,rj-barrett,9,F-G,6-6,214,"JUN 14, 2000",25.0,6,Duke,1629628,Traded from NYK on 12/30/23,Toronto Raptors,2025
1610612761,2025,00,Collin Murray-Boyles,Collin,collin-murray-boyles,12,F,6-7,245,"JUN 10, 2005",20.0,R,South Carolina,1642867,#9 Pick in 2025 Draft,Toronto Raptors,2025
1610612761,2025,00,Ja'Kobe Walter,Ja'Kobe,jakobe-walter,14,G,6-4,180,"SEP 04, 2004",21.0,1,Baylor,1642266,#19 Pick in 2024 Draft,Toronto Raptors,2025
1610612761,2025,00,Garrett Temple,Garrett,garrett-temple,17,G-F,6-5,195,"MAY 08, 1986",39.0,15,Louisiana State,202066,Signed on 07/31/23,Toronto Raptors,2025
1610612761,2025,00,Jakob Poeltl,Jakob,jakob-poeltl,19,C,7-0,253,"OCT 15, 1995",29.0,9,Utah,1627751,Traded from SAS on 02/09/23,Toronto Raptors,2025
1610612761,2025,00,Ulrich Chomche,Ulrich,ulrich-chomche,22,C,6-11,235,"DEC 30, 2005",19.0,1,NBA Global Academy,1642279,Draft Rights Traded from MEM on 07/06/24,Toronto Raptors,2025
1610612761,2025,00,Jamal Shead,Jamal,jamal-shead,23,G,6-1,200,"JUL 24, 2002",23.0,1,Houston,1642347,Draft Rights Traded from SAC on 06/28/24,Toronto Raptors,2025
1610612761,2025,00,Olivier Sarr,Olivier,olivier-sarr,30,C,6-10,240,"FEB 20, 1999",26.0,3,Kentucky,1630846,Signed on 08/01/25,Toronto Raptors,2025
1610612761,2025,00,Ochai Agbaji,Ochai,ochai-agbaji,30,G,6-5,215,"APR 20, 2000",25.0,3,Kansas,1630534,Traded from UTA on 02/08/24,Toronto Raptors,2025
1610612761,2025,00,David Roddy,David,david-roddy,45,F,6-5,255,"MAR 27, 2001",24.0,3,Colorado State,1631223,Signed on 07/10/25,Toronto Raptors,2025
1610612761,2025,00,Sandro Mamukelashvili,Sandro,sandro-mamukelashvili,54,F-C,6-9,240,"MAY 23, 1999",26.0,4,Seton Hall,1630572,Signed on 07/03/25,Toronto Raptors,2025
1610612761,2025,00,Alijah Martin,Alijah,alijah-martin,55,G,6-2,210,"DEC 26, 2001",23.0,R,Florida,1642918,#39 Pick in 2025 Draft,Toronto Raptors,2025
1610612761,2025,00,Jamison Battle,Jamison,jamison-battle,77,F,6-7,220,"MAY 10, 2001",24.0,1,Ohio State,1642419,Signed on 07/16/24,Toronto Raptors,2025
1610612762,2015,00,Joe Ingles,Joe,joe-ingles,2,F,6-8,226,"OCT 02, 1987",28.0,1,Maccabi Tel Aviv,204060,,Utah Jazz,2015
1610612762,2015,00,Trey Burke,Trey,trey-burke,3,G,6-1,191,"NOV 12, 1992",23.0,2,Michigan,203504,,Utah Jazz,2015
1610612762,2015,00,Rodney Hood,Rodney,rodney-hood,5,G,6-8,206,"OCT 20, 1992",23.0,1,Duke,203918,,Utah Jazz,2015
1610612762,2015,00,Shelvin Mack,Shelvin,shelvin-mack,8,G,6-3,203,"APR 22, 1990",26.0,4,Butler,202714,,Utah Jazz,2015
1610612762,2015,00,Alec Burks,Alec,alec-burks,10,G,6-6,214,"JUL 20, 1991",24.0,4,Colorado,202692,,Utah Jazz,2015
1610612762,2015,00,Danté Exum,Danté,danté-exum,11,G,6-6,190,"JUL 13, 1995",20.0,1,Australian Institute of Sport,203957,,Utah Jazz,2015
1610612762,2015,00,Derrick Favors,Derrick,derrick-favors,15,F-C,6-10,265,"JUL 15, 1991",24.0,5,Georgia Tech,202324,,Utah Jazz,2015
1610612762,2015,00,Gordon Hayward,Gordon,gordon-hayward,20,F,6-8,226,"MAR 23, 1990",26.0,5,Butler,202330,,Utah Jazz,2015
1610612762,2015,00,Tibor Pleiss,Tibor,tibor-pleiss,21,C,7-3,256,"NOV 02, 1989",26.0,R,FC Barcelona,202353,,Utah Jazz,2015
1610612762,2015,00,Chris Johnson,Chris,chris-johnson,23,F,6-6,206,"APR 29, 1990",26.0,3,University of Dayton,203187,,Utah Jazz,2015
1610612762,2015,00,Jeff Withey,Jeff,jeff-withey,24,C,7-0,231,"MAR 07, 1990",26.0,2,Kansas,203481,,Utah Jazz,2015
1610612762,2015,00,Raul Neto,Raul,raul-neto,25,G,6-1,179,"MAY 19, 1992",24.0,R,Murcia,203526,,Utah Jazz,2015
1610612762,2015,00,Rudy Gobert,Rudy,rudy-gobert,27,C,7-1,245,"JUN 26, 1992",24.0,2,Cholet,203497,,Utah Jazz,2015
1610612762,2015,00,Trevor Booker,Trevor,trevor-booker,33,F,6-8,228,"NOV 25, 1987",28.0,5,Clemson,202344,,Utah Jazz,2015
1610612762,2015,00,Trey Lyles,Trey,trey-lyles,41,F,6-10,234,"NOV 05, 1995",20.0,R,Kentucky,1626168,,Utah Jazz,2015
1610612762,2016,00,Joe Ingles,Joe,joe-ingles,2,F,6-8,226,"OCT 02, 1987",29.0,2,Maccabi Tel Aviv,204060,,Utah Jazz,2016
1610612762,2016,00,George Hill,George,george-hill,3,G,6-3,188,"MAY 04, 1986",31.0,8,Indiana-Purdue Indianapolis,201588,,Utah Jazz,2016
1610612762,2016,00,Rodney Hood,Rodney,rodney-hood,5,G,6-8,206,"OCT 20, 1992",24.0,2,Duke,203918,,Utah Jazz,2016
1610612762,2016,00,Joe Johnson,Joe,joe-johnson,6,F-G,6-7,240,"JUN 29, 1981",36.0,15,Arkansas,2207,,Utah Jazz,2016
1610612762,2016,00,Shelvin Mack,Shelvin,shelvin-mack,8,G,6-3,203,"APR 22, 1990",27.0,5,Butler,202714,,Utah Jazz,2016
1610612762,2016,00,Alec Burks,Alec,alec-burks,10,G,6-6,214,"JUL 20, 1991",25.0,5,Colorado,202692,,Utah Jazz,2016
1610612762,2016,00,Danté Exum,Danté,danté-exum,11,G,6-6,190,"JUL 13, 1995",21.0,2,Australian Institute of Sport,203957,,Utah Jazz,2016
1610612762,2016,00,Derrick Favors,Derrick,derrick-favors,15,F-C,6-10,265,"JUL 15, 1991",25.0,6,Georgia Tech,202324,,Utah Jazz,2016
1610612762,2016,00,Gordon Hayward,Gordon,gordon-hayward,20,F,6-8,226,"MAR 23, 1990",27.0,6,Butler,202330,,Utah Jazz,2016
1610612762,2016,00,Joel Bolomboy,Joel,joel-bolomboy,21,F,6-9,235,"JAN 28, 1994",23.0,R,Weber State,1627762,,Utah Jazz,2016
1610612762,2016,00,Jeff Withey,Jeff,jeff-withey,24,C,7-0,231,"MAR 07, 1990",27.0,3,Kansas,203481,,Utah Jazz,2016
1610612762,2016,00,Raul Neto,Raul,raul-neto,25,G,6-1,179,"MAY 19, 1992",25.0,1,Murcia,203526,,Utah Jazz,2016
1610612762,2016,00,Rudy Gobert,Rudy,rudy-gobert,27,C,7-1,245,"JUN 26, 1992",25.0,3,Cholet,203497,,Utah Jazz,2016
1610612762,2016,00,Boris Diaw,Boris,boris-diaw,33,C-F,6-8,250,"APR 16, 1982",35.0,13,Pau Orthez,2564,,Utah Jazz,2016
1610612762,2016,00,Trey Lyles,Trey,trey-lyles,41,F,6-10,234,"NOV 05, 1995",21.0,1,Kentucky,1626168,,Utah Jazz,2016
1610612762,2017,00,Joe Ingles,Joe,joe-ingles,2,F,6-8,226,"OCT 02, 1987",30.0,3,Maccabi Tel Aviv,204060,,Utah Jazz,2017
1610612762,2017,00,Ricky Rubio,Ricky,ricky-rubio,3,G,6-4,190,"OCT 21, 1990",27.0,6,FC Barcelona,201937,,Utah Jazz,2017
1610612762,2017,00,David Stockton,David,david-stockton,5,G,5-11,165,"JUN 24, 1991",27.0,1,Gonzaga,204065,,Utah Jazz,2017
1610612762,2017,00,Jonas Jerebko,Jonas,jonas-jerebko,8,F,6-10,231,"MAR 02, 1987",31.0,7,Angelico Biella,201973,,Utah Jazz,2017
1610612762,2017,00,Alec Burks,Alec,alec-burks,10,G,6-6,214,"JUL 20, 1991",26.0,6,Colorado,202692,,Utah Jazz,2017
1610612762,2017,00,Danté Exum,Danté,danté-exum,11,G,6-6,190,"JUL 13, 1995",22.0,3,Australian Institute of Sport,203957,,Utah Jazz,2017
1610612762,2017,00,Tony Bradley,Tony,tony-bradley,13,C,6-10,248,"JAN 08, 1998",20.0,R,North Carolina,1628396,,Utah Jazz,2017
1610612762,2017,00,Derrick Favors,Derrick,derrick-favors,15,F-C,6-10,265,"JUL 15, 1991",26.0,7,Georgia Tech,202324,,Utah Jazz,2017
1610612762,2017,00,Erik McCree,Erik,erik-mccree,21,F,6-8,225,"DEC 20, 1993",24.0,R,Louisiana Tech,1628571,,Utah Jazz,2017
1610612762,2017,00,Thabo Sefolosha,Thabo,thabo-sefolosha,22,F,6-7,220,"MAY 02, 1984",34.0,11,Angelico Biella,200757,,Utah Jazz,2017
1610612762,2017,00,Royce O'Neale,Royce,royce-oneale,23,F,6-6,226,"JUN 05, 1993",25.0,R,Baylor,1626220,,Utah Jazz,2017
1610612762,2017,00,Raul Neto,Raul,raul-neto,25,G,6-1,179,"MAY 19, 1992",26.0,2,Murcia,203526,,Utah Jazz,2017
1610612762,2017,00,Rudy Gobert,Rudy,rudy-gobert,27,C,7-1,245,"JUN 26, 1992",26.0,4,Cholet,203497,,Utah Jazz,2017
1610612762,2017,00,Georges Niang,Georges,georges-niang,31,F,6-6,231,"JUN 17, 1993",25.0,1,Iowa State,1627777,Traded from BOS on 08/06/25,Utah Jazz,2017
1610612762,2017,00,Ekpe Udoh,Ekpe,ekpe-udoh,33,C-F,6-10,245,"MAY 20, 1987",31.0,5,Baylor,202327,,Utah Jazz,2017
1610612762,2017,00,Donovan Mitchell,Donovan,donovan-mitchell,45,G,6-3,215,"SEP 07, 1996",21.0,R,Louisville,1628378,,Utah Jazz,2017
1610612762,2017,00,Jae Crowder,Jae,jae-crowder,99,F,6-6,235,"JUL 06, 1990",27.0,5,Marquette,203109,,Utah Jazz,2017
1610612762,2018,00,Joe Ingles,Joe,joe-ingles,2,F,6-8,226,"OCT 02, 1987",31.0,4,Maccabi Tel Aviv,204060,,Utah Jazz,2018
1610612762,2018,00,Ricky Rubio,Ricky,ricky-rubio,3,G,6-4,190,"OCT 21, 1990",28.0,7,FC Barcelona,201937,,Utah Jazz,2018
1610612762,2018,00,Danté Exum,Danté,danté-exum,11,G,6-6,190,"JUL 13, 1995",23.0,4,Australian Institute of Sport,203957,,Utah Jazz,2018
1610612762,2018,00,Tony Bradley,Tony,tony-bradley,13,C,6-10,248,"JAN 08, 1998",21.0,1,North Carolina,1628396,,Utah Jazz,2018
1610612762,2018,00,Derrick Favors,Derrick,derrick-favors,15,F-C,6-10,265,"JUL 15, 1991",27.0,8,Georgia Tech,202324,,Utah Jazz,2018
1610612762,2018,00,Thabo Sefolosha,Thabo,thabo-sefolosha,22,F,6-7,220,"MAY 02, 1984",35.0,12,Angelico Biella,200757,,Utah Jazz,2018
1610612762,2018,00,Royce O'Neale,Royce,royce-oneale,23,F,6-6,226,"JUN 05, 1993",26.0,1,Baylor,1626220,,Utah Jazz,2018
1610612762,2018,00,Grayson Allen,Grayson,grayson-allen,24,G,6-5,198,"OCT 08, 1995",23.0,R,Duke,1628960,,Utah Jazz,2018
1610612762,2018,00,Raul Neto,Raul,raul-neto,25,G,6-1,179,"MAY 19, 1992",27.0,3,Murcia,203526,,Utah Jazz,2018
1610612762,2018,00,Kyle Korver,Kyle,kyle-korver,26,G-F,6-7,212,"MAR 17, 1981",38.0,15,Creighton,2594,,Utah Jazz,2018
1610612762,2018,00,Rudy Gobert,Rudy,rudy-gobert,27,C,7-1,245,"JUN 26, 1992",27.0,5,Cholet,203497,,Utah Jazz,2018
1610612762,2018,00,Naz Mitrou-Long,Naz,naz-mitrou-long,30,G,6-4,218,"AUG 03, 1993",25.0,1,Iowa State,1628513,,Utah Jazz,2018
1610612762,2018,00,Georges Niang,Georges,georges-niang,31,F,6-8,230,"JUN 17, 1993",26.0,2,Iowa State,1627777,Traded from BOS on 08/06/25,Utah Jazz,2018
1610612762,2018,00,Ekpe Udoh,Ekpe,ekpe-udoh,33,C-F,6-10,245,"MAY 20, 1987",32.0,6,Baylor,202327,,Utah Jazz,2018
1610612762,2018,00,Tyler Cavanaugh,Tyler,tyler-cavanaugh,34,F,6-9,238,"FEB 09, 1994",25.0,1,George Washington,1628463,,Utah Jazz,2018
1610612762,2018,00,Donovan Mitchell,Donovan,donovan-mitchell,45,G,6-3,215,"SEP 07, 1996",22.0,1,Louisville,1628378,,Utah Jazz,2018
1610612762,2018,00,Jae Crowder,Jae,jae-crowder,99,F,6-6,235,"JUL 06, 1990",28.0,6,Marquette,203109,,Utah Jazz,2018
1610612762,2019,00,Jordan Clarkson,Jordan,jordan-clarkson,00,G,6-4,194,"JUN 07, 1992",28.0,5,Missouri,203903,,Utah Jazz,2019
1610612762,2019,00,Nigel Williams-Goss,Nigel,nigel-williams-goss,0,G,6-2,190,"SEP 16, 1994",25.0,R,Gonzaga,1628430,,Utah Jazz,2019
1610612762,2019,00,Joe Ingles,Joe,joe-ingles,2,F-G,6-7,220,"OCT 02, 1987",32.0,5,Maccabi Tel Aviv,204060,,Utah Jazz,2019
1610612762,2019,00,Justin Wright-Foreman,Justin,justin-wright-foreman,3,G,6-0,190,"OCT 27, 1997",22.0,R,Hofstra,1629625,,Utah Jazz,2019
1610612762,2019,00,Jarrell Brantley,Jarrell,jarrell-brantley,5,F,6-5,250,"JUN 07, 1996",24.0,R,College of Charleston,1629714,,Utah Jazz,2019
1610612762,2019,00,Rayjon Tucker,Rayjon,rayjon-tucker,6,G,6-3,209,"SEP 24, 1997",22.0,R,Arkansas-Little Rock,1629730,,Utah Jazz,2019
1610612762,2019,00,Mike Conley,Mike,mike-conley,10,G,6-1,175,"OCT 11, 1987",32.0,12,Ohio State,201144,,Utah Jazz,2019
1610612762,2019,00,Tony Bradley,Tony,tony-bradley,13,C-F,6-10,248,"JAN 08, 1998",22.0,2,North Carolina,1628396,,Utah Jazz,2019
1610612762,2019,00,Emmanuel Mudiay,Emmanuel,emmanuel-mudiay,15,G,6-3,200,"MAR 05, 1996",24.0,4,Guangdong,1626144,,Utah Jazz,2019
1610612762,2019,00,Juwan Morgan,Juwan,juwan-morgan,16,F,6-7,232,"APR 17, 1997",23.0,R,Indiana,1629752,,Utah Jazz,2019
1610612762,2019,00,Ed Davis,Ed,ed-davis,17,C-F,6-9,218,"JUN 05, 1989",31.0,9,North Carolina,202334,,Utah Jazz,2019
1610612762,2019,00,Royce O'Neale,Royce,royce-oneale,23,F,6-4,226,"JUN 05, 1993",27.0,2,Baylor,1626220,,Utah Jazz,2019
1610612762,2019,00,Rudy Gobert,Rudy,rudy-gobert,27,C,7-1,258,"JUN 26, 1992",28.0,6,Cholet,203497,,Utah Jazz,2019
1610612762,2019,00,Georges Niang,Georges,georges-niang,31,F,6-7,230,"JUN 17, 1993",27.0,3,Iowa State,1627777,Traded from BOS on 08/06/25,Utah Jazz,2019
1610612762,2019,00,Bojan Bogdanovic,Bojan,bojan-bogdanovic,44,F,6-8,226,"APR 18, 1989",31.0,5,Fenerbahce,202711,,Utah Jazz,2019
1610612762,2019,00,Donovan Mitchell,Donovan,donovan-mitchell,45,G,6-1,215,"SEP 07, 1996",23.0,2,Louisville,1628378,,Utah Jazz,2019
1610612762,2019,00,Miye Oni,Miye,miye-oni,81,G-F,6-5,206,"AUG 04, 1997",22.0,R,Yale,1629671,,Utah Jazz,2019
1610612762,2020,00,Jordan Clarkson,Jordan,jordan-clarkson,00,G,6-4,194,"JUN 07, 1992",29.0,6,Missouri,203903,,Utah Jazz,2020
1610612762,2020,00,Joe Ingles,Joe,joe-ingles,2,F-G,6-8,220,"OCT 02, 1987",33.0,6,Maccabi Tel Aviv,204060,,Utah Jazz,2020
1610612762,2020,00,Trent Forrest,Trent,trent-forrest,3,G,6-4,210,"JUN 12, 1998",23.0,R,Florida State,1630235,,Utah Jazz,2020
1610612762,2020,00,Jarrell Brantley,Jarrell,jarrell-brantley,5,F,6-5,250,"JUN 07, 1996",25.0,1,College of Charleston,1629714,,Utah Jazz,2020
1610612762,2020,00,Mike Conley,Mike,mike-conley,10,G,6-1,175,"OCT 11, 1987",33.0,13,Ohio State,201144,,Utah Jazz,2020
1610612762,2020,00,Derrick Favors,Derrick,derrick-favors,15,F,6-9,265,"JUL 15, 1991",29.0,10,Georgia Tech,202324,,Utah Jazz,2020
1610612762,2020,00,Juwan Morgan,Juwan,juwan-morgan,16,F,6-7,232,"APR 17, 1997",24.0,1,Indiana,1629752,,Utah Jazz,2020
1610612762,2020,00,Udoka Azubuike,Udoka,udoka-azubuike,20,C-F,6-10,280,"SEP 17, 1999",21.0,R,Kansas,1628962,,Utah Jazz,2020
1610612762,2020,00,Matt Thomas,Matt,matt-thomas,21,G,6-4,190,"AUG 04, 1994",26.0,1,Iowa State,1629744,,Utah Jazz,2020
1610612762,2020,00,Royce O'Neale,Royce,royce-oneale,23,F,6-4,226,"JUN 05, 1993",28.0,3,Baylor,1626220,,Utah Jazz,2020
1610612762,2020,00,Rudy Gobert,Rudy,rudy-gobert,27,C,7-1,258,"JUN 26, 1992",29.0,7,Cholet,203497,,Utah Jazz,2020
1610612762,2020,00,Georges Niang,Georges,georges-niang,31,F,6-7,230,"JUN 17, 1993",28.0,4,Iowa State,1627777,Traded from BOS on 08/06/25,Utah Jazz,2020
1610612762,2020,00,Elijah Hughes,Elijah,elijah-hughes,33,G,6-5,215,"MAR 10, 1998",23.0,R,Syracuse,1630190,,Utah Jazz,2020
1610612762,2020,00,Bojan Bogdanovic,Bojan,bojan-bogdanovic,44,F,6-7,226,"APR 18, 1989",32.0,6,Fenerbahce,202711,,Utah Jazz,2020
1610612762,2020,00,Donovan Mitchell,Donovan,donovan-mitchell,45,G,6-1,215,"SEP 07, 1996",24.0,3,Louisville,1628378,,Utah Jazz,2020
1610612762,2020,00,Ersan Ilyasova,Ersan,ersan-ilyasova,77,F,6-9,235,"MAY 15, 1987",34.0,12,FC Barcelona,101141,,Utah Jazz,2020
1610612762,2020,00,Miye Oni,Miye,miye-oni,81,G-F,6-5,206,"AUG 04, 1997",23.0,1,Yale,1629671,,Utah Jazz,2020
1610612762,2021,00,Jordan Clarkson,Jordan,jordan-clarkson,00,G,6-4,194,"JUN 07, 1992",30.0,7,Missouri,203903,,Utah Jazz,2021
1610612762,2021,00,Eric Paschall,Eric,eric-paschall,0,F,6-6,255,"NOV 04, 1996",25.0,2,Villanova,1629672,,Utah Jazz,2021
1610612762,2021,00,Trent Forrest,Trent,trent-forrest,3,G,6-4,210,"JUN 12, 1998",24.0,1,Florida State,1630235,,Utah Jazz,2021
1610612762,2021,00,Nickeil Alexander-Walker,Nickeil,nickeil-alexander-walker,6,G,6-5,205,"SEP 02, 1998",23.0,2,Virginia Tech,1629638,,Utah Jazz,2021
1610612762,2021,00,Rudy Gay,Rudy,rudy-gay,8,F-G,6-8,250,"AUG 17, 1986",35.0,15,Connecticut,200752,,Utah Jazz,2021
1610612762,2021,00,Mike Conley,Mike,mike-conley,11,G,6-1,175,"OCT 11, 1987",34.0,14,Ohio State,201144,,Utah Jazz,2021
1610612762,2021,00,Jared Butler,Jared,jared-butler,13,G,6-3,193,"AUG 25, 2000",21.0,R,Baylor,1630215,,Utah Jazz,2021
1610612762,2021,00,Xavier Sneed,Xavier,xavier-sneed,19,F,6-5,215,"DEC 21, 1997",24.0,R,Kansas State,1630270,,Utah Jazz,2021
1610612762,2021,00,Udoka Azubuike,Udoka,udoka-azubuike,20,C-F,7-0,270,"SEP 17, 1999",22.0,1,Kansas,1628962,,Utah Jazz,2021
1610612762,2021,00,Hassan Whiteside,Hassan,hassan-whiteside,21,C,7-0,265,"JUN 13, 1989",33.0,9,Marshall,202355,,Utah Jazz,2021
1610612762,2021,00,Royce O'Neale,Royce,royce-oneale,23,F,6-5,226,"JUN 05, 1993",29.0,4,Baylor,1626220,,Utah Jazz,2021
1610612762,2021,00,Danuel House Jr.,Danuel,danuel-house-jr,25,F-G,6-6,220,"JUN 07, 1993",29.0,5,Texas A&M,1627863,,Utah Jazz,2021
1610612762,2021,00,Rudy Gobert,Rudy,rudy-gobert,27,C,7-1,258,"JUN 26, 1992",30.0,8,Cholet,203497,,Utah Jazz,2021
1610612762,2021,00,Juancho Hernangomez,Juancho,juancho-hernangomez,41,F,6-9,214,"SEP 28, 1995",26.0,5,Estudiantes,1627823,,Utah Jazz,2021
1610612762,2021,00,Bojan Bogdanovic,Bojan,bojan-bogdanovic,44,F,6-7,226,"APR 18, 1989",33.0,7,Fenerbahce,202711,,Utah Jazz,2021
1610612762,2021,00,Donovan Mitchell,Donovan,donovan-mitchell,45,G,6-1,215,"SEP 07, 1996",25.0,4,Louisville,1628378,,Utah Jazz,2021
1610612762,2022,00,Jordan Clarkson,Jordan,jordan-clarkson,00,G,6-5,194,"JUN 07, 1992",31.0,8,Missouri,203903,,Utah Jazz,2022
1610612762,2022,00,Talen Horton-Tucker,Talen,talen-horton-tucker,0,G,6-4,234,"NOV 25, 2000",22.0,3,Iowa State,1629659,,Utah Jazz,2022
1610612762,2022,00,Collin Sexton,Collin,collin-sexton,2,G,6-2,190,"JAN 04, 1999",24.0,4,Alabama,1629012,,Utah Jazz,2022
1610612762,2022,00,Kris Dunn,Kris,kris-dunn,11,G,6-3,205,"MAR 18, 1994",29.0,6,Providence,1627739,,Utah Jazz,2022
1610612762,2022,00,Vernon Carey Jr.,Vernon,vernon-carey-jr,13,C,6-10,270,"FEB 25, 2001",22.0,2,Duke,1630176,,Utah Jazz,2022
1610612762,2022,00,Damian Jones,Damian,damian-jones,15,C,6-11,245,"JUN 30, 1995",28.0,6,Vanderbilt,1627745,,Utah Jazz,2022
1610612762,2022,00,Simone Fontecchio,Simone,simone-fontecchio,16,F,6-7,209,"DEC 09, 1995",27.0,R,Baskonia,1631323,,Utah Jazz,2022
1610612762,2022,00,Luka Samanic,Luka,luka-samanic,19,F,6-10,227,"JAN 09, 2000",23.0,2,Union Olimpija,1629677,,Utah Jazz,2022
1610612762,2022,00,Udoka Azubuike,Udoka,udoka-azubuike,20,C-F,6-11,270,"SEP 17, 1999",23.0,2,Kansas,1628962,,Utah Jazz,2022
1610612762,2022,00,Rudy Gay,Rudy,rudy-gay,22,F-G,6-8,250,"AUG 17, 1986",36.0,16,Connecticut,200752,,Utah Jazz,2022
1610612762,2022,00,Lauri Markkanen,Lauri,lauri-markkanen,23,F-C,7-0,240,"MAY 22, 1997",26.0,5,Arizona,1628374,Traded from CLE on 09/03/22,Utah Jazz,2022
1610612762,2022,00,Walker Kessler,Walker,walker-kessler,24,C,7-0,245,"JUL 26, 2001",21.0,R,Auburn,1631117,Draft Rights Traded from MIN on 07/06/22,Utah Jazz,2022
1610612762,2022,00,Micah Potter,Micah,micah-potter,25,C,6-8,248,"APR 06, 1998",25.0,1,Wisconsin,1630695,,Utah Jazz,2022
1610612762,2022,00,Ochai Agbaji,Ochai,ochai-agbaji,30,G,6-5,215,"APR 20, 2000",23.0,R,Kansas,1630534,,Utah Jazz,2022
1610612762,2022,00,Johnny Juzang,Johnny,johnny-juzang,33,G,6-6,209,"MAR 17, 2001",22.0,R,UCLA,1630548,,Utah Jazz,2022
1610612762,2022,00,Kelly Olynyk,Kelly,kelly-olynyk,41,F-C,6-11,240,"APR 19, 1991",32.0,9,Gonzaga,203482,,Utah Jazz,2022
1610612762,2022,00,Juan Toscano-Anderson,Juan,juan-toscano-anderson,95,F,6-6,209,"APR 10, 1993",30.0,3,Marquette,1629308,,Utah Jazz,2022
1610612762,2023,00,Jordan Clarkson,Jordan,jordan-clarkson,00,G,6-3,194,"JUN 07, 1992",32.0,9,Missouri,203903,,Utah Jazz,2023
1610612762,2023,00,Taylor Hendricks,Taylor,taylor-hendricks,0,F,6-9,215,"NOV 22, 2003",20.0,R,Central Florida,1641707,#9 Pick in 2023 Draft,Utah Jazz,2023
1610612762,2023,00,Collin Sexton,Collin,collin-sexton,2,G,6-3,190,"JAN 04, 1999",25.0,5,Alabama,1629012,,Utah Jazz,2023
1610612762,2023,00,Keyonte George,Keyonte,keyonte-george,3,G,6-4,185,"NOV 08, 2003",20.0,R,Baylor,1641718,#16 Pick in 2023 Draft,Utah Jazz,2023
1610612762,2023,00,Talen Horton-Tucker,Talen,talen-horton-tucker,5,G,6-4,234,"NOV 25, 2000",23.0,4,Iowa State,1629659,,Utah Jazz,2023
1610612762,2023,00,Brice Sensabaugh,Brice,brice-sensabaugh,8,F,6-5,235,"OCT 30, 2003",20.0,R,Ohio State,1641729,#28 Pick in 2023 Draft,Utah Jazz,2023
1610612762,2023,00,Jason Preston,Jason,jason-preston,10,G,6-3,181,"AUG 10, 1999",24.0,1,Ohio,1630554,,Utah Jazz,2023
1610612762,2023,00,Kris Dunn,Kris,kris-dunn,11,G,6-3,205,"MAR 18, 1994",30.0,7,Providence,1627739,,Utah Jazz,2023
1610612762,2023,00,Kira Lewis Jr.,Kira,kira-lewis-jr,13,G,6-1,170,"APR 06, 2001",23.0,3,Alabama,1630184,,Utah Jazz,2023
1610612762,2023,00,Luka Samanic,Luka,luka-samanic,19,F,6-10,227,"JAN 09, 2000",24.0,3,Union Olimpija,1629677,,Utah Jazz,2023
1610612762,2023,00,John Collins,John,john-collins,20,F-C,6-9,226,"SEP 23, 1997",26.0,6,Wake Forest,1628381,,Utah Jazz,2023
1610612762,2023,00,Lauri Markkanen,Lauri,lauri-markkanen,23,F-C,7-0,240,"MAY 22, 1997",27.0,6,Arizona,1628374,Traded from CLE on 09/03/22,Utah Jazz,2023
1610612762,2023,00,Walker Kessler,Walker,walker-kessler,24,C,7-0,245,"JUL 26, 2001",22.0,1,Auburn,1631117,Draft Rights Traded from MIN on 07/06/22,Utah Jazz,2023
1610612762,2023,00,Micah Potter,Micah,micah-potter,25,C,6-9,248,"APR 06, 1998",26.0,2,Wisconsin,1630695,,Utah Jazz,2023
1610612762,2023,00,Darius Bazley,Darius,darius-bazley,26,F,6-9,216,"JUN 12, 2000",24.0,4,Princeton HS (OH),1629647,,Utah Jazz,2023
1610612762,2023,00,Johnny Juzang,Johnny,johnny-juzang,33,G,6-5,209,"MAR 17, 2001",23.0,1,UCLA,1630548,,Utah Jazz,2023
1610612762,2023,00,Kenneth Lofton Jr.,Kenneth,kenneth-lofton-jr,35,F,6-6,275,"AUG 14, 2002",21.0,1,Louisiana Tech,1631254,,Utah Jazz,2023
1610612762,2023,00,Omer Yurtseven,Omer,omer-yurtseven,77,C,6-11,275,"JUN 19, 1998",26.0,2,Georgetown,1630209,,Utah Jazz,2023
1610612762,2024,00,Jordan Clarkson,Jordan,jordan-clarkson,00,G,6-3,194,"JUN 07, 1992",33.0,10,Missouri,203903,,Utah Jazz,2024
1610612762,2024,00,Taylor Hendricks,Taylor,taylor-hendricks,0,F,6-9,215,"NOV 22, 2003",21.0,1,Central Florida,1641707,#9 Pick in 2023 Draft,Utah Jazz,2024
1610612762,2024,00,Collin Sexton,Collin,collin-sexton,2,G,6-3,190,"JAN 04, 1999",26.0,6,Alabama,1629012,,Utah Jazz,2024
1610612762,2024,00,Keyonte George,Keyonte,keyonte-george,3,G,6-4,185,"NOV 08, 2003",21.0,1,Baylor,1641718,#16 Pick in 2023 Draft,Utah Jazz,2024
1610612762,2024,00,Cody Williams,Cody,cody-williams,5,F,6-7,190,"NOV 20, 2004",20.0,R,Colorado,1642262,#10 Pick in 2024 Draft,Utah Jazz,2024
1610612762,2024,00,Jaden Springer,Jaden,jaden-springer,11,G,6-4,202,"SEP 25, 2002",22.0,3,Tennessee,1630531,,Utah Jazz,2024
1610612762,2024,00,Isaiah Collier,Isaiah,isaiah-collier,13,G,6-3,210,"OCT 08, 2004",20.0,R,Southern California,1642268,#29 Pick in 2024 Draft,Utah Jazz,2024
1610612762,2024,00,Elijah Harkless,Elijah,elijah-harkless,16,G,6-3,195,"FEB 03, 2000",25.0,R,UNLV,1641989,Signed on 01/01/25,Utah Jazz,2024
1610612762,2024,00,Svi Mykhailiuk,Svi,svi-mykhailiuk,19,G-F,6-7,205,"JUN 10, 1997",28.0,6,Kansas,1629004,Signed on 08/10/24,Utah Jazz,2024
1610612762,2024,00,John Collins,John,john-collins,20,F-C,6-9,226,"SEP 23, 1997",27.0,7,Wake Forest,1628381,,Utah Jazz,2024
1610612762,2024,00,Kyle Filipowski,Kyle,kyle-filipowski,22,C,6-11,250,"NOV 07, 2003",21.0,R,Duke,1642271,#32 Pick in 2024 Draft,Utah Jazz,2024
1610612762,2024,00,Lauri Markkanen,Lauri,lauri-markkanen,23,F-C,7-0,240,"MAY 22, 1997",28.0,7,Arizona,1628374,Traded from CLE on 09/03/22,Utah Jazz,2024
1610612762,2024,00,Walker Kessler,Walker,walker-kessler,24,C,7-0,245,"JUL 26, 2001",23.0,2,Auburn,1631117,Draft Rights Traded from MIN on 07/06/22,Utah Jazz,2024
1610612762,2024,00,Micah Potter,Micah,micah-potter,25,C,6-9,248,"APR 06, 1998",27.0,3,Wisconsin,1630695,,Utah Jazz,2024
1610612762,2024,00,Brice Sensabaugh,Brice,brice-sensabaugh,28,F,6-5,235,"OCT 30, 2003",21.0,1,Ohio State,1641729,#28 Pick in 2023 Draft,Utah Jazz,2024
1610612762,2024,00,Johnny Juzang,Johnny,johnny-juzang,33,G,6-5,226,"MAR 17, 2001",24.0,2,UCLA,1630548,,Utah Jazz,2024
1610612762,2024,00,Oscar Tshiebwe,Oscar,oscar-tshiebwe,34,F-C,6-8,255,"NOV 27, 1999",25.0,1,Kentucky,1631131,Signed on 08/12/24,Utah Jazz,2024
1610612762,2024,00,KJ Martin,KJ,kj-martin,99,F,6-6,215,"JAN 06, 2001",24.0,4,IMG Academy (FL),1630231,,Utah Jazz,2024
1610612762,2025,00,Max Abmas,Max,max-abmas,,G,5-11,162,"APR 02, 2001",24.0,R,Oral Roberts,1630546,Signed on 09/16/24,Utah Jazz,2025
1610612762,2025,00,Cameron McGriff,Cameron,cameron-mcgriff,,F,6-7,220,"SEP 30, 1997",28.0,1,Oklahoma State,1630787,Signed on 10/06/25,Utah Jazz,2025
1610612762,2025,00,Pedro Bradshaw,Pedro,pedro-bradshaw,,F,6-7,180,"OCT 14, 1998",27.0,R,Bellarmine,1630817,Signed on 10/14/25,Utah Jazz,2025
1610612762,2025,00,Sean East II,Sean,sean-east-ii,,G,6-3,180,"NOV 17, 1999",25.0,R,Missouri,1642398,Signed on 10/14/25,Utah Jazz,2025
1610612762,2025,00,Taylor Hendricks,Taylor,taylor-hendricks,0,F,6-9,215,"NOV 22, 2003",21.0,2,Central Florida,1641707,#9 Pick in 2023 Draft,Utah Jazz,2025
1610612762,2025,00,Kyle Anderson,Kyle,kyle-anderson,2,F-G,6-8,230,"SEP 20, 1993",32.0,11,UCLA,203937,Traded from MIA on 07/07/25,Utah Jazz,2025
1610612762,2025,00,Keyonte George,Keyonte,keyonte-george,3,G,6-4,185,"NOV 08, 2003",21.0,2,Baylor,1641718,#16 Pick in 2023 Draft,Utah Jazz,2025
1610612762,2025,00,Mo Bamba,Mo,mo-bamba,4,C,7-0,231,"MAY 12, 1998",27.0,7,Texas,1628964,Signed on 09/25/25,Utah Jazz,2025
1610612762,2025,00,Cody Williams,Cody,cody-williams,5,F,6-8,190,"NOV 20, 2004",20.0,1,Colorado,1642262,#10 Pick in 2024 Draft,Utah Jazz,2025
1610612762,2025,00,Isaiah Collier,Isaiah,isaiah-collier,8,G,6-4,210,"OCT 08, 2004",21.0,1,Southern California,1642268,#29 Pick in 2024 Draft,Utah Jazz,2025
1610612762,2025,00,Svi Mykhailiuk,Svi,svi-mykhailiuk,10,G-F,6-7,205,"JUN 10, 1997",28.0,7,Kansas,1629004,Signed on 08/10/24,Utah Jazz,2025
1610612762,2025,00,Walter Clayton Jr.,Walter,walter-clayton-jr,13,G,6-4,195,"MAR 06, 2003",22.0,R,Florida,1642383,Draft Rights Traded from WAS on 06/25/25,Utah Jazz,2025
1610612762,2025,00,Elijah Harkless,Elijah,elijah-harkless,16,G,6-3,195,"FEB 03, 2000",25.0,1,UNLV,1641989,Signed on 01/01/25,Utah Jazz,2025
1610612762,2025,00,John Tonje,John,john-tonje,17,G,6-4,218,"APR 23, 2001",24.0,R,Wisconsin,1642910,#53 Pick in 2025 Draft,Utah Jazz,2025
1610612762,2025,00,Ace Bailey,Ace,ace-bailey,19,F,6-9,200,"AUG 13, 2006",19.0,R,Rutgers,1642846,#5 Pick in 2025 Draft,Utah Jazz,2025
1610612762,2025,00,Kyle Filipowski,Kyle,kyle-filipowski,22,C,6-11,250,"NOV 07, 2003",21.0,1,Duke,1642271,#32 Pick in 2024 Draft,Utah Jazz,2025
1610612762,2025,00,Lauri Markkanen,Lauri,lauri-markkanen,23,F-C,7-1,240,"MAY 22, 1997",28.0,8,Arizona,1628374,Traded from CLE on 09/03/22,Utah Jazz,2025
1610612762,2025,00,Walker Kessler,Walker,walker-kessler,24,C,7-2,245,"JUL 26, 2001",24.0,3,Auburn,1631117,Draft Rights Traded from MIN on 07/06/22,Utah Jazz,2025
1610612762,2025,00,Brice Sensabaugh,Brice,brice-sensabaugh,28,F,6-6,235,"OCT 30, 2003",21.0,2,Ohio State,1641729,#28 Pick in 2023 Draft,Utah Jazz,2025
1610612762,2025,00,Jusuf Nurkić,Jusuf,jusuf-nurkić,30,C,6-11,290,"AUG 23, 1994",31.0,11,Cedevita,203994,Traded from CHA on 06/29/25,Utah Jazz,2025
1610612762,2025,00,Georges Niang,Georges,georges-niang,31,F,6-6,230,"JUN 17, 1993",32.0,9,Iowa State,1627777,Traded from BOS on 08/06/25,Utah Jazz,2025
1610612762,2025,00,Oscar Tshiebwe,Oscar,oscar-tshiebwe,34,F-C,6-8,255,"NOV 27, 1999",25.0,2,Kentucky,1631131,Signed on 08/12/24,Utah Jazz,2025
1610612762,2025,00,Kevin Love,Kevin,kevin-love,42,F-C,6-10,251,"SEP 07, 1988",37.0,17,UCLA,201567,Traded from MIA on 07/07/25,Utah Jazz,2025
1610612763,2015,00,JaMychal Green,JaMychal,jamychal-green,0,F,6-9,227,"JUN 21, 1990",26.0,1,Alabama,203210,,Memphis Grizzlies,2015
1610612763,2015,00,Lance Stephenson,Lance,lance-stephenson,1,F-G,6-5,230,"SEP 05, 1990",25.0,5,Cincinnati,202362,,Memphis Grizzlies,2015
1610612763,2015,00,Jordan Adams,Jordan,jordan-adams,3,G,6-5,209,"JUL 08, 1994",21.0,1,UCLA,203919,,Memphis Grizzlies,2015
1610612763,2015,00,Jordan Farmar,Jordan,jordan-farmar,4,G,6-2,180,"NOV 30, 1986",29.0,8,UCLA,200770,,Memphis Grizzlies,2015
1610612763,2015,00,Chris Andersen,Chris,chris-andersen,7,F-C,6-10,245,"JUL 07, 1978",37.0,13,Blinn J.C.,2365,,Memphis Grizzlies,2015
1610612763,2015,00,Bryce Cotton,Bryce,bryce-cotton,8,G,6-1,165,"AUG 11, 1992",23.0,1,Providence,203955,,Memphis Grizzlies,2015
1610612763,2015,00,Tony Allen,Tony,tony-allen,9,G-F,6-4,213,"JAN 11, 1982",34.0,11,Oklahoma State,2754,,Memphis Grizzlies,2015
1610612763,2015,00,Jarell Martin,Jarell,jarell-martin,10,F,6-10,239,"MAY 24, 1994",22.0,R,Louisiana State,1626185,,Memphis Grizzlies,2015
1610612763,2015,00,Mike Conley,Mike,mike-conley,11,G,6-1,175,"OCT 11, 1987",28.0,8,Ohio State,201144,,Memphis Grizzlies,2015
1610612763,2015,00,Xavier Munford,Xavier,xavier-munford,14,G,6-3,180,"JUN 01, 1992",24.0,R,Rhode Island,204098,,Memphis Grizzlies,2015
1610612763,2015,00,Vince Carter,Vince,vince-carter,15,G-F,6-6,220,"JAN 26, 1977",39.0,17,North Carolina,1713,,Memphis Grizzlies,2015
1610612763,2015,00,PJ Hairston,PJ,pj-hairston,19,F-G,6-6,230,"DEC 24, 1992",23.0,1,North Carolina,203798,,Memphis Grizzlies,2015
1610612763,2015,00,Matt Barnes,Matt,matt-barnes,22,F,6-7,226,"MAR 09, 1980",36.0,12,UCLA,2440,,Memphis Grizzlies,2015
1610612763,2015,00,Marc Gasol,Marc,marc-gasol,33,C,7-1,255,"JAN 29, 1985",31.0,7,FC Barcelona,201188,,Memphis Grizzlies,2015
1610612763,2015,00,Brandan Wright,Brandan,brandan-wright,34,F,6-10,210,"OCT 05, 1987",28.0,7,North Carolina,201148,,Memphis Grizzlies,2015
1610612763,2015,00,Zach Randolph,Zach,zach-randolph,50,F,6-9,260,"JUL 16, 1981",34.0,14,Michigan State,2216,,Memphis Grizzlies,2015
1610612763,2016,00,JaMychal Green,JaMychal,jamychal-green,0,F,6-9,227,"JUN 21, 1990",27.0,2,Alabama,203210,,Memphis Grizzlies,2016
1610612763,2016,00,Jarell Martin,Jarell,jarell-martin,1,F,6-10,239,"MAY 24, 1994",23.0,1,Louisiana State,1626185,,Memphis Grizzlies,2016
1610612763,2016,00,Wade Baldwin IV,Wade,wade-baldwin-iv,4,G,6-4,202,"MAR 29, 1996",21.0,R,Vanderbilt,1627735,,Memphis Grizzlies,2016
1610612763,2016,00,Andrew Harrison,Andrew,andrew-harrison,5,G,6-6,213,"OCT 28, 1994",22.0,R,Kentucky,1626150,,Memphis Grizzlies,2016
1610612763,2016,00,Wayne Selden,Wayne,wayne-selden,7,G,6-5,230,"SEP 30, 1994",22.0,R,Kansas,1627782,,Memphis Grizzlies,2016
1610612763,2016,00,James Ennis III,James,james-ennis-iii,8,F,6-7,210,"JUL 01, 1990",26.0,2,Cal State-Long Beach,203516,,Memphis Grizzlies,2016
1610612763,2016,00,Tony Allen,Tony,tony-allen,9,G-F,6-4,213,"JAN 11, 1982",35.0,12,Oklahoma State,2754,,Memphis Grizzlies,2016
1610612763,2016,00,Mike Conley,Mike,mike-conley,11,G,6-1,175,"OCT 11, 1987",29.0,9,Ohio State,201144,,Memphis Grizzlies,2016
1610612763,2016,00,Vince Carter,Vince,vince-carter,15,G-F,6-6,220,"JAN 26, 1977",40.0,18,North Carolina,1713,,Memphis Grizzlies,2016
1610612763,2016,00,Deyonta Davis,Deyonta,deyonta-davis,23,F,6-10,240,"DEC 02, 1996",20.0,R,Michigan State,1627738,,Memphis Grizzlies,2016
1610612763,2016,00,Chandler Parsons,Chandler,chandler-parsons,25,F,6-10,230,"OCT 25, 1988",28.0,5,Florida,202718,,Memphis Grizzlies,2016
1610612763,2016,00,Troy Daniels,Troy,troy-daniels,30,G,6-4,205,"JUL 15, 1991",25.0,3,Va Commonwealth,203584,,Memphis Grizzlies,2016
1610612763,2016,00,Marc Gasol,Marc,marc-gasol,33,C,7-1,255,"JAN 29, 1985",32.0,8,FC Barcelona,201188,,Memphis Grizzlies,2016
1610612763,2016,00,Brandan Wright,Brandan,brandan-wright,34,F,6-10,210,"OCT 05, 1987",29.0,8,North Carolina,201148,,Memphis Grizzlies,2016
1610612763,2016,00,Zach Randolph,Zach,zach-randolph,50,F,6-9,260,"JUL 16, 1981",35.0,15,Michigan State,2216,,Memphis Grizzlies,2016
1610612763,2017,00,JaMychal Green,JaMychal,jamychal-green,0,F,6-9,227,"JUN 21, 1990",28.0,3,Alabama,203210,,Memphis Grizzlies,2017
1610612763,2017,00,Jarell Martin,Jarell,jarell-martin,1,F,6-10,239,"MAY 24, 1994",24.0,2,Louisiana State,1626185,,Memphis Grizzlies,2017
1610612763,2017,00,Kobi Simmons,Kobi,kobi-simmons,2,G,6-4,170,"JUL 04, 1997",20.0,R,Arizona,1628424,,Memphis Grizzlies,2017
1610612763,2017,00,Briante Weber,Briante,briante-weber,3,G,6-2,165,"DEC 29, 1992",25.0,2,Virginia Commonwealth,1627362,,Memphis Grizzlies,2017
1610612763,2017,00,Myke Henry,Myke,myke-henry,4,F,6-6,210,"DEC 23, 1992",25.0,R,DePaul,1627988,,Memphis Grizzlies,2017
1610612763,2017,00,Andrew Harrison,Andrew,andrew-harrison,5,G,6-6,213,"OCT 28, 1994",23.0,1,Kentucky,1626150,,Memphis Grizzlies,2017
1610612763,2017,00,Mario Chalmers,Mario,mario-chalmers,6,G,6-2,190,"MAY 19, 1986",32.0,8,Kansas,201596,,Memphis Grizzlies,2017
1610612763,2017,00,Wayne Selden,Wayne,wayne-selden,7,G-F,6-5,230,"SEP 30, 1994",23.0,1,Kansas,1627782,,Memphis Grizzlies,2017
1610612763,2017,00,MarShon Brooks,MarShon,marshon-brooks,8,G-F,6-5,200,"JAN 26, 1989",29.0,3,Providence,202705,,Memphis Grizzlies,2017
1610612763,2017,00,Ivan Rabb,Ivan,ivan-rabb,10,F,6-10,220,"FEB 04, 1997",21.0,R,California,1628397,,Memphis Grizzlies,2017
1610612763,2017,00,Mike Conley,Mike,mike-conley,11,G,6-1,175,"OCT 11, 1987",30.0,10,Ohio State,201144,,Memphis Grizzlies,2017
1610612763,2017,00,Tyreke Evans,Tyreke,tyreke-evans,12,G-F,6-6,220,"SEP 19, 1989",28.0,8,Memphis,201936,,Memphis Grizzlies,2017
1610612763,2017,00,Marquis Teague,Marquis,marquis-teague,20,G,6-2,189,"FEB 28, 1993",25.0,2,Kentucky,203104,,Memphis Grizzlies,2017
1610612763,2017,00,Deyonta Davis,Deyonta,deyonta-davis,21,C-F,6-11,237,"DEC 02, 1996",21.0,1,Michigan State,1627738,,Memphis Grizzlies,2017
1610612763,2017,00,Ben McLemore,Ben,ben-mclemore,23,G,6-5,195,"FEB 11, 1993",25.0,4,Kansas,203463,,Memphis Grizzlies,2017
1610612763,2017,00,Dillon Brooks,Dillon,dillon-brooks,24,F-G,6-6,220,"JAN 22, 1996",22.0,R,Oregon,1628415,,Memphis Grizzlies,2017
1610612763,2017,00,Chandler Parsons,Chandler,chandler-parsons,25,F,6-10,230,"OCT 25, 1988",29.0,6,Florida,202718,,Memphis Grizzlies,2017
1610612763,2017,00,Marc Gasol,Marc,marc-gasol,33,C,7-1,255,"JAN 29, 1985",33.0,9,FC Barcelona,201188,,Memphis Grizzlies,2017
1610612763,2018,00,Avery Bradley,Avery,avery-bradley,0,G,6-2,180,"NOV 26, 1990",28.0,8,University of Texas at Austin,202340,,Memphis Grizzlies,2018
1610612763,2018,00,Kyle Anderson,Kyle,kyle-anderson,1,F,6-9,230,"SEP 20, 1993",25.0,4,UCLA,203937,,Memphis Grizzlies,2018
1610612763,2018,00,Delon Wright,Delon,delon-wright,2,G,6-5,183,"APR 26, 1992",27.0,3,Utah,1626153,,Memphis Grizzlies,2018
1610612763,2018,00,Jevon Carter,Jevon,jevon-carter,3,G,6-2,196,"SEP 14, 1995",23.0,R,West Virginia,1628975,,Memphis Grizzlies,2018
1610612763,2018,00,Julian Washburn,Julian,julian-washburn,4,F-G,6-8,209,"DEC 18, 1991",27.0,R,Texas-El Paso,1627395,,Memphis Grizzlies,2018
1610612763,2018,00,Bruno Caboclo,Bruno,bruno-caboclo,5,F,6-9,218,"SEP 21, 1995",23.0,4,Pinheiros,203998,,Memphis Grizzlies,2018
1610612763,2018,00,CJ Miles,CJ,cj-miles,6,F-G,6-6,220,"MAR 18, 1987",32.0,13,Skyline HS (TX),101139,,Memphis Grizzlies,2018
1610612763,2018,00,Justin Holiday,Justin,justin-holiday,7,F-G,6-6,181,"APR 05, 1989",30.0,5,Washington,203200,,Memphis Grizzlies,2018
1610612763,2018,00,Ivan Rabb,Ivan,ivan-rabb,10,F,6-10,220,"FEB 04, 1997",22.0,1,California,1628397,,Memphis Grizzlies,2018
1610612763,2018,00,Mike Conley,Mike,mike-conley,11,G,6-1,175,"OCT 11, 1987",31.0,11,Ohio State,201144,,Memphis Grizzlies,2018
1610612763,2018,00,Yuta Watanabe,Yuta,yuta-watanabe,12,G,6-9,205,"OCT 13, 1994",24.0,R,George Washington,1629139,,Memphis Grizzlies,2018
1610612763,2018,00,Jaren Jackson Jr.,Jaren,jaren-jackson-jr,13,F-C,6-11,242,"SEP 15, 1999",19.0,R,Michigan State,1628991,#4 Pick in 2018 Draft,Memphis Grizzlies,2018
1610612763,2018,00,Jonas Valančiūnas,Jonas,jonas-valančiūnas,17,C,7-0,265,"MAY 06, 1992",27.0,6,Lietuvos rytas Vilnius,202685,,Memphis Grizzlies,2018
1610612763,2018,00,Tyler Dorsey,Tyler,tyler-dorsey,22,G,6-5,183,"FEB 18, 1996",23.0,1,Oregon,1628416,,Memphis Grizzlies,2018
1610612763,2018,00,Dillon Brooks,Dillon,dillon-brooks,24,G-F,6-6,220,"JAN 22, 1996",23.0,1,Oregon,1628415,,Memphis Grizzlies,2018
1610612763,2018,00,Chandler Parsons,Chandler,chandler-parsons,25,F,6-10,230,"OCT 25, 1988",30.0,7,Florida,202718,,Memphis Grizzlies,2018
1610612763,2018,00,Tyler Zeller,Tyler,tyler-zeller,45,C,7-0,253,"JAN 17, 1990",29.0,6,North Carolina,203092,,Memphis Grizzlies,2018
1610612763,2018,00,Joakim Noah,Joakim,joakim-noah,55,C,6-11,230,"FEB 25, 1985",34.0,11,Florida,201149,,Memphis Grizzlies,2018
1610612763,2019,00,Jontay Porter,Jontay,jontay-porter,,C-F,6-11,240,"NOV 15, 1999",20.0,R,Missouri,1629007,,Memphis Grizzlies,2019
1610612763,2019,00,De'Anthony Melton,De'Anthony,deanthony-melton,0,G,6-2,200,"MAY 28, 1998",22.0,1,Southern California,1629001,,Memphis Grizzlies,2019
1610612763,2019,00,Kyle Anderson,Kyle,kyle-anderson,1,F-G,6-9,230,"SEP 20, 1993",26.0,5,UCLA,203937,,Memphis Grizzlies,2019
1610612763,2019,00,Grayson Allen,Grayson,grayson-allen,3,G,6-4,198,"OCT 08, 1995",24.0,1,Duke,1628960,,Memphis Grizzlies,2019
1610612763,2019,00,Justise Winslow,Justise,justise-winslow,7,F-G,6-6,222,"MAR 26, 1996",24.0,4,Duke,1626159,,Memphis Grizzlies,2019
1610612763,2019,00,Ja Morant,Ja,ja-morant,12,G,6-3,174,"AUG 10, 1999",20.0,R,Murray State,1629630,#2 Pick in 2019 Draft,Memphis Grizzlies,2019
1610612763,2019,00,Jaren Jackson Jr.,Jaren,jaren-jackson-jr,13,F-C,6-11,242,"SEP 15, 1999",20.0,1,Michigan State,1628991,#4 Pick in 2018 Draft,Memphis Grizzlies,2019
1610612763,2019,00,Gorgui Dieng,Gorgui,gorgui-dieng,14,C,6-10,252,"JAN 18, 1990",30.0,6,Louisville,203476,,Memphis Grizzlies,2019
1610612763,2019,00,Brandon Clarke,Brandon,brandon-clarke,15,F-G,6-8,215,"SEP 19, 1996",23.0,R,Gonzaga,1629634,Draft Rights Traded from OKC on 07/06/19,Memphis Grizzlies,2019
1610612763,2019,00,Jonas Valančiūnas,Jonas,jonas-valančiūnas,17,C,6-11,265,"MAY 06, 1992",28.0,7,Lietuvos rytas Vilnius,202685,,Memphis Grizzlies,2019
1610612763,2019,00,Yuta Watanabe,Yuta,yuta-watanabe,18,G-F,6-8,215,"OCT 13, 1994",25.0,1,George Washington,1629139,,Memphis Grizzlies,2019
1610612763,2019,00,Josh Jackson,Josh,josh-jackson,20,G-F,6-8,207,"FEB 10, 1997",23.0,2,Kansas,1628367,,Memphis Grizzlies,2019
1610612763,2019,00,Tyus Jones,Tyus,tyus-jones,21,G,6-0,196,"MAY 10, 1996",24.0,4,Duke,1626145,,Memphis Grizzlies,2019
1610612763,2019,00,Marko Guduric,Marko,marko-guduric,23,G,6-6,201,"MAR 08, 1995",25.0,R,Fenerbahce,1629741,,Memphis Grizzlies,2019
1610612763,2019,00,Dillon Brooks,Dillon,dillon-brooks,24,G-F,6-7,225,"JAN 22, 1996",24.0,2,Oregon,1628415,,Memphis Grizzlies,2019
1610612763,2019,00,Anthony Tolliver,Anthony,anthony-tolliver,44,F,6-8,240,"JUN 01, 1985",35.0,11,Creighton,201229,,Memphis Grizzlies,2019
1610612763,2019,00,John Konchar,John,john-konchar,46,G,6-5,210,"MAR 22, 1996",24.0,R,Indiana-Purdue Fort Wayne,1629723,Signed on 07/07/19,Memphis Grizzlies,2019
1610612763,2020,00,De'Anthony Melton,De'Anthony,deanthony-melton,0,G,6-2,200,"MAY 28, 1998",23.0,2,Southern California,1629001,,Memphis Grizzlies,2020
1610612763,2020,00,Kyle Anderson,Kyle,kyle-anderson,1,F-G,6-9,230,"SEP 20, 1993",27.0,6,UCLA,203937,,Memphis Grizzlies,2020
1610612763,2020,00,Xavier Tillman,Xavier,xavier-tillman,2,F,6-8,245,"JAN 12, 1999",22.0,R,Michigan State,1630214,,Memphis Grizzlies,2020
1610612763,2020,00,Grayson Allen,Grayson,grayson-allen,3,G,6-4,198,"OCT 08, 1995",25.0,2,Duke,1628960,,Memphis Grizzlies,2020
1610612763,2020,00,Jontay Porter,Jontay,jontay-porter,4,C-F,6-11,240,"NOV 15, 1999",21.0,R,Missouri,1629007,,Memphis Grizzlies,2020
1610612763,2020,00,Justise Winslow,Justise,justise-winslow,7,F-G,6-6,222,"MAR 26, 1996",25.0,5,Duke,1626159,,Memphis Grizzlies,2020
1610612763,2020,00,Tim Frazier,Tim,tim-frazier,10,G,6-0,170,"NOV 01, 1990",30.0,6,Penn State,204025,,Memphis Grizzlies,2020
1610612763,2020,00,Ja Morant,Ja,ja-morant,12,G,6-3,174,"AUG 10, 1999",21.0,1,Murray State,1629630,#2 Pick in 2019 Draft,Memphis Grizzlies,2020
1610612763,2020,00,Jaren Jackson Jr.,Jaren,jaren-jackson-jr,13,F-C,6-11,242,"SEP 15, 1999",21.0,2,Michigan State,1628991,#4 Pick in 2018 Draft,Memphis Grizzlies,2020
1610612763,2020,00,Brandon Clarke,Brandon,brandon-clarke,15,F,6-8,215,"SEP 19, 1996",24.0,1,Gonzaga,1629634,Draft Rights Traded from OKC on 07/06/19,Memphis Grizzlies,2020
1610612763,2020,00,Jonas Valančiūnas,Jonas,jonas-valančiūnas,17,C,6-11,265,"MAY 06, 1992",29.0,8,Lietuvos rytas Vilnius,202685,,Memphis Grizzlies,2020
1610612763,2020,00,Tyus Jones,Tyus,tyus-jones,21,G,6-0,196,"MAY 10, 1996",25.0,5,Duke,1626145,,Memphis Grizzlies,2020
1610612763,2020,00,Desmond Bane,Desmond,desmond-bane,22,G,6-5,215,"JUN 25, 1998",23.0,R,TCU,1630217,,Memphis Grizzlies,2020
1610612763,2020,00,Dillon Brooks,Dillon,dillon-brooks,24,G-F,6-7,225,"JAN 22, 1996",25.0,3,Oregon,1628415,,Memphis Grizzlies,2020
1610612763,2020,00,Sean McDermott,Sean,sean-mcdermott,30,F,6-6,195,"NOV 03, 1996",24.0,R,Butler,1630253,,Memphis Grizzlies,2020
1610612763,2020,00,Killian Tillie,Killian,killian-tillie,35,F-C,6-9,220,"MAR 05, 1998",23.0,R,Gonzaga,1629681,,Memphis Grizzlies,2020
1610612763,2020,00,John Konchar,John,john-konchar,46,G,6-5,210,"MAR 22, 1996",25.0,1,Indiana-Purdue Fort Wayne,1629723,Signed on 07/07/19,Memphis Grizzlies,2020
1610612763,2021,00,De'Anthony Melton,De'Anthony,deanthony-melton,0,G,6-2,200,"MAY 28, 1998",24.0,3,Southern California,1629001,,Memphis Grizzlies,2021
1610612763,2021,00,Kyle Anderson,Kyle,kyle-anderson,1,F-G,6-9,230,"SEP 20, 1993",28.0,7,UCLA,203937,,Memphis Grizzlies,2021
1610612763,2021,00,Xavier Tillman,Xavier,xavier-tillman,2,F,6-8,245,"JAN 12, 1999",23.0,1,Michigan State,1630214,,Memphis Grizzlies,2021
1610612763,2021,00,Tyrell Terry,Tyrell,tyrell-terry,3,G,6-2,160,"SEP 28, 2000",21.0,1,Stanford,1630179,,Memphis Grizzlies,2021
1610612763,2021,00,Steven Adams,Steven,steven-adams,4,C,6-11,265,"JUL 20, 1993",28.0,8,Pittsburgh,203500,,Memphis Grizzlies,2021
1610612763,2021,00,Yves Pons,Yves,yves-pons,5,F,6-5,206,"MAY 07, 1999",23.0,R,Tennessee,1630582,,Memphis Grizzlies,2021
1610612763,2021,00,Santi Aldama,Santi,santi-aldama,7,F-C,6-11,215,"JAN 10, 2001",21.0,R,Loyola-Maryland,1630583,Draft Rights Traded from UTA on 08/07/21,Memphis Grizzlies,2021
1610612763,2021,00,Ziaire Williams,Ziaire,ziaire-williams,8,F,6-9,185,"SEP 12, 2001",20.0,R,Stanford,1630533,,Memphis Grizzlies,2021
1610612763,2021,00,Ja Morant,Ja,ja-morant,12,G,6-3,174,"AUG 10, 1999",22.0,2,Murray State,1629630,#2 Pick in 2019 Draft,Memphis Grizzlies,2021
1610612763,2021,00,Jaren Jackson Jr.,Jaren,jaren-jackson-jr,13,F-C,6-11,242,"SEP 15, 1999",22.0,3,Michigan State,1628991,#4 Pick in 2018 Draft,Memphis Grizzlies,2021
1610612763,2021,00,Brandon Clarke,Brandon,brandon-clarke,15,F,6-8,215,"SEP 19, 1996",25.0,2,Gonzaga,1629634,Draft Rights Traded from OKC on 07/06/19,Memphis Grizzlies,2021
1610612763,2021,00,Tyus Jones,Tyus,tyus-jones,21,G,6-0,196,"MAY 10, 1996",26.0,6,Duke,1626145,,Memphis Grizzlies,2021
1610612763,2021,00,Desmond Bane,Desmond,desmond-bane,22,G,6-5,215,"JUN 25, 1998",24.0,1,TCU,1630217,,Memphis Grizzlies,2021
1610612763,2021,00,Jarrett Culver,Jarrett,jarrett-culver,23,G-F,6-6,195,"FEB 20, 1999",23.0,2,Texas Tech,1629633,,Memphis Grizzlies,2021
1610612763,2021,00,Dillon Brooks,Dillon,dillon-brooks,24,G-F,6-7,225,"JAN 22, 1996",26.0,4,Oregon,1628415,,Memphis Grizzlies,2021
1610612763,2021,00,Killian Tillie,Killian,killian-tillie,35,F-C,6-9,220,"MAR 05, 1998",24.0,1,Gonzaga,1629681,,Memphis Grizzlies,2021
1610612763,2021,00,John Konchar,John,john-konchar,46,G,6-5,210,"MAR 22, 1996",26.0,2,Indiana-Purdue Fort Wayne,1629723,Signed on 07/07/19,Memphis Grizzlies,2021
1610612763,2022,00,Jacob Gilyard,Jacob,jacob-gilyard,,G,5-9,160,"JUL 14, 1998",24.0,R,Richmond,1631367,,Memphis Grizzlies,2022
1610612763,2022,00,Xavier Tillman,Xavier,xavier-tillman,2,F,6-7,245,"JAN 12, 1999",24.0,2,Michigan State,1630214,,Memphis Grizzlies,2022
1610612763,2022,00,Jake LaRavia,Jake,jake-laravia,3,F,6-7,235,"NOV 03, 2001",21.0,R,Wake Forest,1631222,,Memphis Grizzlies,2022
1610612763,2022,00,Steven Adams,Steven,steven-adams,4,C,6-11,265,"JUL 20, 1993",29.0,9,Pittsburgh,203500,,Memphis Grizzlies,2022
1610612763,2022,00,Vince Williams Jr.,Vince,vince-williams-jr,5,G,6-4,205,"AUG 30, 2000",22.0,R,Virginia Commonwealth,1631246,#47 Pick in 2022 Draft,Memphis Grizzlies,2022
1610612763,2022,00,Kenneth Lofton Jr.,Kenneth,kenneth-lofton-jr,6,F,6-6,275,"AUG 14, 2002",20.0,R,Louisiana Tech,1631254,,Memphis Grizzlies,2022
1610612763,2022,00,Santi Aldama,Santi,santi-aldama,7,F-C,7-0,215,"JAN 10, 2001",22.0,1,Loyola-Maryland,1630583,Draft Rights Traded from UTA on 08/07/21,Memphis Grizzlies,2022
1610612763,2022,00,Ziaire Williams,Ziaire,ziaire-williams,8,F,6-9,185,"SEP 12, 2001",21.0,1,Stanford,1630533,,Memphis Grizzlies,2022
1610612763,2022,00,Luke Kennard,Luke,luke-kennard,10,G,6-5,206,"JUN 24, 1996",27.0,5,Duke,1628379,,Memphis Grizzlies,2022
1610612763,2022,00,Ja Morant,Ja,ja-morant,12,G,6-2,174,"AUG 10, 1999",23.0,3,Murray State,1629630,#2 Pick in 2019 Draft,Memphis Grizzlies,2022
1610612763,2022,00,Jaren Jackson Jr.,Jaren,jaren-jackson-jr,13,F-C,6-10,242,"SEP 15, 1999",23.0,4,Michigan State,1628991,#4 Pick in 2018 Draft,Memphis Grizzlies,2022
1610612763,2022,00,Brandon Clarke,Brandon,brandon-clarke,15,F,6-8,215,"SEP 19, 1996",26.0,3,Gonzaga,1629634,Draft Rights Traded from OKC on 07/06/19,Memphis Grizzlies,2022
1610612763,2022,00,Tyus Jones,Tyus,tyus-jones,21,G,6-2,196,"MAY 10, 1996",27.0,7,Duke,1626145,,Memphis Grizzlies,2022
1610612763,2022,00,Desmond Bane,Desmond,desmond-bane,22,G,6-5,215,"JUN 25, 1998",25.0,2,TCU,1630217,,Memphis Grizzlies,2022
1610612763,2022,00,Dillon Brooks,Dillon,dillon-brooks,24,G-F,6-6,225,"JAN 22, 1996",27.0,5,Oregon,1628415,,Memphis Grizzlies,2022
1610612763,2022,00,David Roddy,David,david-roddy,27,F,6-4,255,"MAR 27, 2001",22.0,R,Colorado State,1631223,,Memphis Grizzlies,2022
1610612763,2022,00,John Konchar,John,john-konchar,46,G,6-5,210,"MAR 22, 1996",27.0,3,Indiana-Purdue Fort Wayne,1629723,Signed on 07/07/19,Memphis Grizzlies,2022
1610612763,2023,00,Jordan Goodwin,Jordan,jordan-goodwin,0,G,6-4,200,"OCT 23, 1998",25.0,2,St. Louis,1630692,,Memphis Grizzlies,2023
1610612763,2023,00,Scotty Pippen Jr.,Scotty,scotty-pippen-jr,1,G,6-1,170,"NOV 10, 2000",23.0,1,Vanderbilt,1630590,Signed on 01/16/24,Memphis Grizzlies,2023
1610612763,2023,00,Jake LaRavia,Jake,jake-laravia,3,F,6-7,235,"NOV 03, 2001",22.0,1,Wake Forest,1631222,,Memphis Grizzlies,2023
1610612763,2023,00,Vince Williams Jr.,Vince,vince-williams-jr,5,G,6-4,205,"AUG 30, 2000",23.0,1,Virginia Commonwealth,1631246,#47 Pick in 2022 Draft,Memphis Grizzlies,2023
1610612763,2023,00,Santi Aldama,Santi,santi-aldama,7,F-C,7-0,215,"JAN 10, 2001",23.0,2,Loyola-Maryland,1630583,Draft Rights Traded from UTA on 08/07/21,Memphis Grizzlies,2023
1610612763,2023,00,Ziaire Williams,Ziaire,ziaire-williams,8,F,6-9,185,"SEP 12, 2001",22.0,2,Stanford,1630533,,Memphis Grizzlies,2023
1610612763,2023,00,Luke Kennard,Luke,luke-kennard,10,G,6-5,206,"JUN 24, 1996",28.0,6,Duke,1628379,,Memphis Grizzlies,2023
1610612763,2023,00,Ja Morant,Ja,ja-morant,12,G,6-2,174,"AUG 10, 1999",24.0,4,Murray State,1629630,#2 Pick in 2019 Draft,Memphis Grizzlies,2023
1610612763,2023,00,Jaren Jackson Jr.,Jaren,jaren-jackson-jr,13,F-C,6-10,242,"SEP 15, 1999",24.0,5,Michigan State,1628991,#4 Pick in 2018 Draft,Memphis Grizzlies,2023
1610612763,2023,00,Brandon Clarke,Brandon,brandon-clarke,15,F,6-8,215,"SEP 19, 1996",27.0,4,Gonzaga,1629634,Draft Rights Traded from OKC on 07/06/19,Memphis Grizzlies,2023
1610612763,2023,00,Yuta Watanabe,Yuta,yuta-watanabe,18,G-F,6-9,215,"OCT 13, 1994",29.0,5,George Washington,1629139,,Memphis Grizzlies,2023
1610612763,2023,00,Desmond Bane,Desmond,desmond-bane,22,G,6-5,215,"JUN 25, 1998",26.0,3,TCU,1630217,,Memphis Grizzlies,2023
1610612763,2023,00,Derrick Rose,Derrick,derrick-rose,23,G,6-3,200,"OCT 04, 1988",35.0,14,Memphis,201565,,Memphis Grizzlies,2023
1610612763,2023,00,Lamar Stevens,Lamar,lamar-stevens,24,F,6-7,230,"JUL 09, 1997",26.0,3,Penn State,1630205,,Memphis Grizzlies,2023
1610612763,2023,00,Marcus Smart,Marcus,marcus-smart,36,G,6-3,220,"MAR 06, 1994",30.0,9,Oklahoma State,203935,,Memphis Grizzlies,2023
1610612763,2023,00,GG Jackson,GG,gg-jackson,45,F,6-9,210,"DEC 17, 2004",19.0,R,South Carolina,1641713,#45 Pick in 2023 Draft,Memphis Grizzlies,2023
1610612763,2023,00,John Konchar,John,john-konchar,46,G,6-5,210,"MAR 22, 1996",28.0,4,Indiana-Purdue Fort Wayne,1629723,Signed on 07/07/19,Memphis Grizzlies,2023
1610612763,2023,00,Trey Jemison III,Trey,trey-jemison-iii,55,C,6-10,260,"NOV 28, 1999",24.0,R,Alabama-Birmingham,1641998,,Memphis Grizzlies,2023
1610612763,2024,00,Zyon Pullin,Zyon,zyon-pullin,,G,6-4,206,"MAR 03, 2001",24.0,R,Florida,1642389,,Memphis Grizzlies,2024
1610612763,2024,00,Jaylen Wells,Jaylen,jaylen-wells,0,F,6-8,,"AUG 26, 2003",21.0,R,Washington State,1642377,#39 Pick in 2024 Draft,Memphis Grizzlies,2024
1610612763,2024,00,Scotty Pippen Jr.,Scotty,scotty-pippen-jr,1,G,6-1,170,"NOV 10, 2000",24.0,2,Vanderbilt,1630590,Signed on 01/16/24,Memphis Grizzlies,2024
1610612763,2024,00,Kentavious Caldwell-Pope,Kentavious,kentavious-caldwell-pope,3,G,6-5,204,"FEB 18, 1993",32.0,11,Georgia,203484,Traded from ORL on 06/15/25,Memphis Grizzlies,2024
1610612763,2024,00,Vince Williams Jr.,Vince,vince-williams-jr,5,G,6-4,205,"AUG 30, 2000",24.0,2,Virginia Commonwealth,1631246,#47 Pick in 2022 Draft,Memphis Grizzlies,2024
1610612763,2024,00,Santi Aldama,Santi,santi-aldama,7,F-C,7-0,215,"JAN 10, 2001",24.0,3,Loyola-Maryland,1630583,Draft Rights Traded from UTA on 08/07/21,Memphis Grizzlies,2024
1610612763,2024,00,Lamar Stevens,Lamar,lamar-stevens,8,F,6-7,230,"JUL 09, 1997",27.0,4,Penn State,1630205,,Memphis Grizzlies,2024
1610612763,2024,00,Luke Kennard,Luke,luke-kennard,10,G,6-5,206,"JUN 24, 1996",29.0,7,Duke,1628379,,Memphis Grizzlies,2024
1610612763,2024,00,Ja Morant,Ja,ja-morant,12,G,6-2,174,"AUG 10, 1999",25.0,5,Murray State,1629630,#2 Pick in 2019 Draft,Memphis Grizzlies,2024
1610612763,2024,00,Jaren Jackson Jr.,Jaren,jaren-jackson-jr,13,F-C,6-10,242,"SEP 15, 1999",25.0,6,Michigan State,1628991,#4 Pick in 2018 Draft,Memphis Grizzlies,2024
1610612763,2024,00,Zach Edey,Zach,zach-edey,14,C,7-4,305,"MAY 14, 2002",23.0,R,Purdue,1641744,#9 Pick in 2024 Draft,Memphis Grizzlies,2024
1610612763,2024,00,Brandon Clarke,Brandon,brandon-clarke,15,F,6-8,215,"SEP 19, 1996",28.0,5,Gonzaga,1629634,Draft Rights Traded from OKC on 07/06/19,Memphis Grizzlies,2024
1610612763,2024,00,Yuki Kawamura,Yuki,yuki-kawamura,17,G,5-8,159,"MAY 02, 2001",24.0,R,Yokohama B-Corsairs (Japan),1642530,,Memphis Grizzlies,2024
1610612763,2024,00,Cam Spencer,Cam,cam-spencer,24,G,6-4,205,"APR 06, 2000",25.0,R,Connecticut,1642285,Draft Rights Traded from DET on 07/06/24,Memphis Grizzlies,2024
1610612763,2024,00,Jay Huff,Jay,jay-huff,30,C,7-1,240,"AUG 25, 1997",27.0,3,Virginia,1630643,,Memphis Grizzlies,2024
1610612763,2024,00,Marvin Bagley III,Marvin,marvin-bagley-iii,35,F,6-10,235,"MAR 14, 1999",26.0,6,Duke,1628963,,Memphis Grizzlies,2024
1610612763,2024,00,GG Jackson,GG,gg-jackson,45,F,6-9,210,"DEC 17, 2004",20.0,1,South Carolina,1641713,#45 Pick in 2023 Draft,Memphis Grizzlies,2024
1610612763,2024,00,John Konchar,John,john-konchar,46,G,6-5,210,"MAR 22, 1996",29.0,5,Indiana-Purdue Fort Wayne,1629723,Signed on 07/07/19,Memphis Grizzlies,2024
1610612763,2024,00,Cole Anthony,Cole,cole-anthony,50,G,6-2,185,"MAY 15, 2000",25.0,4,North Carolina,1630175,,Memphis Grizzlies,2024
1610612763,2025,00,Lawson Lovering,Lawson,lawson-lovering,,C,7-0,,"MAY 09, 2003",22.0,R,Utah,1643133,Signed on 09/06/25,Memphis Grizzlies,2025
1610612763,2025,00,Jaylen Wells,Jaylen,jaylen-wells,0,F,6-7,,"AUG 26, 2003",22.0,1,Washington State,1642377,#39 Pick in 2024 Draft,Memphis Grizzlies,2025
1610612763,2025,00,Scotty Pippen Jr.,Scotty,scotty-pippen-jr,1,G,6-2,170,"NOV 10, 2000",24.0,3,Vanderbilt,1630590,Signed on 01/16/24,Memphis Grizzlies,2025
1610612763,2025,00,Ty Jerome,Ty,ty-jerome,2,G-F,6-5,195,"JUL 08, 1997",28.0,6,Virginia,1629660,Signed on 07/14/25,Memphis Grizzlies,2025
1610612763,2025,00,Kentavious Caldwell-Pope,Kentavious,kentavious-caldwell-pope,3,G,6-5,204,"FEB 18, 1993",32.0,12,Georgia,203484,Traded from ORL on 06/15/25,Memphis Grizzlies,2025
1610612763,2025,00,Charlie Brown Jr.,Charlie,charlie-brown-jr,4,G,6-6,199,"FEB 02, 1997",28.0,4,St. Joseph's (PA),1629718,Signed on 10/13/25,Memphis Grizzlies,2025
1610612763,2025,00,Vince Williams Jr.,Vince,vince-williams-jr,5,G,6-4,205,"AUG 30, 2000",25.0,3,Virginia Commonwealth,1631246,#47 Pick in 2022 Draft,Memphis Grizzlies,2025
1610612763,2025,00,Santi Aldama,Santi,santi-aldama,7,F-C,7-0,215,"JAN 10, 2001",24.0,4,Loyola-Maryland,1630583,Draft Rights Traded from UTA on 08/07/21,Memphis Grizzlies,2025
1610612763,2025,00,Jaren Jackson Jr.,Jaren,jaren-jackson-jr,8,F-C,6-10,242,"SEP 15, 1999",26.0,7,Michigan State,1628991,#4 Pick in 2018 Draft,Memphis Grizzlies,2025
1610612763,2025,00,Olivier-Maxence Prosper,Olivier-Maxence,olivier-maxence-prosper,8,F,6-7,230,"JUL 03, 2002",23.0,2,Marquette,1641765,Signed on 09/04/25,Memphis Grizzlies,2025
1610612763,2025,00,Javon Small,Javon,javon-small,10,G,6-1,190,"DEC 19, 2002",22.0,R,West Virginia,1642914,#48 Pick in 2025 Draft,Memphis Grizzlies,2025
1610612763,2025,00,Ja Morant,Ja,ja-morant,12,G,6-2,174,"AUG 10, 1999",26.0,6,Murray State,1629630,#2 Pick in 2019 Draft,Memphis Grizzlies,2025
1610612763,2025,00,Braxton Key,Braxton,braxton-key,12,F,6-7,225,"FEB 14, 1997",28.0,4,Virginia,1630296,Signed on 09/23/25,Memphis Grizzlies,2025
1610612763,2025,00,Zach Edey,Zach,zach-edey,14,C,7-3,305,"MAY 14, 2002",23.0,1,Purdue,1641744,#9 Pick in 2024 Draft,Memphis Grizzlies,2025
1610612763,2025,00,Brandon Clarke,Brandon,brandon-clarke,15,F,6-8,215,"SEP 19, 1996",29.0,6,Gonzaga,1629634,Draft Rights Traded from OKC on 07/06/19,Memphis Grizzlies,2025
1610612763,2025,00,PJ Hall,PJ,pj-hall,16,C,6-8,245,"FEB 21, 2002",23.0,1,Clemson,1641790,Signed on 07/20/25,Memphis Grizzlies,2025
1610612763,2025,00,Cedric Coward,Cedric,cedric-coward,23,G,6-5,206,"SEP 11, 2003",22.0,R,Washington State,1642907,Draft Rights Traded from POR on 06/25/25,Memphis Grizzlies,2025
1610612763,2025,00,Cam Spencer,Cam,cam-spencer,24,G,6-3,205,"APR 06, 2000",25.0,1,Connecticut,1642285,Draft Rights Traded from DET on 07/06/24,Memphis Grizzlies,2025
1610612763,2025,00,Jock Landale,Jock,jock-landale,31,C,6-11,255,"OCT 25, 1995",29.0,4,St. Mary's,1629111,Signed on 07/15/25,Memphis Grizzlies,2025
1610612763,2025,00,GG Jackson,GG,gg-jackson,45,F,6-9,210,"DEC 17, 2004",20.0,2,South Carolina,1641713,#45 Pick in 2023 Draft,Memphis Grizzlies,2025
1610612763,2025,00,John Konchar,John,john-konchar,46,G,6-5,210,"MAR 22, 1996",29.0,6,Indiana-Purdue Fort Wayne,1629723,Signed on 07/07/19,Memphis Grizzlies,2025
1610612764,2015,00,Jared Dudley,Jared,jared-dudley,1,F,6-7,225,"JUL 10, 1985",30.0,8,Boston College,201162,,Washington Wizards,2015
1610612764,2015,00,John Wall,John,john-wall,2,G,6-4,195,"SEP 06, 1990",25.0,5,Kentucky,202322,,Washington Wizards,2015
1610612764,2015,00,Bradley Beal,Bradley,bradley-beal,3,G,6-5,207,"JUN 28, 1993",23.0,3,Florida,203078,,Washington Wizards,2015
1610612764,2015,00,Markieff Morris,Markieff,markieff-morris,5,F,6-10,245,"SEP 02, 1989",26.0,4,Kansas,202693,,Washington Wizards,2015
1610612764,2015,00,Alan Anderson,Alan,alan-anderson,6,F-G,6-6,220,"OCT 16, 1982",33.0,6,Michigan State,101187,,Washington Wizards,2015
1610612764,2015,00,Ramon Sessions,Ramon,ramon-sessions,7,G,6-3,190,"APR 11, 1986",30.0,8,Nevada-Reno,201196,,Washington Wizards,2015
1610612764,2015,00,Jarell Eddie,Jarell,jarell-eddie,8,G-F,6-7,218,"OCT 30, 1991",24.0,R,Virginia Tech,204067,,Washington Wizards,2015
1610612764,2015,00,Kelly Oubre Jr.,Kelly,kelly-oubre-jr,12,F,6-7,205,"DEC 09, 1995",20.0,R,Kansas,1626162,,Washington Wizards,2015
1610612764,2015,00,Marcin Gortat,Marcin,marcin-gortat,13,C,6-11,240,"FEB 17, 1984",32.0,8,RheinEnergie Cologne,101162,,Washington Wizards,2015
1610612764,2015,00,Marcus Thornton,Marcus,marcus-thornton,15,F-G,6-4,205,"JUN 05, 1987",29.0,6,Louisiana State,201977,,Washington Wizards,2015
1610612764,2015,00,Garrett Temple,Garrett,garrett-temple,17,G,6-6,195,"MAY 08, 1986",30.0,5,Louisiana State,202066,,Washington Wizards,2015
1610612764,2015,00,JJ Hickson,JJ,jj-hickson,21,C-F,6-9,242,"SEP 04, 1988",27.0,7,North Carolina State,201581,,Washington Wizards,2015
1610612764,2015,00,Otto Porter Jr.,Otto,otto-porter-jr,22,F,6-8,198,"JUN 03, 1993",23.0,2,Georgetown,203490,,Washington Wizards,2015
1610612764,2015,00,Nene,Nene,nene-hilario,42,F-C,6-11,250,"SEP 13, 1982",33.0,13,Vasco de Gama,2403,,Washington Wizards,2015
1610612764,2015,00,Drew Gooden,Drew,drew-gooden,90,F,6-10,250,"SEP 24, 1981",34.0,13,Kansas,2400,,Washington Wizards,2015
1610612764,2016,00,Chris McCullough,Chris,chris-mccullough,1,F,6-9,215,"FEB 05, 1995",22.0,1,Syracuse,1626191,,Washington Wizards,2016
1610612764,2016,00,John Wall,John,john-wall,2,G,6-4,210,"SEP 06, 1990",26.0,6,Kentucky,202322,,Washington Wizards,2016
1610612764,2016,00,Bradley Beal,Bradley,bradley-beal,3,G,6-5,207,"JUN 28, 1993",24.0,4,Florida,203078,,Washington Wizards,2016
1610612764,2016,00,Markieff Morris,Markieff,markieff-morris,5,F,6-10,245,"SEP 02, 1989",27.0,5,Kansas,202693,,Washington Wizards,2016
1610612764,2016,00,Brandon Jennings,Brandon,brandon-jennings,7,G,6-1,170,"SEP 23, 1989",27.0,7,Virtus Roma,201943,,Washington Wizards,2016
1610612764,2016,00,Sheldon Mac,Sheldon,sheldon-mac,9,G-F,6-6,200,"DEC 21, 1992",24.0,R,Miami,1627815,,Washington Wizards,2016
1610612764,2016,00,Kelly Oubre Jr.,Kelly,kelly-oubre-jr,12,F,6-7,205,"DEC 09, 1995",21.0,1,Kansas,1626162,,Washington Wizards,2016
1610612764,2016,00,Marcin Gortat,Marcin,marcin-gortat,13,C,6-11,240,"FEB 17, 1984",33.0,9,RheinEnergie Cologne,101162,,Washington Wizards,2016
1610612764,2016,00,Jason Smith,Jason,jason-smith,14,F-C,7-0,240,"MAR 02, 1986",31.0,8,Colorado State,201160,,Washington Wizards,2016
1610612764,2016,00,Otto Porter Jr.,Otto,otto-porter-jr,22,F,6-8,198,"JUN 03, 1993",24.0,3,Georgetown,203490,,Washington Wizards,2016
1610612764,2016,00,Ian Mahinmi,Ian,ian-mahinmi,28,C,6-11,262,"NOV 05, 1986",30.0,8,Pau Orthez,101133,,Washington Wizards,2016
1610612764,2016,00,Tomas Satoransky,Tomas,tomas-satoransky,31,G-F,6-7,210,"OCT 30, 1991",25.0,R,FC Barcelona,203107,,Washington Wizards,2016
1610612764,2016,00,Daniel Ochefu,Daniel,daniel-ochefu,32,F,6-11,245,"DEC 15, 1993",23.0,R,Villanova,1627849,,Washington Wizards,2016
1610612764,2016,00,Trey Burke,Trey,trey-burke,33,G,6-1,191,"NOV 12, 1992",24.0,3,Michigan,203504,,Washington Wizards,2016
1610612764,2016,00,Bojan Bogdanovic,Bojan,bojan-bogdanovic,44,G,6-8,225,"APR 18, 1989",28.0,2,Fenerbahce,202711,,Washington Wizards,2016
1610612764,2017,00,Chris McCullough,Chris,chris-mccullough,1,F,6-9,215,"FEB 05, 1995",23.0,2,Syracuse,1626191,,Washington Wizards,2017
1610612764,2017,00,John Wall,John,john-wall,2,G,6-4,210,"SEP 06, 1990",27.0,7,Kentucky,202322,,Washington Wizards,2017
1610612764,2017,00,Bradley Beal,Bradley,bradley-beal,3,G,6-5,207,"JUN 28, 1993",25.0,5,Florida,203078,,Washington Wizards,2017
1610612764,2017,00,Ty Lawson,Ty,ty-lawson,4,G,5-11,195,"NOV 03, 1987",30.0,8,North Carolina,201951,,Washington Wizards,2017
1610612764,2017,00,Markieff Morris,Markieff,markieff-morris,5,F,6-10,245,"SEP 02, 1989",28.0,6,Kansas,202693,,Washington Wizards,2017
1610612764,2017,00,Devin Robinson,Devin,devin-robinson,7,F,6-8,200,"MAR 07, 1995",23.0,R,Florida,1628421,,Washington Wizards,2017
1610612764,2017,00,Tim Frazier,Tim,tim-frazier,8,G,6-1,170,"NOV 01, 1990",27.0,3,Penn State,204025,,Washington Wizards,2017
1610612764,2017,00,Ramon Sessions,Ramon,ramon-sessions,9,G,6-3,190,"APR 11, 1986",32.0,10,Nevada-Reno,201196,,Washington Wizards,2017
1610612764,2017,00,Kelly Oubre Jr.,Kelly,kelly-oubre-jr,12,F,6-7,205,"DEC 09, 1995",22.0,2,Kansas,1626162,,Washington Wizards,2017
1610612764,2017,00,Marcin Gortat,Marcin,marcin-gortat,13,C,6-11,240,"FEB 17, 1984",34.0,10,RheinEnergie Cologne,101162,,Washington Wizards,2017
1610612764,2017,00,Jason Smith,Jason,jason-smith,14,F-C,7-0,240,"MAR 02, 1986",32.0,9,Colorado State,201160,,Washington Wizards,2017
1610612764,2017,00,Jodie Meeks,Jodie,jodie-meeks,20,G,6-4,210,"AUG 21, 1987",30.0,8,Kentucky,201975,,Washington Wizards,2017
1610612764,2017,00,Otto Porter Jr.,Otto,otto-porter-jr,22,F,6-8,198,"JUN 03, 1993",25.0,4,Georgetown,203490,,Washington Wizards,2017
1610612764,2017,00,Ian Mahinmi,Ian,ian-mahinmi,28,C,6-11,262,"NOV 05, 1986",31.0,9,Pau Orthez,101133,,Washington Wizards,2017
1610612764,2017,00,Mike Scott,Mike,mike-scott,30,F,6-8,237,"JUL 16, 1988",29.0,5,Virginia,203118,,Washington Wizards,2017
1610612764,2017,00,Tomas Satoransky,Tomas,tomas-satoransky,31,G-F,6-7,210,"OCT 30, 1991",26.0,1,FC Barcelona,203107,,Washington Wizards,2017
1610612764,2018,00,Trevor Ariza,Trevor,trevor-ariza,1,F,6-8,215,"JUN 30, 1985",33.0,14,UCLA,2772,,Washington Wizards,2018
1610612764,2018,00,John Wall,John,john-wall,2,G,6-4,210,"SEP 06, 1990",28.0,8,Kentucky,202322,,Washington Wizards,2018
1610612764,2018,00,Bradley Beal,Bradley,bradley-beal,3,G,6-5,207,"JUN 28, 1993",26.0,6,Florida,203078,,Washington Wizards,2018
1610612764,2018,00,Wesley Johnson,Wesley,wesley-johnson,4,F-G,6-7,215,"JUL 11, 1987",31.0,8,Syracuse,202325,,Washington Wizards,2018
1610612764,2018,00,Bobby Portis,Bobby,bobby-portis,5,F,6-11,250,"FEB 10, 1995",24.0,3,Arkansas,1626171,,Washington Wizards,2018
1610612764,2018,00,Troy Brown Jr.,Troy,troy-brown-jr,6,F,6-7,215,"JUL 28, 1999",19.0,R,Oregon,1628972,,Washington Wizards,2018
1610612764,2018,00,Devin Robinson,Devin,devin-robinson,7,F,6-8,200,"MAR 07, 1995",24.0,1,Florida,1628421,,Washington Wizards,2018
1610612764,2018,00,Sam Dekker,Sam,sam-dekker,8,F,6-9,230,"MAY 06, 1994",25.0,3,Wisconsin,1626155,,Washington Wizards,2018
1610612764,2018,00,Chasson Randle,Chasson,chasson-randle,9,G,6-2,185,"FEB 05, 1993",26.0,1,Stanford,1626184,,Washington Wizards,2018
1610612764,2018,00,Jabari Parker,Jabari,jabari-parker,12,F,6-8,245,"MAR 15, 1995",24.0,4,Duke,203953,,Washington Wizards,2018
1610612764,2018,00,Thomas Bryant,Thomas,thomas-bryant,13,C,6-11,248,"JUL 31, 1997",21.0,1,Indiana,1628418,,Washington Wizards,2018
1610612764,2018,00,Dwight Howard,Dwight,dwight-howard,21,C,6-11,265,"DEC 08, 1985",33.0,14,SW Atlanta Christian Academy (GA),2730,,Washington Wizards,2018
1610612764,2018,00,Tarik Phillip,Tarik,tarik-phillip,22,G,6-3,195,"AUG 10, 1993",25.0,R,West Virginia,1629341,,Washington Wizards,2018
1610612764,2018,00,Ian Mahinmi,Ian,ian-mahinmi,28,C,6-11,262,"NOV 05, 1986",32.0,10,Pau Orthez,101133,,Washington Wizards,2018
1610612764,2018,00,Tomas Satoransky,Tomas,tomas-satoransky,31,G-F,6-7,210,"OCT 30, 1991",27.0,2,FC Barcelona,203107,,Washington Wizards,2018
1610612764,2018,00,Jeff Green,Jeff,jeff-green,32,F,6-9,235,"AUG 28, 1986",32.0,11,Georgetown,201145,,Washington Wizards,2018
1610612764,2018,00,Jordan McRae,Jordan,jordan-mcrae,52,G,6-5,179,"MAR 28, 1991",28.0,2,Tennessee,203895,,Washington Wizards,2018
1610612764,2019,00,Admiral Schofield,Admiral,admiral-schofield,1,G-F,6-5,241,"MAR 30, 1997",23.0,R,Tennessee,1629678,,Washington Wizards,2019
1610612764,2019,00,John Wall,John,john-wall,2,G,6-4,210,"SEP 06, 1990",29.0,9,Kentucky,202322,,Washington Wizards,2019
1610612764,2019,00,Bradley Beal,Bradley,bradley-beal,3,G,6-3,207,"JUN 28, 1993",27.0,7,Florida,203078,,Washington Wizards,2019
1610612764,2019,00,Shabazz Napier,Shabazz,shabazz-napier,5,G,6-0,175,"JUL 14, 1991",28.0,5,Connecticut,203894,,Washington Wizards,2019
1610612764,2019,00,Troy Brown Jr.,Troy,troy-brown-jr,6,G-F,6-6,215,"JUL 28, 1999",20.0,1,Oregon,1628972,,Washington Wizards,2019
1610612764,2019,00,Jarrod Uthoff,Jarrod,jarrod-uthoff,7,F,6-9,220,"MAY 19, 1993",27.0,1,Iowa,1627784,,Washington Wizards,2019
1610612764,2019,00,Rui Hachimura,Rui,rui-hachimura,8,F,6-8,230,"FEB 08, 1998",22.0,R,Gonzaga,1629060,,Washington Wizards,2019
1610612764,2019,00,Jerome Robinson,Jerome,jerome-robinson,12,G,6-4,190,"FEB 22, 1997",23.0,1,Boston College,1629010,,Washington Wizards,2019
1610612764,2019,00,Thomas Bryant,Thomas,thomas-bryant,13,C-F,6-10,248,"JUL 31, 1997",22.0,2,Indiana,1628418,,Washington Wizards,2019
1610612764,2019,00,Ish Smith,Ish,ish-smith,14,G,6-0,175,"JUL 05, 1988",31.0,9,Wake Forest,202397,,Washington Wizards,2019
1610612764,2019,00,Isaac Bonga,Isaac,isaac-bonga,17,G,6-8,180,"NOV 08, 1999",20.0,1,Skyliners Frankfurt,1629067,,Washington Wizards,2019
1610612764,2019,00,Anžejs Pasečņiks,Anžejs,anžejs-pasečņiks,18,C-F,7-2,229,"DEC 20, 1995",24.0,R,Gran Canaria,1628394,,Washington Wizards,2019
1610612764,2019,00,Johnathan Williams,Johnathan,johnathan-williams,19,F,6-9,228,"MAY 22, 1995",25.0,1,Gonzaga,1629140,,Washington Wizards,2019
1610612764,2019,00,Gary Payton II,Gary,gary-payton-ii,20,G,6-3,195,"DEC 01, 1992",27.0,3,Oregon State,1627780,,Washington Wizards,2019
1610612764,2019,00,Moritz Wagner,Moritz,moritz-wagner,21,F-C,6-11,245,"APR 26, 1997",23.0,1,Michigan,1629021,,Washington Wizards,2019
1610612764,2019,00,Jerian Grant,Jerian,jerian-grant,22,G,6-4,198,"OCT 09, 1992",27.0,4,Notre Dame,1626170,,Washington Wizards,2019
1610612764,2019,00,Garrison Mathews,Garrison,garrison-mathews,24,G,6-5,215,"OCT 24, 1996",23.0,R,Lipscomb,1629726,,Washington Wizards,2019
1610612764,2019,00,Ian Mahinmi,Ian,ian-mahinmi,28,C,6-11,262,"NOV 05, 1986",33.0,11,Pau Orthez,101133,,Washington Wizards,2019
1610612764,2019,00,Davis Bertans,Davis,davis-bertans,42,F,6-10,225,"NOV 12, 1992",27.0,3,Baskonia,202722,,Washington Wizards,2019
1610612764,2020,00,Caleb Homesley,Caleb,caleb-homesley,,G,6-6,205,"NOV 27, 1996",24.0,R,Liberty,1630258,,Washington Wizards,2020
1610612764,2020,00,Chandler Hutchison,Chandler,chandler-hutchison,1,F-G,6-6,210,"APR 26, 1996",25.0,2,Boise State,1628990,,Washington Wizards,2020
1610612764,2020,00,Bradley Beal,Bradley,bradley-beal,3,G,6-3,207,"JUN 28, 1993",28.0,8,Florida,203078,,Washington Wizards,2020
1610612764,2020,00,Russell Westbrook,Russell,russell-westbrook,4,G,6-3,200,"NOV 12, 1988",32.0,12,UCLA,201566,,Washington Wizards,2020
1610612764,2020,00,Cassius Winston,Cassius,cassius-winston,5,G,6-1,185,"FEB 28, 1998",23.0,R,Michigan State,1630216,,Washington Wizards,2020
1610612764,2020,00,Rui Hachimura,Rui,rui-hachimura,8,F,6-8,230,"FEB 08, 1998",23.0,1,Gonzaga,1629060,,Washington Wizards,2020
1610612764,2020,00,Deni Avdija,Deni,deni-avdija,9,F,6-9,210,"JAN 03, 2001",20.0,R,Maccabi Tel Aviv,1630166,,Washington Wizards,2020
1610612764,2020,00,Thomas Bryant,Thomas,thomas-bryant,13,C-F,6-10,248,"JUL 31, 1997",23.0,3,Indiana,1628418,,Washington Wizards,2020
1610612764,2020,00,Ish Smith,Ish,ish-smith,14,G,6-0,175,"JUL 05, 1988",32.0,10,Wake Forest,202397,,Washington Wizards,2020
1610612764,2020,00,Robin Lopez,Robin,robin-lopez,15,C,7-0,281,"APR 01, 1988",33.0,12,Stanford,201577,,Washington Wizards,2020
1610612764,2020,00,Anthony Gill,Anthony,anthony-gill,16,F,6-7,230,"OCT 17, 1992",28.0,R,Virginia,1630264,Signed on 11/30/20,Washington Wizards,2020
1610612764,2020,00,Isaac Bonga,Isaac,isaac-bonga,17,G,6-8,180,"NOV 08, 1999",21.0,2,Skyliners Frankfurt,1629067,,Washington Wizards,2020
1610612764,2020,00,Raul Neto,Raul,raul-neto,19,G,6-1,180,"MAY 19, 1992",29.0,5,Murcia,203526,,Washington Wizards,2020
1610612764,2020,00,Daniel Gafford,Daniel,daniel-gafford,21,F-C,6-10,234,"OCT 01, 1998",22.0,1,Arkansas,1629655,,Washington Wizards,2020
1610612764,2020,00,Garrison Mathews,Garrison,garrison-mathews,24,G,6-5,215,"OCT 24, 1996",24.0,1,Lipscomb,1629726,,Washington Wizards,2020
1610612764,2020,00,Alex Len,Alex,alex-len,27,C,7-0,250,"JUN 16, 1993",28.0,7,Maryland,203458,,Washington Wizards,2020
1610612764,2020,00,Davis Bertans,Davis,davis-bertans,42,F,6-10,225,"NOV 12, 1992",28.0,4,Baskonia,202722,,Washington Wizards,2020
1610612764,2021,00,Kentavious Caldwell-Pope,Kentavious,kentavious-caldwell-pope,1,G,6-5,204,"FEB 18, 1993",29.0,8,Georgia,203484,,Washington Wizards,2021
1610612764,2021,00,Bradley Beal,Bradley,bradley-beal,3,G,6-4,207,"JUN 28, 1993",29.0,9,Florida,203078,,Washington Wizards,2021
1610612764,2021,00,Ish Smith,Ish,ish-smith,4,G,6-0,175,"JUL 05, 1988",33.0,11,Wake Forest,202397,,Washington Wizards,2021
1610612764,2021,00,Cassius Winston,Cassius,cassius-winston,5,G,6-1,185,"FEB 28, 1998",24.0,1,Michigan State,1630216,,Washington Wizards,2021
1610612764,2021,00,Kristaps Porziņģis,Kristaps,kristaps-porziņģis,6,F-C,7-3,240,"AUG 02, 1995",26.0,6,Cajasol Sevilla,204001,,Washington Wizards,2021
1610612764,2021,00,Rui Hachimura,Rui,rui-hachimura,8,F,6-8,230,"FEB 08, 1998",24.0,2,Gonzaga,1629060,,Washington Wizards,2021
1610612764,2021,00,Deni Avdija,Deni,deni-avdija,9,F,6-9,210,"JAN 03, 2001",21.0,1,Maccabi Tel Aviv,1630166,,Washington Wizards,2021
1610612764,2021,00,Thomas Bryant,Thomas,thomas-bryant,13,C-F,6-10,248,"JUL 31, 1997",24.0,4,Indiana,1628418,,Washington Wizards,2021
1610612764,2021,00,Isaiah Todd,Isaiah,isaiah-todd,14,F,6-9,219,"OCT 17, 2001",20.0,R,G League Ignite,1630225,,Washington Wizards,2021
1610612764,2021,00,Anthony Gill,Anthony,anthony-gill,16,F,6-7,230,"OCT 17, 1992",29.0,1,Virginia,1630264,Signed on 11/30/20,Washington Wizards,2021
1610612764,2021,00,Raul Neto,Raul,raul-neto,19,G,6-2,180,"MAY 19, 1992",30.0,6,Murcia,203526,,Washington Wizards,2021
1610612764,2021,00,Jordan Schakel,Jordan,jordan-schakel,20,G,6-6,200,"JUN 13, 1998",24.0,R,San Diego State,1630648,,Washington Wizards,2021
1610612764,2021,00,Daniel Gafford,Daniel,daniel-gafford,21,F-C,6-9,234,"OCT 01, 1998",23.0,2,Arkansas,1629655,,Washington Wizards,2021
1610612764,2021,00,Vernon Carey Jr.,Vernon,vernon-carey-jr,22,F-C,6-9,270,"FEB 25, 2001",21.0,1,Duke,1630176,,Washington Wizards,2021
1610612764,2021,00,Corey Kispert,Corey,corey-kispert,24,F,6-6,224,"MAR 03, 1999",23.0,R,Gonzaga,1630557,#15 Pick in 2021 Draft,Washington Wizards,2021
1610612764,2021,00,Tomas Satoransky,Tomas,tomas-satoransky,31,G,6-7,210,"OCT 30, 1991",30.0,5,FC Barcelona,203107,,Washington Wizards,2021
1610612764,2021,00,Kyle Kuzma,Kyle,kyle-kuzma,33,F,6-9,221,"JUL 24, 1995",26.0,4,Utah,1628398,,Washington Wizards,2021
1610612764,2022,00,Johnny Davis,Johnny,johnny-davis,1,G,6-4,195,"FEB 27, 2002",21.0,R,Wisconsin,1631098,,Washington Wizards,2022
1610612764,2022,00,Bradley Beal,Bradley,bradley-beal,3,G,6-4,207,"JUN 28, 1993",30.0,10,Florida,203078,,Washington Wizards,2022
1610612764,2022,00,Kristaps Porziņģis,Kristaps,kristaps-porziņģis,6,F-C,7-3,240,"AUG 02, 1995",27.0,7,Cajasol Sevilla,204001,,Washington Wizards,2022
1610612764,2022,00,Jordan Goodwin,Jordan,jordan-goodwin,7,G,6-3,200,"OCT 23, 1998",24.0,1,St. Louis,1630692,,Washington Wizards,2022
1610612764,2022,00,Deni Avdija,Deni,deni-avdija,9,F,6-9,210,"JAN 03, 2001",22.0,2,Maccabi Tel Aviv,1630166,,Washington Wizards,2022
1610612764,2022,00,Xavier Cooks,Xavier,xavier-cooks,12,F,6-8,183,"AUG 19, 1995",27.0,R,Winthrop,1641645,,Washington Wizards,2022
1610612764,2022,00,Isaiah Todd,Isaiah,isaiah-todd,14,F,6-9,219,"OCT 17, 2001",21.0,1,G League Ignite,1630225,,Washington Wizards,2022
1610612764,2022,00,Anthony Gill,Anthony,anthony-gill,16,F,6-8,230,"OCT 17, 1992",30.0,2,Virginia,1630264,Signed on 11/30/20,Washington Wizards,2022
1610612764,2022,00,Kendrick Nunn,Kendrick,kendrick-nunn,20,G,6-3,190,"AUG 03, 1995",27.0,2,Oakland,1629134,,Washington Wizards,2022
1610612764,2022,00,Daniel Gafford,Daniel,daniel-gafford,21,F-C,6-10,234,"OCT 01, 1998",24.0,3,Arkansas,1629655,,Washington Wizards,2022
1610612764,2022,00,Monté Morris,Monté,monté-morris,22,G,6-2,183,"JUN 27, 1995",28.0,5,Iowa State,1628420,,Washington Wizards,2022
1610612764,2022,00,Corey Kispert,Corey,corey-kispert,24,F,6-6,224,"MAR 03, 1999",24.0,1,Gonzaga,1630557,#15 Pick in 2021 Draft,Washington Wizards,2022
1610612764,2022,00,Quenton Jackson,Quenton,quenton-jackson,29,G,6-5,173,"SEP 15, 1998",24.0,R,Texas A&M,1631245,,Washington Wizards,2022
1610612764,2022,00,Kyle Kuzma,Kyle,kyle-kuzma,33,F,6-9,221,"JUL 24, 1995",27.0,5,Utah,1628398,,Washington Wizards,2022
1610612764,2022,00,Jay Huff,Jay,jay-huff,34,C,7-1,240,"AUG 25, 1997",25.0,1,Virginia,1630643,,Washington Wizards,2022
1610612764,2022,00,Delon Wright,Delon,delon-wright,55,G,6-5,185,"APR 26, 1992",31.0,7,Utah,1626153,,Washington Wizards,2022
1610612764,2022,00,Taj Gibson,Taj,taj-gibson,67,F,6-9,232,"JUN 24, 1985",38.0,13,Southern California,201959,,Washington Wizards,2022
1610612764,2023,00,Bilal Coulibaly,Bilal,bilal-coulibaly,0,G,6-8,195,"JUL 26, 2004",19.0,R,Metropolitans 92,1641731,Draft Rights Traded from IND on 06/23/23,Washington Wizards,2023
1610612764,2023,00,Tristan Vukcevic,Tristan,tristan-vukcevic,00,F,6-10,220,"MAR 11, 2003",21.0,R,Real Madrid,1641774,#42 Pick in 2023 Draft,Washington Wizards,2023
1610612764,2023,00,Johnny Davis,Johnny,johnny-davis,1,G,6-4,195,"FEB 27, 2002",22.0,1,Wisconsin,1631098,,Washington Wizards,2023
1610612764,2023,00,Jared Butler,Jared,jared-butler,4,G,6-3,193,"AUG 25, 2000",23.0,2,Baylor,1630215,,Washington Wizards,2023
1610612764,2023,00,Tyus Jones,Tyus,tyus-jones,5,G,6-1,196,"MAY 10, 1996",28.0,8,Duke,1626145,,Washington Wizards,2023
1610612764,2023,00,Patrick Baldwin Jr.,Patrick,patrick-baldwin-jr,7,F,6-9,220,"NOV 18, 2002",21.0,1,Wisconsin-Milwaukee,1631116,,Washington Wizards,2023
1610612764,2023,00,Deni Avdija,Deni,deni-avdija,8,F,6-9,210,"JAN 03, 2001",23.0,3,Maccabi Tel Aviv,1630166,,Washington Wizards,2023
1610612764,2023,00,Jordan Poole,Jordan,jordan-poole,13,G,6-4,194,"JUN 19, 1999",25.0,4,Michigan,1629673,,Washington Wizards,2023
1610612764,2023,00,Jules Bernard,Jules,jules-bernard,14,G,6-6,210,"JAN 21, 2000",24.0,R,UCLA,1631262,,Washington Wizards,2023
1610612764,2023,00,Anthony Gill,Anthony,anthony-gill,16,F,6-8,230,"OCT 17, 1992",31.0,3,Virginia,1630264,Signed on 11/30/20,Washington Wizards,2023
1610612764,2023,00,Landry Shamet,Landry,landry-shamet,20,G,6-4,190,"MAR 13, 1997",27.0,5,Wichita State,1629013,,Washington Wizards,2023
1610612764,2023,00,Richaun Holmes,Richaun,richaun-holmes,22,F,6-9,235,"OCT 15, 1993",30.0,8,Bowling Green,1626158,,Washington Wizards,2023
1610612764,2023,00,Corey Kispert,Corey,corey-kispert,24,F,6-6,224,"MAR 03, 1999",25.0,2,Gonzaga,1630557,#15 Pick in 2021 Draft,Washington Wizards,2023
1610612764,2023,00,Kyle Kuzma,Kyle,kyle-kuzma,33,F,6-9,221,"JUL 24, 1995",28.0,6,Utah,1628398,,Washington Wizards,2023
1610612764,2023,00,Marvin Bagley III,Marvin,marvin-bagley-iii,35,F,6-10,235,"MAR 14, 1999",25.0,5,Duke,1628963,Signed on 07/10/25,Washington Wizards,2023
1610612764,2023,00,Eugene Omoruyi,Eugene,eugene-omoruyi,97,F,6-6,235,"FEB 14, 1997",27.0,2,Oregon,1630647,,Washington Wizards,2023
1610612764,2023,00,Justin Champagnie,Justin,justin-champagnie,99,G-F,6-6,206,"JUN 29, 2001",23.0,2,Pittsburgh,1630551,Signed on 02/22/24,Washington Wizards,2023
1610612764,2024,00,Bilal Coulibaly,Bilal,bilal-coulibaly,0,G,6-8,195,"JUL 26, 2004",20.0,1,Metropolitans 92,1641731,Draft Rights Traded from IND on 06/23/23,Washington Wizards,2024
1610612764,2024,00,Tristan Vukcevic,Tristan,tristan-vukcevic,00,F,7-0,220,"MAR 11, 2003",22.0,1,Real Madrid,1641774,#42 Pick in 2023 Draft,Washington Wizards,2024
1610612764,2024,00,Colby Jones,Colby,colby-jones,1,G,6-6,207,"MAY 28, 2002",23.0,1,Xavier,1641732,,Washington Wizards,2024
1610612764,2024,00,Jaylen Martin,Jaylen,jaylen-martin,4,G,6-6,216,"JAN 28, 2004",21.0,R,Overtime Elite,1641798,,Washington Wizards,2024
1610612764,2024,00,AJ Johnson,AJ,aj-johnson,5,G,6-5,160,"DEC 01, 2004",20.0,R,Illawarra,1642358,Traded from MIL on 02/06/25,Washington Wizards,2024
1610612764,2024,00,Bub Carrington,Bub,bub-carrington,8,G,6-4,190,"JUL 21, 2005",19.0,R,Pittsburgh,1642267,Draft Rights Traded from POR on 07/06/24,Washington Wizards,2024
1610612764,2024,00,Justin Champagnie,Justin,justin-champagnie,9,G-F,6-6,206,"JUN 29, 2001",24.0,3,Pittsburgh,1630551,Signed on 02/22/24,Washington Wizards,2024
1610612764,2024,00,Jordan Poole,Jordan,jordan-poole,13,G,6-4,194,"JUN 19, 1999",26.0,5,Michigan,1629673,,Washington Wizards,2024
1610612764,2024,00,Saddiq Bey,Saddiq,saddiq-bey,14,G-F,6-7,215,"APR 09, 1999",26.0,4,Villanova,1630180,,Washington Wizards,2024
1610612764,2024,00,Malcolm Brogdon,Malcolm,malcolm-brogdon,15,G,6-4,229,"DEC 11, 1992",32.0,8,Virginia,1627763,,Washington Wizards,2024
1610612764,2024,00,Anthony Gill,Anthony,anthony-gill,16,F,6-8,230,"OCT 17, 1992",32.0,4,Virginia,1630264,Signed on 11/30/20,Washington Wizards,2024
1610612764,2024,00,Kyshawn George,Kyshawn,kyshawn-george,18,F,6-8,200,"DEC 12, 2003",21.0,R,Miami,1642273,Draft Rights Traded from NYK on 06/26/24,Washington Wizards,2024
1610612764,2024,00,Alex Sarr,Alex,alex-sarr,20,C,7-0,205,"APR 26, 2005",20.0,R,Washington Wizards,1642259,#2 Pick in 2024 Draft,Washington Wizards,2024
1610612764,2024,00,JT Thor,JT,jt-thor,21,F,6-9,203,"AUG 26, 2002",22.0,3,Auburn,1630550,,Washington Wizards,2024
1610612764,2024,00,Richaun Holmes,Richaun,richaun-holmes,22,F,6-9,235,"OCT 15, 1993",31.0,9,Bowling Green,1626158,,Washington Wizards,2024
1610612764,2024,00,Corey Kispert,Corey,corey-kispert,24,F,6-6,224,"MAR 03, 1999",26.0,3,Gonzaga,1630557,#15 Pick in 2021 Draft,Washington Wizards,2024
1610612764,2024,00,Khris Middleton,Khris,khris-middleton,32,F,6-7,222,"AUG 12, 1991",33.0,12,Texas A&M,203114,Traded from MIL on 02/06/25,Washington Wizards,2024
1610612764,2024,00,Marcus Smart,Marcus,marcus-smart,36,G,6-3,220,"MAR 06, 1994",31.0,10,Oklahoma State,203935,,Washington Wizards,2024
1610612764,2025,00,Kadary Richmond,Kadary,kadary-richmond,,,,,"AUG 25, 2001",24.0,R,St. John's,1642955,Signed on 10/12/25,Washington Wizards,2025
1610612764,2025,00,Sharife Cooper,Sharife,sharife-cooper,00,G,6-0,176,"JUN 11, 2001",24.0,1,Auburn,1630536,Signed on 09/19/25,Washington Wizards,2025
1610612764,2025,00,Bilal Coulibaly,Bilal,bilal-coulibaly,0,G,6-7,195,"JUL 26, 2004",21.0,2,Metropolitans 92,1641731,Draft Rights Traded from IND on 06/23/23,Washington Wizards,2025
1610612764,2025,00,Tristan Vukcevic,Tristan,tristan-vukcevic,00,F,7-0,220,"MAR 11, 2003",22.0,2,Real Madrid,1641774,#42 Pick in 2023 Draft,Washington Wizards,2025
1610612764,2025,00,Cam Whitmore,Cam,cam-whitmore,1,F,6-6,230,"JUL 08, 2004",21.0,2,Villanova,1641715,Traded from HOU on 07/06/25,Washington Wizards,2025
1610612764,2025,00,CJ McCollum,CJ,cj-mccollum,3,G,6-3,190,"SEP 19, 1991",34.0,12,Lehigh,203468,Traded from NOP on 07/06/25,Washington Wizards,2025
1610612764,2025,00,AJ Johnson,AJ,aj-johnson,4,G,6-5,160,"DEC 01, 2004",20.0,1,Illawarra,1642358,Traded from MIL on 02/06/25,Washington Wizards,2025
1610612764,2025,00,Jamir Watkins,Jamir,jamir-watkins,5,F,6-6,210,"JUL 06, 2001",24.0,R,Florida State,1642364,#43 Pick in 2025 Draft,Washington Wizards,2025
1610612764,2025,00,Bub Carrington,Bub,bub-carrington,7,G,6-4,190,"JUL 21, 2005",20.0,1,Pittsburgh,1642267,Draft Rights Traded from POR on 07/06/24,Washington Wizards,2025
1610612764,2025,00,Malaki Branham,Malaki,malaki-branham,8,F,6-4,180,"MAY 12, 2003",22.0,3,Ohio State,1631103,Traded from SAS on 07/09/25,Washington Wizards,2025
1610612764,2025,00,Justin Champagnie,Justin,justin-champagnie,9,G-F,6-6,206,"JUN 29, 2001",24.0,4,Pittsburgh,1630551,Signed on 02/22/24,Washington Wizards,2025
1610612764,2025,00,Tre Johnson,Tre,tre-johnson,12,G,6-5,190,"MAR 07, 2006",19.0,R,Texas,1642848,#6 Pick in 2025 Draft,Washington Wizards,2025
1610612764,2025,00,Anthony Gill,Anthony,anthony-gill,16,F,6-7,230,"OCT 17, 1992",32.0,5,Virginia,1630264,Signed on 11/30/20,Washington Wizards,2025
1610612764,2025,00,Kyshawn George,Kyshawn,kyshawn-george,18,F,6-8,200,"DEC 12, 2003",21.0,1,Miami,1642273,Draft Rights Traded from NYK on 06/26/24,Washington Wizards,2025
1610612764,2025,00,Alex Sarr,Alex,alex-sarr,20,C,7-0,205,"APR 26, 2005",20.0,1,Washington Wizards,1642259,#2 Pick in 2024 Draft,Washington Wizards,2025
1610612764,2025,00,Khris Middleton,Khris,khris-middleton,22,F,6-7,222,"AUG 12, 1991",34.0,13,Texas A&M,203114,Traded from MIL on 02/06/25,Washington Wizards,2025
1610612764,2025,00,Corey Kispert,Corey,corey-kispert,24,F,6-6,224,"MAR 03, 1999",26.0,4,Gonzaga,1630557,#15 Pick in 2021 Draft,Washington Wizards,2025
1610612764,2025,00,Will Riley,Will,will-riley,27,F,6-9,180,"FEB 10, 2006",19.0,R,Illinois-Urbana-Champaign,1642860,Draft Rights Traded from UTA on 06/25/25,Washington Wizards,2025
1610612764,2025,00,Alondes Williams,Alondes,alondes-williams,31,G,6-4,210,"JUN 19, 1999",26.0,3,Wake Forest,1631214,Signed on 10/12/25,Washington Wizards,2025
1610612764,2025,00,Dillon Jones,Dillon,dillon-jones,33,F,6-5,235,"OCT 29, 2001",23.0,1,Weber State,1641794,Traded from OKC on 06/28/25,Washington Wizards,2025
1610612764,2025,00,Marvin Bagley III,Marvin,marvin-bagley-iii,35,F,6-10,235,"MAR 14, 1999",26.0,7,Duke,1628963,Signed on 07/10/25,Washington Wizards,2025
1610612765,2015,00,Andre Drummond,Andre,andre-drummond,0,C,6-11,279,"AUG 10, 1993",22.0,3,Connecticut,203083,,Detroit Pistons,2015
1610612765,2015,00,Reggie Jackson,Reggie,reggie-jackson,1,G,6-3,208,"APR 16, 1990",26.0,4,Boston College,202704,,Detroit Pistons,2015
1610612765,2015,00,Kentavious Caldwell-Pope,Kentavious,kentavious-caldwell-pope,5,G,6-5,205,"FEB 18, 1993",23.0,2,Georgia,203484,,Detroit Pistons,2015
1610612765,2015,00,Darrun Hilliard,Darrun,darrun-hilliard,6,F,6-6,205,"APR 13, 1993",23.0,R,Villanova,1626199,,Detroit Pistons,2015
1610612765,2015,00,Stanley Johnson,Stanley,stanley-johnson,7,F,6-7,245,"MAY 29, 1996",20.0,R,Arizona,1626169,,Detroit Pistons,2015
1610612765,2015,00,Spencer Dinwiddie,Spencer,spencer-dinwiddie,8,G,6-6,200,"APR 06, 1993",23.0,1,Colorado,203915,,Detroit Pistons,2015
1610612765,2015,00,Aron Baynes,Aron,aron-baynes,12,C-F,6-10,260,"DEC 09, 1986",29.0,3,Washington State,203382,,Detroit Pistons,2015
1610612765,2015,00,Marcus Morris Sr.,Marcus,marcus-morris-sr,13,F,6-9,235,"SEP 02, 1989",26.0,4,Kansas,202694,,Detroit Pistons,2015
1610612765,2015,00,Lorenzo Brown,Lorenzo,lorenzo-brown,17,G,6-5,189,"AUG 26, 1990",25.0,2,North Carolina State,203485,,Detroit Pistons,2015
1610612765,2015,00,Jodie Meeks,Jodie,jodie-meeks,20,G,6-4,210,"AUG 21, 1987",28.0,6,Kentucky,201975,,Detroit Pistons,2015
1610612765,2015,00,Steve Blake,Steve,steve-blake,22,G,6-3,172,"FEB 26, 1980",36.0,12,Maryland,2581,,Detroit Pistons,2015
1610612765,2015,00,Reggie Bullock Jr.,Reggie,reggie-bullock-jr,25,F,6-7,205,"MAR 16, 1991",25.0,2,North Carolina,203493,,Detroit Pistons,2015
1610612765,2015,00,Tobias Harris,Tobias,tobias-harris,34,F,6-9,235,"JUL 15, 1992",23.0,4,Tennessee,202699,Signed on 07/08/24,Detroit Pistons,2015
1610612765,2015,00,Anthony Tolliver,Anthony,anthony-tolliver,43,F,6-8,240,"JUN 01, 1985",31.0,7,Creighton,201229,,Detroit Pistons,2015
1610612765,2015,00,Joel Anthony,Joel,joel-anthony,50,C,6-9,245,"AUG 09, 1982",33.0,8,UNLV,201202,,Detroit Pistons,2015
1610612765,2016,00,Andre Drummond,Andre,andre-drummond,0,C,6-11,279,"AUG 10, 1993",23.0,4,Connecticut,203083,,Detroit Pistons,2016
1610612765,2016,00,Reggie Jackson,Reggie,reggie-jackson,1,G,6-3,208,"APR 16, 1990",27.0,5,Boston College,202704,,Detroit Pistons,2016
1610612765,2016,00,Kentavious Caldwell-Pope,Kentavious,kentavious-caldwell-pope,5,G,6-5,205,"FEB 18, 1993",24.0,3,Georgia,203484,,Detroit Pistons,2016
1610612765,2016,00,Darrun Hilliard,Darrun,darrun-hilliard,6,G-F,6-6,205,"APR 13, 1993",24.0,1,Villanova,1626199,,Detroit Pistons,2016
1610612765,2016,00,Stanley Johnson,Stanley,stanley-johnson,7,F,6-7,245,"MAY 29, 1996",21.0,1,Arizona,1626169,,Detroit Pistons,2016
1610612765,2016,00,Henry Ellenson,Henry,henry-ellenson,8,F,6-11,245,"JAN 13, 1997",20.0,R,Marquette,1627740,,Detroit Pistons,2016
1610612765,2016,00,Michael Gbinije,Michael,michael-gbinije,9,G-F,6-7,200,"JUN 05, 1992",25.0,R,Syracuse,1627771,,Detroit Pistons,2016
1610612765,2016,00,Aron Baynes,Aron,aron-baynes,12,C-F,6-10,260,"DEC 09, 1986",30.0,4,Washington State,203382,,Detroit Pistons,2016
1610612765,2016,00,Marcus Morris Sr.,Marcus,marcus-morris-sr,13,F,6-9,235,"SEP 02, 1989",27.0,5,Kansas,202694,,Detroit Pistons,2016
1610612765,2016,00,Ish Smith,Ish,ish-smith,14,G,6-0,175,"JUL 05, 1988",28.0,6,Wake Forest,202397,,Detroit Pistons,2016
1610612765,2016,00,Beno Udrih,Beno,beno-udrih,19,G,6-3,205,"JUL 05, 1982",34.0,12,Olimpia Milano,2757,,Detroit Pistons,2016
1610612765,2016,00,Reggie Bullock Jr.,Reggie,reggie-bullock-jr,25,F,6-7,205,"MAR 16, 1991",26.0,3,North Carolina,203493,,Detroit Pistons,2016
1610612765,2016,00,Jon Leuer,Jon,jon-leuer,30,F,6-10,228,"MAY 14, 1989",28.0,5,Wisconsin,202720,,Detroit Pistons,2016
1610612765,2016,00,Tobias Harris,Tobias,tobias-harris,34,F,6-9,235,"JUL 15, 1992",24.0,5,Tennessee,202699,Signed on 07/08/24,Detroit Pistons,2016
1610612765,2016,00,Boban Marjanovic,Boban,boban-marjanovic,51,C,7-3,290,"AUG 15, 1988",28.0,1,Crvena zvezda,1626246,,Detroit Pistons,2016
1610612765,2017,00,Andre Drummond,Andre,andre-drummond,0,C,6-11,279,"AUG 10, 1993",24.0,5,Connecticut,203083,,Detroit Pistons,2017
1610612765,2017,00,Reggie Jackson,Reggie,reggie-jackson,1,G,6-3,208,"APR 16, 1990",28.0,6,Boston College,202704,,Detroit Pistons,2017
1610612765,2017,00,Luke Kennard,Luke,luke-kennard,5,G,6-5,200,"JUN 24, 1996",22.0,R,Duke,1628379,,Detroit Pistons,2017
1610612765,2017,00,Stanley Johnson,Stanley,stanley-johnson,7,F,6-7,245,"MAY 29, 1996",22.0,2,Arizona,1626169,,Detroit Pistons,2017
1610612765,2017,00,Henry Ellenson,Henry,henry-ellenson,8,F,6-11,245,"JAN 13, 1997",21.0,1,Marquette,1627740,,Detroit Pistons,2017
1610612765,2017,00,Langston Galloway,Langston,langston-galloway,9,G,6-2,200,"DEC 09, 1991",26.0,3,St. Joseph's (PA),204038,,Detroit Pistons,2017
1610612765,2017,00,Ish Smith,Ish,ish-smith,14,G,6-0,175,"JUL 05, 1988",29.0,7,Wake Forest,202397,,Detroit Pistons,2017
1610612765,2017,00,Dwight Buycks,Dwight,dwight-buycks,20,G,6-3,190,"MAR 06, 1989",29.0,2,Marquette,202779,,Detroit Pistons,2017
1610612765,2017,00,Kay Felder,Kay,kay-felder,22,G,5-9,176,"MAR 29, 1995",23.0,1,Oakland,1627770,,Detroit Pistons,2017
1610612765,2017,00,Blake Griffin,Blake,blake-griffin,23,F,6-10,251,"MAR 16, 1989",29.0,7,Oklahoma,201933,,Detroit Pistons,2017
1610612765,2017,00,Eric Moreland,Eric,eric-moreland,24,F-C,6-10,238,"DEC 24, 1991",26.0,2,Oregon State,203961,,Detroit Pistons,2017
1610612765,2017,00,Reggie Bullock Jr.,Reggie,reggie-bullock-jr,25,G-F,6-7,205,"MAR 16, 1991",27.0,4,North Carolina,203493,,Detroit Pistons,2017
1610612765,2017,00,Jon Leuer,Jon,jon-leuer,30,F-C,6-10,228,"MAY 14, 1989",29.0,6,Wisconsin,202720,,Detroit Pistons,2017
1610612765,2017,00,James Ennis III,James,james-ennis-iii,33,F,6-7,210,"JUL 01, 1990",27.0,3,Cal State-Long Beach,203516,,Detroit Pistons,2017
1610612765,2017,00,Reggie Hearn,Reggie,reggie-hearn,38,G,6-5,210,"AUG 14, 1991",26.0,R,Northwestern,203687,,Detroit Pistons,2017
1610612765,2017,00,Jameer Nelson,Jameer,jameer-nelson,41,G,6-0,190,"FEB 09, 1982",36.0,13,St. Joseph's (PA),2749,,Detroit Pistons,2017
1610612765,2017,00,Anthony Tolliver,Anthony,anthony-tolliver,43,F,6-8,240,"JUN 01, 1985",33.0,9,Creighton,201229,,Detroit Pistons,2017
1610612765,2018,00,Andre Drummond,Andre,andre-drummond,0,C,6-11,279,"AUG 10, 1993",25.0,6,Connecticut,203083,,Detroit Pistons,2018
1610612765,2018,00,Reggie Jackson,Reggie,reggie-jackson,1,G,6-3,208,"APR 16, 1990",29.0,7,Boston College,202704,,Detroit Pistons,2018
1610612765,2018,00,Luke Kennard,Luke,luke-kennard,5,G,6-5,206,"JUN 24, 1996",23.0,1,Duke,1628379,,Detroit Pistons,2018
1610612765,2018,00,Bruce Brown,Bruce,bruce-brown,6,G,6-5,202,"AUG 15, 1996",22.0,R,Miami,1628971,,Detroit Pistons,2018
1610612765,2018,00,Thon Maker,Thon,thon-maker,7,F,7-1,221,"FEB 25, 1997",22.0,2,Athlete Institute Prep,1627748,,Detroit Pistons,2018
1610612765,2018,00,Langston Galloway,Langston,langston-galloway,9,G,6-2,200,"DEC 09, 1991",27.0,4,St. Joseph's (PA),204038,,Detroit Pistons,2018
1610612765,2018,00,Isaiah Whitehead,Isaiah,isaiah-whitehead,12,G,6-4,213,"MAR 08, 1995",24.0,2,Seton Hall,1627785,,Detroit Pistons,2018
1610612765,2018,00,Khyri Thomas,Khyri,khyri-thomas,13,G,6-3,210,"MAY 08, 1996",23.0,R,Creighton,1629017,,Detroit Pistons,2018
1610612765,2018,00,Ish Smith,Ish,ish-smith,14,G,6-0,175,"JUL 05, 1988",30.0,8,Wake Forest,202397,,Detroit Pistons,2018
1610612765,2018,00,Svi Mykhailiuk,Svi,svi-mykhailiuk,19,G,6-8,205,"JUN 10, 1997",22.0,R,Kansas,1629004,,Detroit Pistons,2018
1610612765,2018,00,Wayne Ellington,Wayne,wayne-ellington,20,G,6-5,200,"NOV 29, 1987",31.0,9,North Carolina,201961,,Detroit Pistons,2018
1610612765,2018,00,Glenn Robinson III,Glenn,glenn-robinson-iii,22,G-F,6-6,222,"JAN 08, 1994",25.0,4,Michigan,203922,,Detroit Pistons,2018
1610612765,2018,00,Blake Griffin,Blake,blake-griffin,23,F,6-10,250,"MAR 16, 1989",30.0,8,Oklahoma,201933,,Detroit Pistons,2018
1610612765,2018,00,Kalin Lucas,Kalin,kalin-lucas,24,G,6-1,195,"MAY 24, 1989",30.0,1,Michigan State,203564,,Detroit Pistons,2018
1610612765,2018,00,Zaza Pachulia,Zaza,zaza-pachulia,27,C,6-11,270,"FEB 10, 1984",35.0,15,Ulkerspor,2585,,Detroit Pistons,2018
1610612765,2018,00,Jon Leuer,Jon,jon-leuer,30,F,6-10,228,"MAY 14, 1989",30.0,7,Wisconsin,202720,,Detroit Pistons,2018
1610612765,2018,00,Jose Calderon,Jose,jose-calderon,81,G,6-3,200,"SEP 28, 1981",37.0,13,Tau Ceramica,101181,,Detroit Pistons,2018
1610612765,2019,00,Luke Kennard,Luke,luke-kennard,5,G,6-5,206,"JUN 24, 1996",24.0,2,Duke,1628379,,Detroit Pistons,2019
1610612765,2019,00,Bruce Brown,Bruce,bruce-brown,6,G-F,6-4,202,"AUG 15, 1996",23.0,1,Miami,1628971,,Detroit Pistons,2019
1610612765,2019,00,Thon Maker,Thon,thon-maker,7,F-C,7-0,221,"FEB 25, 1997",23.0,3,Athlete Institute Prep,1627748,,Detroit Pistons,2019
1610612765,2019,00,Langston Galloway,Langston,langston-galloway,9,G,6-1,200,"DEC 09, 1991",28.0,5,St. Joseph's (PA),204038,,Detroit Pistons,2019
1610612765,2019,00,Justin Patton,Justin,justin-patton,12,C,6-11,241,"JUN 14, 1997",23.0,2,Creighton,1628383,,Detroit Pistons,2019
1610612765,2019,00,Khyri Thomas,Khyri,khyri-thomas,13,G,6-3,210,"MAY 08, 1996",24.0,1,Creighton,1629017,,Detroit Pistons,2019
1610612765,2019,00,Louis King,Louis,louis-king,14,F,6-7,205,"APR 06, 1999",21.0,R,Oregon,1629663,,Detroit Pistons,2019
1610612765,2019,00,Tony Snell,Tony,tony-snell,17,G,6-6,213,"NOV 10, 1991",28.0,6,New Mexico,203503,,Detroit Pistons,2019
1610612765,2019,00,Jordan Bone,Jordan,jordan-bone,18,G,6-3,180,"NOV 05, 1997",22.0,R,Tennessee,1629648,,Detroit Pistons,2019
1610612765,2019,00,Svi Mykhailiuk,Svi,svi-mykhailiuk,19,G-F,6-7,205,"JUN 10, 1997",23.0,1,Kansas,1629004,,Detroit Pistons,2019
1610612765,2019,00,Brandon Knight,Brandon,brandon-knight,20,G,6-2,182,"DEC 02, 1991",28.0,7,Kentucky,202688,,Detroit Pistons,2019
1610612765,2019,00,Blake Griffin,Blake,blake-griffin,23,F,6-9,250,"MAR 16, 1989",31.0,9,Oklahoma,201933,,Detroit Pistons,2019
1610612765,2019,00,Derrick Rose,Derrick,derrick-rose,25,G,6-2,200,"OCT 04, 1988",31.0,10,Memphis,201565,,Detroit Pistons,2019
1610612765,2019,00,John Henson,John,john-henson,31,F-C,6-9,219,"DEC 28, 1990",29.0,7,North Carolina,203089,,Detroit Pistons,2019
1610612765,2019,00,Christian Wood,Christian,christian-wood,35,F,6-10,214,"SEP 27, 1995",24.0,3,UNLV,1626174,,Detroit Pistons,2019
1610612765,2019,00,Sekou Doumbouya,Sekou,sekou-doumbouya,45,F,6-8,230,"DEC 23, 2000",19.0,R,                                   ,1629635,,Detroit Pistons,2019
1610612765,2019,00,Jordan McRae,Jordan,jordan-mcrae,52,G,6-5,179,"MAR 28, 1991",29.0,3,Tennessee,203895,,Detroit Pistons,2019
1610612765,2020,00,Dennis Smith Jr.,Dennis,dennis-smith-jr,0,G,6-2,205,"NOV 25, 1997",23.0,3,North Carolina State,1628372,,Detroit Pistons,2020
1610612765,2020,00,Frank Jackson,Frank,frank-jackson,5,G,6-3,205,"MAY 04, 1998",23.0,2,Duke,1628402,,Detroit Pistons,2020
1610612765,2020,00,Hamidou Diallo,Hamidou,hamidou-diallo,6,G,6-5,202,"JUL 31, 1998",22.0,2,Kentucky,1628977,,Detroit Pistons,2020
1610612765,2020,00,Killian Hayes,Killian,killian-hayes,7,G,6-5,195,"JUL 27, 2001",19.0,R,Ratiopharm Ulm,1630165,,Detroit Pistons,2020
1610612765,2020,00,Wayne Ellington,Wayne,wayne-ellington,8,G,6-4,207,"NOV 29, 1987",33.0,11,North Carolina,201961,,Detroit Pistons,2020
1610612765,2020,00,Jerami Grant,Jerami,jerami-grant,9,F,6-8,210,"MAR 12, 1994",27.0,6,Syracuse,203924,,Detroit Pistons,2020
1610612765,2020,00,Jahlil Okafor,Jahlil,jahlil-okafor,13,C-F,6-10,270,"DEC 15, 1995",25.0,5,Duke,1626143,,Detroit Pistons,2020
1610612765,2020,00,Rodney McGruder,Rodney,rodney-mcgruder,17,G,6-4,205,"JUL 29, 1991",29.0,4,Kansas State,203585,,Detroit Pistons,2020
1610612765,2020,00,Cory Joseph,Cory,cory-joseph,18,G,6-3,200,"AUG 20, 1991",29.0,9,Texas,202709,,Detroit Pistons,2020
1610612765,2020,00,Josh Jackson,Josh,josh-jackson,20,G-F,6-8,207,"FEB 10, 1997",24.0,3,Kansas,1628367,,Detroit Pistons,2020
1610612765,2020,00,Mason Plumlee,Mason,mason-plumlee,24,F-C,6-11,254,"MAR 05, 1990",31.0,7,Duke,203486,,Detroit Pistons,2020
1610612765,2020,00,Tyler Cook,Tyler,tyler-cook,25,F,6-8,255,"SEP 23, 1997",23.0,1,Iowa,1629076,,Detroit Pistons,2020
1610612765,2020,00,Isaiah Stewart,Isaiah,isaiah-stewart,28,F-C,6-8,250,"MAY 22, 2001",20.0,R,Washington,1630191,Draft Rights Traded from HOU on 11/24/20,Detroit Pistons,2020
1610612765,2020,00,Saben Lee,Saben,saben-lee,38,G,6-2,183,"JUN 23, 1999",22.0,R,Vanderbilt,1630240,,Detroit Pistons,2020
1610612765,2020,00,Saddiq Bey,Saddiq,saddiq-bey,41,F,6-7,215,"APR 09, 1999",22.0,R,Villanova,1630180,,Detroit Pistons,2020
1610612765,2020,00,Sekou Doumbouya,Sekou,sekou-doumbouya,45,F,6-8,230,"DEC 23, 2000",20.0,1,                                   ,1629635,,Detroit Pistons,2020
1610612765,2020,00,Deividas Sirvydis,Deividas,deividas-sirvydis,91,F-G,6-8,190,"JUN 10, 2000",21.0,R,Lietuvos rytas Vilnius,1629686,,Detroit Pistons,2020
1610612765,2021,00,Cade Cunningham,Cade,cade-cunningham,2,G,6-6,220,"SEP 25, 2001",20.0,R,Oklahoma State,1630595,#1 Pick in 2021 Draft,Detroit Pistons,2021
1610612765,2021,00,Carsen Edwards,Carsen,carsen-edwards,4,G,5-11,200,"MAR 12, 1998",24.0,2,Purdue,1629035,,Detroit Pistons,2021
1610612765,2021,00,Frank Jackson,Frank,frank-jackson,5,G,6-3,205,"MAY 04, 1998",24.0,3,Duke,1628402,,Detroit Pistons,2021
1610612765,2021,00,Hamidou Diallo,Hamidou,hamidou-diallo,6,G,6-5,202,"JUL 31, 1998",23.0,3,Kentucky,1628977,,Detroit Pistons,2021
1610612765,2021,00,Killian Hayes,Killian,killian-hayes,7,G,6-5,195,"JUL 27, 2001",20.0,1,Ratiopharm Ulm,1630165,,Detroit Pistons,2021
1610612765,2021,00,Jerami Grant,Jerami,jerami-grant,9,F,6-8,210,"MAR 12, 1994",28.0,7,Syracuse,203924,,Detroit Pistons,2021
1610612765,2021,00,Isaiah Livers,Isaiah,isaiah-livers,12,F,6-6,232,"JUL 28, 1998",23.0,R,Michigan,1630587,,Detroit Pistons,2021
1610612765,2021,00,Kelly Olynyk,Kelly,kelly-olynyk,13,F-C,6-11,240,"APR 19, 1991",31.0,8,Gonzaga,203482,,Detroit Pistons,2021
1610612765,2021,00,Rodney McGruder,Rodney,rodney-mcgruder,17,G,6-4,205,"JUL 29, 1991",30.0,5,Kansas State,203585,,Detroit Pistons,2021
1610612765,2021,00,Braxton Key,Braxton,braxton-key,17,F,6-8,225,"FEB 14, 1997",25.0,R,Virginia,1630296,,Detroit Pistons,2021
1610612765,2021,00,Cory Joseph,Cory,cory-joseph,18,G,6-3,200,"AUG 20, 1991",30.0,10,Texas,202709,,Detroit Pistons,2021
1610612765,2021,00,Jamorko Pickett,Jamorko,jamorko-pickett,24,F,6-9,206,"DEC 24, 1997",24.0,R,Georgetown,1630691,,Detroit Pistons,2021
1610612765,2021,00,Isaiah Stewart,Isaiah,isaiah-stewart,28,F-C,6-8,250,"MAY 22, 2001",21.0,1,Washington,1630191,Draft Rights Traded from HOU on 11/24/20,Detroit Pistons,2021
1610612765,2021,00,Marvin Bagley III,Marvin,marvin-bagley-iii,35,F,6-11,235,"MAR 14, 1999",23.0,3,Duke,1628963,,Detroit Pistons,2021
1610612765,2021,00,Saben Lee,Saben,saben-lee,38,G,6-2,183,"JUN 23, 1999",23.0,1,Vanderbilt,1630240,,Detroit Pistons,2021
1610612765,2021,00,Saddiq Bey,Saddiq,saddiq-bey,41,F,6-7,215,"APR 09, 1999",23.0,1,Villanova,1630180,,Detroit Pistons,2021
1610612765,2021,00,Luka Garza,Luka,luka-garza,55,C,6-10,243,"DEC 27, 1998",23.0,R,Iowa,1630568,,Detroit Pistons,2021
1610612765,2022,00,Jalen Duren,Jalen,jalen-duren,0,C,6-11,250,"NOV 18, 2003",19.0,R,Memphis,1631105,Draft Rights Traded from NYK on 07/06/22,Detroit Pistons,2022
1610612765,2022,00,Cade Cunningham,Cade,cade-cunningham,2,G,6-7,220,"SEP 25, 2001",21.0,1,Oklahoma State,1630595,#1 Pick in 2021 Draft,Detroit Pistons,2022
1610612765,2022,00,Alec Burks,Alec,alec-burks,5,G,6-6,214,"JUL 20, 1991",31.0,11,Colorado,202692,,Detroit Pistons,2022
1610612765,2022,00,Hamidou Diallo,Hamidou,hamidou-diallo,6,G,6-5,202,"JUL 31, 1998",24.0,4,Kentucky,1628977,,Detroit Pistons,2022
1610612765,2022,00,Killian Hayes,Killian,killian-hayes,7,G,6-5,195,"JUL 27, 2001",21.0,2,Ratiopharm Ulm,1630165,,Detroit Pistons,2022
1610612765,2022,00,Jared Rhoden,Jared,jared-rhoden,8,G,6-6,210,"AUG 27, 1999",23.0,R,Seton Hall,1631197,,Detroit Pistons,2022
1610612765,2022,00,Isaiah Livers,Isaiah,isaiah-livers,12,F,6-6,232,"JUL 28, 1998",24.0,1,Michigan,1630587,,Detroit Pistons,2022
1610612765,2022,00,James Wiseman,James,james-wiseman,13,C,7-0,240,"MAR 31, 2001",22.0,2,Memphis,1630164,,Detroit Pistons,2022
1610612765,2022,00,R.J. Hampton,R.J.,rj-hampton,14,G,6-4,175,"FEB 07, 2001",22.0,2,Capital City Go-Go,1630181,,Detroit Pistons,2022
1610612765,2022,00,Rodney McGruder,Rodney,rodney-mcgruder,17,G,6-4,205,"JUL 29, 1991",31.0,6,Kansas State,203585,,Detroit Pistons,2022
1610612765,2022,00,Cory Joseph,Cory,cory-joseph,18,G,6-3,200,"AUG 20, 1991",31.0,11,Texas,202709,,Detroit Pistons,2022
1610612765,2022,00,Jaden Ivey,Jaden,jaden-ivey,23,G,6-4,195,"FEB 13, 2002",21.0,R,Purdue,1631093,#5 Pick in 2022 Draft,Detroit Pistons,2022
1610612765,2022,00,Buddy Boeheim,Buddy,buddy-boeheim,27,F,6-6,205,"NOV 11, 1999",23.0,R,Syracuse,1631205,,Detroit Pistons,2022
1610612765,2022,00,Isaiah Stewart,Isaiah,isaiah-stewart,28,F-C,6-8,250,"MAY 22, 2001",22.0,2,Washington,1630191,Draft Rights Traded from HOU on 11/24/20,Detroit Pistons,2022
1610612765,2022,00,Marvin Bagley III,Marvin,marvin-bagley-iii,35,F,6-10,235,"MAR 14, 1999",24.0,4,Duke,1628963,,Detroit Pistons,2022
1610612765,2022,00,Bojan Bogdanovic,Bojan,bojan-bogdanovic,44,F,6-7,226,"APR 18, 1989",34.0,8,Fenerbahce,202711,,Detroit Pistons,2022
1610612765,2022,00,Eugene Omoruyi,Eugene,eugene-omoruyi,97,F,6-6,235,"FEB 14, 1997",26.0,1,Oregon,1630647,,Detroit Pistons,2022
1610612765,2023,00,Jalen Duren,Jalen,jalen-duren,0,C,6-10,250,"NOV 18, 2003",20.0,1,Memphis,1631105,Draft Rights Traded from NYK on 07/06/22,Detroit Pistons,2023
1610612765,2023,00,Cade Cunningham,Cade,cade-cunningham,2,G,6-6,220,"SEP 25, 2001",22.0,2,Oklahoma State,1630595,#1 Pick in 2021 Draft,Detroit Pistons,2023
1610612765,2023,00,Chimezie Metu,Chimezie,chimezie-metu,4,F-C,6-10,225,"MAR 22, 1997",27.0,5,USC,1629002,,Detroit Pistons,2023
1610612765,2023,00,Troy Brown Jr.,Troy,troy-brown-jr,7,G-F,6-7,215,"JUL 28, 1999",24.0,5,Oregon,1628972,,Detroit Pistons,2023
1610612765,2023,00,Jared Rhoden,Jared,jared-rhoden,8,G,6-5,210,"AUG 27, 1999",24.0,1,Seton Hall,1631197,,Detroit Pistons,2023
1610612765,2023,00,Ausar Thompson,Ausar,ausar-thompson,9,G-F,6-6,205,"JAN 30, 2003",21.0,R,Overtime Elite,1641709,#5 Pick in 2023 Draft,Detroit Pistons,2023
1610612765,2023,00,James Wiseman,James,james-wiseman,13,C,6-11,240,"MAR 31, 2001",23.0,3,Memphis,1630164,,Detroit Pistons,2023
1610612765,2023,00,Stanley Umude,Stanley,stanley-umude,17,G,6-6,210,"APR 12, 1999",25.0,1,Arkansas,1630649,,Detroit Pistons,2023
1610612765,2023,00,Tosan Evbuomwan,Tosan,tosan-evbuomwan,18,F,6-7,217,"FEB 16, 2001",23.0,R,Princeton,1641787,,Detroit Pistons,2023
1610612765,2023,00,Malachi Flynn,Malachi,malachi-flynn,18,G,6-1,185,"MAY 09, 1998",26.0,3,San Diego State,1630201,,Detroit Pistons,2023
1610612765,2023,00,Simone Fontecchio,Simone,simone-fontecchio,19,F,6-7,209,"DEC 09, 1995",28.0,1,Baskonia,1631323,,Detroit Pistons,2023
1610612765,2023,00,Jaden Ivey,Jaden,jaden-ivey,23,G,6-4,195,"FEB 13, 2002",22.0,1,Purdue,1631093,#5 Pick in 2022 Draft,Detroit Pistons,2023
1610612765,2023,00,Quentin Grimes,Quentin,quentin-grimes,24,G,6-5,210,"MAY 08, 2000",24.0,2,Houston,1629656,,Detroit Pistons,2023
1610612765,2023,00,Marcus Sasser,Marcus,marcus-sasser,25,G,6-2,195,"SEP 21, 2000",23.0,R,Houston,1631204,Draft Rights Traded from BOS on 06/28/23,Detroit Pistons,2023
1610612765,2023,00,Buddy Boeheim,Buddy,buddy-boeheim,27,F,6-5,205,"NOV 11, 1999",24.0,1,Syracuse,1631205,,Detroit Pistons,2023
1610612765,2023,00,Isaiah Stewart,Isaiah,isaiah-stewart,28,F-C,6-8,250,"MAY 22, 2001",23.0,3,Washington,1630191,Draft Rights Traded from HOU on 11/24/20,Detroit Pistons,2023
1610612765,2023,00,Evan Fournier,Evan,evan-fournier,31,G-F,6-6,205,"OCT 29, 1992",31.0,11,Poitiers Basket 86,203095,,Detroit Pistons,2023
1610612765,2023,00,Taj Gibson,Taj,taj-gibson,67,F,6-9,232,"JUN 24, 1985",39.0,14,Southern California,201959,,Detroit Pistons,2023
1610612765,2024,00,Jalen Duren,Jalen,jalen-duren,0,C,6-10,250,"NOV 18, 2003",21.0,2,Memphis,1631105,Draft Rights Traded from NYK on 07/06/22,Detroit Pistons,2024
1610612765,2024,00,Ronald Holland II,Ronald,ronald-holland-ii,00,F,6-8,206,"JUL 07, 2005",19.0,R,NBA G League Ignite,1641842,#5 Pick in 2024 Draft,Detroit Pistons,2024
1610612765,2024,00,Cade Cunningham,Cade,cade-cunningham,2,G,6-6,220,"SEP 25, 2001",23.0,3,Oklahoma State,1630595,#1 Pick in 2021 Draft,Detroit Pistons,2024
1610612765,2024,00,Malik Beasley,Malik,malik-beasley,5,G,6-4,187,"NOV 26, 1996",28.0,8,Florida State,1627736,,Detroit Pistons,2024
1610612765,2024,00,Paul Reed,Paul,paul-reed,7,F,6-9,210,"JUN 14, 1999",26.0,4,DePaul,1630194,Awarded on Waivers on 07/09/24,Detroit Pistons,2024
1610612765,2024,00,Tim Hardaway Jr.,Tim,tim-hardaway-jr,8,G-F,6-5,205,"MAR 16, 1992",33.0,11,Michigan,203501,,Detroit Pistons,2024
1610612765,2024,00,Ausar Thompson,Ausar,ausar-thompson,9,G-F,6-6,205,"JAN 30, 2003",22.0,1,Overtime Elite,1641709,#5 Pick in 2023 Draft,Detroit Pistons,2024
1610612765,2024,00,Tobias Harris,Tobias,tobias-harris,12,F,6-8,226,"JUL 15, 1992",32.0,13,Tennessee,202699,Signed on 07/08/24,Detroit Pistons,2024
1610612765,2024,00,Ron Harper Jr.,Ron,ron-harper-jr,13,G-F,6-4,233,"APR 12, 2000",25.0,2,Rutgers,1631199,,Detroit Pistons,2024
1610612765,2024,00,Dennis Schröder,Dennis,dennis-schröder,17,G,6-1,175,"SEP 15, 1993",31.0,11,Braunschweig,203471,,Detroit Pistons,2024
1610612765,2024,00,Simone Fontecchio,Simone,simone-fontecchio,19,F,6-7,209,"DEC 09, 1995",29.0,2,Baskonia,1631323,,Detroit Pistons,2024
1610612765,2024,00,Jaden Ivey,Jaden,jaden-ivey,23,G,6-4,195,"FEB 13, 2002",23.0,2,Purdue,1631093,#5 Pick in 2022 Draft,Detroit Pistons,2024
1610612765,2024,00,Daniss Jenkins,Daniss,daniss-jenkins,24,G,6-3,165,"AUG 17, 2001",23.0,R,St. John's,1642450,Signed on 07/06/24,Detroit Pistons,2024
1610612765,2024,00,Marcus Sasser,Marcus,marcus-sasser,25,G,6-2,195,"SEP 21, 2000",24.0,1,Houston,1631204,Draft Rights Traded from BOS on 06/28/23,Detroit Pistons,2024
1610612765,2024,00,Isaiah Stewart,Isaiah,isaiah-stewart,28,F-C,6-8,250,"MAY 22, 2001",24.0,4,Washington,1630191,Draft Rights Traded from HOU on 11/24/20,Detroit Pistons,2024
1610612765,2024,00,Bobi Klintman,Bobi,bobi-klintman,34,F,6-9,225,"MAR 06, 2003",22.0,R,Wake Forest,1641752,Draft Rights Traded from MIN on 07/06/24,Detroit Pistons,2024
1610612765,2024,00,Tolu Smith,Tolu,tolu-smith,35,F,6-11,,"JUL 26, 2000",24.0,R,Mississippi State,1642449,Signed on 09/17/24,Detroit Pistons,2024
1610612765,2024,00,Lindy Waters III,Lindy,lindy-waters-iii,43,F,6-6,210,"JUL 28, 1997",27.0,3,Oklahoma State,1630322,,Detroit Pistons,2024
1610612765,2025,00,Dawson Garcia,Dawson,dawson-garcia,,F,6-9,235,"SEP 20, 2001",24.0,R,Marquette,1630615,Signed on 09/17/25,Detroit Pistons,2025
1610612765,2025,00,Brice Williams,Brice,brice-williams,,G-F,6-5,214,"JUL 05, 2001",24.0,R,Nebraska,1642924,Signed on 09/17/25,Detroit Pistons,2025
1610612765,2025,00,Jalen Duren,Jalen,jalen-duren,0,C,6-10,250,"NOV 18, 2003",21.0,3,Memphis,1631105,Draft Rights Traded from NYK on 07/06/22,Detroit Pistons,2025
1610612765,2025,00,Colby Jones,Colby,colby-jones,1,G,6-6,207,"MAY 28, 2002",23.0,2,Xavier,1641732,Signed on 07/28/25,Detroit Pistons,2025
1610612765,2025,00,Cade Cunningham,Cade,cade-cunningham,2,G,6-6,220,"SEP 25, 2001",24.0,4,Oklahoma State,1630595,#1 Pick in 2021 Draft,Detroit Pistons,2025
1610612765,2025,00,Ronald Holland II,Ronald,ronald-holland-ii,5,F,6-8,206,"JUL 07, 2005",20.0,1,NBA G League Ignite,1641842,#5 Pick in 2024 Draft,Detroit Pistons,2025
1610612765,2025,00,Paul Reed,Paul,paul-reed,7,F,6-9,210,"JUN 14, 1999",26.0,5,DePaul,1630194,Awarded on Waivers on 07/09/24,Detroit Pistons,2025
1610612765,2025,00,Caris LeVert,Caris,caris-levert,8,G,6-7,205,"AUG 25, 1994",31.0,9,Michigan,1627747,Signed on 07/07/25,Detroit Pistons,2025
1610612765,2025,00,Javonte Green,Javonte,javonte-green,8,G,6-5,205,"JUL 23, 1993",32.0,6,Radford,1629750,Signed on 08/14/25,Detroit Pistons,2025
1610612765,2025,00,Ausar Thompson,Ausar,ausar-thompson,9,G-F,6-7,205,"JAN 30, 2003",22.0,2,Overtime Elite,1641709,#5 Pick in 2023 Draft,Detroit Pistons,2025
1610612765,2025,00,Tobias Harris,Tobias,tobias-harris,12,F,6-8,226,"JUL 15, 1992",33.0,14,Tennessee,202699,Signed on 07/08/24,Detroit Pistons,2025
1610612765,2025,00,Chaz Lanier,Chaz,chaz-lanier,20,G,6-3,206,"DEC 19, 2001",23.0,R,Tennessee,1642404,#37 Pick in 2025 Draft,Detroit Pistons,2025
1610612765,2025,00,Jaden Ivey,Jaden,jaden-ivey,23,G,6-3,195,"FEB 13, 2002",23.0,3,Purdue,1631093,#5 Pick in 2022 Draft,Detroit Pistons,2025
1610612765,2025,00,Daniss Jenkins,Daniss,daniss-jenkins,24,G,6-4,165,"AUG 17, 2001",24.0,1,St. John's,1642450,Signed on 07/06/24,Detroit Pistons,2025
1610612765,2025,00,Marcus Sasser,Marcus,marcus-sasser,25,G,6-1,195,"SEP 21, 2000",25.0,2,Houston,1631204,Draft Rights Traded from BOS on 06/28/23,Detroit Pistons,2025
1610612765,2025,00,Charles Bediako,Charles,charles-bediako,27,C,6-11,225,"MAR 10, 2002",23.0,R,Alabama,1641777,Signed on 09/17/25,Detroit Pistons,2025
1610612765,2025,00,Isaiah Stewart,Isaiah,isaiah-stewart,28,F-C,6-8,250,"MAY 22, 2001",24.0,5,Washington,1630191,Draft Rights Traded from HOU on 11/24/20,Detroit Pistons,2025
1610612765,2025,00,Bobi Klintman,Bobi,bobi-klintman,34,F,6-9,225,"MAR 06, 2003",22.0,1,Wake Forest,1641752,Draft Rights Traded from MIN on 07/06/24,Detroit Pistons,2025
1610612765,2025,00,Tolu Smith,Tolu,tolu-smith,35,F,6-11,,"JUL 26, 2000",25.0,1,Mississippi State,1642449,Signed on 09/17/24,Detroit Pistons,2025
1610612765,2025,00,Duncan Robinson,Duncan,duncan-robinson,55,F,6-7,215,"APR 22, 1994",31.0,7,Michigan,1629130,Traded from MIA on 07/07/25,Detroit Pistons,2025
1610612766,2015,00,Spencer Hawes,Spencer,spencer-hawes,00,F-C,7-1,245,"APR 28, 1988",28.0,8,Washington,201150,,Charlotte Hornets,2015
1610612766,2015,00,Courtney Lee,Courtney,courtney-lee,1,G,6-5,200,"OCT 03, 1985",30.0,7,Western Kentucky,201584,,Charlotte Hornets,2015
1610612766,2015,00,Marvin Williams,Marvin,marvin-williams,2,F,6-9,237,"JUN 19, 1986",30.0,10,North Carolina,101107,,Charlotte Hornets,2015
1610612766,2015,00,Jeremy Lamb,Jeremy,jeremy-lamb,3,G,6-5,185,"MAY 30, 1992",24.0,3,Connecticut,203087,,Charlotte Hornets,2015
1610612766,2015,00,Nicolas Batum,Nicolas,nicolas-batum,5,G-F,6-8,200,"DEC 14, 1988",27.0,7,Le Mans,201587,,Charlotte Hornets,2015
1610612766,2015,00,Jeremy Lin,Jeremy,jeremy-lin,7,G,6-3,200,"AUG 23, 1988",27.0,5,Harvard,202391,,Charlotte Hornets,2015
1610612766,2015,00,Aaron Harrison,Aaron,aaron-harrison,9,G,6-6,210,"OCT 28, 1994",21.0,R,Kentucky,1626151,,Charlotte Hornets,2015
1610612766,2015,00,Jorge Gutierrez,Jorge,jorge-gutierrez,12,G,6-3,189,"DEC 27, 1988",27.0,2,California,203268,,Charlotte Hornets,2015
1610612766,2015,00,Michael Kidd-Gilchrist,Michael,michael-kidd-gilchrist,14,F,6-7,232,"SEP 26, 1993",22.0,3,Kentucky,203077,,Charlotte Hornets,2015
1610612766,2015,00,Kemba Walker,Kemba,kemba-walker,15,G,6-1,184,"MAY 08, 1990",26.0,4,Connecticut,202689,,Charlotte Hornets,2015
1610612766,2015,00,Al Jefferson,Al,al-jefferson,25,C,6-10,289,"JAN 04, 1985",31.0,11,No College,2744,,Charlotte Hornets,2015
1610612766,2015,00,Troy Daniels,Troy,troy-daniels,30,G,6-4,205,"JUL 15, 1991",24.0,2,Va Commonwealth,203584,,Charlotte Hornets,2015
1610612766,2015,00,Cody Zeller,Cody,cody-zeller,40,C-F,7-0,240,"OCT 05, 1992",23.0,2,Indiana,203469,,Charlotte Hornets,2015
1610612766,2015,00,Frank Kaminsky,Frank,frank-kaminsky,44,C,7-0,240,"APR 04, 1993",23.0,R,Wisconsin,1626163,,Charlotte Hornets,2015
1610612766,2015,00,Tyler Hansbrough,Tyler,tyler-hansbrough,50,F,6-9,250,"NOV 03, 1985",30.0,6,North Carolina,201946,,Charlotte Hornets,2015
1610612766,2016,00,Briante Weber,Briante,briante-weber,0,G,6-2,165,"DEC 29, 1992",24.0,1,Virginia Commonwealth,1627362,,Charlotte Hornets,2016
1610612766,2016,00,Marvin Williams,Marvin,marvin-williams,2,F,6-9,237,"JUN 19, 1986",31.0,11,North Carolina,101107,,Charlotte Hornets,2016
1610612766,2016,00,Jeremy Lamb,Jeremy,jeremy-lamb,3,G,6-5,185,"MAY 30, 1992",25.0,4,Connecticut,203087,,Charlotte Hornets,2016
1610612766,2016,00,Nicolas Batum,Nicolas,nicolas-batum,5,G,6-8,200,"DEC 14, 1988",28.0,8,Le Mans,201587,,Charlotte Hornets,2016
1610612766,2016,00,Ramon Sessions,Ramon,ramon-sessions,7,G,6-3,190,"APR 11, 1986",31.0,9,Nevada-Reno,201196,,Charlotte Hornets,2016
1610612766,2016,00,Johnny O'Bryant III,Johnny,johnny-obryant-iii,8,F-C,6-9,257,"JUN 01, 1993",24.0,2,Louisiana State,203948,,Charlotte Hornets,2016
1610612766,2016,00,Treveon Graham,Treveon,treveon-graham,12,G-F,6-6,226,"OCT 28, 1993",23.0,R,Va Commonwealth,1626203,,Charlotte Hornets,2016
1610612766,2016,00,Michael Kidd-Gilchrist,Michael,michael-kidd-gilchrist,14,F,6-7,232,"SEP 26, 1993",23.0,4,Kentucky,203077,,Charlotte Hornets,2016
1610612766,2016,00,Kemba Walker,Kemba,kemba-walker,15,G,6-1,184,"MAY 08, 1990",27.0,5,Connecticut,202689,,Charlotte Hornets,2016
1610612766,2016,00,Miles Plumlee,Miles,miles-plumlee,18,C,6-11,249,"SEP 01, 1988",28.0,4,Duke,203101,,Charlotte Hornets,2016
1610612766,2016,00,Marco Belinelli,Marco,marco-belinelli,21,G-F,6-5,210,"MAR 25, 1986",31.0,9,Fortitudo Bologna,201158,,Charlotte Hornets,2016
1610612766,2016,00,Brian Roberts,Brian,brian-roberts,22,G,6-1,173,"DEC 03, 1985",31.0,4,Dayton,203148,,Charlotte Hornets,2016
1610612766,2016,00,Christian Wood,Christian,christian-wood,35,F,6-11,220,"SEP 27, 1995",21.0,1,UNLV,1626174,,Charlotte Hornets,2016
1610612766,2016,00,Cody Zeller,Cody,cody-zeller,40,C,7-0,240,"OCT 05, 1992",24.0,3,Indiana,203469,,Charlotte Hornets,2016
1610612766,2016,00,Frank Kaminsky,Frank,frank-kaminsky,44,C,7-0,240,"APR 04, 1993",24.0,1,Wisconsin,1626163,,Charlotte Hornets,2016
1610612766,2017,00,Malik Monk,Malik,malik-monk,1,G,6-3,200,"FEB 04, 1998",20.0,R,Kentucky,1628370,,Charlotte Hornets,2017
1610612766,2017,00,Marvin Williams,Marvin,marvin-williams,2,F,6-9,237,"JUN 19, 1986",32.0,12,North Carolina,101107,,Charlotte Hornets,2017
1610612766,2017,00,Jeremy Lamb,Jeremy,jeremy-lamb,3,G,6-5,185,"MAY 30, 1992",26.0,5,Connecticut,203087,,Charlotte Hornets,2017
1610612766,2017,00,Marcus Paige,Marcus,marcus-paige,4,G,6-0,164,"SEP 11, 1993",24.0,R,North Carolina,1627779,,Charlotte Hornets,2017
1610612766,2017,00,Nicolas Batum,Nicolas,nicolas-batum,5,G-F,6-8,200,"DEC 14, 1988",29.0,9,Le Mans,201587,,Charlotte Hornets,2017
1610612766,2017,00,Dwayne Bacon,Dwayne,dwayne-bacon,7,F,6-7,221,"AUG 30, 1995",22.0,R,Florida State,1628407,,Charlotte Hornets,2017
1610612766,2017,00,Mangok Mathiang,Mangok,mangok-mathiang,9,F-C,6-10,230,"OCT 08, 1992",25.0,R,Louisville,1628493,,Charlotte Hornets,2017
1610612766,2017,00,Michael Carter-Williams,Michael,michael-carter-williams,10,G,6-6,190,"OCT 10, 1991",26.0,4,Syracuse,203487,,Charlotte Hornets,2017
1610612766,2017,00,Dwight Howard,Dwight,dwight-howard,12,C,6-11,265,"DEC 08, 1985",32.0,13,SW Atlanta Christian Academy (GA),2730,,Charlotte Hornets,2017
1610612766,2017,00,Michael Kidd-Gilchrist,Michael,michael-kidd-gilchrist,14,F,6-7,232,"SEP 26, 1993",24.0,5,Kentucky,203077,,Charlotte Hornets,2017
1610612766,2017,00,Kemba Walker,Kemba,kemba-walker,15,G,6-1,184,"MAY 08, 1990",28.0,6,Connecticut,202689,,Charlotte Hornets,2017
1610612766,2017,00,Treveon Graham,Treveon,treveon-graham,21,G-F,6-5,219,"OCT 28, 1993",24.0,1,Va Commonwealth,1626203,,Charlotte Hornets,2017
1610612766,2017,00,Julyan Stone,Julyan,julyan-stone,32,G,6-6,200,"DEC 07, 1988",29.0,3,Texas-El Paso,202933,,Charlotte Hornets,2017
1610612766,2017,00,Cody Zeller,Cody,cody-zeller,40,C-F,7-0,240,"OCT 05, 1992",25.0,4,Indiana,203469,,Charlotte Hornets,2017
1610612766,2017,00,Willy Hernangomez,Willy,willy-hernangomez,41,C,6-11,240,"MAY 27, 1994",24.0,1,Cajasol Sevilla,1626195,,Charlotte Hornets,2017
1610612766,2017,00,Frank Kaminsky,Frank,frank-kaminsky,44,F-C,7-0,242,"APR 04, 1993",25.0,2,Wisconsin,1626163,,Charlotte Hornets,2017
1610612766,2018,00,Miles Bridges,Miles,miles-bridges,0,F,6-7,225,"MAR 21, 1998",21.0,R,Michigan State,1628970,Draft Rights Traded from LAC on 06/21/18,Charlotte Hornets,2018
1610612766,2018,00,Malik Monk,Malik,malik-monk,1,G,6-3,200,"FEB 04, 1998",21.0,1,Kentucky,1628370,,Charlotte Hornets,2018
1610612766,2018,00,Marvin Williams,Marvin,marvin-williams,2,F,6-9,237,"JUN 19, 1986",33.0,13,North Carolina,101107,,Charlotte Hornets,2018
1610612766,2018,00,Jeremy Lamb,Jeremy,jeremy-lamb,3,G,6-5,185,"MAY 30, 1992",27.0,6,Connecticut,203087,,Charlotte Hornets,2018
1610612766,2018,00,Devonte' Graham,Devonte',devonte-graham,4,G,6-2,185,"FEB 22, 1995",24.0,R,Kansas,1628984,,Charlotte Hornets,2018
1610612766,2018,00,Nicolas Batum,Nicolas,nicolas-batum,5,F-G,6-8,200,"DEC 14, 1988",30.0,10,Le Mans,201587,,Charlotte Hornets,2018
1610612766,2018,00,Shelvin Mack,Shelvin,shelvin-mack,6,G,6-3,203,"APR 22, 1990",29.0,7,Butler,202714,,Charlotte Hornets,2018
1610612766,2018,00,Dwayne Bacon,Dwayne,dwayne-bacon,7,G-F,6-7,221,"AUG 30, 1995",23.0,1,Florida State,1628407,,Charlotte Hornets,2018
1610612766,2018,00,Bismack Biyombo,Bismack,bismack-biyombo,8,C,6-9,255,"AUG 28, 1992",26.0,7,Baloncesto Fuenlabrada,202687,,Charlotte Hornets,2018
1610612766,2018,00,Tony Parker,Tony,tony-parker,9,G,6-2,185,"MAY 17, 1982",37.0,17,Paris Basket Racing,2225,,Charlotte Hornets,2018
1610612766,2018,00,Michael Kidd-Gilchrist,Michael,michael-kidd-gilchrist,14,F,6-7,232,"SEP 26, 1993",25.0,6,Kentucky,203077,,Charlotte Hornets,2018
1610612766,2018,00,Kemba Walker,Kemba,kemba-walker,15,G,6-1,184,"MAY 08, 1990",29.0,7,Connecticut,202689,,Charlotte Hornets,2018
1610612766,2018,00,Joe Chealey,Joe,joe-chealey,31,G,6-3,190,"NOV 01, 1995",23.0,R,College of Charleston,1629147,,Charlotte Hornets,2018
1610612766,2018,00,Cody Zeller,Cody,cody-zeller,40,C,7-0,240,"OCT 05, 1992",26.0,5,Indiana,203469,,Charlotte Hornets,2018
1610612766,2018,00,Willy Hernangomez,Willy,willy-hernangomez,41,C,6-11,240,"MAY 27, 1994",25.0,2,Cajasol Sevilla,1626195,,Charlotte Hornets,2018
1610612766,2018,00,Frank Kaminsky,Frank,frank-kaminsky,44,F-C,7-0,242,"APR 04, 1993",26.0,3,Wisconsin,1626163,,Charlotte Hornets,2018
1610612766,2018,00,J.P. Macura,J.P.,jp-macura,55,G,6-5,205,"JUN 05, 1995",24.0,R,Xavier,1629122,,Charlotte Hornets,2018
1610612766,2019,00,Miles Bridges,Miles,miles-bridges,0,F,6-6,225,"MAR 21, 1998",22.0,1,Michigan State,1628970,Draft Rights Traded from LAC on 06/21/18,Charlotte Hornets,2019
1610612766,2019,00,Malik Monk,Malik,malik-monk,1,G,6-3,200,"FEB 04, 1998",22.0,2,Kentucky,1628370,,Charlotte Hornets,2019
1610612766,2019,00,Terry Rozier,Terry,terry-rozier,3,G,6-1,190,"MAR 17, 1994",26.0,4,Louisville,1626179,,Charlotte Hornets,2019
1610612766,2019,00,Devonte' Graham,Devonte',devonte-graham,4,G,6-1,195,"FEB 22, 1995",25.0,1,Kansas,1628984,,Charlotte Hornets,2019
1610612766,2019,00,Nicolas Batum,Nicolas,nicolas-batum,5,G-F,6-9,230,"DEC 14, 1988",31.0,11,Le Mans,201587,,Charlotte Hornets,2019
1610612766,2019,00,Jalen McDaniels,Jalen,jalen-mcdaniels,6,F-C,6-10,205,"JAN 31, 1998",22.0,R,San Diego State,1629667,,Charlotte Hornets,2019
1610612766,2019,00,Dwayne Bacon,Dwayne,dwayne-bacon,7,G-F,6-6,221,"AUG 30, 1995",24.0,2,Florida State,1628407,,Charlotte Hornets,2019
1610612766,2019,00,Bismack Biyombo,Bismack,bismack-biyombo,8,C,6-8,255,"AUG 28, 1992",27.0,8,Baloncesto Fuenlabrada,202687,,Charlotte Hornets,2019
1610612766,2019,00,Willy Hernangomez,Willy,willy-hernangomez,9,C-F,6-11,250,"MAY 27, 1994",26.0,3,Cajasol Sevilla,1626195,,Charlotte Hornets,2019
1610612766,2019,00,Caleb Martin,Caleb,caleb-martin,10,F,6-5,205,"SEP 28, 1995",24.0,R,Nevada,1628997,,Charlotte Hornets,2019
1610612766,2019,00,Cody Martin,Cody,cody-martin,11,F,6-5,205,"SEP 28, 1995",24.0,R,Nevada,1628998,,Charlotte Hornets,2019
1610612766,2019,00,Kobi Simmons,Kobi,kobi-simmons,23,G,6-5,180,"JUL 04, 1997",22.0,2,Arizona,1628424,,Charlotte Hornets,2019
1610612766,2019,00,P.J. Washington,P.J.,pj-washington,25,F,6-7,230,"AUG 23, 1998",21.0,R,Kentucky,1629023,,Charlotte Hornets,2019
1610612766,2019,00,Ray Spalding,Ray,ray-spalding,26,F,6-9,225,"MAR 11, 1997",23.0,1,Louisville,1629034,,Charlotte Hornets,2019
1610612766,2019,00,Cody Zeller,Cody,cody-zeller,40,F-C,7-0,240,"OCT 05, 1992",27.0,6,Indiana,203469,,Charlotte Hornets,2019
1610612766,2020,00,Miles Bridges,Miles,miles-bridges,0,F,6-6,225,"MAR 21, 1998",23.0,2,Michigan State,1628970,Draft Rights Traded from LAC on 06/21/18,Charlotte Hornets,2020
1610612766,2020,00,Malik Monk,Malik,malik-monk,1,G,6-3,200,"FEB 04, 1998",23.0,3,Kentucky,1628370,,Charlotte Hornets,2020
1610612766,2020,00,LaMelo Ball,LaMelo,lamelo-ball,2,G,6-6,180,"AUG 22, 2001",19.0,R,Illawarra,1630163,#3 Pick in 2020 Draft,Charlotte Hornets,2020
1610612766,2020,00,Terry Rozier,Terry,terry-rozier,3,G,6-1,190,"MAR 17, 1994",27.0,5,Louisville,1626179,,Charlotte Hornets,2020
1610612766,2020,00,Devonte' Graham,Devonte',devonte-graham,4,G,6-1,195,"FEB 22, 1995",26.0,2,Kansas,1628984,,Charlotte Hornets,2020
1610612766,2020,00,Jalen McDaniels,Jalen,jalen-mcdaniels,6,F-C,6-9,205,"JAN 31, 1998",23.0,1,San Diego State,1629667,,Charlotte Hornets,2020
1610612766,2020,00,Grant Riller,Grant,grant-riller,7,G,6-2,190,"FEB 08, 1997",24.0,R,College of Charleston,1630203,,Charlotte Hornets,2020
1610612766,2020,00,Bismack Biyombo,Bismack,bismack-biyombo,8,C,6-8,255,"AUG 28, 1992",28.0,9,Baloncesto Fuenlabrada,202687,,Charlotte Hornets,2020
1610612766,2020,00,Brad Wanamaker,Brad,brad-wanamaker,9,G,6-3,210,"JUL 25, 1989",31.0,2,Pittsburgh,202954,,Charlotte Hornets,2020
1610612766,2020,00,Caleb Martin,Caleb,caleb-martin,10,F,6-5,205,"SEP 28, 1995",25.0,1,Nevada,1628997,,Charlotte Hornets,2020
1610612766,2020,00,Cody Martin,Cody,cody-martin,11,F,6-5,205,"SEP 28, 1995",25.0,1,Nevada,1628998,,Charlotte Hornets,2020
1610612766,2020,00,Nick Richards,Nick,nick-richards,14,C,7-0,245,"NOV 29, 1997",23.0,R,Kentucky,1630208,,Charlotte Hornets,2020
1610612766,2020,00,Gordon Hayward,Gordon,gordon-hayward,20,F,6-7,225,"MAR 23, 1990",31.0,10,Butler,202330,,Charlotte Hornets,2020
1610612766,2020,00,Vernon Carey Jr.,Vernon,vernon-carey-jr,22,F-C,6-9,270,"FEB 25, 2001",20.0,R,Duke,1630176,,Charlotte Hornets,2020
1610612766,2020,00,P.J. Washington,P.J.,pj-washington,25,F,6-7,230,"AUG 23, 1998",22.0,1,Kentucky,1629023,,Charlotte Hornets,2020
1610612766,2020,00,Nate Darling,Nate,nate-darling,30,G,6-6,200,"AUG 30, 1998",22.0,R,Delaware,1630268,,Charlotte Hornets,2020
1610612766,2020,00,Cody Zeller,Cody,cody-zeller,40,F-C,6-11,240,"OCT 05, 1992",28.0,7,Indiana,203469,,Charlotte Hornets,2020
1610612766,2021,00,Miles Bridges,Miles,miles-bridges,0,F,6-7,225,"MAR 21, 1998",24.0,3,Michigan State,1628970,Draft Rights Traded from LAC on 06/21/18,Charlotte Hornets,2021
1610612766,2021,00,LaMelo Ball,LaMelo,lamelo-ball,2,G,6-7,180,"AUG 22, 2001",20.0,1,Illawarra,1630163,#3 Pick in 2020 Draft,Charlotte Hornets,2021
1610612766,2021,00,Terry Rozier,Terry,terry-rozier,3,G,6-1,190,"MAR 17, 1994",28.0,6,Louisville,1626179,,Charlotte Hornets,2021
1610612766,2021,00,Isaiah Thomas,Isaiah,isaiah-thomas,4,G,5-9,185,"FEB 07, 1989",33.0,10,Washington,202738,,Charlotte Hornets,2021
1610612766,2021,00,James Bouknight,James,james-bouknight,5,G,6-4,190,"SEP 18, 2000",21.0,R,Connecticut,1630547,,Charlotte Hornets,2021
1610612766,2021,00,Jalen McDaniels,Jalen,jalen-mcdaniels,6,F-C,6-9,205,"JAN 31, 1998",24.0,2,San Diego State,1629667,,Charlotte Hornets,2021
1610612766,2021,00,Montrezl Harrell,Montrezl,montrezl-harrell,8,F-C,6-7,240,"JAN 26, 1994",28.0,6,Louisville,1626149,,Charlotte Hornets,2021
1610612766,2021,00,Cody Martin,Cody,cody-martin,11,F,6-6,205,"SEP 28, 1995",26.0,2,Nevada,1628998,,Charlotte Hornets,2021
1610612766,2021,00,Kelly Oubre Jr.,Kelly,kelly-oubre-jr,12,F-G,6-6,203,"DEC 09, 1995",26.0,6,Kansas,1626162,,Charlotte Hornets,2021
1610612766,2021,00,Nick Richards,Nick,nick-richards,14,C,7-0,245,"NOV 29, 1997",24.0,1,Kentucky,1630208,,Charlotte Hornets,2021
1610612766,2021,00,Scottie Lewis,Scottie,scottie-lewis,16,G,6-5,185,"MAR 12, 2000",22.0,R,Florida,1630575,,Charlotte Hornets,2021
1610612766,2021,00,Gordon Hayward,Gordon,gordon-hayward,20,F,6-7,225,"MAR 23, 1990",32.0,11,Butler,202330,,Charlotte Hornets,2021
1610612766,2021,00,JT Thor,JT,jt-thor,21,F,6-9,203,"AUG 26, 2002",19.0,R,Auburn,1630550,,Charlotte Hornets,2021
1610612766,2021,00,Kai Jones,Kai,kai-jones,23,C-F,6-10,221,"JAN 19, 2001",21.0,R,Texas,1630539,,Charlotte Hornets,2021
1610612766,2021,00,Mason Plumlee,Mason,mason-plumlee,24,F-C,6-11,254,"MAR 05, 1990",32.0,8,Duke,203486,Signed on 07/13/25,Charlotte Hornets,2021
1610612766,2021,00,P.J. Washington,P.J.,pj-washington,25,F,6-7,230,"AUG 23, 1998",23.0,2,Kentucky,1629023,,Charlotte Hornets,2021
1610612766,2021,00,Arnoldas Kulboka,Arnoldas,arnoldas-kulboka,98,F,6-10,209,"JAN 04, 1998",24.0,R,Bilbao,1629083,,Charlotte Hornets,2021
1610612766,2022,00,LaMelo Ball,LaMelo,lamelo-ball,1,G,6-7,180,"AUG 22, 2001",21.0,2,Illawarra,1630163,#3 Pick in 2020 Draft,Charlotte Hornets,2022
1610612766,2022,00,James Bouknight,James,james-bouknight,2,G,6-4,190,"SEP 18, 2000",22.0,1,Connecticut,1630547,,Charlotte Hornets,2022
1610612766,2022,00,Terry Rozier,Terry,terry-rozier,3,G,6-1,190,"MAR 17, 1994",29.0,7,Louisville,1626179,,Charlotte Hornets,2022
1610612766,2022,00,Nick Richards,Nick,nick-richards,4,C,7-0,245,"NOV 29, 1997",25.0,2,Kentucky,1630208,,Charlotte Hornets,2022
1610612766,2022,00,Mark Williams,Mark,mark-williams,5,C,7-0,240,"DEC 16, 2001",21.0,R,Duke,1631109,,Charlotte Hornets,2022
1610612766,2022,00,Bryce McGowens,Bryce,bryce-mcgowens,7,G,6-6,175,"NOV 08, 2002",20.0,R,Nebraska,1631121,,Charlotte Hornets,2022
1610612766,2022,00,Dennis Smith Jr.,Dennis,dennis-smith-jr,8,G,6-2,205,"NOV 25, 1997",25.0,5,North Carolina State,1628372,,Charlotte Hornets,2022
1610612766,2022,00,Theo Maledon,Theo,theo-maledon,9,G,6-5,175,"JUN 12, 2001",22.0,2,ASVEL,1630177,,Charlotte Hornets,2022
1610612766,2022,00,Cody Martin,Cody,cody-martin,11,F,6-6,205,"SEP 28, 1995",27.0,3,Nevada,1628998,,Charlotte Hornets,2022
1610612766,2022,00,Kelly Oubre Jr.,Kelly,kelly-oubre-jr,12,F-G,6-6,203,"DEC 09, 1995",27.0,7,Kansas,1626162,,Charlotte Hornets,2022
1610612766,2022,00,Svi Mykhailiuk,Svi,svi-mykhailiuk,17,G-F,6-7,205,"JUN 10, 1997",26.0,4,Kansas,1629004,,Charlotte Hornets,2022
1610612766,2022,00,Xavier Sneed,Xavier,xavier-sneed,19,F,6-5,215,"DEC 21, 1997",25.0,1,Kansas State,1630270,,Charlotte Hornets,2022
1610612766,2022,00,Gordon Hayward,Gordon,gordon-hayward,20,F,6-7,225,"MAR 23, 1990",33.0,12,Butler,202330,,Charlotte Hornets,2022
1610612766,2022,00,JT Thor,JT,jt-thor,21,F,6-9,203,"AUG 26, 2002",20.0,1,Auburn,1630550,,Charlotte Hornets,2022
1610612766,2022,00,Kai Jones,Kai,kai-jones,23,C-F,6-11,221,"JAN 19, 2001",22.0,1,Texas,1630539,,Charlotte Hornets,2022
1610612766,2022,00,Kobi Simmons,Kobi,kobi-simmons,23,G,6-5,180,"JUL 04, 1997",25.0,2,Arizona,1628424,,Charlotte Hornets,2022
1610612766,2022,00,P.J. Washington,P.J.,pj-washington,25,F,6-7,230,"AUG 23, 1998",24.0,3,Kentucky,1629023,,Charlotte Hornets,2022
1610612766,2023,00,Miles Bridges,Miles,miles-bridges,0,F,6-7,225,"MAR 21, 1998",26.0,4,Michigan State,1628970,Draft Rights Traded from LAC on 06/21/18,Charlotte Hornets,2023
1610612766,2023,00,LaMelo Ball,LaMelo,lamelo-ball,1,G,6-7,180,"AUG 22, 2001",22.0,3,Illawarra,1630163,#3 Pick in 2020 Draft,Charlotte Hornets,2023
1610612766,2023,00,Grant Williams,Grant,grant-williams,2,F,6-6,236,"NOV 30, 1998",25.0,4,Tennessee,1629684,Traded from DAL on 02/08/24,Charlotte Hornets,2023
1610612766,2023,00,Nick Richards,Nick,nick-richards,4,C,7-0,245,"NOV 29, 1997",26.0,3,Kentucky,1630208,,Charlotte Hornets,2023
1610612766,2023,00,Mark Williams,Mark,mark-williams,5,C,7-0,240,"DEC 16, 2001",22.0,1,Duke,1631109,,Charlotte Hornets,2023
1610612766,2023,00,Bryce McGowens,Bryce,bryce-mcgowens,7,G,6-6,175,"NOV 08, 2002",21.0,1,Nebraska,1631121,,Charlotte Hornets,2023
1610612766,2023,00,Nick Smith Jr.,Nick,nick-smith-jr,8,G,6-2,185,"APR 18, 2004",20.0,R,Arkansas,1641733,,Charlotte Hornets,2023
1610612766,2023,00,Davis Bertans,Davis,davis-bertans,9,F,6-10,225,"NOV 12, 1992",31.0,7,Baskonia,202722,,Charlotte Hornets,2023
1610612766,2023,00,Amari Bailey,Amari,amari-bailey,10,G,6-3,185,"FEB 17, 2004",20.0,R,UCLA,1641735,,Charlotte Hornets,2023
1610612766,2023,00,Cody Martin,Cody,cody-martin,11,F,6-6,205,"SEP 28, 1995",28.0,4,Nevada,1628998,,Charlotte Hornets,2023
1610612766,2023,00,Marques Bolden,Marques,marques-bolden,12,C,6-10,249,"APR 17, 1998",26.0,2,Duke,1629716,,Charlotte Hornets,2023
1610612766,2023,00,Leaky Black,Leaky,leaky-black,12,F,6-6,209,"JUN 14, 1999",25.0,R,North Carolina,1641778,,Charlotte Hornets,2023
1610612766,2023,00,Aleksej Pokusevski,Aleksej,aleksej-pokusevski,17,F,7-0,210,"DEC 26, 2001",22.0,3,Olympiacos,1630197,,Charlotte Hornets,2023
1610612766,2023,00,JT Thor,JT,jt-thor,21,F,6-9,203,"AUG 26, 2002",21.0,2,Auburn,1630550,,Charlotte Hornets,2023
1610612766,2023,00,Vasilije Micic,Vasilije,vasilije-micic,22,G,6-3,188,"JAN 13, 1994",30.0,R,Serbia,203995,,Charlotte Hornets,2023
1610612766,2023,00,Tre Mann,Tre,tre-mann,23,G,6-3,178,"FEB 03, 2001",23.0,2,Florida,1630544,Traded from OKC on 02/08/24,Charlotte Hornets,2023
1610612766,2023,00,Brandon Miller,Brandon,brandon-miller,24,F,6-7,200,"NOV 22, 2002",21.0,R,Alabama,1641706,#2 Pick in 2023 Draft,Charlotte Hornets,2023
1610612766,2023,00,Seth Curry,Seth,seth-curry,30,G,6-1,185,"AUG 23, 1990",33.0,10,Duke,203552,,Charlotte Hornets,2023
1610612766,2024,00,Miles Bridges,Miles,miles-bridges,0,F,6-7,225,"MAR 21, 1998",27.0,5,Michigan State,1628970,Draft Rights Traded from LAC on 06/21/18,Charlotte Hornets,2024
1610612766,2024,00,LaMelo Ball,LaMelo,lamelo-ball,1,G,6-7,180,"AUG 22, 2001",23.0,4,Illawarra,1630163,#3 Pick in 2020 Draft,Charlotte Hornets,2024
1610612766,2024,00,Grant Williams,Grant,grant-williams,2,F,6-6,236,"NOV 30, 1998",26.0,5,Tennessee,1629684,Traded from DAL on 02/08/24,Charlotte Hornets,2024
1610612766,2024,00,DaQuan Jeffries,DaQuan,daquan-jeffries,3,G-F,6-5,222,"AUG 30, 1997",27.0,5,Tulsa,1629610,,Charlotte Hornets,2024
1610612766,2024,00,Mark Williams,Mark,mark-williams,5,C,7-0,240,"DEC 16, 2001",23.0,2,Duke,1631109,,Charlotte Hornets,2024
1610612766,2024,00,Damion Baugh,Damion,damion-baugh,7,G,6-4,194,"AUG 03, 2000",24.0,R,TCU,1641878,,Charlotte Hornets,2024
1610612766,2024,00,Nick Smith Jr.,Nick,nick-smith-jr,8,G,6-2,185,"APR 18, 2004",21.0,1,Arkansas,1641733,,Charlotte Hornets,2024
1610612766,2024,00,Wendell Moore Jr.,Wendell,wendell-moore-jr,9,G,6-5,215,"SEP 18, 2001",23.0,2,Duke,1631111,,Charlotte Hornets,2024
1610612766,2024,00,Josh Green,Josh,josh-green,10,G,6-5,200,"NOV 16, 2000",24.0,4,Arizona,1630182,Traded from DAL on 07/06/24,Charlotte Hornets,2024
1610612766,2024,00,Jusuf Nurkić,Jusuf,jusuf-nurkić,11,C,7-0,290,"AUG 23, 1994",30.0,10,Cedevita,203994,,Charlotte Hornets,2024
1610612766,2024,00,Josh Okogie,Josh,josh-okogie,12,G,6-4,213,"SEP 01, 1998",26.0,6,Georgia Tech,1629006,,Charlotte Hornets,2024
1610612766,2024,00,Moussa Diabaté,Moussa,moussa-diabaté,14,F,6-9,210,"JAN 21, 2002",23.0,2,Michigan,1631217,Signed on 07/31/24,Charlotte Hornets,2024
1610612766,2024,00,Tre Mann,Tre,tre-mann,23,G,6-3,178,"FEB 03, 2001",24.0,3,Florida,1630544,Traded from OKC on 02/08/24,Charlotte Hornets,2024
1610612766,2024,00,Brandon Miller,Brandon,brandon-miller,24,F,6-7,200,"NOV 22, 2002",22.0,1,Alabama,1641706,#2 Pick in 2023 Draft,Charlotte Hornets,2024
1610612766,2024,00,KJ Simpson,KJ,kj-simpson,25,G,6-0,189,"AUG 08, 2002",22.0,R,Colorado,1642354,#42 Pick in 2024 Draft,Charlotte Hornets,2024
1610612766,2024,00,Seth Curry,Seth,seth-curry,30,G,6-1,185,"AUG 23, 1990",34.0,11,Duke,203552,,Charlotte Hornets,2024
1610612766,2024,00,Tidjane Salaün,Tidjane,tidjane-salaün,31,F,6-8,207,"AUG 10, 2005",19.0,R,Cholet,1642275,#6 Pick in 2024 Draft,Charlotte Hornets,2024
1610612766,2024,00,Taj Gibson,Taj,taj-gibson,67,F,6-9,232,"JUN 24, 1985",40.0,15,Southern California,201959,,Charlotte Hornets,2024
1610612766,2025,00,Eric Dixon,Eric,eric-dixon,,F,6-6,255,"JAN 26, 2001",24.0,R,Villanova,1642915,Signed on 10/08/25,Charlotte Hornets,2025
1610612766,2025,00,Miles Bridges,Miles,miles-bridges,0,F,6-6,225,"MAR 21, 1998",27.0,6,Michigan State,1628970,Draft Rights Traded from LAC on 06/21/18,Charlotte Hornets,2025
1610612766,2025,00,LaMelo Ball,LaMelo,lamelo-ball,1,G,6-6,180,"AUG 22, 2001",24.0,5,Illawarra,1630163,#3 Pick in 2020 Draft,Charlotte Hornets,2025
1610612766,2025,00,Grant Williams,Grant,grant-williams,2,F,6-5,236,"NOV 30, 1998",26.0,6,Tennessee,1629684,Traded from DAL on 02/08/24,Charlotte Hornets,2025
1610612766,2025,00,Sion James,Sion,sion-james,4,G,6-4,220,"DEC 04, 2002",22.0,R,Duke,1642883,#33 Pick in 2025 Draft,Charlotte Hornets,2025
1610612766,2025,00,Kon Knueppel,Kon,kon-knueppel,7,G-F,6-4,215,"AUG 03, 2005",20.0,R,Duke,1642851,#4 Pick in 2025 Draft,Charlotte Hornets,2025
1610612766,2025,00,Collin Sexton,Collin,collin-sexton,8,G,6-0,190,"JAN 04, 1999",26.0,7,Alabama,1629012,Traded from UTA on 06/29/25,Charlotte Hornets,2025
1610612766,2025,00,Josh Green,Josh,josh-green,10,G,6-3,200,"NOV 16, 2000",24.0,5,Arizona,1630182,Traded from DAL on 07/06/24,Charlotte Hornets,2025
1610612766,2025,00,Ryan Kalkbrenner,Ryan,ryan-kalkbrenner,11,C,7-0,256,"JAN 17, 2002",23.0,R,Creighton,1641750,#34 Pick in 2025 Draft,Charlotte Hornets,2025
1610612766,2025,00,Antonio Reeves,Antonio,antonio-reeves,12,G,6-4,205,"NOV 20, 2000",24.0,1,Kentucky,1641810,Signed on 07/25/25,Charlotte Hornets,2025
1610612766,2025,00,Drew Peterson,Drew,drew-peterson,13,F,6-6,205,"NOV 09, 1999",25.0,2,Southern California,1641809,Signed on 07/16/25,Charlotte Hornets,2025
1610612766,2025,00,Moussa Diabaté,Moussa,moussa-diabaté,14,F,6-9,210,"JAN 21, 2002",23.0,3,Michigan,1631217,Signed on 07/31/24,Charlotte Hornets,2025
1610612766,2025,00,Pat Connaughton,Pat,pat-connaughton,21,G,6-3,209,"JAN 06, 1993",32.0,10,Notre Dame,1626192,Traded from MIL on 07/06/25,Charlotte Hornets,2025
1610612766,2025,00,Mason Plumlee,Mason,mason-plumlee,22,F-C,6-9,254,"MAR 05, 1990",35.0,12,Duke,203486,Signed on 07/13/25,Charlotte Hornets,2025
1610612766,2025,00,Tre Mann,Tre,tre-mann,23,G,6-3,178,"FEB 03, 2001",24.0,4,Florida,1630544,Traded from OKC on 02/08/24,Charlotte Hornets,2025
1610612766,2025,00,Brandon Miller,Brandon,brandon-miller,24,F,6-6,200,"NOV 22, 2002",22.0,2,Alabama,1641706,#2 Pick in 2023 Draft,Charlotte Hornets,2025
1610612766,2025,00,KJ Simpson,KJ,kj-simpson,25,G,6-0,189,"AUG 08, 2002",23.0,1,Colorado,1642354,#42 Pick in 2024 Draft,Charlotte Hornets,2025
1610612766,2025,00,Spencer Dinwiddie,Spencer,spencer-dinwiddie,26,G,6-5,215,"APR 06, 1993",32.0,11,Colorado,203915,Signed on 07/13/25,Charlotte Hornets,2025
1610612766,2025,00,Tidjane Salaün,Tidjane,tidjane-salaün,31,F,6-8,207,"AUG 10, 2005",20.0,1,Cholet,1642275,#6 Pick in 2024 Draft,Charlotte Hornets,2025
1610612766,2025,00,Liam McNeeley,Liam,liam-mcneeley,33,F,6-5,210,"OCT 10, 2005",20.0,R,Connecticut,1642862,Draft Rights Traded from PHX on 06/30/25,Charlotte Hornets,2025
1610612766,2025,00,Ibou Badji,Ibou,ibou-badji,41,C,6-10,240,"OCT 13, 2002",23.0,1,FC Barcelona,1630641,Signed on 09/30/25,Charlotte Hornets,2025
