season,teamName,teamScore,assists,reboundsDefensive,reboundsOffensive,reboundsTotal,steals,blocks,turnovers,foulsPersonal,fieldGoalsMade,fieldGoalsAttempted,fieldGoalsPercentage,threePointersMade,threePointersAttempted,threePointersPercentage,freeThrowsMade,freeThrowsAttempted,freeThrowsPercentage,plusMinusPoints
1946-1947,Celtics,56.67,,,,,,,,16.5,22.5,,,,,,11.67,24.0,0.67,-5.67
1946-1947,Knicks,60.36,,,,,,,,17.0,23.5,,,,,,13.36,21.0,0.62,-2.57
1946-1947,Warriors,67.29,,,,,,,,,24.43,,,,,,18.43,,,7.43
1947-1948,Celtics,65.69,6.0,,,,,,,17.0,24.38,74.0,0.35,,,,16.94,25.0,0.68,-5.56
1947-1948,Knicks,74.19,5.0,,,,,,,23.33,29.88,109.5,0.33,,,,14.44,22.5,0.71,8.38
1947-1948,Warriors,67.62,5.0,,,,,,,16.75,24.5,106.67,0.21,,,,18.62,27.29,0.7,-1.53
1948-1949,Celtics,75.96,,,,,,,,,28.3,,,,,,19.37,30.15,0.65,-2.0
1948-1949,Knicks,79.33,,,,,,,,,28.85,,,,,,21.63,31.3,0.69,-1.41
1948-1949,Lakers,81.28,,,,,,,,18.0,30.1,,,,,,21.07,29.41,0.71,6.14
1948-1949,Pistons,73.93,,,,,,,,,26.33,,,,,,21.26,30.81,0.69,-4.48
1948-1949,Royals,81.31,,,,,,,,25.0,28.76,,,,,,23.79,33.93,0.72,4.55
1948-1949,Warriors,82.04,,,,,,,,,30.04,,,,,,21.96,30.22,0.73,-2.56
1949-1950,Blackhawks,78.74,,,,,,,,26.5,26.68,90.0,0.33,,,,25.37,36.05,0.69,-4.68
1949-1950,Celtics,79.62,,,,,,,,22.33,28.97,,,,,,21.68,30.61,0.71,-5.59
1949-1950,Knicks,79.7,,,,,,,,26.25,27.62,,,,,,24.46,34.49,0.7,-1.44
1949-1950,Lakers,83.19,,,,,,,,28.27,30.71,80.0,0.45,,,,21.88,29.71,0.73,5.88
1949-1950,Nationals,81.97,,,,,,,,28.08,27.37,87.0,0.37,,,,27.23,39.62,0.73,4.97
1949-1950,Pistons,77.29,,,,,,,,29.38,26.74,,,,,,23.82,33.69,0.7,-0.76
1949-1950,Royals,80.16,,,,,,,,27.33,27.97,,,,,,24.33,32.48,0.74,5.78
1949-1950,Warriors,72.72,,,,,,,,27.71,25.94,,,,,,20.78,29.46,0.71,-5.26
1950-1951,Blackhawks,85.42,21.0,,,,,,,33.5,29.29,95.0,0.3,,,,26.85,36.48,0.74,-5.21
1950-1951,Celtics,86.64,20.0,,,,,,,27.25,30.88,83.0,0.35,,,,24.94,34.57,0.71,-1.1
1950-1951,Knicks,84.89,21.8,,,44.0,,,,29.65,30.06,78.47,0.38,0.0,,,24.66,35.29,0.7,0.66
1950-1951,Lakers,81.78,,,,,,,,33.75,29.6,71.0,0.38,,,,22.43,30.22,0.74,3.93
1950-1951,Nationals,86.44,23.2,,,,,,,34.0,28.46,78.2,0.37,,,,29.53,40.78,0.73,0.61
1950-1951,Pistons,83.06,,,,,,,,35.0,29.04,,,,,,24.52,34.9,0.72,-1.71
1950-1951,Royals,84.4,24.29,,,51.86,,,,25.8,29.08,73.71,0.4,0.0,,,26.2,34.39,0.75,2.87
1950-1951,Warriors,84.64,20.0,,,,,,,26.5,29.44,86.0,0.31,,,,25.68,33.15,0.78,1.16
1951-1952,Celtics,90.67,18.0,,,,,,,27.96,31.35,85.67,0.35,,,,27.96,24.0,0.67,1.76
1951-1952,Hawks,73.2,,,,,,,,27.88,25.16,76.5,0.27,,,,22.88,38.0,0.68,-8.37
1951-1952,Knicks,85.06,20.0,,,,,,,28.23,29.65,72.62,0.36,,,,25.77,16.0,2.47,-0.38
1951-1952,Lakers,84.26,,,,,,,,27.51,30.68,82.71,0.39,,,,22.9,17.0,3.69,4.61
1951-1952,Nationals,87.66,21.0,,,53.0,,,,29.98,28.38,77.0,0.39,,,,30.9,52.0,0.72,4.45
1951-1952,Pistons,76.68,19.0,,,,,,,26.4,26.08,69.57,0.37,,,,24.57,30.0,0.62,-3.92
1951-1952,Royals,85.12,20.0,,,,,,,28.15,29.81,68.0,0.36,,,,25.51,31.0,1.03,3.02
1951-1952,Warriors,85.8,20.0,,,57.0,,,,27.7,30.19,77.25,0.37,,,,25.43,45.0,0.79,-2.3
1952-1953,Celtics,87.25,,,,,,,,27.89,29.7,82.5,0.38,,,,27.87,30.67,0.75,1.25
1952-1953,Hawks,75.04,,,,,,,,29.42,25.76,78.33,0.34,,,,23.52,32.6,0.71,-3.28
1952-1953,Knicks,83.98,,,,,,,,29.39,28.46,75.62,0.34,,,,27.06,39.67,0.66,3.13
1952-1953,Lakers,84.97,,,,,,,,27.69,29.38,76.16,0.39,,,,24.44,33.67,0.73,5.23
1952-1953,Nationals,85.02,,,,,,,,30.98,26.84,65.67,0.39,,,,31.33,51.67,0.67,2.44
1952-1953,Pistons,80.44,,,,,,,,31.55,26.36,78.17,0.32,,,,27.72,37.17,0.73,-1.59
1952-1953,Royals,85.86,,,,,,,,33.19,28.33,79.75,0.35,,,,29.19,43.71,0.72,1.58
1952-1953,Warriors,77.79,,,,,,,,26.18,28.13,78.0,0.36,,,,21.4,42.0,0.64,-9.8
1953-1954,Celtics,86.54,,,,,,,,28.81,30.04,59.0,0.45,,,,26.46,34.14,0.69,0.44
1953-1954,Hawks,69.25,,,,,,,,24.84,24.12,25.6,0.35,,,,21.0,30.56,0.73,-6.03
1953-1954,Knicks,78.32,,,,,,,,26.02,26.35,40.17,0.37,,,,25.62,38.33,0.81,-1.15
1953-1954,Lakers,81.01,0.0,,,0.0,,,,27.16,29.73,53.22,0.39,,,,21.56,30.18,0.77,3.51
1953-1954,Nationals,82.73,0.0,,,0.0,,,,25.65,27.65,62.08,0.38,,,,27.43,35.82,0.68,4.13
1953-1954,Pistons,76.53,,,,,,,,23.62,26.37,41.44,0.37,,,,23.79,36.11,0.75,0.33
1953-1954,Royals,79.56,0.0,,,0.0,,,,25.61,27.81,54.0,0.36,,,,23.93,35.13,0.73,1.21
1953-1954,Warriors,77.39,0.0,,,0.0,,,,23.5,28.02,64.8,0.39,,,,21.35,30.78,0.71,-3.02
1954-1955,Celtics,101.77,0.0,,,0.0,,,,26.06,36.39,30.67,0.44,,,,28.99,36.33,0.74,-0.18
1954-1955,Hawks,87.36,,,,,,,,26.32,30.35,23.57,0.44,,,,26.61,42.86,0.66,-3.06
1954-1955,Knicks,93.11,0.0,,,,,,,22.04,33.28,30.0,0.4,,,,26.55,30.33,0.74,-0.2
1954-1955,Lakers,95.56,0.0,,,0.0,,,,26.96,34.51,31.06,0.41,,,,26.54,34.5,0.79,0.96
1954-1955,Nationals,91.88,,,,,,,,23.38,32.72,15.0,0.47,,,,26.43,41.89,0.74,1.51
1954-1955,Pistons,92.55,,,,,,,,24.77,32.37,34.29,0.4,,,,27.81,37.15,0.78,2.35
1954-1955,Royals,90.89,,,,,,,,25.81,33.32,13.5,0.49,,,,24.25,37.67,0.73,-1.71
1954-1955,Warriors,93.22,,,,,,,,23.72,33.21,40.75,0.36,,,,26.81,40.29,0.68,-0.26
1955-1956,Celtics,105.83,,,,,,,,25.66,38.11,89.2,0.4,,,,29.42,38.77,0.77,1.05
1955-1956,Hawks,96.2,,,,,,,,27.59,34.42,91.38,0.39,,,,27.59,39.05,0.72,-2.4
1955-1956,Knicks,99.85,,,,,,,,26.71,34.73,87.5,0.34,,,,30.62,41.71,0.77,-0.48
1955-1956,Lakers,100.18,,,,,,,,27.86,35.37,87.4,0.39,,,,29.05,37.65,0.78,0.27
1955-1956,Nationals,97.17,,,,,,,,25.23,34.38,84.0,0.33,,,,28.58,37.42,0.77,-0.29
1955-1956,Pistons,94.17,,,,,,,,24.43,33.2,84.0,0.37,,,,27.78,38.07,0.73,0.98
1955-1956,Royals,95.83,,,,,,,,27.58,35.42,92.0,0.36,,,,25.0,34.75,0.71,-2.59
1955-1956,Warriors,103.29,,,,,,,,26.62,36.72,77.5,0.42,,,,29.85,39.4,0.75,4.5
1956-1957,Celtics,106.29,,,,65.0,,,,26.09,39.22,113.33,0.36,,,,27.85,39.2,0.76,5.59
1956-1957,Hawks,100.68,31.0,,,67.1,,,,26.27,36.14,101.0,0.39,,,,28.39,41.12,0.73,-0.1
1956-1957,Knicks,100.76,,,,38.0,,,,25.31,35.68,81.5,0.4,,,,29.4,42.5,0.72,-0.14
1956-1957,Lakers,103.37,17.0,,,62.33,,,,26.47,36.31,104.5,0.33,,,,30.76,40.79,0.78,-0.68
1956-1957,Nationals,99.27,,,,,,,,25.27,35.23,94.0,0.35,,,,28.81,36.08,0.81,-1.56
1956-1957,Pistons,97.01,,,,52.0,,,,22.75,35.43,92.0,0.36,,,,26.16,40.4,0.73,-2.45
1956-1957,Royals,93.44,,,,,,,,25.65,34.94,,,,,,23.56,32.27,0.73,-1.92
1956-1957,Warriors,100.08,,,,,,,,24.01,35.86,,,,,,28.35,35.2,0.78,1.3
1957-1958,Celtics,109.54,,,,90.0,,,,24.23,41.29,108.4,0.36,,,,26.95,37.17,0.78,5.53
1957-1958,Hawks,107.73,,,,64.0,,,,26.59,38.6,98.92,0.4,,,,30.53,45.65,0.7,1.47
1957-1958,Knicks,112.06,,,,95.0,,,,25.68,40.04,97.0,0.41,,,,31.97,43.5,0.75,1.54
1957-1958,Lakers,105.08,,,,,,,,27.51,36.94,,,,,,31.19,35.67,0.7,-6.38
1957-1958,Nationals,106.51,,,,,,,,25.01,38.91,103.0,0.37,,,,28.69,34.83,0.8,2.27
1957-1958,Pistons,105.34,,,,,,,,25.23,37.99,97.8,0.36,,,,29.37,40.33,0.77,-2.23
1957-1958,Royals,101.61,,,,,,,,25.47,39.0,,,,,,23.47,33.89,0.72,-1.69
1957-1958,Warriors,103.26,,,,,,,,24.44,38.15,91.0,0.41,,,,26.98,34.78,0.79,0.42
1958-1959,Celtics,117.29,,,,74.0,,,,24.92,44.86,101.0,0.37,,,,27.58,35.0,0.77,7.36
1958-1959,Hawks,108.69,,,,61.0,,,,26.53,39.92,93.44,0.43,,,,28.87,37.86,0.77,4.3
1958-1959,Knicks,110.55,,,,,,,,26.62,39.91,90.0,0.37,,,,30.74,37.89,0.79,-0.05
1958-1959,Lakers,105.93,19.0,,,51.5,,,,26.43,38.75,98.0,0.41,,,,28.42,37.14,0.77,-1.93
1958-1959,Nationals,113.96,26.0,,,64.5,,,,27.35,42.33,118.0,0.38,,,,29.3,38.11,0.81,3.96
1958-1959,Pistons,104.97,,,,61.0,,,,26.52,38.97,107.33,0.39,,,,27.03,34.93,0.76,-1.43
1958-1959,Royals,103.07,,,,59.0,,,,25.64,39.64,95.33,0.41,,,,23.79,35.0,0.74,-8.69
1958-1959,Warriors,103.26,14.5,,,53.0,,,,24.67,39.25,96.25,0.35,,,,24.76,32.76,0.72,-3.0
1959-1960,Celtics,122.82,,,,64.0,,,,24.96,48.91,108.67,0.4,,,,24.55,33.34,0.74,7.94
1959-1960,Hawks,112.2,47.0,,,63.32,,,,26.52,41.98,102.54,0.43,0.0,0.0,,28.37,37.48,0.75,2.31
1959-1960,Knicks,117.33,,,,54.0,,,,26.38,45.72,103.33,0.44,0.0,0.0,,25.89,34.86,0.77,-2.31
1959-1960,Lakers,106.93,,,,49.82,,,,25.54,40.39,93.25,0.66,,,,26.04,35.67,0.74,-3.98
1959-1960,Nationals,118.54,,,,55.5,,,,25.88,45.29,103.25,0.43,,,,28.04,34.54,0.8,2.05
1959-1960,Pistons,111.4,,,,61.25,,,,26.25,41.86,106.0,0.37,,,,27.69,36.11,0.76,-3.55
1959-1960,Royals,111.11,,,,65.71,,,,27.97,42.8,99.71,0.41,,,,25.51,35.85,0.71,-6.11
1959-1960,Warriors,118.1,,,,69.71,,,,23.33,47.12,136.83,0.33,,,,23.86,36.65,0.67,2.84
1960-1961,Celtics,119.85,17.58,,0.0,56.6,0.0,0.0,0.0,25.22,46.63,113.28,0.58,0.0,0.0,,26.33,35.56,0.73,6.98
1960-1961,Hawks,117.87,7.21,,0.0,59.18,0.0,0.0,0.0,26.81,45.5,111.16,0.41,0.0,0.0,,27.17,36.13,0.75,2.41
1960-1961,Knicks,113.66,5.83,,0.0,48.92,0.0,0.0,0.0,27.44,43.33,100.5,0.43,0.0,0.0,,27.03,36.16,0.76,-6.42
1960-1961,Lakers,114.4,7.7,,0.0,53.0,0.0,0.0,0.0,25.0,43.28,99.33,0.46,0.0,0.0,,28.09,37.76,0.73,0.39
1960-1961,Nationals,120.34,17.08,,0.0,59.47,0.0,0.0,0.0,26.16,45.64,102.47,0.55,0.0,0.0,,28.71,36.08,0.78,1.74
1960-1961,Pistons,118.54,13.5,,0.0,60.82,0.0,0.0,0.0,26.25,44.05,108.31,0.41,0.0,0.0,,30.44,40.56,0.75,-2.2
1960-1961,Royals,117.87,9.62,,0.0,62.27,0.0,0.0,0.0,23.55,45.91,103.57,0.45,0.0,0.0,,26.29,34.37,0.75,-3.46
1960-1961,Warriors,120.51,14.75,,0.0,59.42,0.0,0.0,0.0,23.86,47.43,113.54,0.41,0.0,0.0,,25.52,39.56,0.64,0.76
1961-1962,Celtics,120.17,30.0,,,58.6,,,,23.85,47.66,107.6,0.44,0.0,0.0,,24.85,35.11,0.73,8.59
1961-1962,Hawks,118.85,,,,60.2,,,,27.3,45.48,104.83,0.43,0.0,0.0,,28.06,36.29,0.77,-3.28
1961-1962,Knicks,114.84,17.0,,,59.0,,,,26.44,46.72,104.25,0.46,0.0,0.0,,24.01,33.6,0.72,-4.62
1961-1962,Lakers,118.41,25.0,,,59.55,,,,25.25,44.04,99.09,0.46,0.0,0.0,,30.17,39.04,0.74,2.29
1961-1962,Nationals,119.46,,,,63.67,,,,28.68,45.81,108.0,0.36,0.0,0.0,,27.84,35.89,0.78,1.81
1961-1962,Packers,110.92,,,,67.0,,,,25.08,42.75,110.0,0.31,,,,24.46,35.62,0.67,-8.14
1961-1962,Pistons,115.41,,,,61.4,,,,25.11,43.53,105.6,0.45,0.0,0.0,,28.34,38.44,0.73,-1.84
1961-1962,Royals,122.79,,,,65.75,,,,26.27,47.5,106.25,0.45,0.0,0.0,,27.79,36.8,0.76,1.79
1961-1962,Warriors,122.91,39.0,,,58.4,,,,24.94,47.65,106.6,0.47,,,,27.61,39.93,0.7,2.59
1962-1963,Celtics,118.7,33.0,,,73.0,,,,27.64,46.61,122.5,0.41,,,,25.45,33.5,0.78,6.47
1962-1963,Hawks,109.74,,,,54.67,,,,26.26,41.88,99.67,0.39,,,,25.71,31.12,0.72,1.74
1962-1963,Knicks,110.46,,,,,,,,26.38,42.91,,,,,,24.64,33.6,0.72,-7.06
1962-1963,Lakers,115.17,,,,57.14,,,,22.5,43.45,97.57,0.48,,,,28.35,33.23,0.76,3.26
1962-1963,Nationals,121.58,,,,,,,,28.45,45.72,,,,,,29.44,40.2,0.81,3.31
1962-1963,Pistons,113.4,18.0,,,,,,,32.82,43.9,94.0,0.5,,,,25.6,41.0,0.71,-3.92
1962-1963,Royals,119.36,,,,58.0,,,,28.32,45.64,105.0,0.43,,,,28.08,38.57,0.79,0.91
1962-1963,Warriors,118.5,,,,50.33,,,,27.94,47.52,102.67,0.46,,,,23.45,34.71,0.65,-2.09
1962-1963,Zephyrs,109.94,,,,57.0,,,,27.0,42.11,94.0,0.33,,,,25.71,38.33,0.73,-3.86
1963-1964,76ers,112.21,23.0,,,43.0,,,,77.5,42.33,84.0,0.48,,,,27.54,35.68,0.78,-4.23
1963-1964,Bullets,111.85,22.0,,,51.33,,,,26.67,43.2,92.0,0.47,,,,25.45,37.1,0.69,-1.79
1963-1964,Celtics,111.96,,,,62.5,,,,28.5,44.67,108.0,0.38,,,,22.62,31.35,0.72,7.71
1963-1964,Hawks,109.46,30.0,,,52.5,,,,70.25,41.2,95.5,0.42,,,,26.36,34.92,0.76,1.59
1963-1964,Knicks,112.2,,,,55.0,,,,22.0,43.88,98.0,0.43,,,,24.4,35.44,0.69,-6.01
1963-1964,Lakers,109.18,28.33,,,50.83,,,,36.5,40.71,89.17,0.48,,,,27.92,36.32,0.77,0.62
1963-1964,Pistons,107.75,,,,55.0,,,,26.0,41.82,83.0,0.42,,,,24.1,33.24,0.73,-7.72
1963-1964,Royals,113.73,24.0,,,58.0,,,,41.17,43.5,96.0,0.4,,,,26.62,35.12,0.76,4.63
1963-1964,Warriors,107.52,24.43,,,61.62,,,,25.31,42.5,96.67,0.44,,,,22.54,35.36,0.64,4.89
1964-1965,76ers,112.45,,,,,,,,,42.35,,,,,,27.75,37.8,0.74,0.13
1964-1965,Bullets,113.7,,,,,,,,,42.81,,,,,,28.08,39.38,0.71,-1.66
1964-1965,Celtics,113.32,,,,,,,,,44.8,,,,,,23.71,32.36,0.73,8.2
1964-1965,Hawks,108.83,,,,,,,,,40.88,,,,,,27.06,36.73,0.74,2.67
1964-1965,Knicks,107.41,,,,,,,,,41.74,,,,,,23.94,33.61,0.71,-3.66
1964-1965,Lakers,112.14,,,,,,,,,41.74,,,,,,28.67,37.69,0.77,1.1
1964-1965,Pistons,108.51,,,,,,,,,43.32,,,,,,21.86,31.8,0.69,-3.18
1964-1965,Royals,114.02,,,,,,,,26.0,43.48,,,,,,27.08,35.54,0.76,1.93
1964-1965,Warriors,105.81,,,,,,,,30.0,41.54,,,,,,22.74,35.55,0.64,-5.77
1965-1966,76ers,116.55,,,,93.0,,,,26.1,45.22,,,,,,26.11,39.27,0.67,3.84
1965-1966,Bullets,117.93,,,,,,,,27.63,44.98,,,,,,27.98,39.52,0.71,-1.34
1965-1966,Celtics,113.23,21.0,,,61.57,,,,25.56,43.53,101.57,0.44,,,,26.18,35.19,0.75,5.3
1965-1966,Hawks,111.7,,,,,,,,27.17,42.34,,,,,,27.01,35.91,0.75,-0.17
1965-1966,Knicks,116.69,,,,,,,,27.96,44.49,,,,,,27.71,38.36,0.72,-2.35
1965-1966,Lakers,119.04,23.33,,,54.0,,,,25.41,45.0,97.33,0.46,,,,29.04,37.62,0.77,2.69
1965-1966,Pistons,110.34,26.0,,,54.0,,,,25.44,43.44,98.0,0.5,,,,23.46,34.26,0.69,-6.82
1965-1966,Royals,117.35,21.0,,,82.0,,,,25.21,44.78,116.0,0.45,,,,27.8,36.48,0.76,1.1
1965-1966,Warriors,115.54,,,,,,,,25.57,44.46,,,,,,26.61,36.0,0.74,-2.65
1966-1967,76ers,124.67,,,,,,,,23.47,48.1,,,,,,28.46,42.1,0.68,9.43
1966-1967,Bullets,115.47,,,,,,,,26.51,45.23,,,,,,25.0,34.27,0.73,-6.13
1966-1967,Bulls,112.86,,,,,,,,27.15,43.92,,,,,,25.02,34.2,0.73,-4.0
1966-1967,Celtics,118.94,,,,,,,,26.56,45.92,,,,,,27.1,36.52,0.74,7.08
1966-1967,Hawks,113.71,,,,,,,,26.72,43.42,,,,,,26.87,37.64,0.72,-1.34
1966-1967,Knicks,116.18,,,,,,,,26.19,44.84,,,,,,26.51,36.6,0.73,-3.32
1966-1967,Lakers,120.11,,,,,,,,26.74,46.58,,,,,,26.94,35.87,0.75,-0.07
1966-1967,Pistons,111.3,,,,,,,,27.12,43.49,,,,,,24.31,33.59,0.72,-5.53
1966-1967,Royals,116.58,,,,,,,,25.4,45.11,,,,,,26.36,33.93,0.77,-0.84
1966-1967,Warriors,121.72,,,,,,,,26.62,47.14,,,,,,27.45,36.7,0.75,2.6
1967-1968,76ers,121.36,,,,,,,,22.84,47.64,,,,,,26.07,41.14,0.64,7.54
1967-1968,Bullets,117.4,,,,92.0,,,,25.9,45.02,,,,,,27.35,36.43,0.75,-0.39
1967-1968,Bulls,108.95,,,,,,,,25.82,42.3,,,,,,24.36,32.94,0.74,-3.76
1967-1968,Celtics,115.84,,,,,,,,26.5,44.77,,,,,,26.3,36.45,0.72,3.92
1967-1968,Hawks,112.89,,,,,,,,24.85,42.57,,,,,,27.75,38.16,0.73,2.64
1967-1968,Knicks,115.95,,,,,,,,28.69,44.95,,,,,,26.02,36.64,0.71,1.64
1967-1968,Lakers,120.0,,,,,,,,26.15,46.32,,,,,,27.35,37.98,0.72,5.44
1967-1968,Pistons,118.01,,,,,,,,27.23,45.62,,,,,,26.76,37.84,0.71,-1.54
1967-1968,Rockets,112.38,,,,,,,,26.73,43.49,,,,,,25.4,35.77,0.71,-8.08
1967-1968,Royals,116.61,,,,,,,,24.67,44.87,,,,,,26.88,35.28,0.77,-0.58
1967-1968,SuperSonics,118.68,,,,,,,,28.85,46.0,,,,,,26.68,37.06,0.72,-6.45
1967-1968,Warriors,116.29,,,,,,,,27.83,44.15,,,,,,27.99,37.91,0.74,-1.07
1968-1969,76ers,118.11,,,,,,,,26.48,45.49,,,,,,27.13,37.43,0.73,4.16
1968-1969,Bucks,110.24,,,,85.0,,,,25.65,43.13,,,,,,23.98,32.12,0.74,-4.91
1968-1969,Bullets,115.79,,,,,,,,24.63,45.79,,,,,,24.21,33.05,0.73,3.62
1968-1969,Bulls,104.72,,,,,,,,24.59,40.9,,,,,,22.91,31.48,0.72,-2.01
1968-1969,Celtics,110.43,23.0,,,59.0,,,,25.44,43.37,100.0,0.47,,,,23.69,32.28,0.74,5.13
1968-1969,Hawks,110.22,,,,,,,,25.17,43.56,,,,,,23.1,33.71,0.69,1.96
1968-1969,Knicks,110.35,,,,,,,,25.28,43.6,,,,,,23.15,31.43,0.74,5.76
1968-1969,Lakers,110.65,25.0,,,74.5,,,,23.76,42.86,100.0,0.49,,,,24.99,38.27,0.66,4.77
1968-1969,Pistons,114.13,,,,,,,,25.55,44.0,,,,,,26.13,36.95,0.71,-2.69
1968-1969,Rockets,114.69,,,,89.0,,,,26.33,44.74,,,,,,25.22,36.8,0.69,-0.35
1968-1969,Royals,114.54,,,,,,,,25.78,43.48,,,,,,27.59,36.73,0.75,-1.02
1968-1969,Suns,111.73,,,,,,,,25.73,43.18,,,,,,25.37,35.99,0.7,-8.57
1968-1969,SuperSonics,112.09,,,,83.0,,,,28.1,43.21,,,,,,25.67,36.28,0.71,-4.85
1968-1969,Warriors,108.12,,,,,,,,25.55,41.31,,,,,,25.51,35.69,0.72,-2.27
1969-1970,76ers,121.44,,,,,,,,26.76,47.74,,,,,,25.97,34.69,0.75,2.62
1969-1970,Bucks,118.21,,,,,,,,23.62,47.61,,,,,,22.99,31.34,0.74,4.11
1969-1970,Bullets,119.49,,,,,,,,23.01,47.31,,,,,,24.87,32.24,0.77,1.83
1969-1970,Bulls,114.68,,,,,,,,23.02,44.02,,,,,,26.63,34.52,0.78,-1.62
1969-1970,Celtics,114.9,,,,,,,,28.23,44.45,,,,,,26.0,33.01,0.79,-1.85
1969-1970,Hawks,117.31,,,,,,,,24.53,46.54,,,,,,24.23,32.34,0.75,0.66
1969-1970,Knicks,114.12,27.43,,,48.86,,,,24.32,46.34,103.14,0.46,,,,21.45,29.09,0.74,8.36
1969-1970,Lakers,113.79,26.43,,,53.57,,,,22.73,44.75,87.29,0.5,,,,24.29,32.94,0.74,2.34
1969-1970,Pistons,112.76,,,,,,,,23.67,43.48,,,,,,25.8,35.16,0.73,-3.32
1969-1970,Rockets,118.68,,,,,,,,25.56,47.15,,,,,,24.39,33.23,0.73,-3.1
1969-1970,Royals,117.27,,,,,,,,26.72,45.94,,,,,,25.39,34.66,0.73,-2.72
1969-1970,Suns,118.47,,,,77.0,,,,26.67,44.62,,,,,,29.24,39.17,0.75,-1.83
1969-1970,SuperSonics,116.94,,,,,,,,26.41,45.23,,,,,,26.48,34.73,0.76,-2.52
1969-1970,Warriors,111.15,,,,,,,,25.06,43.35,,,,,,24.44,32.23,0.76,-4.2
1970-1971,76ers,114.36,,,,,,,,26.7,43.84,,,,,,26.67,36.09,0.74,1.16
1970-1971,Braves,105.52,,,,72.0,,,,26.93,41.76,,,,,,22.01,30.46,0.73,-6.43
1970-1971,Bucks,117.05,23.25,,,54.5,,,,22.29,47.93,84.75,0.5,,,,21.2,28.67,0.74,12.58
1970-1971,Bullets,111.21,19.5,,,47.75,,,,23.78,44.06,105.5,0.38,,,,23.09,30.93,0.75,0.87
1970-1971,Bulls,109.88,52.0,,,82.0,,,,22.25,42.19,,,,,,25.53,32.37,0.79,4.65
1970-1971,Cavaliers,102.11,,,,,,,,25.83,40.23,,,,,,21.65,29.01,0.74,-10.76
1970-1971,Celtics,117.17,,,,,,,,26.07,46.39,,,,,,24.39,32.24,0.76,2.07
1970-1971,Hawks,113.46,,,,,,,,23.98,43.89,,,,,,25.69,35.97,0.72,-1.77
1970-1971,Knicks,108.93,,,,,,,,23.46,43.94,,,,,,21.05,28.57,0.73,4.23
1970-1971,Lakers,112.84,,,,,,,,20.74,44.86,,,,,,23.12,32.56,0.71,2.38
1970-1971,Pistons,110.11,,,,,,,,24.1,42.29,,,,,,25.52,34.27,0.75,-0.48
1970-1971,Rockets,113.2,,,,,,,,25.94,43.26,,,,,,26.68,35.61,0.75,-0.24
1970-1971,Royals,115.99,,,,,,,,25.85,46.4,,,,,,23.18,31.9,0.73,-3.21
1970-1971,Suns,113.82,,,,,,,,25.99,42.72,,,,,,28.38,37.51,0.75,1.9
1970-1971,SuperSonics,114.99,,,,,,,,23.51,44.68,,,,,,25.62,34.02,0.75,-1.73
1970-1971,Trail Blazers,115.45,,,,,,,,24.62,45.38,,,,,,24.7,32.59,0.76,-4.08
1970-1971,Warriors,106.47,,,,,,,,22.53,41.85,,,,,,22.77,29.94,0.76,-1.87
1971-1972,76ers,112.23,,,,,,,,26.88,43.62,,,,,,24.99,34.46,0.73,-3.21
1971-1972,Braves,102.04,,,,,,,,25.44,41.57,,,,,,18.89,27.01,0.7,-9.24
1971-1972,Bucks,113.94,,,,,,,,22.82,46.32,,,,,,21.29,28.68,0.75,10.6
1971-1972,Bullets,106.42,,,,,,,,22.73,42.12,,,,,,22.17,29.11,0.76,-1.47
1971-1972,Bulls,110.69,,,,,,,,23.98,43.1,,,,,,24.48,32.37,0.76,7.41
1971-1972,Cavaliers,105.78,,,,,,,,23.52,42.17,,,,,,21.44,29.2,0.73,-7.63
1971-1972,Celtics,115.26,,,,,,,,24.87,46.28,,,,,,22.7,29.18,0.78,5.16
1971-1972,Hawks,109.77,,,,,,,,24.0,42.53,,,,,,24.7,33.4,0.74,-1.51
1971-1972,Knicks,107.05,25.5,,,45.17,,,,23.22,42.78,90.83,0.47,,,,21.5,28.36,0.76,2.82
1971-1972,Lakers,118.75,20.83,,,55.0,,,,19.89,46.68,93.67,0.44,,,,25.39,34.49,0.74,11.22
1971-1972,Pistons,109.09,,,,,,,,23.88,42.46,,,,,,24.16,32.33,0.75,-6.27
1971-1972,Rockets,109.67,,,,,,,,24.89,43.78,,,,,,22.11,29.63,0.75,-1.31
1971-1972,Royals,107.76,,,,,,,,25.59,42.0,,,,,,23.76,31.38,0.76,-3.59
1971-1972,Suns,116.27,,,,,,,,24.65,43.89,,,,,,28.49,36.54,0.78,5.5
1971-1972,SuperSonics,109.23,,,,,,,,21.26,42.21,,,,,,24.82,32.41,0.77,0.46
1971-1972,Trail Blazers,106.82,,,,,,,,22.8,42.22,,,,,,22.38,30.5,0.74,-9.27
1971-1972,Warriors,107.75,,,,,,,,22.26,42.23,,,,,,23.29,30.31,0.77,0.07
1972-1973,76ers,104.15,,,,,,,,23.95,42.33,,,,,,19.49,25.98,0.75,-11.84
1972-1973,Braves,103.3,30.0,,,42.0,,,,24.32,43.12,84.0,0.46,,,,17.06,24.01,0.7,-9.17
1972-1973,Bucks,106.64,,,,,,,,21.38,45.51,,,,,,15.61,20.76,0.75,8.52
1972-1973,Bullets,104.41,,,,,,,,20.24,44.37,,,,,,15.68,21.16,0.74,2.69
1972-1973,Bulls,103.6,,,,,,,,22.92,42.28,,,,,,19.03,25.2,0.75,2.99
1972-1973,Cavaliers,102.66,,,,69.0,,,,23.88,41.84,,,,,,18.98,25.38,0.75,-2.67
1972-1973,Celtics,112.03,,,,,,,,22.29,46.21,,,,,,19.61,25.27,0.78,7.29
1972-1973,Hawks,112.05,,,,,,,,23.16,45.17,,,,,,21.7,29.67,0.73,-0.45
1972-1973,Kings,107.59,,,,,,,,25.01,44.16,,,,,,19.27,24.88,0.78,-2.65
1972-1973,Knicks,104.8,23.17,,,46.0,,,,22.25,44.17,94.33,0.47,,,,16.45,21.27,0.77,6.79
1972-1973,Lakers,110.27,17.6,,,52.8,,,,20.32,44.84,86.8,0.43,,,,20.58,27.91,0.74,7.78
1972-1973,Pistons,110.27,48.0,,,,,,,22.06,44.71,,,,,,20.85,27.98,0.74,0.49
1972-1973,Rockets,112.8,,,,,,,,23.95,46.0,,,,,,20.8,26.23,0.79,-1.48
1972-1973,Suns,111.65,,,,,,,,24.44,44.06,,,,,,23.52,29.72,0.79,-1.02
1972-1973,SuperSonics,103.66,,,,,,,,22.94,42.04,,,,,,19.59,25.39,0.76,-5.08
1972-1973,Trail Blazers,106.18,,,,,,,,23.74,43.74,,,,,,18.7,25.96,0.72,-6.04
1972-1973,Warriors,107.53,,,,,,,,20.95,44.73,,,,,,18.06,22.7,0.8,1.81
1973-1974,76ers,101.16,,,,,,,,23.96,40.62,,,,,,19.91,25.87,0.77,-5.98
1973-1974,Braves,111.12,,,,,,,,22.97,45.35,,,,,,20.42,26.73,0.76,-0.28
1973-1974,Bucks,106.08,22.86,31.43,12.29,43.71,3.0,3.86,,22.74,45.15,83.57,0.47,,,,15.78,20.72,0.77,7.63
1973-1974,Bullets,101.34,,,,,,,,21.19,42.22,,,,,,16.89,22.69,0.75,1.73
1973-1974,Bulls,101.1,,,,,21.0,,,22.31,39.85,,,,,,21.4,28.39,0.77,2.39
1973-1974,Cavaliers,100.26,,,,,,,,23.6,41.72,,,,,,16.82,21.84,0.77,-4.33
1973-1974,Celtics,107.81,25.43,29.71,12.71,42.43,8.29,0.71,,23.02,43.91,92.43,0.43,,,,19.99,24.93,0.8,4.22
1973-1974,Hawks,108.62,,,,,23.0,,,25.79,43.91,,,,,,20.79,27.61,0.75,-1.17
1973-1974,Kings,102.02,,,,,,,,23.5,41.09,,,,,,19.85,26.2,0.77,-3.73
1973-1974,Knicks,100.41,,,,,,,,23.18,42.0,,,,,,16.41,21.04,0.79,2.55
1973-1974,Lakers,108.23,,,,,,,,24.61,42.76,,,,,,22.71,29.56,0.77,0.59
1973-1974,Pistons,103.65,,,,,,,,23.64,41.88,,,,,,19.9,26.01,0.77,3.92
1973-1974,Rockets,107.44,,,,,,,,25.85,43.46,,,,,,20.51,25.28,0.81,-0.13
1973-1974,Suns,107.89,,,,,,,,25.73,43.35,,,,,,21.18,27.21,0.78,-3.56
1973-1974,SuperSonics,107.0,,,,,,,,25.17,43.71,,,,,,19.59,25.5,0.77,-2.31
1973-1974,Trail Blazers,106.84,,,,,,,,24.91,43.72,,,,,,19.4,25.84,0.75,-4.57
1973-1974,Warriors,109.89,,,,,,,,23.13,45.38,,,,,,19.13,24.6,0.78,2.56
1974-1975,76ers,99.76,,,,,,,,24.16,40.55,,,,,,18.66,24.93,0.75,-2.59
1974-1975,Braves,107.34,,,,,,,,22.92,43.18,,,,,,20.98,26.99,0.78,1.65
1974-1975,Bucks,100.66,,,,,,,,23.43,42.1,,,,,,16.46,21.24,0.77,0.21
1974-1975,Bullets,104.37,21.0,30.0,12.75,42.75,13.4,5.0,,23.81,42.96,84.75,0.43,,,,18.45,24.67,0.75,6.39
1974-1975,Bulls,97.54,,,,,,,,24.12,38.36,,,,,,20.82,26.98,0.77,2.82
1974-1975,Cavaliers,99.1,,,,,,,,22.94,41.56,,,,,,15.87,21.34,0.74,-0.1
1974-1975,Celtics,106.58,,,,,,,,23.69,43.78,,,,,,19.01,23.91,0.8,5.04
1974-1975,Hawks,105.12,,,,,,,,24.41,41.76,,,,,,21.61,29.65,0.73,-1.37
1974-1975,Jazz,101.45,,,,,,,,27.05,40.24,,,,,,20.96,27.52,0.77,-7.68
1974-1975,Kings,100.7,,,,,,,,24.35,39.45,,,,,,21.8,26.77,0.82,-0.69
1974-1975,Knicks,100.14,,,,,,,,24.18,40.78,,,,,,18.59,24.07,0.77,-1.62
1974-1975,Lakers,103.16,,,,,,,,25.42,41.57,,,,,,20.01,26.46,0.76,-3.85
1974-1975,Pistons,98.86,,,,,,,,22.55,40.13,,,,,,18.6,24.12,0.77,-1.42
1974-1975,Rockets,104.22,,,,,,,,25.26,42.16,,,,,,20.01,25.02,0.8,1.28
1974-1975,Suns,101.18,,,,,,,,25.22,41.23,,,,,,18.72,25.34,0.74,-2.14
1974-1975,SuperSonics,102.7,,,,,,,,24.14,42.29,,,,,,18.13,24.13,0.76,-1.49
1974-1975,Trail Blazers,103.76,,,,75.0,,,,24.99,41.63,,,,,,20.49,27.62,0.74,0.44
1974-1975,Warriors,107.09,20.5,35.75,18.0,53.75,13.75,8.0,,25.88,44.57,91.25,0.45,,,,17.96,23.79,0.75,3.64
1975-1976,76ers,106.8,,,,,,,,26.91,42.28,,,,,,22.24,30.21,0.74,0.46
1975-1976,Braves,106.86,,,,,,,,24.82,42.35,,,,,,22.15,28.71,0.77,0.31
1975-1976,Bucks,102.19,,,,,,,,24.94,42.15,,,,,,17.88,24.08,0.75,-1.44
1975-1976,Bullets,101.9,,,,,,,,23.33,41.19,,,,,,19.52,27.09,0.72,2.47
1975-1976,Bulls,95.89,,,,,,,,23.95,37.88,,,,,,20.13,26.74,0.76,-2.67
1975-1976,Cavaliers,100.38,,,,,,,,23.29,42.01,,,,,,16.36,22.37,0.73,2.33
1975-1976,Celtics,105.2,23.5,40.0,16.17,56.17,6.83,1.67,,24.67,42.34,89.33,0.43,,,,20.52,26.15,0.79,2.45
1975-1976,Hawks,102.57,,,,,,,,24.23,40.26,,,,,,22.06,30.1,0.73,-2.68
1975-1976,Jazz,104.09,,,,,,,,26.45,40.88,,,,,,22.33,29.45,0.76,-0.63
1975-1976,Kings,103.34,,,,,,,,25.21,40.74,,,,,,21.85,28.37,0.77,-2.6
1975-1976,Knicks,102.66,,,,,,,,24.41,41.99,,,,,,18.68,24.17,0.78,-0.98
1975-1976,Lakers,106.88,,,,,,,,24.8,43.26,,,,,,20.37,26.41,0.77,0.09
1975-1976,Pistons,105.47,,,,,,,,25.57,43.2,,,,,,19.08,24.98,0.77,-1.42
1975-1976,Rockets,106.2,,,,,,,,24.99,43.24,,,,,,19.71,24.91,0.79,-0.8
1975-1976,Suns,105.2,21.17,30.33,12.0,42.33,9.17,3.5,,25.05,41.67,90.83,0.43,,,,21.85,28.73,0.76,0.52
1975-1976,SuperSonics,106.48,,,,,,,,26.32,43.06,,,,,,20.36,28.6,0.71,-0.66
1975-1976,Trail Blazers,104.06,,,,,,,,25.49,41.67,,,,,,20.72,28.5,0.72,-0.72
1975-1976,Warriors,110.09,,,,,,,,25.12,45.11,,,,,,19.88,26.41,0.75,6.53
1976-1977,76ers,109.69,22.67,32.83,12.0,44.83,11.83,4.67,,25.2,42.69,88.17,0.45,,,,24.31,33.23,0.74,3.75
1976-1977,Braves,105.02,,,,,,,,22.5,41.06,,,,,,22.9,30.37,0.75,-4.44
1976-1977,Bucks,108.4,,,,,,,,25.51,44.73,,,,,,18.94,25.18,0.75,-2.89
1976-1977,Bullets,105.37,,,,,,,,23.74,42.71,,,,,,19.95,27.79,0.72,0.89
1976-1977,Bulls,98.81,,,,,,,,22.86,39.47,,,,,,19.87,26.42,0.75,0.66
1976-1977,Cavaliers,101.87,,,,,,,,23.92,42.05,,,,,,17.78,24.19,0.74,1.0
1976-1977,Celtics,104.48,,,,,,,,25.0,42.11,,,,,,20.26,26.67,0.76,-2.0
1976-1977,Hawks,102.37,,,,,,,,28.26,39.99,,,,,,22.39,29.87,0.75,-3.84
1976-1977,Jazz,104.56,,,,73.0,,,,25.45,41.99,,,,,,20.59,26.55,0.77,-2.58
1976-1977,Kings,107.66,,,,,,,,26.21,43.43,,,,,,20.8,26.09,0.8,1.16
1976-1977,Knicks,108.6,,,,,,,,24.5,44.62,,,,,,19.35,25.33,0.77,-0.01
1976-1977,Lakers,106.45,,,,,,,,22.56,44.2,,,,,,18.04,24.31,0.74,2.3
1976-1977,Nets,95.91,,,,,,,,26.56,37.76,,,,,,20.4,27.72,0.74,-6.59
1976-1977,Nuggets,112.07,,,,,,,,26.1,43.51,,,,,,25.05,34.07,0.74,5.06
1976-1977,Pacers,106.8,,,,,21.0,,,24.74,42.95,,,,,,20.9,28.02,0.74,-1.77
1976-1977,Pistons,109.11,,,,,,,,26.79,45.76,,,,,,17.58,23.94,0.74,-0.63
1976-1977,Rockets,106.73,,,,,,,,25.84,43.43,,,,,,19.88,25.45,0.78,1.68
1976-1977,Spurs,114.7,,,,,,,,24.21,45.15,,,,,,24.39,30.77,0.79,0.7
1976-1977,Suns,104.91,,,,,,,,25.35,41.54,,,,,,21.84,28.52,0.77,0.73
1976-1977,SuperSonics,103.95,,,,,,,,26.94,41.94,,,,,,20.07,29.05,0.69,-1.55
1976-1977,Trail Blazers,110.92,28.0,38.0,15.33,53.33,10.67,6.17,,27.62,44.17,93.17,0.48,,,,22.58,29.88,0.76,5.42
1976-1977,Warriors,110.36,,,,,,,,25.05,45.24,,,,,,19.88,26.07,0.77,3.35
1977-1978,76ers,114.71,,,,,,,,26.84,44.2,,,,,,26.32,34.85,0.76,5.2
1977-1978,Braves,105.29,,,,,,,,24.68,41.62,,,,,,22.05,28.21,0.78,-3.52
1977-1978,Bucks,112.37,,,,,,,,24.81,46.34,,,,,,19.69,27.01,0.73,0.48
1977-1978,Bullets,109.77,23.0,31.43,17.57,49.0,7.86,4.57,14.57,23.73,43.61,96.43,0.44,,,,22.54,31.84,0.71,1.95
1977-1978,Bulls,103.94,,,,,,,,23.73,40.61,,,,,,22.72,30.16,0.76,-0.63
1977-1978,Cavaliers,104.55,,,,,,,,22.38,42.63,,,,,,19.29,25.95,0.74,0.49
1977-1978,Celtics,105.73,,,,,,,,24.74,42.61,,,,,,20.51,26.32,0.78,-1.45
1977-1978,Hawks,103.61,,,,,,,,30.11,40.68,,,,,,22.25,28.24,0.79,-0.29
1977-1978,Jazz,107.63,49.0,,,,,,,23.66,43.51,,,,,,20.61,28.41,0.72,-1.36
1977-1978,Kings,109.48,,,,,,,,27.02,43.91,,,,,,21.65,27.56,0.79,-1.89
1977-1978,Knicks,113.23,,,,,,,,26.74,46.55,,,,,,20.14,26.89,0.75,-1.14
1977-1978,Lakers,109.89,,,,,,,,23.99,45.42,,,,,,19.05,25.4,0.75,2.69
1977-1978,Nets,106.66,,,,,,,,28.24,43.26,,,,,,20.15,27.94,0.72,-5.82
1977-1978,Nuggets,111.6,,,,,,,,25.97,43.35,,,,,,24.91,32.57,0.76,0.31
1977-1978,Pacers,108.59,,,,,,,,27.2,42.7,,,,,,23.2,31.24,0.74,-2.26
1977-1978,Pistons,108.98,,,,,,,,24.12,43.32,,,,,,22.34,30.32,0.74,-1.24
1977-1978,Rockets,103.82,,,,,,,,24.68,42.96,,,,,,17.89,23.12,0.78,-3.55
1977-1978,Spurs,114.0,,,,,,,,23.03,46.23,,,,,,21.55,26.92,0.81,3.4
1977-1978,Suns,111.95,,,,,24.0,,,23.89,45.38,,,,,,21.19,28.18,0.75,3.5
1977-1978,SuperSonics,104.12,17.29,31.86,18.14,50.0,5.71,7.0,18.0,24.56,41.53,91.57,0.42,,,,21.07,29.44,0.72,1.52
1977-1978,Trail Blazers,106.92,,,,,,,,25.3,43.1,,,,,,20.72,27.18,0.76,5.93
1977-1978,Warriors,106.07,,,,,,,,25.84,43.59,,,,,,18.9,25.33,0.75,0.9
1978-1979,76ers,109.86,,,,,24.0,,,25.44,43.79,,,,,,22.27,29.65,0.75,2.28
1978-1979,Bucks,114.06,53.0,,,,,,,25.45,47.65,,,,,,18.77,24.59,0.77,2.22
1978-1979,Bullets,112.42,20.6,30.2,16.4,46.6,5.8,4.6,16.0,22.57,45.51,93.8,0.42,,,,21.39,29.25,0.73,3.8
1978-1979,Bulls,104.73,,,,,,,,24.02,42.44,,,,,,19.85,26.45,0.75,-3.96
1978-1979,Cavaliers,106.49,,,,,,,,24.77,43.37,,,,,,19.76,25.51,0.78,-3.03
1978-1979,Celtics,108.22,,,,,,,,24.22,43.01,,,,,,22.2,28.28,0.78,-4.84
1978-1979,Clippers,113.15,,,,,,,,25.83,45.38,,,,,,22.39,30.1,0.75,-1.78
1978-1979,Hawks,108.3,,,,,,,,29.25,42.56,,,,,,23.18,30.09,0.77,1.97
1978-1979,Jazz,108.32,,,,,,,,23.61,42.89,,,,,,22.54,29.26,0.78,-6.24
1978-1979,Kings,112.3,,,,,,,,29.03,45.46,,,,,,21.38,29.31,0.73,2.62
1978-1979,Knicks,107.68,,,,,,,,26.2,44.83,,,,,,18.02,25.83,0.7,-3.15
1978-1979,Lakers,112.61,,,,,,,,22.88,46.48,,,,,,19.66,25.54,0.77,2.68
1978-1979,Nets,107.7,,,,,,,,28.23,42.26,,,,,,23.18,31.87,0.72,-4.07
1978-1979,Nuggets,110.71,,,,,,,,25.29,42.94,,,,,,24.82,34.45,0.72,1.14
1978-1979,Pacers,108.65,,,,,,,,25.52,43.6,,,,,,21.45,28.22,0.76,-1.6
1978-1979,Pistons,110.04,,,,,,,,25.99,45.22,,,,,,19.6,27.35,0.72,-2.43
1978-1979,Rockets,113.02,,,,,,,,24.42,45.21,,,,,,22.6,28.51,0.8,1.08
1978-1979,Spurs,117.74,,,,,,,,25.46,47.3,,,,,,23.14,29.3,0.79,4.34
1978-1979,Suns,113.45,51.0,,,,,,,24.04,45.89,,,,,,21.68,28.43,0.77,3.56
1978-1979,SuperSonics,106.24,23.6,32.4,13.2,45.6,7.6,7.8,15.2,23.71,42.65,89.4,0.47,,,,20.95,27.99,0.74,2.94
1978-1979,Trail Blazers,107.98,,,,,,17.0,,26.79,43.05,,,,,,21.88,28.65,0.76,1.09
1978-1979,Warriors,105.13,,,,,,,,24.7,44.23,,,,,,16.67,22.78,0.74,0.38
1979-1980,76ers,108.0,31.0,27.67,9.5,37.17,9.33,10.0,15.17,22.8,42.38,88.33,0.49,0.35,2.67,0.05,22.89,29.62,0.77,3.86
1979-1980,Bucks,109.45,,,,,,,,23.95,44.6,,,0.67,,,19.58,25.74,0.76,3.7
1979-1980,Bullets,106.82,,,,,,,,23.26,43.51,,,0.95,,,18.85,24.92,0.76,-2.76
1979-1980,Bulls,107.48,,,,,,,,26.16,41.0,,,0.84,,,24.63,31.65,0.78,-2.71
1979-1980,Cavaliers,114.15,,,,,,,,23.6,46.48,,,0.44,,,20.76,26.72,0.78,0.62
1979-1980,Celtics,112.36,,,,,,,,24.12,43.84,,,1.88,,,22.81,29.3,0.77,7.59
1979-1980,Clippers,107.56,,,,,,,,22.96,42.98,,,2.15,,,19.46,26.51,0.73,-3.93
1979-1980,Hawks,104.1,,,,,,,,28.0,39.57,,,0.16,,,24.79,32.2,0.78,2.44
1979-1980,Jazz,102.37,,,,,,,,24.43,41.24,,,0.71,,,19.17,23.79,0.81,-5.41
1979-1980,Kings,107.74,,,,,,,,25.76,43.61,,,0.35,,,20.16,27.24,0.74,3.53
1979-1980,Knicks,113.95,,,,,,,,26.45,46.37,,,0.51,,,20.71,27.67,0.75,-1.15
1979-1980,Lakers,114.37,26.67,34.17,17.17,51.33,9.17,6.17,20.0,22.25,47.08,92.0,0.49,0.23,0.67,0.0,19.97,25.59,0.78,5.64
1979-1980,Nets,108.28,,,,,,,,26.41,42.15,,,1.04,,,22.95,29.27,0.79,-0.91
1979-1980,Nuggets,108.27,,,,,,,,23.24,42.24,,,0.99,,,22.79,30.9,0.74,-4.2
1979-1980,Pacers,111.21,,,,,,19.0,,24.06,44.39,,,1.05,,,21.38,28.44,0.76,0.11
1979-1980,Pistons,108.94,,,,,,,,24.99,44.43,,,0.7,,,19.39,26.23,0.74,-8.24
1979-1980,Rockets,110.1,,,,,,,,23.53,43.67,,,1.25,,,21.51,27.87,0.77,-0.14
1979-1980,Spurs,118.81,,,,,,,,25.75,46.79,,,0.65,,,24.59,30.74,0.8,-0.67
1979-1980,Suns,111.01,,,,,,,,22.63,43.64,,,0.92,,,22.8,29.59,0.77,3.49
1979-1980,SuperSonics,107.53,,,,,,,,22.94,42.96,,,0.77,,,20.84,27.12,0.76,3.81
1979-1980,Trail Blazers,102.35,,,,,,,,23.88,41.58,,,0.33,,,18.91,25.49,0.74,-0.99
1979-1980,Warriors,103.57,,,,,,,,25.12,43.01,,,0.33,,,17.22,23.34,0.74,-4.17
1980-1981,76ers,110.68,,,,,,,,25.43,43.6,,,0.2,,,23.05,29.97,0.77,6.55
1980-1981,Bucks,112.39,,,,,,18.0,,26.84,45.1,,,0.37,,,22.07,28.69,0.77,6.9
1980-1981,Bullets,105.63,,,,,,,,23.16,43.28,,,0.79,,,18.28,25.27,0.72,0.01
1980-1981,Bulls,108.61,,,,,,,,25.31,42.1,,,0.47,,,23.94,30.92,0.78,1.59
1980-1981,Cavaliers,105.73,,,,,,,,24.33,43.38,,,0.87,,,18.11,23.24,0.78,-4.85
1980-1981,Celtics,108.74,22.83,30.67,16.67,47.33,6.67,5.5,16.83,24.27,43.24,85.33,0.47,0.76,2.83,0.15,21.49,28.54,0.76,5.91
1980-1981,Clippers,106.55,45.0,,,,,,,25.33,42.4,,,1.61,,,20.13,27.37,0.73,-1.59
1980-1981,Hawks,104.93,,,,,,,,27.74,40.13,,,0.12,,,24.54,31.6,0.77,-3.1
1980-1981,Jazz,101.23,,,,,,,,25.73,40.63,,,0.51,,,19.45,25.43,0.77,-5.89
1980-1981,Kings,104.58,,,,,,,,25.22,42.54,,,0.64,,,18.87,26.36,0.71,-0.26
1980-1981,Knicks,107.65,,,,,,,,23.48,42.62,,,0.68,,,21.74,29.12,0.74,1.45
1980-1981,Lakers,110.84,,,,,,,,23.75,45.86,,,0.2,,,18.92,26.0,0.73,3.68
1980-1981,Mavericks,101.49,,,,,,,,24.51,39.07,,,0.56,,,22.78,30.28,0.75,-8.06
1980-1981,Nets,106.93,,,,,,,,26.95,42.4,,,0.41,,,21.71,28.88,0.76,-6.02
1980-1981,Nuggets,121.78,,,,,,,,25.62,46.15,,,0.35,,,29.13,37.21,0.78,-0.48
1980-1981,Pacers,107.38,,,,,,,,24.38,42.45,,,0.38,,,22.1,30.92,0.72,1.05
1980-1981,Pistons,99.68,,,,,22.0,21.0,,25.67,39.46,,,0.16,,,20.6,28.39,0.73,-6.12
1980-1981,Rockets,106.18,18.0,24.0,18.67,42.67,7.83,5.5,13.17,22.98,42.64,89.33,0.38,0.28,1.83,0.22,20.62,26.92,0.77,0.17
1980-1981,Spurs,111.94,,,,,,,,25.76,43.47,,,0.19,,,24.81,32.29,0.77,2.49
1980-1981,Suns,108.55,,,,,,,,24.28,43.13,,,0.46,,,21.82,29.43,0.74,5.29
1980-1981,SuperSonics,104.04,,,,,,,,24.21,40.78,,,0.39,,,22.09,28.95,0.76,-1.65
1980-1981,Trail Blazers,110.54,,,,,,,,24.65,45.59,,,0.31,,,19.06,26.59,0.72,1.07
1980-1981,Warriors,109.83,,,,,,,,26.38,43.41,,,0.73,,,22.27,30.57,0.73,-1.18
1981-1982,76ers,110.09,27.58,25.25,13.31,41.46,10.52,7.53,17.51,26.79,43.65,85.12,0.51,0.49,1.69,0.24,22.3,29.79,0.75,4.83
1981-1982,Bucks,108.01,25.74,27.0,12.73,42.18,9.2,5.78,18.3,27.7,42.91,85.37,0.5,0.62,3.04,0.39,21.57,28.75,0.75,4.86
1981-1982,Bullets,103.21,23.55,,15.5,42.29,7.67,3.0,20.17,25.4,41.24,87.13,0.47,0.78,3.25,0.19,19.97,25.79,0.77,0.69
1981-1982,Bulls,106.62,23.92,25.67,15.75,45.12,6.13,6.2,19.79,24.5,41.09,82.84,0.49,0.66,2.6,0.25,23.79,31.06,0.76,-1.78
1981-1982,Cavaliers,103.21,20.52,,19.0,43.24,9.67,3.0,13.88,26.09,41.52,92.14,0.45,0.3,0.88,0.3,19.85,26.67,0.74,-8.35
1981-1982,Celtics,111.17,24.23,,22.33,47.58,7.5,8.0,17.07,24.87,44.19,89.9,0.48,0.57,2.38,0.25,22.21,30.07,0.74,6.29
1981-1982,Clippers,108.49,22.27,25.0,14.0,39.73,9.0,2.89,21.17,28.7,43.32,81.91,0.52,1.21,3.5,0.21,20.65,28.41,0.73,-7.02
1981-1982,Hawks,100.62,22.0,,12.0,41.59,10.33,6.27,16.5,27.69,38.96,81.86,0.49,0.33,1.4,0.35,22.36,29.13,0.77,0.07
1981-1982,Jazz,110.9,23.22,,,43.56,2.0,5.29,19.0,26.77,44.87,95.11,0.48,0.27,2.2,0.07,20.9,27.94,0.75,-5.66
1981-1982,Kings,107.13,27.27,,,40.73,9.29,4.55,21.0,28.85,43.95,89.27,0.52,0.32,2.0,0.17,18.91,26.32,0.72,-3.1
1981-1982,Knicks,106.18,26.42,26.0,16.0,42.04,8.0,3.22,21.11,26.79,42.96,88.62,0.51,0.71,2.86,0.28,19.55,26.45,0.74,-2.67
1981-1982,Lakers,114.75,28.78,29.0,18.33,45.0,10.71,7.67,19.29,24.45,47.71,93.06,0.5,0.16,1.75,0.23,19.18,26.73,0.72,5.04
1981-1982,Mavericks,104.57,26.14,19.0,11.0,38.71,5.67,3.8,16.0,26.76,41.34,81.83,0.5,0.67,2.6,0.47,21.22,28.78,0.74,-3.76
1981-1982,Nets,106.2,25.54,25.0,13.25,42.64,12.4,4.89,20.78,27.89,42.56,86.12,0.5,0.38,2.88,0.15,20.7,28.51,0.73,0.38
1981-1982,Nuggets,126.22,29.33,,,43.17,,4.0,24.5,26.0,48.52,93.0,0.51,0.48,1.25,0.3,28.71,36.0,0.8,0.45
1981-1982,Pacers,102.18,21.4,,,44.62,7.25,5.92,13.6,24.51,40.63,88.23,0.45,1.26,5.44,0.15,19.66,26.54,0.74,-1.87
1981-1982,Pistons,111.12,21.17,27.0,19.75,44.83,9.2,5.12,21.44,26.33,43.43,87.25,0.46,0.63,1.86,0.33,23.63,31.54,0.75,-0.91
1981-1982,Rockets,105.19,24.75,30.0,19.0,46.6,5.0,4.25,17.75,22.88,42.48,88.0,0.5,0.58,2.25,0.31,19.65,26.89,0.73,-0.21
1981-1982,Spurs,112.51,27.17,34.0,14.5,48.5,7.0,7.5,15.75,27.13,44.89,98.33,0.48,0.76,4.0,0.4,21.97,28.45,0.77,1.66
1981-1982,Suns,106.46,22.25,24.0,17.0,43.89,6.0,6.33,21.0,24.67,43.06,86.89,0.48,0.66,2.8,0.37,19.69,26.04,0.75,2.66
1981-1982,SuperSonics,106.57,23.4,21.0,9.0,43.1,7.0,3.8,15.6,24.91,42.36,84.2,0.48,0.47,3.0,0.28,21.39,28.79,0.74,3.97
1981-1982,Trail Blazers,109.83,23.86,,10.0,40.0,8.0,3.25,13.0,24.29,44.26,84.14,0.53,0.35,0.33,0.0,20.96,29.07,0.73,0.6
1981-1982,Warriors,110.88,21.4,,,46.2,3.0,6.0,17.0,26.95,44.46,90.8,0.51,1.11,4.5,0.0,20.84,29.05,0.71,1.04
1982-1983,76ers,111.22,24.52,26.5,15.59,47.52,9.77,7.01,19.27,24.66,43.61,87.49,0.5,0.27,1.21,0.18,23.73,32.09,0.74,7.51
1982-1983,Bucks,106.09,25.39,25.33,18.0,43.52,9.17,6.0,15.67,25.94,42.34,87.17,0.49,0.46,3.33,0.18,20.95,27.87,0.75,4.24
1982-1983,Bullets,99.2,24.78,,21.0,43.14,6.0,6.17,20.43,23.75,40.32,85.96,0.47,0.85,4.83,0.23,17.71,25.07,0.71,-0.13
1982-1983,Bulls,111.0,25.41,,8.0,46.51,7.0,5.5,20.83,26.91,43.13,89.78,0.48,0.55,2.5,0.38,24.18,32.8,0.74,-4.46
1982-1983,Cavaliers,97.12,21.2,,15.5,43.99,6.0,4.25,17.4,27.51,39.66,85.16,0.47,0.37,2.2,0.07,17.44,24.18,0.72,-6.89
1982-1983,Celtics,110.82,26.99,28.0,21.0,46.34,12.25,6.88,18.83,25.32,44.75,91.75,0.49,0.48,2.29,0.1,20.83,28.2,0.74,4.69
1982-1983,Clippers,108.57,25.51,,,42.88,10.0,5.0,25.0,27.84,44.22,92.97,0.48,0.77,4.5,0.42,19.37,26.77,0.73,-4.62
1982-1983,Hawks,101.22,23.4,,20.33,43.48,8.0,9.71,16.0,24.47,40.71,86.9,0.47,0.54,2.33,0.09,19.27,25.66,0.75,0.09
1982-1983,Jazz,109.0,26.46,,16.0,45.02,9.5,7.0,16.5,24.35,42.99,89.58,0.48,0.54,4.0,0.14,22.49,29.77,0.76,-3.98
1982-1983,Kings,113.76,25.92,,,44.76,6.0,3.0,26.0,29.94,45.34,91.4,0.5,0.65,4.0,0.0,22.43,30.85,0.73,1.74
1982-1983,Knicks,100.24,24.79,25.0,13.33,40.39,7.0,3.9,16.33,26.62,39.89,82.81,0.48,0.45,2.9,0.22,20.01,28.01,0.71,2.51
1982-1983,Lakers,114.21,30.46,28.22,14.33,43.35,11.1,7.0,18.64,23.91,47.81,91.06,0.52,0.18,3.0,0.1,18.4,24.93,0.73,4.77
1982-1983,Mavericks,112.72,27.22,,,45.14,,7.0,22.5,25.02,44.8,92.32,0.49,0.52,3.0,0.7,22.59,30.02,0.75,-0.41
1982-1983,Nets,105.69,26.27,,16.5,45.16,11.5,9.17,22.5,26.61,42.79,87.21,0.49,0.37,1.5,0.0,19.75,27.99,0.7,2.5
1982-1983,Nuggets,122.67,28.69,30.0,16.0,45.7,10.0,3.0,16.75,25.47,48.09,97.62,0.49,0.32,2.67,0.25,26.17,32.42,0.81,-0.11
1982-1983,Pacers,108.67,27.15,,24.0,44.09,12.0,7.0,18.2,25.46,45.21,94.22,0.48,0.61,5.0,0.28,17.65,23.29,0.76,-5.85
1982-1983,Pistons,112.67,25.68,,15.0,46.28,6.0,8.17,21.0,25.89,44.18,92.76,0.48,0.88,3.33,0.17,23.43,31.56,0.74,-0.4
1982-1983,Rockets,99.33,23.61,,,41.67,,5.0,18.0,26.46,40.71,90.54,0.45,0.82,4.5,0.25,17.1,23.57,0.72,-11.34
1982-1983,Spurs,115.12,28.26,39.0,17.5,47.44,7.17,7.29,18.83,25.55,45.7,90.82,0.5,1.22,5.17,0.34,22.51,29.48,0.76,3.73
1982-1983,Suns,107.15,28.12,,,44.13,11.0,6.0,21.0,25.23,43.44,87.73,0.5,0.48,3.5,0.12,19.8,26.64,0.75,4.81
1982-1983,SuperSonics,109.67,27.48,,,45.35,,7.0,23.0,23.95,43.76,88.56,0.49,0.35,2.0,0.5,21.8,29.87,0.73,2.89
1982-1983,Trail Blazers,107.29,25.06,26.5,15.5,43.44,7.5,4.75,15.25,23.8,42.19,87.05,0.49,0.45,2.25,0.67,22.46,30.45,0.74,2.15
1982-1983,Warriors,108.63,23.78,,,43.35,,4.5,24.0,26.24,44.23,91.56,0.48,0.41,4.0,0.0,19.76,26.82,0.73,-3.16
1983-1984,76ers,107.55,24.49,29.57,12.91,43.1,9.55,7.85,19.84,25.08,41.15,83.21,0.5,0.37,1.38,0.24,24.89,32.76,0.76,1.89
1983-1984,Bucks,105.16,25.39,,14.0,42.64,8.5,5.83,18.0,27.34,41.19,84.0,0.49,0.82,3.33,0.21,21.96,29.57,0.74,3.88
1983-1984,Bullets,102.3,26.98,,15.0,41.04,10.0,2.5,19.4,24.35,40.69,84.01,0.49,0.87,2.67,0.22,20.06,26.44,0.76,-2.66
1983-1984,Bulls,103.67,25.52,32.0,12.0,41.87,9.0,7.2,21.6,26.79,40.3,85.02,0.48,0.24,2.0,0.0,22.82,30.59,0.75,-4.98
1983-1984,Cavaliers,102.27,23.74,,15.5,44.02,9.0,5.17,16.5,26.83,41.0,88.2,0.47,0.52,0.67,0.0,19.74,26.56,0.75,-4.26
1983-1984,Celtics,111.85,25.31,29.5,18.4,45.67,8.64,5.0,17.15,24.3,43.49,88.05,0.5,0.72,2.92,0.26,24.15,30.55,0.79,6.04
1983-1984,Clippers,110.7,24.08,,,44.78,,4.0,25.0,24.9,44.32,89.33,0.5,0.29,2.5,0.25,21.77,29.56,0.74,-3.26
1983-1984,Hawks,101.02,22.02,,12.0,40.67,10.67,8.33,18.67,25.49,39.08,82.91,0.47,0.29,1.0,0.58,22.57,29.57,0.76,-1.52
1983-1984,Jazz,114.47,26.68,,7.0,44.83,7.0,6.0,25.0,24.22,43.66,87.96,0.5,1.31,4.0,0.21,25.85,33.12,0.78,1.11
1983-1984,Kings,109.79,27.12,,10.0,41.75,13.0,5.5,15.0,26.68,42.78,88.36,0.49,0.67,3.0,0.17,23.56,30.32,0.78,-1.71
1983-1984,Knicks,106.83,24.68,,,40.87,,4.33,19.6,27.85,41.28,83.51,0.5,0.55,3.17,0.19,23.72,30.76,0.77,2.99
1983-1984,Lakers,115.89,30.03,29.5,13.56,43.47,8.89,5.5,17.0,25.41,47.16,88.65,0.53,0.77,3.7,0.32,20.82,27.89,0.75,4.39
1983-1984,Mavericks,109.45,26.1,27.0,8.0,41.47,8.5,6.5,19.5,23.12,43.64,88.54,0.49,0.51,4.5,0.75,21.65,28.38,0.76,-0.15
1983-1984,Nets,108.95,25.67,,21.0,43.05,10.57,7.91,19.27,27.26,43.3,87.99,0.49,0.65,3.73,0.22,21.7,31.06,0.7,1.02
1983-1984,Nuggets,123.63,30.3,30.0,11.0,43.76,11.0,5.0,16.5,27.81,47.99,97.15,0.49,1.0,2.5,0.0,26.66,32.51,0.82,-1.07
1983-1984,Pacers,104.46,26.56,26.0,16.33,41.67,12.0,5.0,20.75,25.27,42.04,86.94,0.49,0.59,3.8,0.26,19.8,25.84,0.76,-4.82
1983-1984,Pistons,116.82,27.01,,16.5,47.04,10.0,7.0,16.17,26.68,46.06,95.99,0.48,0.39,1.33,0.44,24.31,31.38,0.78,3.41
1983-1984,Rockets,110.62,26.86,30.0,19.0,44.85,11.0,6.0,19.5,28.22,45.48,91.83,0.5,0.37,1.0,0.0,19.3,26.09,0.74,-3.09
1983-1984,Spurs,120.27,28.66,25.0,26.0,46.2,7.0,3.0,18.5,26.17,47.67,94.2,0.51,0.96,3.5,0.35,23.96,31.8,0.75,0.0
1983-1984,Suns,110.65,27.24,33.0,9.0,41.09,3.0,4.67,18.33,26.47,44.61,87.92,0.51,0.91,3.33,0.06,20.53,27.02,0.76,1.18
1983-1984,SuperSonics,107.47,27.12,,,41.56,,8.0,21.0,23.15,42.17,86.48,0.49,0.36,3.0,0.25,22.77,29.29,0.78,-0.17
1983-1984,Trail Blazers,112.94,25.19,,,41.99,18.0,2.0,16.0,25.97,44.06,87.47,0.5,0.32,1.0,0.0,24.51,32.45,0.76,3.2
1983-1984,Warriors,109.85,22.44,,14.0,43.4,13.0,7.5,22.5,25.7,42.91,91.88,0.47,0.67,2.5,0.0,23.35,31.44,0.75,-3.17
1984-1985,76ers,112.14,24.08,29.21,15.73,44.86,10.14,6.58,19.03,23.85,41.89,85.18,0.49,0.74,2.52,0.28,27.61,34.58,0.8,3.86
1984-1985,Bucks,110.69,26.17,26.75,13.89,49.27,8.55,4.57,18.43,27.53,43.22,87.91,0.49,1.09,4.36,0.27,23.16,30.4,0.76,7.01
1984-1985,Bullets,105.37,25.15,23.0,15.0,47.76,9.5,5.2,17.5,22.88,42.97,89.78,0.48,1.34,6.5,0.27,18.1,24.43,0.74,-0.44
1984-1985,Bulls,108.57,24.09,23.5,15.25,47.22,8.38,4.56,16.67,25.54,42.01,84.3,0.5,0.36,3.78,0.09,24.19,30.83,0.78,-1.06
1984-1985,Cavaliers,108.74,25.58,26.75,12.6,52.06,8.78,5.2,15.6,26.73,42.47,89.81,0.47,1.13,3.7,0.2,22.69,30.23,0.76,-2.63
1984-1985,Celtics,114.45,27.7,29.95,13.73,49.89,8.7,5.41,15.89,22.2,44.95,89.35,0.5,1.33,4.5,0.23,23.21,28.68,0.81,5.83
1984-1985,Clippers,107.12,23.59,,,49.94,,6.0,28.0,22.48,43.01,86.79,0.5,0.68,7.0,0.14,20.41,26.93,0.76,-4.49
1984-1985,Hawks,106.62,24.49,,,48.48,6.0,3.6,19.25,24.99,42.0,86.83,0.48,0.89,3.6,0.19,21.73,28.91,0.75,-1.45
1984-1985,Jazz,109.21,25.8,32.4,13.1,49.98,9.0,7.5,18.25,24.2,42.15,88.86,0.47,1.27,4.75,0.26,23.63,30.54,0.78,-0.48
1984-1985,Kings,114.79,28.56,,,49.2,,2.0,18.0,26.48,44.68,88.73,0.5,0.77,2.5,0.12,24.66,31.65,0.78,-2.19
1984-1985,Knicks,105.21,24.36,,16.0,47.22,8.0,3.5,20.33,29.21,41.89,86.6,0.48,0.62,3.17,0.25,20.8,28.66,0.72,-4.42
1984-1985,Lakers,119.76,31.79,32.89,13.21,49.12,9.37,6.4,16.75,24.06,48.57,89.21,0.54,1.18,4.0,0.37,21.44,28.17,0.76,8.18
1984-1985,Mavericks,111.6,26.16,26.75,14.6,47.87,7.5,3.0,16.83,22.05,43.38,88.87,0.49,1.87,5.83,0.38,22.97,28.85,0.8,2.24
1984-1985,Nets,109.48,26.15,32.0,14.0,49.51,8.14,4.88,17.25,24.72,44.48,90.94,0.49,0.62,3.0,0.14,19.89,27.28,0.72,0.12
1984-1985,Nuggets,120.32,28.03,29.27,16.07,49.64,10.12,4.65,17.0,26.53,47.29,97.35,0.49,0.98,4.29,0.34,24.76,31.57,0.78,2.35
1984-1985,Pacers,108.28,23.78,,14.0,52.16,9.67,5.83,25.67,27.28,42.55,89.34,0.48,0.37,2.33,0.14,22.82,30.68,0.74,-5.81
1984-1985,Pistons,115.89,27.62,28.8,15.8,53.19,9.67,3.87,15.71,25.32,46.68,97.24,0.48,0.57,2.73,0.19,21.96,27.8,0.78,2.07
1984-1985,Rockets,110.78,26.94,34.8,22.0,53.11,8.8,8.0,16.14,25.08,45.54,91.21,0.5,0.51,4.0,0.05,19.2,27.79,0.69,1.61
1984-1985,Spurs,114.52,28.09,30.0,11.0,49.46,7.2,5.29,21.0,26.92,44.87,87.17,0.52,0.67,4.29,0.24,24.1,31.74,0.76,0.25
1984-1985,Suns,108.29,28.64,25.0,11.75,48.09,9.6,5.2,21.6,25.09,42.86,87.24,0.49,1.04,4.2,0.29,21.54,27.92,0.77,-2.52
1984-1985,SuperSonics,102.15,26.63,,,46.6,9.0,3.5,18.0,24.17,39.96,84.27,0.48,0.55,4.5,0.25,21.67,28.11,0.76,-5.44
1984-1985,Trail Blazers,115.84,27.31,28.22,17.67,50.03,9.1,5.64,16.73,24.51,45.46,90.74,0.5,0.66,3.55,0.27,24.25,32.29,0.75,2.57
1984-1985,Warriors,110.39,21.45,,,48.51,19.0,2.5,16.0,26.01,42.66,92.22,0.46,1.37,3.5,0.25,23.71,30.87,0.76,-7.34
1985-1986,76ers,110.27,24.63,29.01,16.12,45.13,10.32,6.12,18.67,22.09,41.77,85.78,0.49,0.57,2.74,0.2,26.16,34.63,0.75,2.68
1985-1986,Bucks,113.8,25.99,29.09,14.26,43.35,9.68,5.7,16.42,27.19,43.65,88.5,0.5,1.56,4.71,0.35,24.97,32.96,0.76,7.36
1985-1986,Bullets,102.82,21.3,29.33,13.08,42.41,7.69,8.72,15.92,21.94,40.36,87.15,0.46,1.39,4.95,0.25,20.71,27.85,0.75,-2.03
1985-1986,Bulls,109.42,24.2,27.68,15.6,43.28,7.46,4.84,17.05,26.54,42.4,88.28,0.48,1.06,3.79,0.28,23.56,30.64,0.77,-4.15
1985-1986,Cavaliers,107.76,25.21,29.9,13.27,43.17,7.65,5.32,16.99,27.65,42.41,88.22,0.48,1.61,4.79,0.33,21.32,28.35,0.75,-2.87
1985-1986,Celtics,114.19,28.92,33.28,12.9,46.18,8.0,6.2,16.04,21.59,45.09,88.72,0.51,1.83,5.08,0.33,22.18,27.93,0.79,9.58
1985-1986,Clippers,108.62,24.0,27.54,14.13,41.67,8.45,6.11,17.91,23.55,41.32,87.38,0.47,0.78,2.79,0.23,25.21,32.71,0.77,-6.35
1985-1986,Hawks,108.85,24.84,29.47,14.98,44.45,8.8,5.27,17.29,26.42,42.18,85.9,0.49,0.43,2.08,0.23,24.07,32.89,0.73,1.85
1985-1986,Jazz,107.94,26.78,30.07,13.14,43.21,8.62,8.03,17.91,24.83,42.15,86.52,0.49,0.45,2.07,0.2,23.19,32.37,0.72,-0.55
1985-1986,Kings,108.38,27.78,28.81,14.15,42.96,7.35,4.76,18.32,25.92,42.91,88.09,0.49,0.38,1.66,0.24,22.19,28.53,0.78,-2.79
1985-1986,Knicks,98.72,22.88,26.48,13.16,39.63,8.68,3.76,17.17,26.96,39.5,85.79,0.46,1.0,2.91,0.34,18.71,27.28,0.69,-5.61
1985-1986,Lakers,117.03,30.01,30.95,13.29,44.24,8.45,4.99,17.39,24.67,46.85,89.41,0.53,1.7,5.06,0.34,21.62,27.89,0.78,7.73
1985-1986,Mavericks,114.79,25.63,29.76,13.0,42.76,7.29,4.35,15.32,21.17,44.1,88.29,0.5,1.86,5.49,0.33,24.74,31.87,0.77,1.09
1985-1986,Nets,109.01,25.81,30.07,14.46,44.53,9.13,4.2,18.82,26.2,43.13,88.91,0.49,0.53,2.71,0.19,22.22,29.42,0.76,-2.28
1985-1986,Nuggets,114.73,25.9,28.35,15.09,43.43,9.75,5.05,15.71,26.5,45.03,95.97,0.47,0.98,3.89,0.21,23.68,29.68,0.8,0.8
1985-1986,Pacers,103.89,26.33,31.85,13.85,45.71,8.01,4.65,18.1,26.04,41.96,87.2,0.48,0.28,1.74,0.14,19.68,26.62,0.74,-2.86
1985-1986,Pistons,114.29,28.16,30.0,15.65,45.65,8.88,4.07,16.13,25.87,45.83,94.64,0.49,0.65,2.21,0.3,21.99,28.2,0.78,0.86
1985-1986,Rockets,113.77,28.25,29.84,16.21,46.05,8.99,6.83,16.22,24.08,45.62,93.29,0.49,0.96,3.51,0.25,21.58,29.66,0.73,3.35
1985-1986,Spurs,110.54,27.49,29.07,12.82,41.89,9.74,4.74,19.42,25.76,43.67,86.47,0.51,0.56,2.44,0.22,22.64,30.45,0.74,-2.68
1985-1986,Suns,110.16,27.66,29.87,12.61,42.48,9.41,4.62,21.22,27.54,42.9,85.28,0.51,0.46,2.23,0.2,23.77,32.72,0.73,-2.75
1985-1986,SuperSonics,104.44,24.11,27.5,13.96,41.46,9.12,3.6,17.02,26.44,40.67,86.09,0.47,0.96,3.66,0.24,22.13,28.43,0.78,-0.1
1985-1986,Trail Blazers,114.95,26.65,28.37,14.01,42.38,10.31,4.35,18.44,27.08,44.0,88.74,0.5,0.92,3.45,0.25,26.03,34.0,0.76,0.78
1985-1986,Warriors,113.4,24.61,28.57,15.5,44.07,9.12,4.33,16.78,24.67,44.51,92.28,0.48,1.06,3.39,0.29,23.32,30.7,0.76,-3.22
1986-1987,76ers,106.79,23.78,28.48,14.37,42.85,9.24,6.64,17.98,21.94,40.8,83.06,0.49,1.07,4.14,0.25,24.11,31.97,0.75,-0.28
1986-1987,Bucks,111.38,24.91,28.04,13.64,41.68,10.23,4.78,14.78,26.74,42.4,89.32,0.48,2.2,6.95,0.29,24.37,31.66,0.77,3.48
1986-1987,Bullets,105.45,21.12,28.22,15.85,44.07,9.18,8.22,15.76,21.56,40.73,89.98,0.45,0.54,2.72,0.19,23.45,30.67,0.77,-1.52
1986-1987,Bulls,104.59,26.0,29.11,15.15,44.26,8.16,5.29,14.87,23.52,41.04,87.04,0.47,1.0,3.68,0.22,21.52,27.55,0.78,0.58
1986-1987,Cavaliers,104.37,23.3,29.51,15.33,44.84,8.2,6.82,19.39,22.59,40.84,86.87,0.47,0.99,4.12,0.19,21.7,31.15,0.69,-3.82
1986-1987,Celtics,112.74,28.92,31.1,11.43,42.52,6.53,6.11,15.3,21.38,44.05,85.67,0.52,2.47,6.87,0.34,22.18,27.44,0.81,5.21
1986-1987,Clippers,104.46,24.04,26.06,15.01,41.07,9.17,5.26,17.56,24.44,40.38,89.46,0.45,0.95,4.24,0.2,22.76,30.67,0.75,-10.88
1986-1987,Hawks,109.07,25.42,29.93,16.24,46.18,8.34,6.2,15.26,26.51,41.43,86.23,0.48,1.56,5.01,0.29,24.65,32.52,0.76,6.58
1986-1987,Jazz,107.45,27.01,29.83,14.57,44.4,10.15,7.71,16.85,24.78,42.22,91.23,0.46,1.75,5.52,0.31,21.26,29.2,0.73,0.3
1986-1987,Kings,110.91,26.65,29.77,15.63,45.4,6.33,4.84,16.77,24.48,42.95,90.4,0.48,0.94,3.74,0.24,24.07,30.23,0.8,-3.22
1986-1987,Knicks,103.76,23.67,26.39,13.48,39.87,8.56,4.78,17.09,24.73,40.6,85.65,0.48,1.52,4.43,0.3,21.04,28.8,0.73,-5.88
1986-1987,Lakers,118.26,29.44,30.89,13.61,44.5,8.7,5.95,16.01,22.61,45.46,87.88,0.52,2.07,5.65,0.38,25.27,32.05,0.79,9.68
1986-1987,Mavericks,116.66,24.45,30.34,14.88,45.22,8.3,5.13,14.52,22.76,43.83,89.88,0.49,2.72,7.88,0.34,26.29,33.35,0.79,6.15
1986-1987,Nets,108.45,24.28,29.37,14.22,43.59,7.84,4.82,19.48,28.67,41.15,86.33,0.48,1.77,5.46,0.31,24.39,31.79,0.76,-4.84
1986-1987,Nuggets,116.4,28.19,28.89,15.76,44.66,9.13,5.08,14.76,26.73,45.61,97.13,0.47,1.29,4.81,0.25,23.88,31.19,0.77,-1.31
1986-1987,Pacers,105.56,26.22,29.97,13.64,43.6,8.36,3.69,15.33,25.67,41.77,88.51,0.47,1.13,3.88,0.26,20.9,26.92,0.78,-0.76
1986-1987,Pistons,110.9,24.51,31.93,15.11,47.04,7.7,5.24,16.46,25.35,43.21,87.98,0.49,0.55,2.21,0.23,23.94,31.41,0.76,3.84
1986-1987,Rockets,107.2,26.95,30.14,14.47,44.61,7.78,6.79,16.63,24.25,42.13,87.99,0.48,1.05,3.99,0.24,21.88,29.37,0.75,1.07
1986-1987,Spurs,108.32,27.07,28.62,15.67,44.29,9.59,3.96,16.89,23.54,43.07,91.05,0.48,1.43,4.91,0.28,20.74,27.95,0.74,-4.89
1986-1987,Suns,111.11,28.67,28.85,13.57,42.43,8.57,4.84,17.85,24.96,43.6,87.61,0.5,0.74,3.07,0.18,23.17,30.48,0.76,-2.2
1986-1987,SuperSonics,113.2,26.7,28.85,16.82,45.68,8.59,5.32,17.44,27.46,43.72,91.25,0.48,2.3,6.91,0.33,23.46,31.01,0.76,0.35
1986-1987,Trail Blazers,117.47,28.49,29.33,14.43,43.76,9.33,4.66,18.5,25.47,44.31,88.3,0.5,1.19,4.12,0.3,27.65,35.7,0.78,2.78
1986-1987,Warriors,111.51,25.37,28.18,14.57,42.75,8.88,3.99,16.25,26.15,43.18,90.28,0.48,1.5,4.5,0.32,23.64,30.21,0.79,-2.37
1987-1988,76ers,105.7,23.13,28.13,14.87,43.0,8.2,5.67,16.98,22.76,39.2,82.74,0.48,1.85,5.74,0.34,25.45,33.3,0.76,-1.44
1987-1988,Bucks,106.21,26.63,28.45,13.76,42.21,8.09,4.56,15.24,24.16,40.98,86.15,0.48,1.61,5.01,0.32,22.64,29.23,0.78,0.44
1987-1988,Bullets,105.05,22.49,27.82,14.9,42.71,8.43,6.07,16.62,23.51,40.66,86.89,0.47,0.34,1.69,0.2,23.39,30.34,0.77,-0.95
1987-1988,Bulls,103.88,25.9,29.85,14.27,44.12,8.51,5.6,14.96,22.68,41.5,85.5,0.49,0.7,2.98,0.23,20.18,26.45,0.77,2.86
1987-1988,Cavaliers,104.23,25.16,27.94,12.36,40.3,8.76,6.41,16.98,22.22,40.38,82.28,0.49,1.52,4.14,0.38,21.95,29.54,0.74,0.62
1987-1988,Celtics,111.86,29.32,29.54,11.44,40.98,7.29,5.02,15.54,22.08,42.87,83.43,0.51,3.14,8.29,0.36,22.98,28.55,0.81,5.08
1987-1988,Clippers,98.82,22.99,28.66,14.52,43.18,8.79,6.34,18.3,23.27,38.9,87.73,0.45,0.96,3.87,0.25,20.05,28.11,0.72,-10.17
1987-1988,Hawks,107.95,25.31,28.63,14.67,43.3,7.72,6.36,14.35,25.15,42.06,86.36,0.49,1.05,3.57,0.29,22.77,29.59,0.77,3.32
1987-1988,Jazz,107.91,28.9,30.73,12.71,43.44,9.19,7.53,17.55,24.0,42.0,85.66,0.49,1.66,4.99,0.32,22.26,29.58,0.76,3.64
1987-1988,Kings,107.99,25.8,30.01,15.02,45.04,7.1,6.01,17.22,23.11,42.17,89.48,0.47,1.76,5.49,0.3,21.89,28.34,0.77,-5.76
1987-1988,Knicks,105.26,24.58,26.78,15.58,42.36,9.56,5.42,18.08,28.79,40.88,88.14,0.47,2.27,7.14,0.32,21.22,27.88,0.76,-0.99
1987-1988,Lakers,111.17,28.0,29.73,13.08,42.8,7.97,4.88,15.38,20.97,42.98,85.28,0.5,1.88,5.88,0.32,23.33,29.66,0.79,5.35
1987-1988,Mavericks,109.03,24.19,30.07,16.36,46.43,7.79,5.38,14.91,21.08,41.85,87.52,0.48,1.81,6.25,0.28,23.53,30.02,0.78,3.86
1987-1988,Nets,100.43,21.89,27.59,13.11,40.7,8.87,4.7,17.95,24.9,39.12,83.62,0.47,1.67,5.55,0.27,20.51,28.15,0.73,-8.11
1987-1988,Nuggets,116.04,27.35,29.47,14.29,43.76,9.75,4.88,13.83,24.24,45.51,96.6,0.47,2.42,7.33,0.34,22.61,28.02,0.81,3.31
1987-1988,Pacers,104.65,24.11,29.96,13.15,43.11,7.55,4.21,15.8,24.85,41.9,87.24,0.48,1.99,5.91,0.33,18.85,24.17,0.78,-0.79
1987-1988,Pistons,107.15,24.05,30.28,14.31,44.59,7.22,4.75,15.59,24.3,41.37,84.93,0.49,0.75,2.69,0.25,23.66,31.28,0.76,5.3
1987-1988,Rockets,108.76,23.43,30.72,15.15,45.87,8.65,6.03,16.28,22.73,42.1,89.52,0.47,0.91,3.67,0.23,23.64,30.24,0.78,1.76
1987-1988,Spurs,113.45,28.55,28.29,14.46,42.75,9.08,5.64,17.09,24.27,45.21,92.35,0.49,1.65,5.08,0.31,21.38,29.16,0.73,-4.88
1987-1988,Suns,108.55,28.44,29.01,13.57,42.59,8.23,4.3,16.89,24.94,43.3,89.05,0.49,1.44,4.35,0.29,20.5,26.83,0.77,-4.48
1987-1988,SuperSonics,111.56,26.25,28.37,15.89,44.25,9.21,5.37,16.17,29.07,43.38,90.68,0.48,2.67,7.78,0.34,22.14,29.7,0.75,2.19
1987-1988,Trail Blazers,115.52,27.87,30.31,15.43,45.74,8.9,4.23,16.27,25.66,44.48,91.21,0.49,1.48,4.78,0.32,25.09,32.63,0.77,4.12
1987-1988,Warriors,106.96,24.45,27.46,13.9,41.37,9.04,3.45,16.72,26.28,42.23,90.29,0.47,1.11,3.8,0.27,21.39,26.88,0.79,-8.32
1988-1989,76ers,111.66,25.85,28.75,13.82,42.58,8.34,4.33,14.41,21.12,42.68,87.84,0.49,2.45,7.85,0.33,23.85,30.41,0.78,1.35
1988-1989,Bucks,107.77,25.05,27.45,13.51,40.96,9.58,3.76,15.11,24.05,40.93,86.51,0.47,2.2,7.01,0.3,23.7,28.82,0.82,3.04
1988-1989,Bullets,108.28,24.98,28.71,15.29,44.0,8.4,3.96,15.51,25.05,42.91,92.57,0.47,0.63,2.96,0.19,21.82,28.27,0.77,-1.91
1988-1989,Bulls,105.25,26.38,29.76,12.38,42.14,8.64,4.53,15.74,23.26,41.12,83.8,0.49,2.49,7.44,0.31,20.52,26.26,0.78,1.23
1988-1989,Cavaliers,108.15,27.3,30.05,12.59,42.63,9.53,7.16,15.7,19.52,41.93,83.82,0.5,2.08,5.83,0.33,22.21,29.8,0.74,7.11
1988-1989,Celtics,108.58,26.52,29.8,14.21,44.01,7.75,5.0,15.96,22.92,42.72,86.98,0.49,0.92,3.73,0.22,22.22,28.42,0.78,0.74
1988-1989,Clippers,106.24,26.72,29.06,14.1,43.16,9.94,6.46,20.01,23.62,43.0,90.59,0.48,0.66,2.85,0.21,19.59,27.07,0.72,-9.77
1988-1989,Hawks,110.55,24.34,28.14,16.64,44.78,9.7,5.78,15.41,22.99,41.25,87.62,0.47,1.41,5.09,0.27,26.63,33.36,0.8,4.6
1988-1989,Heat,97.76,23.88,26.96,15.96,42.93,9.07,4.98,20.59,25.9,39.28,86.78,0.45,1.18,3.63,0.32,18.01,25.65,0.7,-10.82
1988-1989,Hornets,104.46,28.33,26.83,13.88,40.71,8.6,3.22,15.79,25.22,41.78,90.61,0.46,1.63,5.24,0.29,19.27,25.12,0.77,-8.36
1988-1989,Jazz,104.75,25.44,31.8,13.0,44.8,8.72,7.04,18.24,23.19,38.79,80.75,0.48,1.48,4.87,0.31,25.69,33.31,0.78,4.54
1988-1989,Kings,105.5,24.02,29.93,13.91,43.84,7.61,4.99,16.28,22.89,41.0,89.65,0.46,3.74,10.05,0.34,19.76,25.66,0.77,-5.35
1988-1989,Knicks,115.69,25.47,27.66,16.03,43.69,10.67,5.3,18.65,25.05,44.67,92.04,0.49,4.67,13.8,0.34,21.68,28.93,0.75,3.49
1988-1989,Lakers,114.05,27.45,31.51,13.22,44.72,8.54,5.09,15.88,20.71,43.13,86.09,0.5,2.87,8.38,0.33,24.92,31.22,0.79,6.79
1988-1989,Mavericks,103.46,22.77,29.23,12.78,42.01,7.06,5.8,14.73,21.21,39.56,84.35,0.47,2.57,8.3,0.31,21.77,27.6,0.79,-0.95
1988-1989,Nets,103.73,21.87,29.5,14.68,44.18,9.43,5.26,17.17,23.98,40.65,88.12,0.46,2.28,6.93,0.32,20.16,27.56,0.73,-6.35
1988-1989,Nuggets,117.8,27.69,30.71,14.61,45.32,9.81,5.19,14.75,25.59,46.39,99.11,0.47,2.87,8.41,0.34,22.15,28.13,0.78,1.58
1988-1989,Pacers,106.91,24.54,30.45,12.99,43.44,6.87,5.1,18.6,25.67,41.28,84.7,0.49,2.46,7.5,0.32,21.89,27.74,0.79,-3.95
1988-1989,Pistons,105.56,24.36,30.91,14.03,44.94,6.11,4.88,15.28,23.88,40.8,83.23,0.49,1.64,5.47,0.29,22.32,29.07,0.77,6.42
1988-1989,Rockets,108.41,24.57,30.93,14.67,45.6,9.6,6.07,18.58,24.72,41.53,87.62,0.48,2.03,6.42,0.31,23.3,30.9,0.75,0.92
1988-1989,Spurs,105.51,24.84,26.6,15.79,42.39,11.72,5.16,20.6,26.26,42.3,90.35,0.47,0.77,3.57,0.2,20.13,28.87,0.7,-7.28
1988-1989,Suns,118.59,27.77,32.13,13.81,45.94,8.56,5.01,15.38,23.48,45.68,92.4,0.5,2.14,6.23,0.34,25.09,31.48,0.8,7.62
1988-1989,SuperSonics,111.24,25.21,27.21,17.07,44.28,10.37,6.16,16.72,24.94,43.14,90.9,0.48,3.49,9.49,0.37,21.47,28.89,0.74,2.46
1988-1989,Trail Blazers,114.31,26.98,28.85,16.91,45.75,9.99,4.75,17.15,24.68,44.98,95.02,0.47,2.65,7.93,0.33,21.71,29.29,0.74,0.99
1988-1989,Warriors,115.97,24.1,31.03,15.96,46.99,10.1,7.9,17.67,23.74,45.24,96.98,0.47,2.39,8.12,0.28,23.09,28.84,0.8,-0.87
1989-1990,76ers,109.35,23.48,29.1,13.47,42.57,8.15,4.5,14.22,20.79,41.48,85.08,0.49,2.34,6.79,0.34,24.05,30.62,0.79,3.9
1989-1990,Bucks,105.76,24.84,27.21,13.35,40.56,10.02,4.01,15.62,25.64,40.93,86.5,0.47,2.6,8.29,0.29,21.29,28.08,0.76,-0.94
1989-1990,Bullets,107.71,27.0,29.88,14.61,44.49,6.84,5.17,14.37,23.52,43.88,92.45,0.48,0.45,2.4,0.19,19.5,25.52,0.76,-2.16
1989-1990,Bulls,108.23,25.89,27.67,13.1,40.78,9.71,4.66,14.56,23.62,42.26,85.63,0.49,2.99,8.28,0.36,20.73,26.77,0.78,3.29
1989-1990,Cavaliers,102.82,25.78,29.17,13.49,42.67,7.79,6.15,14.59,20.43,39.25,84.67,0.46,4.1,10.18,0.4,20.21,27.09,0.74,-0.15
1989-1990,Celtics,110.53,29.59,32.74,12.93,45.67,6.59,5.57,15.26,20.95,43.57,86.94,0.5,1.31,5.03,0.24,22.08,26.48,0.84,3.79
1989-1990,Clippers,103.77,24.12,28.8,12.88,41.68,9.54,6.18,18.46,22.67,40.48,83.57,0.49,0.68,2.8,0.24,22.13,29.98,0.74,-2.68
1989-1990,Hawks,108.55,22.2,26.67,15.52,42.2,8.74,4.3,15.11,22.82,41.67,85.6,0.49,1.51,5.01,0.28,23.7,31.02,0.76,1.02
1989-1990,Heat,100.57,23.87,28.21,15.15,43.35,8.98,4.73,18.27,25.89,41.26,89.57,0.46,1.07,3.66,0.28,16.99,24.73,0.69,-9.72
1989-1990,Hornets,100.66,25.37,26.96,11.73,38.7,9.49,3.2,14.51,23.04,39.88,87.6,0.46,2.5,7.45,0.33,18.13,23.99,0.76,-7.82
1989-1990,Jazz,106.69,26.89,30.33,11.7,42.03,8.28,5.98,16.54,24.98,40.6,80.82,0.5,2.78,7.79,0.35,22.6,30.01,0.75,4.74
1989-1990,Kings,101.72,25.02,28.82,11.61,40.43,6.66,4.78,14.54,22.72,40.3,86.05,0.47,2.63,7.91,0.33,18.48,23.95,0.77,-5.06
1989-1990,Knicks,108.03,26.17,29.24,14.32,43.55,8.67,5.72,16.35,22.38,41.71,86.24,0.48,2.84,8.47,0.33,21.67,28.63,0.76,0.61
1989-1990,Lakers,110.26,27.0,29.78,13.29,43.07,8.05,5.45,14.58,21.41,41.73,85.03,0.49,3.67,10.19,0.36,23.14,29.36,0.79,6.36
1989-1990,Magic,110.85,24.3,30.06,15.9,45.96,7.52,3.59,16.85,24.09,42.16,91.77,0.46,1.41,4.79,0.28,25.12,33.23,0.75,-8.59
1989-1990,Mavericks,102.18,21.61,29.47,12.66,42.13,8.09,4.88,14.66,21.35,39.54,83.22,0.48,1.95,6.06,0.32,21.14,27.55,0.77,-0.26
1989-1990,Nets,100.34,17.99,28.34,16.62,44.96,9.44,5.87,15.93,23.8,38.5,90.43,0.43,1.71,6.17,0.29,21.39,28.66,0.75,-7.87
1989-1990,Nuggets,114.47,27.78,30.88,14.21,45.09,9.91,4.04,13.66,24.99,45.25,97.78,0.46,2.78,8.34,0.33,21.32,26.91,0.79,0.94
1989-1990,Pacers,108.78,24.41,28.99,11.45,40.44,6.62,4.2,15.84,24.11,41.01,82.76,0.5,3.52,9.33,0.37,23.13,28.33,0.81,-0.28
1989-1990,Pistons,103.83,23.7,29.93,14.35,44.28,6.33,4.98,14.55,24.15,40.24,84.49,0.48,2.34,6.95,0.32,21.02,27.71,0.76,6.26
1989-1990,Rockets,106.24,26.57,31.78,14.86,46.64,9.83,6.71,17.78,23.5,42.28,88.23,0.48,1.91,6.17,0.29,19.85,27.65,0.72,1.03
1989-1990,Spurs,107.48,25.45,30.45,14.34,44.78,9.61,6.7,16.5,23.16,42.03,86.41,0.49,0.64,2.77,0.22,22.77,30.76,0.74,3.67
1989-1990,Suns,113.78,25.28,32.21,12.76,44.97,7.91,5.92,15.33,22.42,42.64,86.44,0.49,2.16,6.71,0.32,26.36,33.19,0.79,6.73
1989-1990,SuperSonics,106.94,22.85,27.5,16.13,43.63,8.55,4.09,15.83,25.17,42.27,88.33,0.48,2.82,7.93,0.33,19.59,26.41,0.74,1.91
1989-1990,Timberwolves,95.16,22.49,25.04,14.59,39.62,9.62,4.2,13.4,23.18,37.4,83.85,0.45,0.89,3.59,0.26,19.46,26.07,0.75,-4.23
1989-1990,Trail Blazers,112.77,25.04,30.63,16.32,46.95,9.05,4.64,16.15,25.32,42.7,91.29,0.47,2.48,7.38,0.32,24.89,33.66,0.74,4.57
1989-1990,Warriors,116.21,24.12,29.09,11.16,40.24,9.22,5.95,17.09,24.51,42.55,87.9,0.48,2.96,9.15,0.32,28.21,34.85,0.81,-3.13
1990-1991,76ers,104.98,22.26,30.2,11.81,42.01,8.3,5.71,14.36,19.93,39.77,83.59,0.48,2.42,7.59,0.31,23.02,29.12,0.79,-0.28
1990-1991,Bucks,106.22,25.27,26.38,13.11,39.48,10.8,3.94,15.64,24.82,40.67,84.73,0.48,3.15,9.22,0.33,21.73,27.18,0.8,1.99
1990-1991,Bullets,101.38,25.38,29.15,14.3,43.45,7.17,5.71,16.17,23.5,41.34,88.63,0.47,0.67,3.46,0.17,18.02,24.73,0.73,-4.55
1990-1991,Bulls,109.0,26.73,28.41,13.74,42.15,9.93,5.19,13.61,21.51,43.72,85.65,0.51,1.87,5.21,0.35,19.7,25.89,0.76,9.87
1990-1991,Cavaliers,101.74,27.32,28.4,12.33,40.73,7.84,5.49,15.27,20.39,39.74,83.62,0.48,1.95,5.84,0.35,20.3,26.54,0.77,-1.98
1990-1991,Celtics,111.39,25.84,32.6,13.06,45.67,8.0,6.53,15.53,21.18,44.6,87.4,0.51,1.28,4.22,0.26,20.9,25.47,0.82,5.57
1990-1991,Clippers,103.55,25.84,30.49,15.2,45.68,8.84,6.18,17.01,24.91,41.35,89.21,0.46,1.38,5.29,0.24,19.46,27.72,0.7,-3.45
1990-1991,Hawks,109.07,22.39,29.49,15.06,44.55,8.76,4.46,14.51,21.67,40.39,87.77,0.46,3.26,10.21,0.31,25.02,31.22,0.8,0.52
1990-1991,Heat,101.82,23.22,28.07,15.02,43.1,9.23,4.72,18.41,25.37,40.0,87.06,0.46,1.71,5.66,0.29,20.11,28.13,0.71,-5.79
1990-1991,Hornets,102.78,24.62,26.83,12.52,39.35,9.26,3.71,15.29,23.73,40.07,85.77,0.47,1.6,5.09,0.31,21.04,27.0,0.78,-5.24
1990-1991,Jazz,104.1,26.96,30.34,10.63,40.97,7.79,5.34,15.29,22.4,39.12,79.87,0.49,1.81,5.63,0.33,24.04,30.26,0.8,3.22
1990-1991,Kings,96.68,24.28,27.05,12.52,39.57,7.7,6.26,15.07,25.3,37.63,83.15,0.45,2.63,7.05,0.37,18.78,25.67,0.72,-6.59
1990-1991,Knicks,102.51,26.28,29.62,12.79,42.41,7.69,5.05,16.58,21.71,40.06,82.84,0.48,2.31,6.89,0.36,20.08,26.04,0.77,-0.93
1990-1991,Lakers,105.84,25.05,29.39,12.84,42.23,7.68,4.71,14.1,18.93,40.31,83.35,0.48,2.87,9.23,0.32,22.36,28.07,0.8,5.95
1990-1991,Magic,105.9,22.06,29.62,15.04,44.66,7.34,3.73,16.43,24.1,40.22,88.49,0.46,3.29,9.2,0.35,22.17,29.84,0.74,-3.98
1990-1991,Mavericks,99.94,22.21,28.78,12.0,40.78,7.09,4.84,14.01,22.44,39.57,84.02,0.47,2.35,7.32,0.32,18.44,24.22,0.77,-4.57
1990-1991,Nets,102.94,21.73,28.63,17.07,45.71,9.12,7.32,16.93,23.83,40.38,90.96,0.44,1.96,7.15,0.27,20.22,27.38,0.74,-4.51
1990-1991,Nuggets,119.85,24.45,30.85,18.54,49.39,10.44,4.95,15.95,27.26,47.57,108.15,0.44,3.66,12.91,0.28,21.05,27.6,0.76,-10.78
1990-1991,Pacers,112.08,26.46,28.82,12.31,41.13,8.01,4.34,16.1,25.67,42.06,85.26,0.49,3.16,9.28,0.33,24.8,30.53,0.81,-0.14
1990-1991,Pistons,100.22,22.02,29.67,14.96,44.63,5.85,4.39,13.53,23.27,38.88,84.27,0.46,1.82,6.03,0.28,20.64,27.25,0.76,2.59
1990-1991,Rockets,106.27,23.28,30.52,15.42,45.94,9.61,4.96,16.48,22.89,41.39,88.66,0.47,3.86,12.09,0.31,19.64,26.46,0.74,3.18
1990-1991,Spurs,107.13,26.12,32.35,13.71,46.06,8.23,6.91,17.27,23.13,41.52,85.13,0.49,0.98,3.76,0.21,23.1,30.2,0.76,4.38
1990-1991,Suns,113.15,26.72,31.52,13.66,45.19,8.31,6.52,15.28,22.65,43.13,87.49,0.49,1.71,5.42,0.28,25.19,32.79,0.77,5.71
1990-1991,SuperSonics,106.46,24.67,26.43,14.82,41.24,10.43,4.63,16.45,24.23,42.4,86.54,0.49,1.71,5.44,0.29,19.94,26.41,0.75,1.0
1990-1991,Timberwolves,99.62,22.99,25.77,15.55,41.32,8.68,5.37,12.23,22.73,39.82,88.73,0.45,1.32,4.65,0.28,18.67,25.39,0.73,-3.7
1990-1991,Trail Blazers,112.95,26.84,30.61,14.72,45.34,8.7,4.77,15.57,23.99,42.84,88.68,0.48,3.93,10.69,0.37,23.35,31.11,0.75,7.48
1990-1991,Warriors,116.42,23.91,28.09,13.12,41.21,9.67,4.75,15.97,27.2,43.52,89.42,0.49,3.45,10.09,0.34,25.93,33.05,0.79,1.59
1991-1992,76ers,101.93,21.4,28.16,12.9,41.06,8.44,5.88,14.54,19.29,38.87,82.45,0.47,2.77,8.29,0.34,21.43,27.65,0.78,-1.27
1991-1992,Bucks,104.98,24.61,26.48,15.83,42.3,10.52,3.87,15.91,23.22,40.5,88.0,0.46,4.52,12.26,0.36,19.45,25.66,0.76,-1.72
1991-1992,Bullets,102.38,24.52,28.6,13.04,41.63,8.7,5.15,14.79,22.59,41.02,89.04,0.46,1.78,6.55,0.25,18.55,23.85,0.77,-4.25
1991-1992,Bulls,107.88,27.02,29.14,14.02,43.16,8.12,5.78,12.87,21.28,43.22,85.75,0.5,1.85,5.76,0.32,19.59,26.38,0.74,9.54
1991-1992,Cavaliers,107.95,27.35,29.76,12.57,42.32,7.48,7.32,12.79,19.22,41.23,84.67,0.49,3.07,8.65,0.35,22.41,27.7,0.81,4.95
1991-1992,Celtics,106.7,25.23,31.12,13.45,44.57,7.71,5.84,13.6,20.72,43.32,87.85,0.49,1.26,4.24,0.28,18.8,23.4,0.8,3.52
1991-1992,Clippers,102.66,24.87,29.07,13.78,42.85,9.82,6.05,15.1,23.01,40.71,86.0,0.47,1.75,6.08,0.28,19.48,27.08,0.72,0.78
1991-1992,Hawks,106.23,25.89,30.46,15.71,46.17,9.67,3.9,14.91,21.6,42.59,91.17,0.47,2.56,8.18,0.28,18.5,25.29,0.73,-1.25
1991-1992,Heat,104.78,21.28,28.61,14.35,42.96,8.13,4.49,16.18,22.2,39.58,85.88,0.46,3.22,9.28,0.35,22.4,28.45,0.79,-4.49
1991-1992,Hornets,109.51,27.85,28.87,14.2,43.06,10.02,3.78,15.06,22.18,44.06,92.29,0.48,1.43,4.5,0.3,19.96,26.44,0.75,-3.45
1991-1992,Jazz,107.38,26.07,30.32,13.24,43.56,8.51,5.35,14.93,21.43,40.52,82.65,0.49,1.91,5.67,0.34,24.43,30.88,0.79,5.41
1991-1992,Kings,104.26,23.87,28.71,12.85,41.56,8.87,7.54,16.17,21.5,40.83,87.67,0.47,2.9,8.23,0.35,19.7,26.37,0.75,-5.86
1991-1992,Knicks,100.12,25.56,30.03,14.59,44.62,7.55,4.6,14.51,23.46,39.59,83.9,0.47,2.43,7.7,0.32,18.52,25.2,0.74,3.52
1991-1992,Lakers,100.08,21.9,26.59,13.95,40.55,9.21,4.83,12.8,19.13,38.57,84.74,0.46,1.49,5.41,0.3,21.45,28.0,0.77,-1.49
1991-1992,Magic,101.59,21.85,28.4,14.28,42.68,7.84,4.48,16.46,24.11,39.27,86.61,0.46,2.4,7.41,0.31,20.65,27.66,0.75,-6.54
1991-1992,Mavericks,97.65,19.88,29.74,14.56,44.3,6.54,4.26,14.16,22.77,38.05,86.63,0.44,3.27,9.72,0.33,18.28,24.38,0.75,-7.47
1991-1992,Nets,105.21,23.72,28.97,18.33,47.29,9.06,7.51,16.36,22.64,42.34,92.57,0.46,2.74,8.27,0.33,17.79,24.33,0.73,-1.52
1991-1992,Nuggets,99.71,18.94,28.68,16.46,45.15,9.43,5.62,17.0,24.2,39.78,90.0,0.44,1.54,5.1,0.29,18.61,25.21,0.74,-7.69
1991-1992,Pacers,112.0,29.04,31.07,13.07,44.14,8.6,4.76,16.62,26.12,42.46,86.13,0.49,4.15,11.59,0.36,22.93,29.02,0.79,1.56
1991-1992,Pistons,98.13,23.07,29.32,14.53,43.85,6.61,4.37,14.32,20.26,38.49,83.26,0.46,2.03,6.49,0.3,19.1,25.68,0.74,1.48
1991-1992,Rockets,102.02,25.1,29.66,13.1,42.76,8.0,6.96,16.35,21.57,39.91,84.07,0.48,4.01,11.7,0.34,18.18,24.63,0.74,-1.47
1991-1992,Spurs,103.93,24.27,30.87,14.95,45.82,8.85,7.46,15.55,22.01,41.18,86.39,0.48,1.51,5.04,0.26,20.07,27.38,0.73,2.88
1991-1992,Suns,112.69,26.9,30.92,13.23,44.16,8.14,6.9,14.7,22.86,43.31,88.1,0.49,2.84,7.49,0.38,23.22,29.72,0.78,5.53
1991-1992,SuperSonics,106.45,22.65,27.37,15.52,42.89,9.16,5.54,15.63,24.07,41.04,86.36,0.48,2.57,8.2,0.3,21.79,27.8,0.78,1.66
1991-1992,Timberwolves,100.45,24.7,26.44,14.23,40.67,7.55,6.41,13.45,22.76,41.05,89.54,0.46,1.54,4.8,0.31,16.82,22.65,0.74,-6.86
1991-1992,Trail Blazers,111.11,25.3,30.6,15.4,46.0,9.1,4.92,15.71,24.62,41.98,88.47,0.48,3.91,11.31,0.33,23.23,30.83,0.75,6.47
1991-1992,Warriors,118.6,25.08,28.67,13.86,42.53,10.41,4.58,15.98,25.09,45.78,90.45,0.51,3.15,9.42,0.33,23.9,32.09,0.74,4.05
1992-1993,76ers,104.34,24.85,29.65,12.57,42.22,8.2,6.9,15.94,19.56,39.33,86.28,0.46,4.02,11.48,0.35,21.66,27.55,0.79,-5.77
1992-1993,Bucks,102.34,25.41,25.77,12.8,38.57,10.52,4.79,16.13,24.12,39.85,84.44,0.47,3.8,11.41,0.34,18.83,25.38,0.74,-3.51
1992-1993,Bullets,101.87,25.73,28.26,12.57,40.83,8.21,4.38,15.56,21.89,40.27,86.16,0.47,2.12,7.05,0.3,19.21,25.7,0.75,-7.04
1992-1993,Bulls,104.65,25.69,27.65,15.25,42.9,9.37,4.84,12.69,22.25,41.89,86.81,0.48,3.2,8.43,0.38,17.67,24.15,0.73,6.49
1992-1993,Cavaliers,106.33,28.18,30.08,11.38,41.46,7.57,6.42,13.47,19.25,41.25,83.46,0.49,3.42,9.03,0.39,20.41,25.45,0.8,5.62
1992-1993,Celtics,103.53,24.26,29.58,13.19,42.77,7.73,5.53,13.84,22.66,42.12,86.65,0.49,1.36,4.78,0.26,17.94,23.03,0.78,0.87
1992-1993,Clippers,106.25,27.13,28.75,14.44,43.18,10.37,5.84,15.85,23.39,42.89,89.31,0.48,1.67,5.97,0.27,18.82,26.36,0.71,0.31
1992-1993,Hawks,106.99,25.09,28.4,15.72,44.12,9.76,3.4,15.75,22.08,41.16,88.49,0.47,4.61,13.08,0.35,20.05,27.06,0.74,-1.41
1992-1993,Heat,103.6,20.59,29.07,13.83,42.9,7.43,4.26,15.1,24.52,38.13,83.54,0.46,4.06,11.46,0.34,23.27,30.2,0.77,-0.62
1992-1993,Hornets,109.36,26.12,30.25,13.45,43.7,8.02,5.68,15.6,21.89,42.58,87.79,0.49,2.07,6.44,0.33,22.13,28.89,0.76,-0.23
1992-1993,Jazz,105.11,26.22,29.86,12.77,42.63,8.92,4.22,15.03,23.83,40.3,82.93,0.49,1.61,5.13,0.31,22.91,29.99,0.77,1.8
1992-1993,Kings,107.89,25.3,27.82,13.87,41.68,9.37,4.24,16.38,25.43,40.98,88.59,0.46,3.2,9.61,0.33,22.74,29.84,0.76,-2.94
1992-1993,Knicks,101.16,25.67,31.95,14.14,46.09,8.27,4.49,15.74,25.8,38.97,83.42,0.47,2.48,7.66,0.31,20.74,28.21,0.74,5.13
1992-1993,Lakers,103.8,24.51,27.97,13.57,41.54,9.51,5.23,14.86,21.74,40.29,85.54,0.47,2.38,7.89,0.29,20.85,27.82,0.76,-1.41
1992-1993,Magic,105.51,23.8,31.29,12.68,43.98,6.61,5.7,16.94,23.48,39.72,81.8,0.49,3.87,10.84,0.34,22.21,30.43,0.72,1.32
1992-1993,Mavericks,99.28,20.52,27.62,15.05,42.67,7.91,4.33,17.27,28.07,38.59,88.67,0.44,3.45,10.21,0.34,18.66,26.48,0.7,-15.02
1992-1993,Nets,102.29,22.77,30.41,15.47,45.89,8.45,6.38,15.93,22.94,39.78,86.0,0.46,1.95,6.08,0.31,20.77,27.03,0.77,1.0
1992-1993,Nuggets,105.2,21.16,31.27,15.44,46.71,7.94,6.89,16.68,24.87,40.88,88.8,0.46,1.68,5.54,0.29,21.76,28.78,0.76,-1.74
1992-1993,Pacers,107.52,26.05,29.78,14.63,44.41,7.43,4.85,14.77,24.95,40.92,85.14,0.48,3.17,9.65,0.33,22.51,29.36,0.77,1.63
1992-1993,Pistons,100.63,23.67,28.23,15.77,44.0,7.07,3.04,13.56,21.3,39.84,87.94,0.45,3.56,11.07,0.31,17.39,23.87,0.73,-1.39
1992-1993,Rockets,103.23,25.67,30.79,11.93,42.71,8.33,6.66,15.48,20.6,39.67,81.76,0.49,4.8,13.23,0.36,19.1,25.14,0.75,4.16
1992-1993,Spurs,104.99,24.62,31.05,11.38,42.43,7.01,6.27,14.37,22.93,40.26,82.62,0.49,2.82,8.38,0.34,21.65,28.37,0.76,2.39
1992-1993,Suns,111.44,25.0,30.25,13.57,43.82,8.81,6.1,15.44,21.52,41.74,85.51,0.49,4.7,12.94,0.36,23.27,30.91,0.75,5.34
1992-1993,SuperSonics,106.81,23.08,27.21,15.1,42.31,11.05,5.14,14.61,23.96,41.65,86.61,0.48,2.82,7.99,0.35,20.68,27.1,0.76,6.0
1992-1993,Timberwolves,98.12,24.4,26.9,11.46,38.37,7.9,5.52,16.52,24.71,37.11,79.62,0.47,2.02,6.94,0.27,21.88,27.4,0.79,-7.6
1992-1993,Trail Blazers,107.99,23.79,30.49,15.08,45.57,9.27,5.19,14.42,23.17,40.78,89.55,0.46,3.33,10.22,0.32,23.1,31.06,0.75,3.25
1992-1993,Warriors,109.93,24.51,29.07,14.87,43.94,8.45,4.67,17.13,25.07,42.37,87.95,0.48,3.63,10.39,0.35,21.56,30.06,0.72,-0.73
1993-1994,76ers,97.96,22.28,29.2,12.34,41.54,8.09,6.4,16.02,18.15,37.84,83.16,0.46,3.88,11.49,0.34,18.4,25.76,0.72,-7.62
1993-1994,Bucks,96.94,23.73,26.27,13.73,40.0,9.76,4.96,15.84,22.21,37.12,83.01,0.45,4.04,12.43,0.32,18.66,26.6,0.7,-6.09
1993-1994,Bullets,100.35,22.23,26.7,13.06,39.76,8.55,3.91,16.48,20.91,38.96,83.24,0.47,2.7,9.07,0.3,19.73,26.37,0.75,-6.82
1993-1994,Bulls,97.49,25.22,28.91,13.77,42.68,8.92,4.36,14.76,21.6,39.09,82.29,0.48,2.91,8.27,0.35,16.4,23.03,0.71,3.33
1993-1994,Cavaliers,100.94,24.82,28.47,13.36,41.84,8.55,5.05,13.39,20.8,38.05,81.93,0.46,3.65,10.01,0.38,21.2,27.59,0.77,3.65
1993-1994,Celtics,100.82,23.51,29.02,12.65,41.67,8.22,5.37,14.51,22.55,40.65,86.06,0.47,1.68,5.82,0.27,17.84,24.43,0.73,-4.28
1993-1994,Clippers,103.01,26.45,29.39,13.66,43.05,9.84,5.13,17.57,21.57,40.77,87.35,0.47,3.07,10.13,0.3,18.4,25.95,0.71,-5.52
1993-1994,Hawks,100.13,24.94,29.18,15.1,44.28,10.81,5.45,14.51,20.42,39.04,85.16,0.46,3.22,9.98,0.33,18.83,25.1,0.75,4.69
1993-1994,Heat,102.57,22.16,29.29,15.08,44.37,7.8,4.53,15.56,24.6,38.62,83.79,0.46,4.07,12.2,0.33,21.26,27.24,0.78,2.13
1993-1994,Hornets,106.49,27.0,30.18,12.43,42.61,8.83,4.8,14.98,21.3,41.24,86.59,0.48,4.1,11.17,0.36,19.9,26.04,0.77,-0.22
1993-1994,Jazz,100.63,26.01,29.01,13.02,42.03,8.94,4.45,13.5,24.39,38.43,81.74,0.47,2.2,6.98,0.31,21.57,28.96,0.75,4.11
1993-1994,Kings,101.11,24.74,28.65,13.68,42.33,8.16,4.33,15.77,24.13,38.77,85.7,0.45,3.13,8.89,0.35,20.44,27.95,0.73,-5.36
1993-1994,Knicks,96.21,24.06,30.17,14.28,44.45,8.93,4.86,16.06,24.65,36.53,80.64,0.45,3.98,11.59,0.35,19.17,25.82,0.74,5.6
1993-1994,Lakers,100.4,24.18,26.88,15.37,42.24,9.16,5.62,13.95,22.89,40.13,89.22,0.45,2.94,9.79,0.3,17.2,23.99,0.72,-4.07
1993-1994,Magic,105.19,25.05,28.56,14.41,42.98,8.26,5.64,15.81,20.94,40.45,83.67,0.48,4.87,14.02,0.34,19.42,28.67,0.68,3.56
1993-1994,Mavericks,95.13,19.87,26.22,15.5,41.72,9.35,3.65,16.2,24.48,37.26,86.22,0.43,2.94,9.43,0.3,17.68,23.68,0.74,-8.7
1993-1994,Nets,102.41,22.83,31.08,15.77,46.85,8.43,7.06,14.24,20.91,38.09,86.22,0.44,2.74,8.52,0.31,23.48,30.76,0.77,2.32
1993-1994,Nuggets,99.5,21.17,31.16,13.5,44.66,8.01,8.56,16.53,23.74,37.79,81.94,0.46,2.32,7.82,0.27,21.61,30.13,0.72,1.3
1993-1994,Pacers,99.23,24.51,29.01,13.71,42.72,8.7,5.35,16.86,24.18,37.74,78.68,0.48,2.48,6.68,0.37,21.26,28.88,0.73,3.36
1993-1994,Pistons,96.94,21.55,28.29,12.52,40.82,7.34,3.77,14.67,23.6,38.65,85.57,0.45,4.37,12.7,0.34,15.28,20.91,0.72,-7.78
1993-1994,Rockets,100.25,25.3,31.8,11.03,42.83,8.43,5.98,15.38,20.4,38.43,81.42,0.47,5.5,16.14,0.34,17.89,23.91,0.74,4.31
1993-1994,Spurs,99.47,22.9,31.45,14.59,46.05,6.85,5.51,13.83,20.41,38.51,81.66,0.47,3.03,8.76,0.36,19.41,26.17,0.74,4.63
1993-1994,Suns,108.04,27.13,29.96,14.83,44.78,8.97,5.46,15.15,19.92,41.61,86.58,0.48,4.4,13.2,0.32,20.42,28.03,0.73,4.44
1993-1994,SuperSonics,105.31,25.37,27.33,13.99,41.32,12.61,4.49,14.67,23.55,40.26,83.85,0.48,2.98,8.87,0.33,21.8,29.41,0.74,8.61
1993-1994,Timberwolves,96.71,23.99,28.57,12.07,40.65,7.32,5.37,17.28,24.59,36.4,79.7,0.46,2.23,6.79,0.31,21.67,28.09,0.77,-6.93
1993-1994,Trail Blazers,107.09,25.16,29.94,15.9,45.84,9.06,4.97,14.21,22.2,41.1,90.64,0.45,3.3,9.44,0.34,21.58,28.98,0.75,2.27
1993-1994,Warriors,108.14,26.96,29.06,14.4,43.46,9.67,6.29,16.94,21.99,42.98,87.26,0.49,3.6,10.62,0.34,18.59,27.96,0.66,1.45
1994-1995,76ers,95.37,19.1,27.2,13.48,40.67,7.84,7.02,15.85,22.38,35.96,80.21,0.45,4.33,11.41,0.37,19.11,25.91,0.74,-5.07
1994-1995,Bucks,99.34,21.18,26.67,12.96,39.63,8.22,4.38,16.37,22.66,36.85,80.32,0.46,6.02,16.45,0.37,19.61,27.55,0.71,-4.37
1994-1995,Bullets,100.51,21.33,27.06,12.73,39.79,7.9,4.93,15.49,23.77,38.73,84.13,0.46,5.28,15.41,0.34,17.77,24.55,0.73,-5.19
1994-1995,Bulls,101.18,24.01,27.84,13.38,41.22,9.49,4.28,14.82,24.2,38.71,81.62,0.47,5.48,14.59,0.38,18.29,25.16,0.72,4.41
1994-1995,Cavaliers,90.08,20.26,27.01,12.49,39.5,7.79,4.19,13.35,20.7,33.31,75.84,0.44,4.92,12.71,0.39,18.53,24.41,0.76,0.21
1994-1995,Celtics,102.01,21.67,28.19,14.21,42.4,7.36,4.41,15.52,24.13,38.44,83.29,0.46,4.45,12.09,0.35,20.67,27.47,0.75,-2.12
1994-1995,Clippers,96.67,22.01,25.32,12.98,38.29,9.6,5.3,15.51,26.24,37.32,84.0,0.45,4.04,12.82,0.32,18.0,25.35,0.71,-8.5
1994-1995,Hawks,96.34,21.19,27.67,13.42,41.09,8.98,4.94,14.33,22.22,36.18,81.26,0.45,6.6,19.38,0.34,17.39,24.01,0.73,1.13
1994-1995,Heat,101.13,21.7,27.71,13.32,41.02,8.07,3.63,15.34,24.39,38.34,82.17,0.47,5.32,14.41,0.38,19.13,26.01,0.73,-1.63
1994-1995,Hornets,100.22,25.08,28.95,10.3,39.26,7.49,4.87,14.22,20.69,36.94,78.31,0.47,6.76,17.16,0.4,19.58,25.14,0.78,2.95
1994-1995,Jazz,106.28,27.31,29.21,10.63,39.84,9.17,4.71,15.03,25.06,39.37,77.17,0.51,3.82,10.0,0.38,23.72,30.52,0.78,7.3
1994-1995,Kings,98.24,22.24,28.35,13.09,41.44,7.93,5.57,17.05,24.88,36.89,78.82,0.47,4.38,12.65,0.35,20.09,28.26,0.71,-0.74
1994-1995,Knicks,97.63,24.78,29.78,11.14,40.92,7.18,4.9,15.55,25.87,36.05,76.98,0.47,6.57,17.56,0.37,18.96,26.03,0.73,3.2
1994-1995,Lakers,103.51,24.75,28.07,13.59,41.65,8.96,6.91,14.54,23.66,39.23,85.54,0.46,6.41,18.39,0.35,18.64,25.49,0.73,-0.51
1994-1995,Magic,109.15,26.88,29.45,13.77,43.21,8.01,5.81,15.17,21.63,41.18,82.75,0.5,6.81,18.08,0.38,19.97,29.86,0.66,5.88
1994-1995,Mavericks,103.2,23.67,29.67,18.46,48.13,7.06,4.24,15.95,22.09,39.35,89.54,0.44,4.71,14.63,0.31,19.78,26.95,0.74,-2.67
1994-1995,Nets,98.07,22.98,31.33,14.79,46.12,6.63,6.68,15.24,22.49,35.84,82.17,0.44,5.05,15.82,0.32,21.34,28.11,0.76,-2.9
1994-1995,Nuggets,101.04,22.31,29.21,12.73,41.94,7.98,7.13,16.26,25.51,37.62,78.75,0.48,5.01,14.27,0.36,20.78,28.11,0.73,0.54
1994-1995,Pacers,99.12,22.51,27.95,12.91,40.86,8.04,4.25,15.87,24.22,35.96,75.81,0.48,4.73,12.59,0.38,22.47,29.77,0.75,3.52
1994-1995,Pistons,98.21,22.83,26.88,11.68,38.56,8.6,5.12,15.68,26.23,37.32,80.89,0.46,6.02,17.02,0.35,17.55,23.67,0.74,-7.11
1994-1995,Rockets,104.28,25.14,29.7,10.49,40.19,8.55,6.17,14.76,21.72,38.54,80.15,0.48,8.03,21.54,0.37,19.17,25.56,0.75,2.74
1994-1995,Spurs,105.35,23.1,32.31,12.68,44.99,7.87,5.48,14.64,22.81,38.84,81.18,0.48,5.09,13.78,0.36,22.59,30.45,0.74,5.77
1994-1995,Suns,110.68,26.25,29.67,12.52,42.2,8.16,3.74,13.78,22.66,40.74,84.55,0.48,7.04,19.23,0.36,22.16,29.14,0.76,3.9
1994-1995,SuperSonics,109.81,25.8,28.44,13.09,41.53,11.09,4.8,15.36,25.23,40.15,82.13,0.49,6.06,16.01,0.38,23.45,30.93,0.76,8.33
1994-1995,Timberwolves,94.22,21.71,25.49,10.77,36.26,7.43,4.9,16.27,25.29,34.05,75.84,0.45,3.88,12.39,0.31,22.24,28.72,0.78,-8.68
1994-1995,Trail Blazers,103.01,22.47,29.61,16.31,45.92,8.07,5.6,14.24,24.82,39.2,86.75,0.45,5.62,15.4,0.37,18.99,27.35,0.69,3.16
1994-1995,Warriors,105.7,24.6,28.91,13.43,42.34,7.91,4.77,17.8,22.0,39.23,83.82,0.47,6.66,19.54,0.33,20.57,29.21,0.7,-5.0
1995-1996,76ers,94.46,19.87,26.35,12.57,38.93,7.84,5.12,16.6,21.67,34.1,78.27,0.44,6.0,17.54,0.33,20.27,27.6,0.74,-10.0
1995-1996,Bucks,95.57,21.4,26.39,11.87,38.26,7.1,3.74,15.13,23.7,37.0,79.15,0.47,4.35,12.88,0.33,17.22,23.34,0.74,-5.1
1995-1996,Bullets,102.54,22.13,28.38,11.34,39.72,7.22,6.17,15.72,24.16,39.05,80.71,0.48,6.01,14.78,0.41,18.43,25.32,0.73,1.35
1995-1996,Bulls,103.78,24.41,29.02,15.4,44.42,9.16,4.15,13.78,22.54,39.28,83.27,0.47,6.55,17.12,0.38,18.67,25.08,0.75,11.94
1995-1996,Cavaliers,90.73,22.08,25.07,10.61,35.68,8.15,4.16,11.99,20.56,33.59,73.18,0.46,7.2,19.35,0.37,16.35,21.41,0.76,2.12
1995-1996,Celtics,103.6,21.85,29.6,12.8,42.4,7.96,4.95,15.27,24.89,38.57,84.66,0.46,6.57,17.72,0.36,19.88,27.85,0.71,-2.94
1995-1996,Clippers,99.43,20.39,26.71,11.94,38.65,8.57,5.01,15.84,24.49,38.12,80.71,0.47,6.21,16.76,0.37,16.98,24.2,0.71,-3.6
1995-1996,Grizzlies,89.78,20.8,26.46,11.67,38.13,8.88,4.06,15.61,22.59,33.8,79.06,0.43,4.54,13.77,0.33,17.63,24.37,0.73,-9.98
1995-1996,Hawks,97.67,19.64,25.88,14.22,40.1,9.29,4.04,14.32,21.04,36.1,80.67,0.45,6.98,19.58,0.36,18.5,24.52,0.75,0.62
1995-1996,Heat,96.0,21.21,30.22,12.15,42.38,7.0,5.22,16.47,26.36,35.21,77.22,0.46,6.75,17.98,0.37,18.82,26.52,0.71,0.83
1995-1996,Hornets,102.82,23.26,27.51,12.04,39.55,7.1,3.38,14.59,22.13,37.9,80.71,0.47,7.12,18.54,0.38,19.89,25.84,0.77,-0.57
1995-1996,Jazz,101.18,25.93,28.65,11.97,40.62,8.04,5.2,14.03,25.02,37.66,77.75,0.49,4.75,12.42,0.39,21.11,27.86,0.76,6.78
1995-1996,Kings,99.0,22.14,28.66,13.52,42.19,7.88,5.29,17.01,25.95,36.03,78.95,0.46,5.58,14.63,0.38,21.35,29.31,0.73,-2.64
1995-1996,Knicks,96.44,21.9,29.73,9.98,39.71,7.74,4.52,15.21,22.51,36.21,77.07,0.47,5.96,15.71,0.37,18.07,24.04,0.76,2.12
1995-1996,Lakers,102.52,25.21,28.34,12.14,40.48,8.66,6.19,13.88,20.71,39.0,81.8,0.48,5.92,16.87,0.35,18.6,24.92,0.75,4.15
1995-1996,Magic,103.71,24.87,28.74,11.89,40.64,7.9,4.73,13.72,21.02,38.94,80.37,0.48,7.4,19.82,0.37,18.45,27.21,0.67,5.34
1995-1996,Mavericks,102.55,23.33,29.01,17.17,46.18,7.83,4.17,15.12,22.39,38.1,90.62,0.42,8.96,24.87,0.36,17.39,24.09,0.73,-4.69
1995-1996,Nets,93.71,21.37,30.52,16.46,46.99,7.65,6.96,15.96,22.93,35.13,82.32,0.43,3.05,9.1,0.34,20.39,27.37,0.75,-4.01
1995-1996,Nuggets,97.72,22.57,30.33,12.89,43.22,6.35,7.28,14.88,22.95,36.6,81.18,0.45,4.84,14.0,0.34,19.68,26.5,0.74,-2.71
1995-1996,Pacers,98.61,23.02,27.62,12.41,40.03,7.14,3.9,15.95,24.68,36.1,75.55,0.48,4.37,11.84,0.37,22.03,29.17,0.75,3.0
1995-1996,Pistons,95.16,19.45,29.54,10.82,40.36,6.05,4.2,14.12,23.85,34.21,74.56,0.46,6.59,16.47,0.39,20.15,26.82,0.75,2.25
1995-1996,Raptors,97.49,23.5,26.99,13.06,40.05,9.09,6.01,17.95,24.23,37.61,80.46,0.47,5.05,14.24,0.35,17.22,23.82,0.72,-7.33
1995-1996,Rockets,102.07,24.17,29.89,11.02,40.91,8.06,5.73,14.56,21.36,37.43,81.08,0.46,7.76,21.6,0.36,19.44,25.5,0.76,1.16
1995-1996,Spurs,102.38,24.53,31.12,11.39,42.51,7.84,6.39,14.09,22.1,37.98,79.74,0.48,6.21,15.62,0.4,20.22,27.59,0.73,5.34
1995-1996,Suns,104.03,24.28,30.34,12.41,42.74,7.48,4.05,14.14,21.65,38.48,81.59,0.47,3.98,12.05,0.33,23.1,29.97,0.77,0.59
1995-1996,SuperSonics,102.42,23.53,29.65,11.14,40.79,10.2,4.74,17.19,24.15,36.61,76.52,0.48,7.08,19.38,0.36,22.12,29.13,0.76,7.06
1995-1996,Timberwolves,97.85,22.77,27.7,12.01,39.71,7.93,5.87,16.82,24.32,36.27,79.04,0.46,3.4,10.45,0.33,21.91,28.22,0.77,-5.15
1995-1996,Trail Blazers,98.77,21.2,31.22,14.13,45.34,7.17,5.01,16.07,22.98,36.95,81.29,0.46,5.9,16.6,0.35,18.97,28.64,0.66,1.64
1995-1996,Warriors,101.63,23.04,27.87,14.3,42.17,8.61,5.73,15.84,22.38,37.27,81.71,0.46,5.45,14.62,0.37,21.65,28.54,0.75,-1.45
1996-1997,76ers,100.18,20.67,28.72,15.45,44.17,8.33,4.8,17.52,21.13,36.62,83.54,0.44,5.28,16.54,0.31,21.66,29.88,0.73,-6.35
1996-1997,Bucks,95.34,19.63,27.6,11.65,39.24,7.71,4.24,15.67,23.07,36.18,76.87,0.47,3.95,11.22,0.36,19.02,25.66,0.74,-1.64
1996-1997,Bullets,99.2,23.2,29.33,12.28,41.61,8.54,4.95,15.84,22.26,38.94,81.09,0.48,4.05,12.14,0.33,17.27,24.31,0.71,1.63
1996-1997,Bulls,101.15,25.1,29.74,15.03,44.77,8.69,4.2,13.32,20.57,38.97,83.63,0.47,6.33,17.5,0.36,16.88,22.66,0.74,9.81
1996-1997,Cavaliers,87.56,20.93,26.35,11.11,37.46,7.99,3.84,14.51,22.99,33.01,72.94,0.45,5.9,15.7,0.37,15.63,21.62,0.72,2.01
1996-1997,Celtics,100.59,21.85,26.68,13.35,40.04,9.88,3.84,16.37,23.35,37.39,84.96,0.44,5.7,16.23,0.34,20.11,26.82,0.75,-7.15
1996-1997,Clippers,97.01,20.13,27.19,13.21,40.4,8.85,5.34,15.82,24.13,36.32,81.42,0.45,5.79,16.39,0.35,18.59,25.41,0.73,-2.72
1996-1997,Grizzlies,89.18,22.71,26.28,12.48,38.76,8.01,5.66,15.88,21.4,34.38,78.7,0.44,5.43,15.54,0.34,15.0,21.15,0.7,-10.09
1996-1997,Hawks,94.17,18.6,28.7,12.29,40.99,8.11,5.11,15.05,19.46,33.92,76.25,0.45,7.91,22.32,0.35,18.41,24.09,0.77,4.53
1996-1997,Heat,93.3,20.47,29.44,11.58,41.02,7.72,5.31,15.89,23.26,33.58,75.36,0.45,8.28,22.93,0.37,17.87,25.02,0.72,4.59
1996-1997,Hornets,98.76,24.42,27.89,11.15,39.05,7.26,4.21,14.6,20.76,36.44,77.45,0.47,7.18,16.86,0.42,18.72,24.07,0.78,1.77
1996-1997,Jazz,101.73,25.82,29.58,10.95,40.53,8.77,5.06,14.91,24.28,37.29,75.56,0.49,4.25,11.49,0.37,22.89,29.65,0.77,7.72
1996-1997,Kings,96.44,21.94,28.13,13.41,41.55,7.17,4.41,16.24,23.73,36.59,80.62,0.45,5.05,12.9,0.4,18.22,25.21,0.72,-2.67
1996-1997,Knicks,94.88,21.96,30.59,11.63,42.22,7.77,4.49,17.55,24.64,35.05,75.67,0.46,5.71,15.67,0.37,19.09,25.45,0.74,2.97
1996-1997,Lakers,99.53,22.31,29.26,13.11,42.37,8.8,6.92,14.71,22.63,36.35,80.12,0.45,6.54,17.99,0.37,20.29,29.07,0.7,4.24
1996-1997,Magic,93.56,20.17,27.14,12.86,40.0,8.34,4.47,15.02,19.98,34.34,78.87,0.44,6.85,20.14,0.34,18.02,24.15,0.75,-0.78
1996-1997,Mavericks,90.59,20.28,27.59,12.68,40.27,7.98,4.28,16.13,21.93,34.3,78.68,0.44,5.24,16.05,0.32,16.77,23.39,0.72,-6.16
1996-1997,Nets,97.24,21.05,28.98,17.2,46.17,8.26,5.87,15.73,22.74,36.51,86.48,0.42,5.9,16.72,0.35,18.32,24.77,0.74,-4.12
1996-1997,Nuggets,97.72,23.01,29.88,12.1,41.98,6.13,5.94,16.55,21.72,35.74,81.44,0.44,7.74,20.83,0.36,18.49,24.29,0.76,-6.26
1996-1997,Pacers,95.35,21.34,29.15,12.55,41.7,7.13,4.8,16.32,24.11,34.77,76.27,0.46,5.24,13.78,0.38,20.57,28.49,0.72,0.98
1996-1997,Pistons,93.69,18.64,27.68,10.36,38.03,7.67,3.39,12.51,20.15,34.36,74.36,0.46,7.01,18.21,0.38,17.97,24.07,0.74,4.83
1996-1997,Raptors,95.48,20.9,27.49,13.84,41.33,8.8,6.3,16.43,22.96,35.33,80.88,0.44,7.18,19.8,0.37,17.63,24.49,0.72,-2.89
1996-1997,Rockets,100.7,24.32,30.95,11.46,42.41,8.24,4.26,16.35,20.0,36.76,78.74,0.47,8.3,22.77,0.37,18.9,24.97,0.75,4.04
1996-1997,Spurs,90.46,20.26,25.96,13.43,39.39,7.88,5.26,15.16,21.51,34.48,77.94,0.44,4.61,14.39,0.31,16.9,23.52,0.72,-7.88
1996-1997,Suns,102.67,25.07,29.06,11.1,40.16,8.1,4.0,14.48,21.11,38.1,81.82,0.47,6.64,18.08,0.36,19.82,26.02,0.75,0.15
1996-1997,SuperSonics,101.41,23.53,27.84,12.52,40.36,10.9,4.65,14.83,22.18,36.55,78.82,0.46,7.01,19.62,0.36,21.32,28.05,0.76,7.59
1996-1997,Timberwolves,96.25,22.89,27.95,11.75,39.71,7.54,6.69,14.93,22.21,35.96,78.85,0.46,4.59,13.45,0.33,19.73,26.28,0.75,-1.82
1996-1997,Trail Blazers,98.52,20.8,30.17,12.85,43.02,7.7,5.26,16.47,23.76,36.41,78.57,0.46,6.03,17.08,0.35,19.67,27.56,0.72,3.95
1996-1997,Warriors,99.62,22.22,27.55,13.24,40.79,7.45,4.38,17.18,21.79,36.55,80.09,0.46,5.87,16.62,0.35,20.68,26.59,0.77,-4.49
1997-1998,76ers,93.3,21.09,27.98,13.72,41.7,8.89,5.98,16.54,22.9,34.6,78.16,0.44,2.96,9.88,0.29,21.15,28.68,0.73,-2.39
1997-1998,Bucks,94.49,20.11,27.27,12.62,39.89,8.94,4.35,16.87,23.35,35.59,78.04,0.46,3.04,8.57,0.35,20.28,26.43,0.77,-1.41
1997-1998,Bulls,95.99,23.14,29.17,14.92,44.09,8.58,4.35,13.83,21.06,36.71,81.67,0.45,3.87,11.98,0.31,18.7,25.24,0.74,7.09
1997-1998,Cavaliers,91.95,22.88,28.24,11.57,39.81,9.86,5.01,17.34,23.65,34.0,75.03,0.45,3.55,9.59,0.37,20.41,27.07,0.76,2.52
1997-1998,Celtics,95.9,22.15,24.93,14.59,39.51,12.04,4.46,16.22,26.87,36.73,84.56,0.44,5.06,15.23,0.33,17.38,23.95,0.72,-2.62
1997-1998,Clippers,95.91,18.7,27.76,12.68,40.44,7.62,5.56,16.13,22.28,35.73,81.59,0.44,6.4,17.9,0.36,18.05,24.96,0.72,-6.81
1997-1998,Grizzlies,96.62,23.9,28.21,13.18,41.39,7.49,4.26,17.13,22.06,36.66,80.09,0.46,3.96,10.95,0.35,19.34,26.16,0.74,-7.12
1997-1998,Hawks,95.47,19.03,29.45,13.37,42.83,7.95,5.93,14.69,20.52,35.09,77.26,0.46,4.23,12.65,0.32,21.05,27.94,0.75,3.42
1997-1998,Heat,94.53,21.15,29.45,12.29,41.74,8.03,5.15,14.84,24.24,34.48,76.72,0.45,6.71,18.9,0.36,18.85,25.63,0.74,4.52
1997-1998,Hornets,95.25,23.43,28.4,11.73,40.12,8.23,3.7,14.98,21.44,35.89,76.92,0.47,4.15,11.03,0.37,19.32,25.9,0.75,1.21
1997-1998,Jazz,98.61,24.67,29.48,11.33,40.81,7.63,4.99,15.01,24.32,35.88,74.31,0.48,3.09,8.4,0.37,23.75,30.91,0.77,6.22
1997-1998,Kings,93.13,22.39,28.1,13.34,41.44,7.27,5.12,15.5,22.07,36.06,81.51,0.44,3.45,9.83,0.34,17.56,25.56,0.69,-5.18
1997-1998,Knicks,91.25,21.47,29.63,11.77,41.4,7.83,3.24,15.18,24.08,34.63,77.73,0.45,4.73,13.86,0.34,17.26,22.38,0.77,1.96
1997-1998,Lakers,104.79,24.25,29.66,13.19,42.85,8.74,6.92,14.94,22.94,37.99,79.07,0.48,6.05,17.28,0.36,22.76,33.72,0.68,6.85
1997-1998,Magic,90.09,20.66,26.87,14.37,41.23,7.91,5.38,15.34,19.72,33.79,78.72,0.43,3.57,11.06,0.31,18.93,26.07,0.73,-0.81
1997-1998,Mavericks,91.39,18.72,27.8,12.29,40.1,7.88,5.68,14.43,20.04,35.15,82.37,0.43,5.15,14.43,0.36,15.95,21.2,0.75,-5.71
1997-1998,Nets,99.47,20.41,26.09,16.25,42.34,9.39,3.81,14.34,23.47,37.25,84.28,0.44,3.73,11.28,0.32,21.25,28.53,0.75,1.25
1997-1998,Nuggets,89.02,18.87,26.3,12.68,38.99,8.1,4.79,16.0,23.62,32.65,78.2,0.42,3.51,10.89,0.31,20.22,26.18,0.77,-11.39
1997-1998,Pacers,95.33,22.4,28.2,10.43,38.63,7.76,4.56,14.17,23.02,35.03,74.86,0.47,4.98,12.87,0.39,20.29,26.59,0.76,5.46
1997-1998,Pistons,94.16,19.48,28.51,12.73,41.24,8.27,4.2,14.61,22.01,34.9,77.72,0.45,3.57,11.44,0.31,20.78,27.9,0.74,1.57
1997-1998,Raptors,94.89,21.29,26.21,14.48,40.68,9.38,8.09,16.72,22.57,36.16,83.09,0.44,4.54,13.24,0.34,18.04,25.12,0.72,-9.11
1997-1998,Rockets,97.95,21.61,28.8,11.99,40.79,8.3,3.67,15.64,20.37,35.53,79.2,0.45,6.86,20.26,0.34,20.03,26.08,0.77,-0.86
1997-1998,Spurs,92.45,21.92,32.21,11.9,44.11,6.23,6.93,15.85,21.21,35.14,75.12,0.47,3.7,10.76,0.34,18.46,26.82,0.69,3.91
1997-1998,Suns,99.28,25.62,29.84,12.08,41.92,9.19,5.17,14.88,21.69,38.21,81.99,0.47,5.21,14.67,0.36,17.65,23.64,0.74,4.91
1997-1998,SuperSonics,99.98,23.98,27.02,11.5,38.52,9.68,4.55,13.76,22.25,37.04,78.71,0.47,7.47,19.14,0.39,18.42,25.43,0.73,6.13
1997-1998,Timberwolves,100.47,25.1,29.4,13.0,42.4,7.77,5.11,13.83,22.93,38.2,83.25,0.46,3.91,11.16,0.33,20.17,27.07,0.74,0.33
1997-1998,Trail Blazers,94.57,21.65,30.62,13.28,43.9,7.13,5.64,16.81,23.0,35.22,78.08,0.45,4.03,12.88,0.32,20.09,27.21,0.74,1.14
1997-1998,Warriors,88.26,20.83,30.16,15.71,45.87,7.57,5.46,16.7,22.67,34.7,83.94,0.42,2.3,8.49,0.27,16.56,23.32,0.71,-9.12
1997-1998,Wizards,97.18,23.17,28.55,13.67,42.22,8.4,4.62,14.1,22.43,37.56,83.06,0.46,3.9,11.51,0.34,18.16,26.29,0.69,0.86
1998-1999,76ers,89.6,18.72,28.41,14.9,43.31,10.78,5.38,15.95,23.38,33.33,78.28,0.43,2.03,7.84,0.27,20.91,29.0,0.72,1.84
1998-1999,Bucks,91.89,20.57,27.36,11.38,38.74,8.81,4.09,14.49,23.25,35.0,76.28,0.46,4.62,12.47,0.37,17.26,23.45,0.74,1.42
1998-1999,Bulls,81.9,20.34,27.88,11.46,39.34,8.72,3.38,15.48,22.24,30.78,76.74,0.4,3.54,12.24,0.29,16.8,23.7,0.7,-9.46
1998-1999,Cavaliers,86.44,21.86,26.32,9.44,35.76,9.04,4.06,15.7,24.16,31.24,71.22,0.44,3.64,10.68,0.33,20.32,27.12,0.75,-1.31
1998-1999,Celtics,93.0,21.46,29.16,13.6,42.76,9.06,5.1,16.14,23.86,36.32,83.28,0.44,5.46,15.16,0.35,14.9,21.54,0.69,-1.86
1998-1999,Clippers,90.38,16.4,25.86,13.3,39.16,8.48,4.72,15.92,24.46,34.22,80.14,0.43,4.28,13.36,0.32,17.66,24.5,0.73,-8.27
1998-1999,Grizzlies,88.86,19.28,27.18,13.0,40.18,8.4,3.98,16.96,22.46,32.86,76.76,0.43,2.96,9.06,0.32,20.18,28.16,0.71,-8.39
1998-1999,Hawks,85.29,15.37,29.51,13.29,42.8,7.1,5.02,14.64,19.69,30.44,75.1,0.41,4.07,13.25,0.3,20.34,27.63,0.74,2.03
1998-1999,Heat,88.07,20.02,29.98,9.89,39.87,6.6,5.93,14.6,20.69,31.85,71.0,0.45,5.76,16.31,0.36,18.6,25.4,0.73,4.15
1998-1999,Hornets,92.88,22.2,29.86,9.6,39.46,8.86,4.94,15.92,22.02,33.42,74.36,0.45,5.36,14.7,0.36,20.68,27.68,0.75,-0.1
1998-1999,Jazz,92.57,23.7,30.39,11.11,41.51,7.92,5.38,15.97,23.46,33.44,72.87,0.46,2.82,8.1,0.35,22.87,29.85,0.77,5.67
1998-1999,Kings,99.31,22.18,31.2,14.0,45.2,9.04,4.62,16.91,20.64,37.82,85.55,0.44,5.84,19.16,0.31,17.84,25.91,0.69,-0.82
1998-1999,Knicks,86.0,18.03,29.89,10.77,40.66,7.8,4.86,15.09,23.56,32.1,74.13,0.43,3.89,11.67,0.33,17.91,24.23,0.73,1.3
1998-1999,Lakers,98.31,21.57,29.45,12.34,41.79,7.62,5.83,14.81,24.71,36.6,78.83,0.46,4.81,13.97,0.33,20.29,29.95,0.68,2.63
1998-1999,Magic,89.22,21.22,28.61,13.81,42.43,9.85,4.22,16.52,19.06,33.3,78.48,0.43,4.63,14.11,0.33,18.0,25.57,0.71,1.94
1998-1999,Mavericks,91.62,18.42,29.56,12.9,42.46,7.04,5.84,13.84,21.3,34.98,80.66,0.43,4.04,11.9,0.34,17.62,24.2,0.74,-2.0
1998-1999,Nets,91.38,18.46,28.74,14.3,43.04,9.82,5.46,15.0,22.68,33.82,83.2,0.41,4.5,13.58,0.32,19.24,25.02,0.77,-3.78
1998-1999,Nuggets,93.48,19.38,27.84,12.94,40.78,7.52,5.5,14.78,22.9,33.62,79.78,0.42,6.04,18.44,0.31,20.2,26.5,0.76,-6.29
1998-1999,Pacers,94.44,20.22,29.21,11.51,40.71,6.38,4.6,13.46,22.52,34.24,76.68,0.45,6.02,16.4,0.37,19.95,25.32,0.79,4.13
1998-1999,Pistons,89.35,19.96,27.85,12.02,39.87,8.73,3.95,15.42,22.76,33.11,74.38,0.45,4.82,13.2,0.35,18.31,24.64,0.75,2.84
1998-1999,Raptors,91.14,20.72,28.94,14.24,43.18,8.78,6.42,15.98,22.78,33.2,78.8,0.42,4.52,13.24,0.32,20.22,26.6,0.77,-0.79
1998-1999,Rockets,94.43,21.11,30.93,10.91,41.83,7.7,5.15,15.98,19.7,35.0,76.35,0.46,6.8,18.5,0.37,17.63,24.09,0.73,1.98
1998-1999,Spurs,91.69,21.84,31.36,11.64,43.0,8.13,6.72,14.94,20.6,33.99,74.69,0.46,3.61,10.76,0.33,20.1,28.34,0.71,7.85
1998-1999,Suns,95.4,24.83,28.04,11.87,39.91,8.96,3.91,13.62,20.92,35.87,80.11,0.45,5.32,14.3,0.38,18.34,24.15,0.77,1.55
1998-1999,SuperSonics,94.86,21.74,28.44,13.52,41.96,7.86,4.02,15.3,20.94,35.12,79.52,0.44,6.18,17.98,0.35,18.44,27.08,0.68,-1.08
1998-1999,Timberwolves,92.02,23.94,27.94,15.02,42.96,8.37,5.48,12.89,23.72,36.41,86.11,0.42,2.44,8.19,0.3,16.76,22.52,0.74,-0.11
1998-1999,Trail Blazers,93.05,20.79,30.89,12.29,43.17,8.11,5.48,14.97,22.81,33.79,77.11,0.44,4.68,13.0,0.36,20.78,27.89,0.75,5.39
1998-1999,Warriors,88.32,20.74,31.18,16.32,47.5,8.28,4.42,15.36,25.4,34.6,83.46,0.42,3.24,11.3,0.28,15.88,23.5,0.67,-2.5
1998-1999,Wizards,91.2,21.28,28.06,11.9,39.96,7.86,3.86,14.72,23.02,35.36,79.38,0.45,3.58,11.6,0.3,16.9,23.96,0.71,-2.24
1999-2000,76ers,94.71,21.83,29.97,13.93,43.9,9.3,4.68,15.21,23.53,36.25,82.35,0.44,2.68,8.33,0.31,19.52,27.4,0.71,1.57
1999-2000,Bucks,100.92,22.47,29.08,12.33,41.41,8.09,4.7,14.8,24.66,38.66,83.22,0.46,4.74,12.95,0.36,18.87,24.05,0.79,0.57
1999-2000,Bulls,84.78,20.06,28.33,12.59,40.91,7.88,4.67,18.99,23.27,31.28,75.37,0.42,4.15,12.59,0.32,18.07,25.48,0.72,-9.4
1999-2000,Cavaliers,96.95,23.67,30.48,12.32,42.79,8.72,4.43,17.4,27.06,36.3,82.12,0.44,4.18,11.21,0.37,20.16,26.89,0.75,-3.5
1999-2000,Celtics,99.34,21.23,29.51,13.51,43.02,9.7,3.49,15.35,27.11,37.24,83.9,0.44,5.09,15.37,0.33,19.77,26.52,0.74,-0.22
1999-2000,Clippers,92.02,18.04,28.99,11.65,40.63,7.05,6.02,16.16,22.21,35.09,82.4,0.43,5.23,15.45,0.34,16.62,22.27,0.75,-11.13
1999-2000,Grizzlies,93.93,20.73,28.34,12.26,40.6,7.41,4.22,16.84,22.94,35.27,78.55,0.45,3.95,10.95,0.35,19.44,25.12,0.78,-5.62
1999-2000,Hawks,94.33,18.88,31.34,13.98,45.32,6.1,5.62,15.44,20.95,36.59,83.01,0.44,3.15,9.93,0.33,18.01,24.23,0.75,-4.96
1999-2000,Heat,93.16,23.07,32.04,11.15,43.2,7.11,6.25,14.82,23.99,35.68,78.25,0.46,5.36,14.68,0.37,16.43,22.49,0.73,3.04
1999-2000,Hornets,98.1,24.58,32.06,10.91,42.97,8.9,5.85,14.7,20.44,35.63,79.45,0.45,4.15,12.34,0.34,22.7,29.84,0.76,2.71
1999-2000,Jazz,95.62,24.75,29.63,11.29,40.92,7.59,5.43,14.83,24.6,35.79,77.46,0.46,4.08,10.62,0.39,19.96,25.95,0.77,3.45
1999-2000,Kings,104.47,23.41,31.98,12.82,44.79,9.44,4.59,15.89,21.14,39.59,88.43,0.45,6.52,20.03,0.32,18.78,24.9,0.76,2.29
1999-2000,Knicks,90.88,18.59,30.68,9.5,40.18,6.32,4.22,14.14,23.98,34.65,76.86,0.45,4.32,11.43,0.37,17.26,22.17,0.78,1.05
1999-2000,Lakers,100.59,23.08,32.68,13.53,46.21,7.28,6.42,13.45,23.08,38.06,82.71,0.46,4.46,13.35,0.33,20.02,29.48,0.68,7.19
1999-2000,Magic,100.07,20.84,30.98,13.96,44.94,9.06,5.7,17.6,23.99,38.65,85.54,0.45,3.59,10.61,0.34,19.2,26.12,0.73,0.96
1999-2000,Mavericks,101.41,22.07,29.8,11.35,41.16,7.22,5.07,13.71,21.59,38.96,85.94,0.45,6.33,16.17,0.39,17.16,21.35,0.81,-0.31
1999-2000,Nets,98.0,20.59,28.23,12.68,40.91,8.78,4.79,13.65,23.33,36.33,83.91,0.43,5.82,16.76,0.34,19.52,24.89,0.78,-1.04
1999-2000,Nuggets,98.96,23.3,31.59,13.09,44.67,6.76,7.54,15.62,23.93,37.28,84.28,0.44,5.73,17.04,0.33,18.67,25.8,0.72,-2.12
1999-2000,Pacers,100.59,22.14,31.54,10.23,41.77,6.51,5.04,13.4,22.13,36.68,80.51,0.46,7.11,18.29,0.39,20.12,24.7,0.82,4.17
1999-2000,Pistons,102.61,20.6,29.92,11.0,40.92,8.04,3.27,15.72,24.53,36.8,80.51,0.46,5.32,14.8,0.36,23.69,30.44,0.78,1.3
1999-2000,Raptors,96.69,23.58,29.86,13.38,43.24,8.15,6.55,13.85,24.32,36.04,83.58,0.43,5.15,14.33,0.35,19.47,25.42,0.76,-0.04
1999-2000,Rockets,99.46,21.63,31.54,12.29,43.83,7.48,5.34,17.38,20.28,36.6,81.27,0.45,7.09,19.82,0.35,19.18,26.16,0.73,-0.87
1999-2000,Spurs,95.5,21.85,32.58,11.35,43.93,7.55,6.76,15.07,20.92,35.64,77.87,0.46,3.98,10.77,0.38,20.24,27.16,0.74,6.26
1999-2000,Suns,97.77,25.13,31.18,12.6,43.78,8.98,5.37,16.51,24.4,37.3,82.54,0.45,5.49,15.35,0.36,17.68,23.48,0.75,4.93
1999-2000,SuperSonics,98.75,22.72,30.18,12.69,42.87,8.02,4.16,14.07,21.67,37.72,84.41,0.45,6.68,19.46,0.34,16.62,23.86,0.69,1.09
1999-2000,Timberwolves,97.91,26.73,29.88,12.29,42.17,7.51,5.35,13.74,23.35,39.1,83.91,0.47,3.02,8.78,0.35,16.67,21.38,0.78,2.31
1999-2000,Trail Blazers,96.64,22.79,30.77,11.45,42.21,7.66,4.66,14.64,23.15,36.12,77.55,0.47,5.04,13.9,0.36,19.36,25.32,0.77,6.13
1999-2000,Warriors,95.54,22.57,29.73,15.85,45.59,8.91,4.34,15.88,24.91,36.54,87.07,0.42,4.21,13.04,0.31,18.26,26.18,0.69,-8.1
1999-2000,Wizards,96.6,21.6,29.73,12.98,42.71,7.23,4.67,16.1,26.21,36.71,81.48,0.45,4.09,10.85,0.37,19.1,25.7,0.75,-2.81
2000-2001,76ers,94.16,20.49,31.28,13.33,44.61,8.33,4.96,15.3,20.46,35.1,79.49,0.44,3.33,10.14,0.32,20.64,27.57,0.76,3.32
2000-2001,Bucks,99.82,22.39,30.75,12.06,42.81,7.78,5.09,13.9,23.57,37.42,82.48,0.45,6.83,17.97,0.38,18.15,23.0,0.78,3.69
2000-2001,Bulls,87.57,22.07,27.56,11.29,38.85,8.23,4.62,15.76,23.2,33.18,78.18,0.43,4.01,11.59,0.35,17.2,23.28,0.74,-9.1
2000-2001,Cavaliers,92.21,20.83,29.76,12.38,42.13,7.83,5.32,16.46,23.22,35.24,79.66,0.44,2.68,8.04,0.32,19.04,24.88,0.77,-4.24
2000-2001,Celtics,94.62,20.83,28.87,10.94,39.8,9.38,4.1,15.67,23.8,33.82,79.09,0.43,7.22,19.91,0.36,19.77,26.71,0.74,-2.13
2000-2001,Clippers,92.45,19.33,31.21,11.73,42.94,5.98,6.26,15.77,21.65,35.32,78.87,0.45,4.39,12.96,0.33,17.43,25.13,0.69,-2.65
2000-2001,Grizzlies,91.73,23.16,29.65,10.9,40.55,7.15,4.38,15.74,21.13,35.0,79.74,0.44,3.96,11.55,0.34,17.77,23.07,0.77,-5.32
2000-2001,Hawks,90.96,19.01,30.37,12.54,42.9,7.73,4.72,16.68,22.72,35.07,81.32,0.43,4.06,11.38,0.36,16.76,22.09,0.77,-5.0
2000-2001,Heat,88.52,19.76,29.62,9.82,39.45,7.62,3.75,13.88,21.2,32.74,76.18,0.43,5.81,16.87,0.34,17.22,22.73,0.75,1.42
2000-2001,Hornets,92.35,22.79,31.6,12.66,44.26,8.16,5.45,14.54,21.33,34.12,79.15,0.43,4.17,12.0,0.34,19.93,26.74,0.74,2.82
2000-2001,Jazz,96.63,25.59,29.08,11.56,40.64,7.9,5.62,15.75,25.76,35.92,76.76,0.47,3.94,10.43,0.37,20.85,27.69,0.75,4.49
2000-2001,Kings,101.38,22.07,32.94,12.31,45.26,9.53,5.27,15.41,19.89,37.88,85.08,0.45,5.77,16.3,0.35,19.86,25.6,0.78,5.62
2000-2001,Knicks,88.74,18.37,30.66,9.33,39.99,6.62,4.2,14.54,22.8,33.59,75.34,0.45,4.72,13.49,0.35,16.84,21.2,0.79,2.3
2000-2001,Lakers,101.07,22.99,31.89,13.41,45.3,7.26,5.94,14.79,22.81,37.97,81.57,0.47,5.48,15.6,0.35,19.65,28.82,0.68,4.91
2000-2001,Magic,97.71,21.99,29.9,13.06,42.95,8.21,5.88,15.01,25.31,36.85,84.09,0.44,6.07,16.6,0.37,17.94,25.19,0.72,0.94
2000-2001,Mavericks,99.58,20.76,31.08,10.36,41.43,7.36,5.95,13.82,23.27,37.03,81.78,0.45,6.28,16.62,0.38,19.23,24.02,0.8,3.41
2000-2001,Nets,92.1,19.55,28.5,11.09,39.59,7.91,4.96,14.73,24.17,33.91,79.88,0.42,4.4,13.22,0.33,19.87,26.17,0.76,-4.62
2000-2001,Nuggets,96.56,24.02,31.5,12.73,44.23,6.73,6.56,13.85,22.2,36.33,83.87,0.43,6.24,17.61,0.35,17.66,23.95,0.73,-2.46
2000-2001,Pacers,92.33,21.47,31.48,11.26,42.73,6.77,5.87,15.07,23.49,34.41,78.6,0.44,4.9,14.33,0.34,18.62,24.23,0.77,-0.48
2000-2001,Pistons,95.57,19.87,32.02,13.51,45.54,7.48,5.45,15.9,23.84,35.6,83.9,0.43,4.74,13.56,0.36,19.63,27.23,0.72,-1.7
2000-2001,Raptors,96.95,24.18,30.33,13.41,43.74,7.37,6.3,13.43,21.3,36.93,84.32,0.44,5.32,14.31,0.37,17.78,23.77,0.75,2.09
2000-2001,Rockets,97.22,19.67,30.78,11.21,41.99,7.16,4.37,14.68,20.21,35.89,79.2,0.46,6.15,17.22,0.35,19.29,25.44,0.76,2.29
2000-2001,Spurs,95.54,21.4,33.05,10.96,44.01,6.81,6.88,14.35,19.16,34.93,76.33,0.46,5.44,13.6,0.4,20.24,28.31,0.71,6.95
2000-2001,Suns,93.77,23.14,30.84,11.91,42.74,9.47,5.26,15.37,22.77,35.81,82.73,0.43,4.06,13.05,0.31,18.08,24.0,0.75,1.66
2000-2001,SuperSonics,97.29,21.85,29.54,12.18,41.72,8.01,4.99,15.27,21.13,36.94,81.09,0.46,5.68,14.26,0.41,17.73,24.22,0.73,0.02
2000-2001,Timberwolves,96.63,25.08,30.19,12.16,42.35,8.28,5.57,13.85,23.22,38.03,83.59,0.46,3.88,10.94,0.35,16.67,21.2,0.79,1.26
2000-2001,Trail Blazers,95.19,23.67,30.18,11.64,41.81,8.13,5.09,15.33,21.28,36.47,78.19,0.47,4.53,13.15,0.34,17.72,23.26,0.76,3.53
2000-2001,Warriors,92.49,21.8,29.09,16.4,45.49,9.05,5.0,15.87,21.06,35.82,87.5,0.41,3.44,11.76,0.28,17.41,24.68,0.71,-8.89
2000-2001,Wizards,93.23,20.09,28.9,12.39,41.29,7.68,4.67,16.96,23.33,34.55,78.7,0.44,3.35,10.34,0.32,20.78,27.38,0.76,-6.29
2001-2002,76ers,90.87,19.94,30.77,13.28,44.05,8.62,4.4,15.26,19.98,33.98,78.21,0.44,2.69,8.97,0.3,20.23,26.02,0.78,1.0
2001-2002,Bucks,97.51,22.52,31.18,10.26,41.44,7.27,4.73,14.11,21.8,37.09,80.21,0.46,7.23,19.3,0.38,16.11,21.55,0.75,-0.22
2001-2002,Bulls,89.45,22.16,28.77,11.27,40.04,7.72,4.4,15.27,22.37,34.28,79.16,0.43,3.66,10.59,0.33,17.23,23.88,0.72,-8.03
2001-2002,Cavaliers,95.27,23.06,30.28,11.8,42.09,6.98,5.73,14.59,21.37,35.95,80.27,0.45,4.72,12.51,0.37,18.65,24.15,0.77,-3.33
2001-2002,Celtics,95.52,20.63,31.56,10.82,42.38,9.54,3.76,13.67,21.86,34.46,81.49,0.42,8.42,23.6,0.35,18.18,23.74,0.76,2.31
2001-2002,Clippers,95.68,20.9,30.17,13.21,43.38,6.22,6.59,14.8,19.8,36.22,81.32,0.45,4.98,13.99,0.35,18.27,24.71,0.74,-0.46
2001-2002,Grizzlies,89.9,21.77,29.43,12.0,41.43,7.88,5.95,16.39,19.16,34.77,79.7,0.44,4.1,13.37,0.3,16.27,22.96,0.71,-7.44
2001-2002,Hawks,94.04,20.2,29.82,11.65,41.46,8.13,4.27,15.54,20.76,35.38,80.61,0.44,5.16,14.56,0.35,18.12,23.68,0.76,-4.01
2001-2002,Heat,87.2,20.29,31.02,11.0,42.02,6.67,5.46,14.84,22.51,34.16,77.83,0.44,3.8,10.96,0.36,15.07,20.83,0.73,-1.54
2001-2002,Hornets,94.12,21.26,30.65,13.09,43.74,8.05,5.74,14.1,21.91,35.16,80.32,0.44,4.24,12.13,0.36,19.55,26.33,0.74,0.87
2001-2002,Jazz,95.62,24.31,28.62,13.6,42.22,9.13,6.41,16.5,24.13,34.9,77.81,0.45,3.42,10.33,0.34,22.41,29.51,0.76,1.07
2001-2002,Kings,104.03,23.35,32.9,12.45,45.35,8.79,4.59,13.92,19.81,39.37,84.92,0.46,5.16,14.48,0.36,20.13,26.87,0.75,6.73
2001-2002,Knicks,91.63,20.98,29.98,10.68,40.66,6.8,3.51,14.54,21.95,34.35,79.51,0.43,5.78,16.39,0.35,17.15,21.78,0.79,-3.54
2001-2002,Lakers,100.62,22.33,32.05,12.43,44.48,7.48,5.82,12.88,22.5,37.91,82.86,0.46,6.2,17.63,0.35,18.6,26.46,0.71,6.5
2001-2002,Magic,100.17,21.88,29.79,11.37,41.16,7.99,4.64,13.56,20.97,37.44,83.8,0.45,7.41,20.07,0.37,17.88,23.73,0.75,1.54
2001-2002,Mavericks,105.57,21.87,31.29,11.17,42.46,7.01,4.77,12.13,22.76,39.09,84.82,0.46,7.64,20.24,0.38,19.74,24.4,0.81,3.9
2001-2002,Nets,96.04,23.69,30.61,12.61,43.22,8.56,5.88,14.44,21.8,36.85,83.08,0.44,4.76,14.56,0.32,17.57,23.96,0.73,3.58
2001-2002,Nuggets,92.18,22.16,28.17,13.62,41.79,7.48,5.63,14.7,22.84,35.55,83.78,0.43,5.16,15.67,0.32,15.93,21.41,0.74,-5.41
2001-2002,Pacers,96.51,22.87,31.46,11.17,42.63,8.03,5.24,15.4,23.0,35.74,80.0,0.45,4.93,14.41,0.35,20.1,26.07,0.77,0.26
2001-2002,Pistons,93.1,21.22,28.77,9.85,38.62,7.84,6.75,14.55,20.71,34.12,76.48,0.45,7.03,18.86,0.37,17.83,23.67,0.75,1.86
2001-2002,Raptors,90.95,21.66,28.57,13.52,42.09,8.37,5.52,14.41,21.7,35.43,81.76,0.43,4.64,13.36,0.35,15.46,20.92,0.74,-0.33
2001-2002,Rockets,92.34,18.07,29.4,12.5,41.9,6.55,5.43,14.1,18.0,34.6,80.84,0.43,6.05,18.05,0.33,17.1,23.09,0.74,-4.89
2001-2002,Spurs,96.12,19.7,31.14,11.07,42.21,7.46,6.54,14.03,19.34,35.24,77.45,0.46,5.3,14.76,0.36,20.34,27.34,0.75,5.86
2001-2002,Suns,95.15,22.41,29.63,13.07,42.71,8.15,4.89,14.7,21.77,37.77,84.56,0.45,4.37,13.37,0.32,15.24,19.88,0.76,-0.68
2001-2002,SuperSonics,97.07,23.14,28.47,11.78,40.25,8.25,4.46,13.53,21.25,37.95,81.37,0.47,5.9,15.55,0.38,15.26,20.31,0.74,2.26
2001-2002,Timberwolves,99.42,24.01,31.38,12.96,44.34,6.36,5.12,13.46,21.41,38.62,83.88,0.46,4.84,12.76,0.39,17.34,21.86,0.8,2.88
2001-2002,Trail Blazers,96.46,23.39,29.88,13.19,43.07,8.55,4.44,14.31,19.93,36.45,81.38,0.45,5.72,16.14,0.35,17.85,23.34,0.76,2.69
2001-2002,Warriors,97.67,20.8,30.4,16.27,46.67,7.93,6.38,16.8,22.98,36.56,85.23,0.43,3.9,12.12,0.32,20.65,28.59,0.72,-5.4
2001-2002,Wizards,92.79,20.91,29.18,12.87,42.05,6.95,4.32,13.02,21.5,35.83,81.27,0.44,3.72,9.59,0.38,17.41,22.76,0.77,-1.15
2002-2003,76ers,96.23,21.26,29.49,12.63,42.12,9.89,3.34,14.71,22.24,35.95,80.33,0.45,3.09,9.73,0.32,21.26,27.31,0.77,2.12
2002-2003,Bucks,99.38,22.09,28.74,10.52,39.26,7.56,4.17,12.73,22.55,37.09,81.22,0.46,7.08,18.5,0.38,18.11,23.41,0.77,-0.08
2002-2003,Bulls,94.95,21.73,30.99,12.01,43.0,7.38,5.62,16.93,24.73,36.48,81.88,0.45,4.26,12.16,0.34,17.74,24.56,0.73,-4.71
2002-2003,Cavaliers,91.37,20.88,31.0,13.63,44.63,7.76,6.35,18.27,22.73,34.76,82.27,0.42,3.57,10.93,0.3,18.32,24.54,0.75,-9.62
2002-2003,Celtics,92.88,19.37,30.33,10.18,40.51,8.76,3.76,14.0,21.92,32.98,79.35,0.42,8.75,26.07,0.33,18.17,24.28,0.74,-0.18
2002-2003,Clippers,93.82,19.57,30.02,12.29,42.32,7.0,5.62,15.74,21.76,34.57,79.15,0.44,4.76,14.37,0.33,19.91,26.55,0.75,-4.12
2002-2003,Grizzlies,97.5,23.07,30.07,11.5,41.57,7.94,6.1,15.39,20.46,37.18,82.23,0.45,5.7,15.6,0.36,17.44,23.61,0.75,-3.23
2002-2003,Hawks,94.07,20.48,31.2,11.43,42.62,7.45,5.77,16.67,21.74,34.87,78.46,0.44,4.9,13.91,0.35,19.44,24.52,0.79,-3.33
2002-2003,Heat,85.56,18.3,30.05,11.56,41.61,7.22,3.95,14.23,22.63,32.78,79.48,0.41,4.24,13.41,0.32,15.76,20.6,0.76,-4.62
2002-2003,Hornets,93.82,21.9,29.95,13.31,43.26,7.95,4.82,14.69,21.84,35.42,81.34,0.44,5.02,13.39,0.38,17.95,23.43,0.77,1.85
2002-2003,Jazz,94.56,25.38,28.82,12.54,41.36,8.55,5.69,16.69,22.54,35.21,75.61,0.47,2.68,7.76,0.35,21.47,28.72,0.75,1.92
2002-2003,Kings,102.52,24.52,33.29,11.21,44.5,8.79,5.47,14.31,20.66,39.5,85.28,0.46,6.09,16.05,0.38,17.44,23.21,0.75,6.27
2002-2003,Knicks,95.85,21.95,28.98,10.27,39.24,7.06,3.11,14.01,23.02,36.18,82.01,0.44,7.39,19.29,0.38,16.1,19.76,0.82,-1.35
2002-2003,Lakers,100.33,22.98,31.12,13.04,44.16,7.69,5.68,14.39,23.0,37.65,83.57,0.45,6.07,17.1,0.36,18.98,25.98,0.73,2.06
2002-2003,Magic,97.65,20.09,29.1,11.54,40.64,8.24,3.69,14.38,23.56,35.55,81.74,0.44,6.79,19.15,0.36,19.76,25.42,0.78,-0.45
2002-2003,Mavericks,103.2,22.01,31.0,11.13,42.13,7.71,5.41,11.64,21.73,38.58,85.32,0.45,8.04,20.89,0.38,18.0,21.72,0.82,6.42
2002-2003,Nets,95.03,22.68,30.96,12.37,43.33,8.49,4.5,14.79,22.29,35.2,80.35,0.44,4.3,12.81,0.33,20.33,26.82,0.76,5.12
2002-2003,Nuggets,84.16,21.18,28.82,13.56,42.38,8.68,5.15,18.46,25.07,32.79,79.8,0.41,2.79,10.05,0.27,15.78,22.56,0.69,-7.39
2002-2003,Pacers,96.44,23.06,32.09,12.31,44.4,8.39,5.43,14.66,22.18,35.14,80.39,0.44,4.66,13.92,0.33,21.51,28.02,0.77,2.86
2002-2003,Pistons,91.12,19.41,29.56,10.77,40.32,6.99,5.74,13.32,21.69,32.46,76.08,0.43,6.54,18.3,0.36,19.66,25.69,0.76,3.2
2002-2003,Raptors,90.89,19.3,28.72,12.48,41.2,7.43,4.78,14.4,21.48,34.72,81.27,0.43,4.99,14.55,0.34,16.46,22.91,0.72,-5.46
2002-2003,Rockets,93.76,18.37,31.27,12.49,43.76,7.24,6.01,15.56,19.54,34.63,78.79,0.44,5.35,15.45,0.33,19.13,24.93,0.77,1.48
2002-2003,Spurs,95.58,20.12,31.68,11.6,43.28,7.69,6.55,15.51,20.62,35.09,76.78,0.46,5.44,15.42,0.35,19.94,27.63,0.72,5.43
2002-2003,Suns,94.83,20.64,29.75,12.83,42.58,8.2,4.99,14.8,22.45,36.35,82.7,0.44,4.8,14.12,0.34,17.33,23.42,0.75,0.69
2002-2003,SuperSonics,92.13,21.65,29.09,11.74,40.83,8.28,3.6,13.23,20.88,35.21,80.48,0.44,5.56,15.74,0.35,16.16,21.71,0.75,0.15
2002-2003,Timberwolves,98.28,25.02,31.98,11.5,43.48,6.75,5.16,13.78,21.01,38.6,82.9,0.47,3.68,10.09,0.36,17.4,22.51,0.77,1.5
2002-2003,Trail Blazers,95.64,22.73,29.06,12.33,41.38,8.64,3.79,15.09,20.13,36.43,79.15,0.46,4.75,14.26,0.33,18.03,24.19,0.74,2.76
2002-2003,Warriors,102.44,20.88,31.05,15.66,46.71,7.24,6.17,15.79,21.78,37.33,84.65,0.44,5.18,15.06,0.34,22.6,29.05,0.78,-0.61
2002-2003,Wizards,91.49,19.66,29.21,11.18,40.39,7.57,4.76,13.35,20.05,34.34,77.98,0.44,3.09,9.89,0.3,19.72,25.33,0.78,-1.01
2003-2004,76ers,87.88,19.84,29.41,11.47,40.88,7.96,4.35,15.88,20.86,32.63,76.37,0.43,4.1,12.04,0.33,18.53,24.55,0.75,-2.54
2003-2004,Bucks,97.28,22.67,30.39,11.67,42.06,6.86,4.64,13.75,20.52,35.95,80.84,0.45,4.85,13.98,0.35,20.52,26.59,0.77,0.15
2003-2004,Bulls,89.6,21.72,30.69,12.66,43.35,8.0,4.88,16.05,23.31,33.96,81.92,0.42,5.19,15.17,0.35,16.19,22.34,0.72,-6.33
2003-2004,Cavaliers,92.88,22.07,32.1,13.55,45.64,7.19,6.57,14.94,21.45,35.62,82.18,0.44,3.02,9.57,0.32,18.62,24.85,0.75,-2.48
2003-2004,Celtics,94.69,20.39,29.79,10.33,40.13,9.32,4.08,16.54,22.44,34.41,77.87,0.44,6.63,19.26,0.34,19.23,25.62,0.76,-2.31
2003-2004,Clippers,94.61,20.07,29.46,14.1,43.55,7.28,4.63,16.45,22.18,34.33,80.31,0.43,4.01,12.47,0.32,21.95,28.01,0.79,-4.55
2003-2004,Grizzlies,96.2,22.97,28.91,12.63,41.54,9.78,6.8,15.03,23.43,35.93,80.78,0.45,5.36,15.86,0.34,18.98,26.1,0.73,1.78
2003-2004,Hawks,92.66,20.07,30.64,12.11,42.75,7.63,4.94,16.33,22.33,34.42,79.63,0.43,5.08,15.13,0.32,18.73,24.14,0.77,-4.41
2003-2004,Heat,89.39,18.67,30.09,11.55,41.65,7.29,3.88,13.97,22.49,32.89,77.89,0.42,5.57,16.04,0.35,18.04,23.77,0.76,1.02
2003-2004,Hornets,91.09,20.87,29.51,13.2,42.71,8.43,4.24,15.27,20.91,33.51,80.14,0.42,6.43,20.07,0.32,17.63,23.44,0.75,0.0
2003-2004,Jazz,88.69,20.41,27.76,13.4,41.16,7.12,6.0,16.61,25.57,32.8,75.2,0.44,3.05,9.55,0.32,20.05,26.87,0.75,-0.89
2003-2004,Kings,101.85,25.74,30.74,10.81,41.55,8.8,3.95,13.98,19.56,37.48,81.91,0.46,7.11,17.98,0.39,19.78,24.98,0.79,4.54
2003-2004,Knicks,91.54,20.6,30.71,11.63,42.34,7.54,4.74,15.79,23.41,34.87,79.45,0.44,4.9,13.67,0.35,16.9,21.38,0.79,-1.95
2003-2004,Lakers,96.07,23.52,30.73,11.78,42.51,8.11,4.54,13.64,21.49,36.11,79.95,0.45,4.56,13.99,0.32,19.3,28.52,0.68,3.51
2003-2004,Magic,94.02,19.24,28.62,12.14,40.76,6.76,3.79,13.68,21.36,35.38,82.35,0.43,5.19,15.13,0.34,18.07,24.5,0.74,-6.88
2003-2004,Mavericks,104.58,23.66,31.01,14.64,45.65,8.09,5.38,12.39,20.01,40.3,88.43,0.46,6.01,17.49,0.34,17.97,22.8,0.79,4.22
2003-2004,Nets,90.14,24.0,30.44,10.54,40.98,8.66,4.11,15.35,21.7,33.95,77.2,0.44,4.57,14.03,0.32,17.66,23.59,0.74,3.24
2003-2004,Nuggets,96.84,21.79,29.09,13.28,42.37,9.01,6.14,15.43,22.13,36.54,82.75,0.44,4.06,12.07,0.34,19.7,25.78,0.76,0.78
2003-2004,Pacers,90.47,20.92,30.03,11.6,41.63,8.84,5.2,14.22,21.22,32.97,76.53,0.43,5.53,15.92,0.34,18.67,24.69,0.75,6.09
2003-2004,Pistons,89.64,20.47,30.65,12.47,43.12,8.17,6.93,15.33,20.86,33.08,76.92,0.43,4.07,12.18,0.33,19.39,26.01,0.75,5.95
2003-2004,Raptors,85.33,19.17,29.48,10.13,39.61,7.4,4.92,14.19,21.34,32.35,77.46,0.42,5.58,15.71,0.35,15.05,20.07,0.75,-2.92
2003-2004,Rockets,89.25,18.91,32.27,10.33,42.6,6.75,5.24,16.91,21.76,33.16,75.31,0.44,6.13,17.0,0.36,16.8,21.88,0.77,0.8
2003-2004,Spurs,91.24,20.33,32.24,12.55,44.79,8.02,6.29,14.74,20.6,34.53,78.22,0.44,5.18,14.45,0.36,16.99,25.09,0.68,6.77
2003-2004,Suns,94.0,19.31,29.34,11.3,40.64,8.94,4.72,15.24,22.8,35.95,81.31,0.44,5.02,14.66,0.34,17.07,22.86,0.74,-3.52
2003-2004,SuperSonics,97.13,21.73,28.35,11.01,39.36,8.08,4.77,14.43,21.84,35.78,80.3,0.45,8.83,23.65,0.37,16.73,21.92,0.76,-0.39
2003-2004,Timberwolves,94.06,22.37,32.27,10.49,42.76,6.8,5.55,13.19,21.68,36.44,79.58,0.46,4.32,11.71,0.37,16.88,21.62,0.78,4.49
2003-2004,Trail Blazers,90.89,21.57,28.89,12.66,41.55,7.59,5.37,14.76,19.0,35.39,78.81,0.45,4.63,13.36,0.34,15.49,21.24,0.73,-0.71
2003-2004,Warriors,93.28,20.5,30.89,12.22,43.11,7.02,4.74,14.72,20.62,35.06,79.4,0.44,5.23,15.65,0.33,17.93,24.73,0.72,-0.73
2003-2004,Wizards,91.74,18.79,29.2,13.57,42.77,8.95,5.0,17.58,20.95,33.58,79.76,0.42,5.27,15.39,0.33,19.26,27.01,0.72,-4.73
2004-2005,76ers,98.43,20.68,30.51,10.88,41.39,9.21,3.87,15.49,23.1,35.64,81.43,0.44,6.14,17.71,0.35,21.0,26.82,0.78,-0.99
2004-2005,Bobcats,93.73,21.84,28.42,13.14,41.56,8.59,5.27,14.62,23.27,35.94,83.32,0.43,3.88,10.71,0.37,17.94,25.29,0.7,-5.75
2004-2005,Bucks,96.88,20.95,29.31,12.12,41.43,6.46,3.52,13.77,21.9,36.06,80.42,0.45,3.9,11.24,0.34,20.86,27.12,0.77,-2.93
2004-2005,Bulls,94.73,21.25,31.46,12.31,43.77,7.11,4.47,16.8,25.09,34.7,80.64,0.43,6.42,17.93,0.36,18.9,25.41,0.74,0.9
2004-2005,Cavaliers,96.45,22.54,28.69,13.54,42.23,7.98,5.58,13.94,22.68,36.48,81.48,0.45,3.58,10.82,0.32,19.92,26.56,0.75,0.74
2004-2005,Celtics,99.87,21.58,29.6,10.95,40.54,8.17,5.27,15.98,24.52,36.62,78.54,0.47,5.22,15.11,0.34,21.41,28.01,0.76,0.66
2004-2005,Clippers,95.53,23.08,30.0,12.05,42.05,7.36,5.28,15.8,22.59,35.4,77.65,0.46,2.83,8.23,0.34,21.78,28.06,0.78,-1.02
2004-2005,Grizzlies,94.03,20.99,28.15,10.89,39.03,8.4,5.81,14.47,23.5,34.49,76.83,0.45,6.41,17.88,0.36,18.57,24.69,0.75,2.16
2004-2005,Hawks,92.37,19.65,28.39,13.37,41.76,7.67,4.17,16.12,24.6,35.68,81.17,0.44,3.68,11.86,0.31,17.33,24.51,0.7,-9.74
2004-2005,Heat,100.87,21.26,32.33,10.35,42.68,6.32,5.7,13.87,22.7,37.4,76.89,0.49,5.79,15.33,0.37,20.28,30.17,0.68,6.16
2004-2005,Hornets,88.48,20.82,27.76,12.45,40.21,6.78,3.78,14.91,23.19,33.08,79.84,0.41,5.04,16.04,0.3,17.28,22.64,0.77,-7.08
2004-2005,Jazz,92.76,22.21,27.33,12.86,40.19,6.74,4.56,16.1,27.03,34.36,76.65,0.45,3.03,9.19,0.34,20.99,27.8,0.76,-3.96
2004-2005,Kings,103.13,23.97,29.23,12.32,41.55,8.18,3.8,13.14,21.1,38.66,84.55,0.46,6.25,17.09,0.36,19.56,24.84,0.79,1.1
2004-2005,Knicks,96.99,20.27,29.21,11.69,40.9,7.74,3.15,14.8,23.7,35.99,80.08,0.45,5.33,15.0,0.36,19.67,25.63,0.76,-1.96
2004-2005,Lakers,98.89,20.39,30.69,12.51,43.19,6.23,4.19,14.34,21.95,35.28,80.72,0.44,7.86,22.02,0.36,20.49,26.35,0.78,-2.46
2004-2005,Magic,99.57,19.3,31.07,12.62,43.69,7.77,5.43,16.05,23.73,36.98,81.38,0.46,3.95,11.24,0.34,21.67,28.57,0.76,-1.85
2004-2005,Mavericks,102.59,19.19,30.56,12.38,42.94,8.37,5.48,13.42,22.52,37.23,81.77,0.46,5.73,15.65,0.36,22.38,28.37,0.79,4.56
2004-2005,Nets,91.51,21.6,29.14,10.59,39.73,7.84,3.6,14.3,24.88,33.47,78.33,0.43,5.24,14.86,0.35,19.32,25.46,0.77,-1.9
2004-2005,Nuggets,99.0,23.65,30.13,11.55,41.68,9.07,5.9,14.92,23.2,36.84,80.32,0.46,3.86,11.35,0.34,21.47,28.27,0.76,2.22
2004-2005,Pacers,91.77,18.15,29.32,10.59,39.91,7.67,4.54,14.67,23.16,32.01,74.77,0.43,6.48,19.0,0.35,21.26,26.9,0.79,0.15
2004-2005,Pistons,92.54,21.49,30.23,12.68,42.91,7.39,6.02,13.82,20.51,34.69,78.33,0.44,4.46,13.05,0.34,18.69,25.36,0.74,4.45
2004-2005,Raptors,99.59,20.53,29.97,10.27,40.23,7.69,3.9,13.52,23.07,35.83,80.94,0.44,7.91,20.48,0.39,20.0,25.95,0.77,-1.5
2004-2005,Rockets,94.93,20.77,31.27,10.71,41.99,6.9,4.67,14.0,22.31,34.6,77.87,0.44,6.67,18.36,0.36,19.05,24.43,0.79,3.12
2004-2005,Spurs,96.37,20.94,30.26,12.09,42.35,7.14,6.44,14.08,21.32,35.38,78.01,0.45,6.33,17.16,0.37,19.28,26.61,0.73,7.39
2004-2005,Suns,110.7,23.01,32.23,11.91,44.14,6.85,5.64,13.71,19.51,40.92,85.25,0.48,9.45,23.74,0.4,19.39,25.79,0.75,7.02
2004-2005,SuperSonics,98.59,17.84,28.07,12.68,40.75,6.77,4.15,13.83,24.03,35.07,78.89,0.45,7.71,21.43,0.36,20.74,26.23,0.79,1.87
2004-2005,Timberwolves,96.71,23.52,31.57,11.41,42.98,5.72,5.42,13.37,21.77,37.07,80.66,0.46,4.78,13.88,0.35,17.79,22.44,0.79,1.66
2004-2005,Trail Blazers,92.47,20.85,29.3,12.01,41.31,7.17,6.62,16.2,20.88,35.13,78.22,0.45,5.06,14.12,0.35,17.15,23.74,0.72,-3.73
2004-2005,Warriors,98.27,21.96,29.73,12.99,42.72,7.87,5.07,13.73,22.4,36.76,85.71,0.43,7.45,21.25,0.34,17.26,23.82,0.72,-1.71
2004-2005,Wizards,100.22,18.78,28.92,13.73,42.64,8.78,4.39,14.55,22.58,35.87,82.46,0.44,6.08,18.17,0.34,22.37,30.84,0.72,-0.66
2005-2006,76ers,99.06,20.13,29.45,10.7,40.15,8.16,4.9,14.2,21.4,36.51,79.87,0.46,4.55,12.67,0.36,21.49,28.47,0.75,-1.8
2005-2006,Bobcats,96.53,21.0,27.7,12.14,39.84,10.16,4.3,14.24,24.61,36.02,83.52,0.43,5.11,15.24,0.33,19.38,26.69,0.72,-3.92
2005-2006,Bucks,97.62,21.33,29.54,11.27,40.81,7.4,3.11,14.72,23.76,36.15,80.04,0.45,6.05,15.78,0.39,19.27,26.06,0.73,-1.49
2005-2006,Bulls,97.48,21.58,31.51,11.07,42.58,6.39,4.15,15.0,25.2,36.16,81.4,0.45,6.75,17.81,0.38,18.42,25.14,0.73,0.34
2005-2006,Cavaliers,96.67,18.69,30.22,12.05,42.27,7.11,4.79,14.48,22.07,35.01,77.73,0.45,5.81,17.35,0.33,20.84,28.4,0.73,1.99
2005-2006,Celtics,97.72,21.02,29.7,9.87,39.57,7.2,5.24,16.97,25.33,35.74,76.56,0.47,5.5,15.24,0.36,20.73,27.57,0.75,-1.48
2005-2006,Clippers,98.12,20.85,32.92,10.33,43.25,6.47,6.1,14.57,23.05,36.76,78.73,0.47,3.76,10.55,0.35,20.83,26.27,0.79,2.65
2005-2006,Grizzlies,91.53,19.1,28.97,10.04,39.01,7.4,5.22,14.26,22.29,33.06,73.99,0.45,7.03,18.76,0.38,18.37,25.87,0.71,3.13
2005-2006,Hawks,97.15,19.76,27.27,12.82,40.09,7.11,4.69,15.84,25.11,35.91,78.62,0.46,5.06,13.54,0.37,20.27,27.01,0.75,-4.2
2005-2006,Heat,98.28,19.69,32.41,10.26,42.67,6.62,5.19,14.89,23.26,36.23,76.16,0.48,6.02,17.81,0.33,19.79,28.94,0.68,3.12
2005-2006,Hornets,92.94,18.63,28.89,11.21,40.1,7.31,3.83,13.63,21.99,34.45,78.09,0.44,3.87,11.34,0.34,20.18,26.81,0.75,-2.1
2005-2006,Jazz,92.0,21.47,28.99,12.99,41.98,6.47,5.99,16.36,25.15,33.35,75.44,0.44,3.72,11.03,0.33,21.58,29.87,0.72,-2.61
2005-2006,Kings,98.64,21.68,29.8,10.69,40.49,7.55,3.56,14.69,21.06,35.77,79.09,0.45,5.85,17.02,0.34,21.24,27.01,0.79,0.97
2005-2006,Knicks,95.31,17.88,29.03,12.6,41.63,7.07,3.29,18.06,26.62,34.3,75.48,0.46,3.74,10.39,0.36,22.97,31.82,0.72,-5.89
2005-2006,Lakers,99.51,20.77,30.26,11.99,42.25,7.67,4.11,13.92,23.62,36.42,80.64,0.45,6.4,18.81,0.34,20.23,27.14,0.75,1.75
2005-2006,Magic,94.68,18.18,29.09,10.94,40.03,6.74,4.47,15.4,23.67,35.25,75.01,0.47,3.64,9.92,0.37,20.55,28.32,0.73,-0.44
2005-2006,Mavericks,98.77,17.41,29.61,12.4,42.01,7.36,5.71,13.75,23.23,35.86,77.97,0.46,4.94,13.59,0.37,22.12,28.18,0.79,5.5
2005-2006,Nets,93.93,22.68,30.78,10.03,40.81,7.09,3.26,14.1,24.02,33.83,76.6,0.44,5.49,17.04,0.31,20.78,27.51,0.76,1.22
2005-2006,Nuggets,99.73,23.11,30.17,11.12,41.28,8.44,5.46,15.01,23.33,37.15,81.04,0.46,4.23,13.05,0.32,21.2,28.55,0.74,0.33
2005-2006,Pacers,93.69,19.71,30.78,10.76,41.54,7.41,4.89,15.45,22.44,33.6,75.69,0.45,6.41,18.44,0.34,20.07,27.03,0.74,2.06
2005-2006,Pistons,95.57,22.92,28.64,11.94,40.58,6.98,5.83,11.67,19.38,35.53,79.08,0.45,6.69,17.42,0.39,17.83,24.57,0.73,5.81
2005-2006,Raptors,100.78,19.56,27.82,10.49,38.31,6.89,3.39,13.43,24.45,36.51,80.79,0.45,7.24,19.43,0.37,20.53,26.13,0.79,-2.58
2005-2006,Rockets,89.94,19.31,31.29,10.25,41.54,7.3,3.97,14.88,22.79,32.79,75.66,0.43,5.65,16.99,0.33,18.72,24.57,0.76,-0.75
2005-2006,Spurs,96.1,20.6,30.83,10.14,40.97,6.56,5.71,13.74,21.64,36.23,76.82,0.47,6.25,16.44,0.37,17.38,24.28,0.71,5.5
2005-2006,Suns,107.77,26.03,31.9,9.13,41.03,6.52,4.95,13.25,21.07,41.35,86.38,0.48,10.05,25.37,0.4,15.03,18.52,0.81,5.11
2005-2006,SuperSonics,101.89,20.48,27.33,12.19,39.52,7.65,3.78,14.84,23.7,37.18,81.42,0.46,7.25,19.58,0.37,20.28,25.83,0.78,-2.99
2005-2006,Timberwolves,91.48,20.84,29.46,9.86,39.31,6.83,5.84,14.7,23.4,34.96,76.93,0.46,3.99,11.97,0.33,17.58,23.43,0.75,-1.89
2005-2006,Trail Blazers,88.42,18.3,26.84,10.88,37.72,6.59,5.31,15.03,22.27,33.63,76.2,0.44,4.37,12.77,0.33,16.79,24.21,0.69,-9.57
2005-2006,Warriors,98.39,20.39,30.4,12.03,42.44,7.46,4.31,13.9,24.03,35.61,82.58,0.43,7.58,22.26,0.34,19.6,27.24,0.72,-1.56
2005-2006,Wizards,100.68,18.34,28.56,12.77,41.33,8.1,4.29,14.19,22.96,35.83,80.74,0.44,5.95,16.85,0.36,23.06,30.97,0.74,1.41
2006-2007,76ers,95.31,20.43,28.32,11.39,39.71,7.37,4.76,15.52,20.54,35.87,78.34,0.46,3.53,10.16,0.34,20.03,26.14,0.77,-2.83
2006-2007,Bobcats,96.97,22.34,28.51,11.39,39.9,7.94,4.46,15.27,24.86,35.9,80.98,0.44,5.4,15.36,0.35,19.77,27.01,0.73,-4.06
2006-2007,Bucks,99.41,21.48,27.73,11.36,39.09,7.27,2.92,15.34,22.99,37.92,82.04,0.46,6.44,17.99,0.35,17.12,23.44,0.73,-4.38
2006-2007,Bulls,97.9,22.19,31.48,11.96,43.44,7.84,5.25,16.2,23.57,36.61,80.42,0.46,5.67,14.88,0.38,19.01,26.08,0.73,4.77
2006-2007,Cavaliers,94.71,20.17,31.0,12.5,43.5,7.54,4.15,14.5,21.72,35.39,80.02,0.44,5.79,16.8,0.34,18.13,25.82,0.7,3.16
2006-2007,Celtics,96.49,19.91,29.18,11.27,40.44,7.64,4.72,16.74,24.43,34.96,78.69,0.45,5.63,15.44,0.36,20.94,27.5,0.76,-2.94
2006-2007,Clippers,95.64,21.27,30.08,10.94,41.02,7.45,5.57,15.34,23.16,35.06,77.34,0.46,3.86,11.16,0.35,21.66,27.44,0.78,-0.07
2006-2007,Grizzlies,100.41,20.04,28.74,10.7,39.44,7.13,4.92,16.64,22.63,36.02,77.91,0.46,5.82,16.17,0.34,22.54,29.88,0.76,-4.75
2006-2007,Hawks,94.0,19.2,28.09,11.86,39.94,7.37,5.33,16.26,24.39,34.5,77.62,0.45,4.28,12.9,0.33,20.72,27.09,0.77,-4.29
2006-2007,Heat,93.75,20.08,30.7,9.73,40.43,6.9,5.2,14.95,21.89,35.05,76.17,0.46,6.29,18.65,0.34,17.35,25.2,0.68,-1.62
2006-2007,Hornets,95.43,18.83,30.4,12.27,42.67,6.48,4.26,14.67,20.49,36.1,81.13,0.45,5.45,15.13,0.36,17.78,24.08,0.74,-1.82
2006-2007,Jazz,100.99,24.03,30.11,12.85,42.96,7.23,4.3,15.94,25.92,37.21,79.11,0.47,4.28,12.78,0.33,22.3,30.0,0.74,2.64
2006-2007,Kings,100.96,20.13,29.2,9.71,38.91,8.3,3.32,15.04,22.32,35.54,79.03,0.45,6.41,18.3,0.35,23.46,30.61,0.77,-1.23
2006-2007,Knicks,98.25,18.89,30.78,12.58,43.36,6.68,3.18,17.56,24.12,35.59,77.7,0.46,5.69,16.69,0.33,21.38,29.84,0.72,-2.28
2006-2007,Lakers,102.62,22.29,30.09,10.92,41.01,7.47,5.03,16.01,23.37,37.72,81.12,0.47,7.27,20.6,0.35,19.92,26.98,0.74,-0.65
2006-2007,Magic,94.86,18.66,29.39,11.21,40.61,6.86,4.91,16.76,23.62,35.02,74.21,0.47,4.14,11.62,0.35,20.68,29.44,0.7,1.32
2006-2007,Mavericks,98.47,19.5,30.83,11.43,42.26,6.9,5.03,14.42,22.68,35.88,78.44,0.46,6.36,17.31,0.37,20.35,25.51,0.8,5.93
2006-2007,Nets,97.12,23.85,30.76,9.89,40.66,6.15,3.29,15.46,23.02,35.16,77.26,0.46,7.39,20.31,0.35,19.41,26.55,0.73,-0.52
2006-2007,Nuggets,105.17,23.17,31.34,12.13,43.47,8.18,5.17,16.66,21.77,38.33,82.72,0.46,6.11,17.97,0.34,22.4,30.21,0.74,1.5
2006-2007,Pacers,95.64,20.42,29.8,11.9,41.7,7.5,5.49,16.86,24.08,34.77,79.23,0.44,5.6,16.36,0.33,20.51,27.17,0.75,-2.28
2006-2007,Pistons,95.26,21.39,28.8,11.55,40.35,7.18,5.59,12.75,21.12,35.29,78.29,0.45,5.4,15.71,0.34,19.28,25.23,0.76,3.71
2006-2007,Raptors,99.25,21.83,30.14,9.21,39.35,7.28,3.86,13.83,21.01,36.49,79.62,0.46,6.52,17.96,0.36,19.75,24.97,0.79,1.14
2006-2007,Rockets,95.85,20.48,32.44,10.73,43.17,7.15,4.08,14.65,20.79,34.75,78.65,0.44,8.62,23.36,0.37,17.73,23.58,0.75,4.61
2006-2007,Spurs,97.39,21.64,31.22,9.46,40.68,7.02,5.05,14.11,19.7,36.14,76.89,0.47,7.29,19.12,0.38,17.82,23.89,0.75,6.94
2006-2007,Suns,108.9,25.48,31.05,9.36,40.41,6.87,4.82,14.72,20.33,40.74,83.22,0.49,9.2,23.59,0.39,18.22,22.62,0.8,6.92
2006-2007,SuperSonics,99.27,20.62,28.26,11.41,39.67,7.82,3.66,15.83,22.26,37.04,80.54,0.46,6.22,17.53,0.35,18.96,23.97,0.79,-2.02
2006-2007,Timberwolves,96.26,22.24,30.32,10.03,40.36,6.54,4.08,16.06,21.98,36.2,78.56,0.46,4.57,13.13,0.35,19.29,24.46,0.79,-2.79
2006-2007,Trail Blazers,94.4,18.31,28.08,11.0,39.08,6.81,4.5,15.73,23.92,34.86,77.02,0.45,5.14,14.9,0.34,19.54,25.4,0.77,-4.18
2006-2007,Warriors,107.05,22.99,29.72,11.39,41.11,9.29,5.62,16.12,24.29,39.6,85.34,0.47,8.64,24.28,0.35,19.22,26.77,0.72,0.51
2006-2007,Wizards,103.01,19.99,29.07,11.96,41.03,7.7,4.44,14.18,22.82,37.02,82.43,0.45,6.69,19.34,0.34,22.28,29.31,0.76,-0.4
2007-2008,76ers,95.51,19.95,28.46,12.96,41.41,8.78,4.76,14.45,20.09,36.49,80.33,0.45,3.57,11.35,0.32,18.96,26.73,0.71,0.13
2007-2008,Bobcats,97.01,21.15,29.58,10.84,40.42,7.49,4.88,14.88,21.97,35.98,79.78,0.45,6.35,17.4,0.36,18.7,26.06,0.72,-4.51
2007-2008,Bucks,96.45,21.29,28.81,12.87,41.67,6.62,4.37,15.22,21.72,36.42,81.75,0.45,5.43,15.85,0.34,18.19,24.85,0.73,-6.14
2007-2008,Bulls,97.0,22.19,30.21,12.47,42.69,7.8,5.25,15.12,22.18,36.25,82.89,0.44,5.83,15.81,0.37,18.67,24.94,0.75,-2.01
2007-2008,Cavaliers,94.73,19.86,31.19,13.0,44.19,6.9,5.2,14.31,21.33,34.82,80.32,0.43,6.55,18.71,0.34,18.53,25.84,0.72,-0.51
2007-2008,Celtics,97.77,21.89,31.07,10.18,41.25,8.27,4.54,14.76,23.13,35.29,75.69,0.47,6.83,18.46,0.37,20.36,26.49,0.77,8.66
2007-2008,Clippers,94.51,21.39,30.63,10.01,40.64,7.04,4.92,14.84,21.92,34.55,79.01,0.44,4.3,13.06,0.32,21.1,27.03,0.78,-6.43
2007-2008,Grizzlies,100.94,19.37,31.34,10.46,41.8,6.29,4.83,15.38,19.64,37.23,82.16,0.45,7.63,21.7,0.34,18.85,26.11,0.73,-5.29
2007-2008,Hawks,97.72,21.48,29.74,12.26,42.0,7.18,5.53,15.2,20.78,35.64,79.05,0.45,4.49,12.89,0.33,21.95,28.43,0.77,-1.74
2007-2008,Heat,91.09,19.86,28.41,9.0,37.41,7.23,4.49,14.85,20.82,34.22,77.35,0.44,5.95,16.61,0.35,16.7,22.95,0.73,-8.89
2007-2008,Hornets,100.21,21.16,30.57,11.34,41.91,7.72,4.05,11.98,19.43,38.15,82.42,0.46,7.31,19.07,0.38,16.6,21.81,0.76,4.8
2007-2008,Jazz,104.6,25.58,29.43,12.03,41.46,8.54,4.58,14.71,24.35,39.26,80.65,0.49,4.96,13.58,0.36,21.13,27.97,0.75,5.67
2007-2008,Kings,102.17,19.0,29.72,10.16,39.88,8.22,4.11,16.27,22.61,36.85,79.79,0.46,6.2,16.76,0.37,22.26,28.04,0.79,-1.8
2007-2008,Knicks,96.51,18.49,29.98,12.64,42.62,6.47,2.65,14.69,21.72,35.91,82.2,0.44,5.92,17.63,0.34,18.78,25.79,0.73,-6.72
2007-2008,Lakers,107.22,23.76,32.7,10.61,43.31,7.78,5.33,14.33,21.28,38.88,81.98,0.48,7.82,20.74,0.38,21.64,28.37,0.77,5.78
2007-2008,Magic,103.52,20.49,32.61,9.52,42.13,6.16,4.23,14.56,20.57,37.09,78.09,0.48,9.58,24.82,0.39,19.76,27.38,0.72,5.6
2007-2008,Mavericks,99.81,20.66,32.32,10.78,43.09,5.96,4.77,12.89,22.08,36.43,79.06,0.46,5.95,16.88,0.36,21.0,25.84,0.81,3.86
2007-2008,Nets,94.8,23.02,30.49,11.12,41.61,6.4,4.77,15.4,22.74,34.33,77.68,0.44,6.06,17.33,0.34,20.08,27.42,0.74,-4.4
2007-2008,Nuggets,110.37,24.16,32.98,11.34,44.32,8.99,6.45,14.85,21.68,40.11,85.6,0.47,6.77,19.52,0.34,23.38,31.3,0.75,3.52
2007-2008,Pacers,104.13,22.67,32.24,11.48,43.72,7.78,4.93,15.48,23.82,37.76,85.63,0.44,9.11,24.37,0.38,19.49,25.49,0.76,-0.7
2007-2008,Pistons,96.54,21.97,28.99,11.77,40.76,7.06,5.8,12.04,21.28,36.01,79.24,0.46,5.65,15.61,0.36,18.87,24.64,0.77,5.79
2007-2008,Raptors,100.0,23.86,30.38,9.6,39.98,7.14,3.97,11.64,19.87,38.26,82.2,0.47,7.12,18.29,0.39,16.37,20.16,0.81,2.82
2007-2008,Rockets,96.44,21.06,32.32,12.18,44.51,7.47,5.08,13.9,20.1,36.44,81.54,0.45,7.01,20.52,0.34,16.55,22.89,0.72,4.54
2007-2008,Spurs,95.19,20.88,32.11,9.32,41.42,6.18,4.1,12.81,19.38,35.78,78.62,0.46,7.29,19.6,0.37,16.35,21.53,0.75,4.04
2007-2008,Suns,109.61,26.24,32.78,8.74,41.52,6.62,6.28,14.62,20.43,41.13,82.85,0.5,8.49,21.45,0.39,18.86,24.34,0.78,5.18
2007-2008,SuperSonics,97.85,21.42,32.83,11.93,44.76,6.72,4.87,16.26,21.0,38.18,85.87,0.45,3.81,11.51,0.32,17.69,23.17,0.76,-8.58
2007-2008,Timberwolves,95.4,19.77,29.61,11.88,41.49,7.61,3.82,14.97,23.4,37.28,83.02,0.45,5.36,15.35,0.34,15.47,21.05,0.74,-6.85
2007-2008,Trail Blazers,95.82,21.05,29.7,11.14,40.84,5.74,4.32,13.31,20.27,35.8,80.06,0.45,6.55,17.25,0.38,17.68,22.95,0.77,-0.82
2007-2008,Warriors,111.05,22.38,30.53,12.68,43.21,9.13,4.66,13.45,23.22,41.41,90.48,0.46,9.2,26.45,0.35,19.02,25.22,0.76,2.68
2007-2008,Wizards,97.6,19.17,29.3,12.21,41.51,7.78,4.91,13.37,20.02,35.74,81.04,0.44,6.71,19.3,0.34,19.39,25.03,0.78,-0.66
2008-2009,76ers,97.0,19.94,28.63,12.29,40.93,8.04,4.84,14.32,20.53,36.27,79.36,0.46,4.38,13.37,0.32,20.07,27.0,0.74,-0.25
2008-2009,Bobcats,93.18,20.86,28.89,11.03,39.92,7.32,4.91,15.99,21.94,34.56,77.09,0.45,5.8,16.09,0.36,18.27,24.54,0.74,-2.11
2008-2009,Bucks,98.4,21.89,28.77,11.9,40.67,7.57,3.71,14.42,24.43,36.27,82.12,0.44,6.06,16.7,0.35,19.81,25.69,0.78,-2.26
2008-2009,Bulls,102.2,20.77,30.79,11.63,42.42,7.45,5.72,15.08,21.68,37.78,83.29,0.45,6.07,16.1,0.37,20.56,25.86,0.79,-0.63
2008-2009,Cavaliers,99.18,20.14,31.12,10.73,41.84,7.09,5.1,12.95,20.76,36.29,78.04,0.47,7.63,19.83,0.39,18.97,25.29,0.75,8.23
2008-2009,Celtics,100.62,22.55,31.54,10.59,42.12,7.86,4.84,15.57,23.7,37.16,77.8,0.48,6.55,16.78,0.38,19.75,25.95,0.76,6.16
2008-2009,Clippers,94.85,20.99,29.1,10.76,39.86,7.07,5.76,15.12,20.4,35.97,81.61,0.44,6.5,18.44,0.35,16.42,22.32,0.73,-7.7
2008-2009,Grizzlies,93.6,17.28,28.62,10.41,39.03,7.51,4.84,15.32,21.74,34.74,77.09,0.45,4.88,13.7,0.35,19.23,25.79,0.75,-5.52
2008-2009,Hawks,96.52,19.73,28.81,10.52,39.34,7.22,4.45,13.02,20.09,35.27,77.75,0.45,7.07,19.4,0.36,18.92,25.59,0.74,0.72
2008-2009,Heat,97.17,19.98,29.45,10.01,39.46,7.95,5.39,12.93,20.82,36.44,79.87,0.46,7.0,19.67,0.36,17.28,22.89,0.75,0.14
2008-2009,Hornets,95.5,19.66,30.05,9.69,39.74,7.4,4.05,13.04,20.66,35.18,77.33,0.45,6.8,18.77,0.36,18.34,22.91,0.8,1.18
2008-2009,Jazz,102.89,24.65,29.33,11.57,40.9,8.91,4.57,15.0,22.78,37.89,80.38,0.47,4.73,13.53,0.35,22.37,29.33,0.76,2.14
2008-2009,Kings,100.2,19.57,28.82,10.39,39.21,7.02,4.18,15.61,23.36,36.18,81.23,0.45,6.9,19.09,0.36,20.94,26.34,0.79,-8.67
2008-2009,Knicks,105.34,21.29,31.21,11.03,42.25,7.53,2.49,14.61,20.57,38.36,86.04,0.45,10.06,27.89,0.36,18.56,23.7,0.79,-2.4
2008-2009,Lakers,105.3,22.45,31.6,11.93,43.53,8.72,5.36,13.88,21.62,39.43,83.55,0.47,6.58,18.24,0.36,19.87,26.01,0.76,7.25
2008-2009,Magic,100.32,19.32,32.51,9.66,42.17,6.99,5.33,13.92,20.8,35.43,77.51,0.46,9.51,25.32,0.37,19.96,27.71,0.72,5.79
2008-2009,Mavericks,101.76,21.3,31.8,10.79,42.59,7.22,5.15,13.13,20.28,37.85,81.74,0.46,6.95,19.73,0.35,19.11,23.7,0.81,1.9
2008-2009,Nets,98.06,19.76,29.31,10.44,39.75,6.95,4.82,13.53,22.64,35.6,79.44,0.45,7.76,20.73,0.37,19.09,24.56,0.78,-2.54
2008-2009,Nuggets,104.95,22.24,30.54,11.06,41.6,8.92,5.82,14.85,23.47,37.27,79.29,0.47,6.76,18.19,0.37,23.65,31.41,0.75,4.45
2008-2009,Pacers,104.5,21.66,32.99,11.3,44.29,7.12,5.47,14.88,23.04,38.9,85.98,0.45,7.8,20.96,0.37,18.9,23.63,0.8,-0.92
2008-2009,Pistons,92.94,20.37,29.65,11.26,40.9,6.16,4.64,12.17,21.22,35.72,79.5,0.45,4.53,12.99,0.34,16.96,22.56,0.74,-0.43
2008-2009,Raptors,98.58,22.28,30.6,9.77,40.38,6.58,4.76,13.61,19.55,36.97,81.17,0.46,5.89,15.73,0.38,18.76,22.89,0.82,-3.06
2008-2009,Rockets,97.38,19.81,32.22,10.39,42.6,6.65,4.08,14.37,19.37,35.64,78.86,0.45,7.48,20.19,0.37,18.61,23.29,0.8,3.37
2008-2009,Spurs,96.2,20.99,31.91,8.84,40.76,5.98,3.95,11.91,19.06,36.74,79.3,0.46,7.54,19.82,0.38,15.17,19.97,0.76,3.56
2008-2009,Suns,108.3,22.96,30.75,11.18,41.93,7.2,5.2,15.92,21.12,40.7,81.49,0.5,6.64,17.51,0.38,20.27,27.44,0.74,2.43
2008-2009,Thunder,96.64,20.06,30.43,12.24,42.67,7.62,4.52,16.47,20.47,36.31,81.75,0.45,3.93,11.49,0.34,20.08,25.74,0.78,-6.2
2008-2009,Timberwolves,97.62,20.46,29.86,11.84,41.7,6.51,3.97,14.56,21.93,36.27,82.14,0.44,6.64,18.81,0.35,18.44,24.23,0.76,-3.74
2008-2009,Trail Blazers,98.43,20.18,28.56,12.72,41.27,6.96,5.24,13.18,20.82,36.51,78.65,0.46,7.16,18.59,0.38,18.26,24.08,0.76,4.67
2008-2009,Warriors,108.54,20.9,30.54,11.59,42.13,8.03,6.4,14.99,22.64,39.41,85.84,0.46,6.74,18.05,0.37,22.98,29.2,0.78,-2.75
2008-2009,Wizards,94.94,19.79,28.71,11.56,40.27,7.61,4.51,14.37,20.64,36.04,80.97,0.45,4.89,14.75,0.32,17.97,23.57,0.76,-7.37
2009-2010,76ers,97.74,20.92,29.83,11.7,41.53,8.17,5.18,14.98,20.82,37.51,81.99,0.46,5.69,16.5,0.34,17.03,22.54,0.75,-2.91
2009-2010,Bobcats,94.81,20.0,29.98,10.36,40.34,7.66,5.49,16.14,20.66,34.38,76.24,0.45,5.51,16.3,0.34,20.53,27.27,0.75,0.59
2009-2010,Bucks,96.98,21.04,30.81,11.55,42.36,7.1,4.55,13.42,22.85,36.73,84.55,0.44,7.79,22.12,0.35,15.72,20.91,0.75,1.13
2009-2010,Bulls,97.27,20.65,32.93,11.33,44.25,6.51,5.71,14.44,20.76,37.25,82.74,0.45,4.27,12.81,0.34,18.49,24.45,0.76,-1.6
2009-2010,Cavaliers,101.31,22.14,32.46,9.59,42.05,6.75,5.31,14.13,19.88,37.19,77.46,0.48,7.2,19.3,0.37,19.73,27.2,0.73,5.53
2009-2010,Celtics,98.0,22.89,30.18,8.72,38.9,8.43,4.75,14.77,22.84,36.36,76.46,0.48,6.04,17.25,0.34,19.24,25.81,0.74,3.98
2009-2010,Clippers,96.25,22.4,30.52,11.15,41.66,6.65,5.69,15.88,19.8,36.79,80.33,0.46,5.91,17.74,0.33,16.76,23.04,0.72,-4.87
2009-2010,Grizzlies,102.04,18.93,30.37,13.12,43.49,7.97,4.96,15.77,20.73,38.97,83.38,0.47,4.21,12.7,0.33,19.9,27.24,0.73,-1.18
2009-2010,Hawks,100.3,21.11,29.5,11.85,41.35,7.33,4.99,12.2,20.53,38.08,82.11,0.46,6.05,16.92,0.36,18.09,23.79,0.76,3.22
2009-2010,Heat,95.62,18.56,30.67,10.53,41.2,7.41,5.46,13.52,21.32,35.94,79.13,0.46,6.13,17.64,0.34,17.62,23.52,0.75,1.57
2009-2010,Hornets,99.62,21.93,29.74,10.39,40.13,7.52,3.58,13.82,20.2,38.14,82.97,0.46,6.98,19.28,0.36,16.36,20.89,0.78,-3.13
2009-2010,Jazz,104.34,26.06,30.79,10.85,41.64,8.16,4.77,15.14,23.55,38.95,79.74,0.49,5.38,14.67,0.36,21.06,28.46,0.74,4.6
2009-2010,Kings,99.79,20.37,30.6,12.07,42.66,6.88,4.48,15.13,22.67,38.16,83.88,0.46,5.91,16.98,0.35,17.56,24.21,0.72,-4.3
2009-2010,Knicks,101.7,21.36,30.57,10.25,40.82,7.35,3.74,14.22,20.27,37.83,83.97,0.45,9.08,26.52,0.34,16.97,21.83,0.78,-3.38
2009-2010,Lakers,101.77,21.04,31.9,11.99,43.89,7.42,5.15,13.52,20.57,38.02,83.06,0.46,6.54,19.34,0.34,19.19,25.12,0.76,4.41
2009-2010,Magic,102.45,19.39,33.12,9.8,42.92,6.19,5.69,14.25,20.52,36.12,76.7,0.47,10.25,27.18,0.38,19.97,27.77,0.72,8.43
2009-2010,Mavericks,101.4,22.97,31.62,10.28,41.91,7.71,5.27,13.11,19.79,37.82,81.96,0.46,6.66,18.26,0.36,19.09,23.51,0.81,2.79
2009-2010,Nets,92.65,18.75,29.12,10.9,40.02,7.18,4.87,14.73,20.4,34.21,79.69,0.43,4.58,14.37,0.32,19.64,25.45,0.77,-8.28
2009-2010,Nuggets,106.71,20.91,30.69,10.67,41.37,8.32,5.04,14.38,23.4,37.91,80.85,0.47,6.47,18.04,0.36,24.42,31.8,0.77,4.02
2009-2010,Pacers,101.26,21.28,32.2,9.53,41.73,7.21,5.65,15.24,23.2,36.93,83.43,0.44,8.13,23.48,0.35,19.26,25.06,0.77,-2.88
2009-2010,Pistons,94.42,19.22,27.53,12.5,40.03,7.28,3.77,13.87,22.74,35.73,79.76,0.45,4.56,14.26,0.31,18.4,25.26,0.73,-5.02
2009-2010,Raptors,103.3,21.82,30.39,9.92,40.31,6.02,4.77,13.9,22.64,38.66,80.73,0.48,6.08,16.84,0.36,19.91,26.1,0.76,-1.69
2009-2010,Rockets,102.37,21.57,30.28,11.78,42.06,7.21,3.94,14.77,21.42,37.52,84.04,0.45,7.8,22.16,0.35,19.52,25.42,0.77,-0.11
2009-2010,Spurs,100.81,21.83,32.02,10.7,42.72,6.39,4.54,13.72,20.53,38.07,80.78,0.47,6.55,18.29,0.36,18.11,24.6,0.74,4.25
2009-2010,Suns,109.66,22.84,31.42,11.06,42.48,6.08,5.04,14.48,21.25,40.16,82.68,0.49,8.85,21.8,0.4,20.49,26.61,0.77,4.8
2009-2010,Thunder,100.39,19.64,31.44,11.6,43.04,8.06,5.81,15.02,21.77,36.66,80.35,0.46,5.05,15.08,0.33,22.01,27.57,0.8,2.28
2009-2010,Timberwolves,98.4,19.59,31.09,11.77,42.86,7.42,3.69,16.31,21.23,37.42,83.87,0.45,4.93,14.5,0.34,18.62,24.87,0.75,-8.71
2009-2010,Trail Blazers,97.74,20.26,28.79,11.4,40.19,6.46,4.3,12.72,21.49,35.84,78.45,0.46,5.86,16.68,0.35,20.19,25.84,0.78,2.23
2009-2010,Warriors,108.77,22.54,29.34,9.17,38.51,9.31,4.24,14.96,23.09,40.46,86.04,0.47,7.6,20.19,0.37,20.26,25.79,0.78,-2.56
2009-2010,Wizards,96.31,19.14,30.09,11.57,41.66,6.18,5.08,15.07,21.68,36.59,81.41,0.45,5.23,14.89,0.35,17.88,23.67,0.75,-4.39
2010-2011,76ers,98.23,22.46,31.47,10.36,41.83,7.6,4.16,13.03,19.91,37.51,82.55,0.46,5.43,15.4,0.35,17.79,23.04,0.77,0.73
2010-2011,Bobcats,92.99,21.0,29.9,10.23,40.13,6.58,5.49,14.97,20.34,34.64,76.91,0.45,4.76,14.33,0.33,18.94,25.11,0.75,-3.54
2010-2011,Bucks,92.21,18.88,30.33,10.41,40.74,7.58,4.94,13.97,20.9,34.09,79.47,0.43,5.91,17.32,0.34,18.12,23.68,0.76,-0.83
2010-2011,Bulls,97.48,21.98,31.73,12.02,43.75,7.28,5.84,14.32,20.46,36.42,80.1,0.46,6.23,17.48,0.36,18.42,24.71,0.75,6.39
2010-2011,Cavaliers,95.29,20.93,30.52,10.37,40.89,6.76,4.22,14.53,20.06,35.06,80.71,0.44,6.08,17.88,0.34,19.1,25.44,0.75,-7.45
2010-2011,Celtics,96.59,23.0,31.13,8.05,39.18,8.14,4.27,15.24,21.18,36.59,75.48,0.49,5.25,13.81,0.38,18.16,23.59,0.77,5.18
2010-2011,Clippers,98.5,22.09,30.33,11.62,41.96,7.19,4.94,16.8,21.79,36.61,80.29,0.46,6.39,18.93,0.34,18.89,26.71,0.71,-3.53
2010-2011,Grizzlies,99.84,20.24,29.5,11.9,41.4,9.29,5.43,14.38,21.44,38.6,82.56,0.47,3.78,11.42,0.33,18.87,25.27,0.75,2.33
2010-2011,Hawks,93.41,21.3,29.75,9.18,38.93,6.15,4.2,13.71,19.49,35.5,77.82,0.46,5.89,16.92,0.35,16.52,21.68,0.76,-1.89
2010-2011,Heat,99.62,19.21,32.15,9.79,41.94,6.69,5.39,14.15,20.56,35.83,76.06,0.47,6.5,17.98,0.36,21.48,27.84,0.77,5.92
2010-2011,Hornets,94.04,20.42,29.56,10.04,39.6,7.67,4.25,13.44,21.7,35.34,78.0,0.45,5.44,15.32,0.35,17.92,23.44,0.77,-0.37
2010-2011,Jazz,99.34,23.26,28.53,11.02,39.56,7.93,5.77,14.67,23.11,37.16,79.78,0.47,5.21,14.98,0.34,19.82,25.72,0.77,-0.47
2010-2011,Kings,99.01,20.21,30.97,12.96,43.92,7.45,4.79,16.27,22.2,37.8,84.67,0.45,5.25,15.6,0.33,18.17,24.83,0.73,-4.76
2010-2011,Knicks,105.22,21.17,29.84,10.32,40.16,7.72,5.84,14.17,21.37,37.63,83.38,0.45,9.2,25.3,0.36,20.74,25.88,0.8,0.31
2010-2011,Lakers,100.38,21.82,31.15,12.24,43.39,7.49,5.22,13.36,19.6,37.61,81.8,0.46,6.23,18.03,0.35,18.94,24.47,0.77,4.95
2010-2011,Magic,98.8,19.8,32.89,10.4,43.29,6.66,4.78,14.91,20.32,35.8,77.75,0.46,9.24,25.54,0.36,17.96,25.79,0.7,6.67
2010-2011,Mavericks,99.25,23.01,31.45,9.69,41.14,6.91,4.23,14.05,19.78,36.59,78.12,0.47,7.81,21.37,0.36,18.27,23.51,0.78,3.97
2010-2011,Nets,94.11,20.72,30.06,10.93,40.99,5.79,4.7,14.42,22.33,35.36,80.47,0.44,5.62,16.25,0.35,17.78,23.53,0.76,-6.17
2010-2011,Nuggets,107.11,21.83,32.09,9.61,41.71,7.49,4.19,14.4,21.43,37.82,80.08,0.47,8.06,20.86,0.38,23.4,30.61,0.77,4.32
2010-2011,Pacers,98.91,19.47,32.06,11.22,43.29,7.21,5.55,15.72,22.23,36.14,82.54,0.44,7.14,20.2,0.35,19.5,25.18,0.77,-1.67
2010-2011,Pistons,96.98,21.12,27.48,11.07,38.54,7.28,3.97,13.41,20.28,37.02,80.67,0.46,5.83,15.52,0.37,17.1,23.03,0.75,-3.27
2010-2011,Raptors,99.92,21.97,28.52,12.0,40.52,7.41,4.23,14.9,22.67,38.5,82.8,0.47,4.31,13.41,0.31,18.61,24.91,0.75,-5.03
2010-2011,Rockets,105.19,23.49,31.09,11.57,42.66,7.14,4.47,13.72,20.01,38.44,84.59,0.46,8.09,21.99,0.37,20.21,25.32,0.8,2.36
2010-2011,Spurs,102.53,22.11,31.74,10.24,41.99,7.34,4.65,13.59,19.48,37.87,80.84,0.47,8.0,20.63,0.39,18.79,24.59,0.76,4.94
2010-2011,Suns,104.19,23.31,30.06,10.23,40.29,6.76,4.51,14.79,20.83,38.81,83.17,0.47,8.26,22.53,0.36,18.31,24.36,0.76,-2.22
2010-2011,Thunder,104.32,19.92,31.68,11.37,43.05,7.92,6.18,14.35,23.04,36.87,80.37,0.46,6.06,17.7,0.35,24.53,29.9,0.82,3.13
2010-2011,Timberwolves,101.88,20.21,31.5,13.2,44.7,7.46,5.22,17.26,22.97,37.62,85.53,0.44,7.28,19.11,0.38,19.36,25.29,0.77,-5.6
2010-2011,Trail Blazers,96.01,20.89,27.22,11.89,39.12,8.0,4.36,13.23,19.99,35.71,79.71,0.45,6.36,18.28,0.35,18.24,22.76,0.8,1.28
2010-2011,Warriors,103.21,22.36,29.36,11.78,41.13,9.12,4.83,15.01,22.14,39.44,85.81,0.46,8.07,21.06,0.37,16.26,21.24,0.76,-1.56
2010-2011,Wizards,97.12,19.56,29.06,12.29,41.35,8.27,6.19,15.54,22.67,37.13,83.92,0.44,4.93,14.72,0.33,17.92,24.26,0.74,-6.76
2011-2012,76ers,92.57,21.4,32.4,10.67,43.06,7.85,5.11,11.46,17.88,36.51,82.47,0.44,5.14,14.41,0.35,14.42,19.51,0.74,3.98
2011-2012,Bobcats,86.66,19.94,28.68,10.25,38.93,6.04,5.5,14.6,19.01,33.06,79.99,0.41,3.99,13.5,0.29,16.56,22.25,0.74,-13.6
2011-2012,Bucks,98.75,23.44,29.99,12.4,42.38,8.25,5.03,14.03,19.37,37.82,85.6,0.44,6.59,19.18,0.34,16.51,21.56,0.77,-0.06
2011-2012,Bulls,95.31,23.09,33.15,13.53,46.68,6.72,5.95,14.14,17.77,37.08,82.32,0.45,6.09,16.42,0.37,15.05,20.92,0.72,7.39
2011-2012,Cavaliers,92.94,19.79,29.62,12.76,42.38,7.21,4.04,15.53,20.18,34.09,81.0,0.42,6.63,19.34,0.34,18.13,25.47,0.72,-6.94
2011-2012,Celtics,91.01,22.58,31.18,7.8,38.98,7.74,5.39,14.5,20.41,34.91,76.92,0.46,5.24,15.09,0.34,15.95,20.42,0.79,2.22
2011-2012,Clippers,96.96,20.62,29.1,11.52,40.62,8.62,5.01,13.39,21.67,36.68,80.49,0.46,7.63,21.13,0.36,15.96,23.48,0.68,1.8
2011-2012,Grizzlies,94.39,19.27,29.4,12.64,42.04,9.24,5.23,14.75,20.36,36.27,81.47,0.45,4.12,12.88,0.31,17.73,23.44,0.76,1.55
2011-2012,Hawks,95.09,21.89,31.43,9.99,41.42,7.91,4.59,14.16,18.19,36.27,80.86,0.45,7.16,19.85,0.36,15.39,20.64,0.75,3.58
2011-2012,Heat,98.43,19.33,31.04,10.2,41.24,8.57,5.25,14.63,19.87,36.52,78.09,0.47,5.9,16.62,0.35,19.49,25.43,0.77,6.45
2011-2012,Hornets,89.82,20.68,30.06,10.97,41.03,7.49,4.79,15.44,20.03,34.85,77.37,0.45,3.91,11.72,0.34,16.21,21.43,0.76,-3.04
2011-2012,Jazz,98.67,21.4,31.21,13.28,44.49,8.18,5.83,14.35,21.85,37.74,83.69,0.45,4.0,12.75,0.31,19.19,25.54,0.75,-0.56
2011-2012,Kings,98.66,19.31,29.53,13.16,42.69,8.53,4.91,14.69,19.53,37.53,86.03,0.44,6.38,19.81,0.32,17.22,23.51,0.74,-5.12
2011-2012,Knicks,96.6,19.55,30.33,11.45,41.78,9.23,4.11,16.16,21.33,35.37,80.48,0.44,7.63,23.08,0.32,18.23,24.67,0.74,2.14
2011-2012,Lakers,96.85,22.0,33.55,12.36,45.91,5.82,5.65,14.88,17.54,36.51,80.71,0.45,5.55,16.99,0.32,18.27,24.1,0.76,0.25
2011-2012,Magic,93.47,19.89,30.93,11.03,41.96,6.77,4.15,14.97,18.03,34.19,78.16,0.44,10.01,26.93,0.37,15.07,22.78,0.66,-0.12
2011-2012,Mavericks,95.42,20.62,32.33,10.11,42.44,8.6,4.96,14.11,18.9,35.93,81.69,0.44,7.54,22.1,0.34,16.01,20.64,0.78,0.9
2011-2012,Nets,92.78,19.79,28.76,11.85,40.62,7.4,3.96,15.32,19.37,34.24,80.46,0.43,7.51,22.18,0.33,16.79,21.85,0.77,-6.03
2011-2012,Nuggets,103.81,23.75,32.11,11.71,43.81,8.16,5.19,15.05,19.89,39.0,82.72,0.47,6.45,19.79,0.33,19.36,26.41,0.73,3.13
2011-2012,Pacers,96.48,18.15,31.29,12.63,43.92,7.76,5.39,14.11,21.68,35.27,81.29,0.43,5.86,16.29,0.36,20.06,25.8,0.78,2.73
2011-2012,Pistons,90.79,18.53,28.71,11.71,40.41,7.01,4.31,15.85,19.96,34.5,79.1,0.44,4.87,14.01,0.34,16.93,22.49,0.76,-4.43
2011-2012,Raptors,90.21,20.76,31.35,10.68,42.03,6.54,4.9,15.32,23.37,34.12,77.96,0.44,5.49,16.34,0.33,16.49,21.46,0.76,-3.06
2011-2012,Rockets,98.09,21.31,30.59,11.68,42.26,7.53,4.78,14.59,20.74,37.68,83.85,0.45,7.15,20.12,0.36,15.59,19.96,0.78,0.4
2011-2012,Spurs,103.09,23.02,32.4,10.02,42.43,7.29,4.44,13.77,17.98,39.1,81.91,0.48,8.46,21.43,0.4,16.43,22.15,0.74,6.99
2011-2012,Suns,98.34,22.47,30.84,10.87,41.71,6.6,5.54,14.18,19.07,37.72,82.59,0.46,6.72,19.74,0.34,16.18,21.47,0.76,-0.85
2011-2012,Thunder,102.5,18.4,32.27,10.61,42.89,7.82,7.85,15.36,20.95,37.2,79.19,0.47,7.09,19.88,0.36,21.0,25.97,0.81,5.7
2011-2012,Timberwolves,98.03,19.57,31.85,12.03,43.88,6.63,4.46,15.25,18.54,35.6,82.09,0.43,7.26,21.5,0.33,19.56,25.32,0.77,-1.81
2011-2012,Trail Blazers,97.26,20.51,29.5,11.04,40.54,8.12,4.91,14.21,19.32,36.37,81.96,0.44,7.22,20.99,0.34,17.31,21.69,0.8,-0.03
2011-2012,Warriors,97.81,22.32,29.62,9.81,39.43,8.21,5.5,14.0,21.51,37.72,82.57,0.46,7.81,20.32,0.38,14.56,18.96,0.77,-2.64
2011-2012,Wizards,93.41,18.94,29.84,11.88,41.72,8.06,6.25,15.31,21.32,36.4,83.15,0.44,5.13,16.29,0.31,15.49,21.21,0.74,-5.13
2012-2013,76ers,93.92,22.96,30.76,10.92,41.69,7.46,4.67,13.27,18.6,37.44,84.02,0.45,6.46,17.71,0.36,12.58,17.16,0.73,-1.76
2012-2013,Bobcats,93.02,19.23,29.16,11.24,40.4,7.37,5.72,14.24,19.24,34.19,81.2,0.42,5.81,17.46,0.33,18.83,25.21,0.75,-8.55
2012-2013,Bucks,97.95,22.88,30.64,12.83,43.47,8.27,6.68,14.31,19.27,37.73,87.14,0.43,7.28,20.55,0.35,15.2,20.69,0.73,-2.0
2012-2013,Bulls,92.84,22.35,30.66,12.58,43.25,7.35,5.1,14.5,20.34,35.34,81.27,0.44,5.29,15.43,0.34,16.88,22.11,0.77,-0.31
2012-2013,Cavaliers,96.24,20.57,28.81,12.19,41.0,7.97,4.03,14.34,21.27,36.24,83.83,0.43,6.7,19.25,0.35,17.06,22.66,0.75,-4.9
2012-2013,Celtics,95.49,22.18,31.6,7.84,39.44,8.03,4.45,15.04,21.14,36.37,78.74,0.46,6.22,17.4,0.36,16.55,21.18,0.78,-0.35
2012-2013,Clippers,100.19,23.34,30.21,11.32,41.53,9.44,5.78,14.8,21.35,38.18,80.1,0.48,7.24,20.71,0.34,16.59,23.48,0.71,5.69
2012-2013,Grizzlies,94.01,20.73,30.08,12.77,42.85,8.32,5.13,13.66,20.72,35.85,81.57,0.44,4.77,13.83,0.34,17.55,22.95,0.76,3.58
2012-2013,Hawks,97.41,23.87,31.37,9.37,40.74,8.15,4.41,14.75,18.76,37.08,81.02,0.46,8.42,22.81,0.37,14.82,20.73,0.71,0.55
2012-2013,Heat,101.08,22.42,30.05,8.49,38.54,8.73,5.27,14.12,19.75,37.55,77.16,0.49,8.57,21.84,0.39,17.42,23.02,0.76,7.13
2012-2013,Hornets,93.21,20.83,29.99,12.07,42.06,6.41,5.4,14.98,20.43,35.56,80.04,0.44,6.53,18.17,0.36,15.57,20.36,0.77,-3.75
2012-2013,Jazz,98.13,22.58,30.19,12.13,42.32,8.63,6.29,14.96,21.49,37.04,81.69,0.45,6.13,16.56,0.36,17.91,23.64,0.75,0.66
2012-2013,Kings,100.11,20.62,29.11,11.61,40.72,8.31,4.28,14.7,21.24,37.46,84.15,0.45,7.37,20.48,0.35,17.82,23.04,0.77,-4.25
2012-2013,Knicks,98.38,18.95,29.45,10.79,40.24,8.34,3.63,12.25,20.69,35.95,81.38,0.44,10.44,28.33,0.37,16.04,21.1,0.76,3.53
2012-2013,Lakers,100.1,21.91,32.96,11.12,44.07,6.93,5.24,15.39,18.26,36.35,80.01,0.46,8.34,23.73,0.35,19.05,27.49,0.7,-1.09
2012-2013,Magic,94.42,22.92,31.92,10.82,42.74,6.46,4.41,14.77,19.76,37.82,84.17,0.45,6.11,18.49,0.32,12.67,16.81,0.76,-6.78
2012-2013,Mavericks,100.75,23.23,32.66,9.4,42.06,8.06,5.64,14.17,20.67,38.52,83.92,0.46,7.33,20.05,0.36,16.38,20.73,0.79,-0.14
2012-2013,Nets,97.04,20.07,30.03,12.73,42.76,7.32,4.86,14.56,18.63,35.96,80.27,0.45,7.53,21.45,0.35,17.6,24.09,0.73,1.64
2012-2013,Nuggets,105.01,23.95,31.37,13.37,44.74,9.23,6.14,15.61,20.68,40.02,84.83,0.47,6.4,18.84,0.34,18.57,26.52,0.7,3.73
2012-2013,Pacers,93.97,19.69,32.87,12.72,45.59,6.82,5.93,15.5,20.71,34.52,79.49,0.44,6.57,19.29,0.34,18.36,24.51,0.75,3.49
2012-2013,Pistons,94.44,21.08,30.2,12.01,42.21,7.09,4.84,15.46,20.16,36.07,80.81,0.45,6.16,17.68,0.34,16.16,23.13,0.7,-3.66
2012-2013,Raptors,97.58,21.57,29.61,10.62,40.24,7.43,4.86,13.88,22.5,36.36,81.47,0.45,7.08,20.49,0.34,17.77,22.64,0.78,-0.81
2012-2013,Rockets,105.42,23.11,32.35,11.12,43.46,8.17,4.39,16.42,20.45,37.93,82.78,0.46,10.57,28.95,0.37,19.0,25.48,0.75,3.42
2012-2013,Spurs,102.42,24.49,33.01,8.53,41.54,8.37,5.33,14.5,17.87,38.85,81.49,0.48,7.98,21.44,0.37,16.73,21.42,0.78,6.55
2012-2013,Suns,95.34,22.76,30.1,11.74,41.84,8.08,5.37,15.78,20.57,37.39,84.36,0.44,5.96,17.81,0.33,14.6,19.74,0.74,-5.58
2012-2013,Thunder,104.5,21.21,33.04,10.52,43.56,8.03,7.42,15.18,20.86,37.8,79.85,0.47,7.47,19.99,0.37,21.43,25.91,0.83,7.98
2012-2013,Timberwolves,95.27,22.17,30.34,11.8,42.14,8.66,4.74,15.07,18.69,35.62,81.16,0.44,5.47,18.0,0.3,18.56,25.11,0.74,-0.94
2012-2013,Trail Blazers,97.6,21.61,30.12,10.74,40.87,6.67,4.35,15.07,18.82,36.6,81.74,0.45,8.24,23.37,0.35,16.17,20.71,0.78,-2.89
2012-2013,Warriors,100.95,22.36,34.08,10.76,44.84,6.94,4.35,15.48,21.9,38.17,83.09,0.46,8.07,20.06,0.4,16.54,21.44,0.77,1.1
2012-2013,Wizards,93.43,21.62,32.18,11.11,43.29,7.32,4.41,15.19,20.91,35.44,81.93,0.43,6.73,18.54,0.36,15.81,21.5,0.74,-2.62
2013-2014,76ers,99.17,21.82,31.31,11.62,42.93,9.38,4.11,17.14,22.7,37.61,87.1,0.43,7.06,22.62,0.31,16.89,23.84,0.71,-10.27
2013-2014,Bobcats,96.04,21.35,33.14,9.57,42.71,6.2,5.14,12.7,18.21,35.8,81.35,0.44,6.27,18.01,0.34,18.18,24.84,0.73,0.13
2013-2014,Bucks,95.1,21.33,29.39,11.62,41.01,6.69,5.01,15.47,21.27,35.69,81.56,0.44,6.68,18.77,0.36,17.03,22.95,0.74,-7.78
2013-2014,Bulls,93.72,22.41,32.86,11.51,44.37,7.17,5.19,15.05,19.79,34.43,79.73,0.43,6.17,17.76,0.35,18.68,24.15,0.78,2.74
2013-2014,Cavaliers,97.67,21.23,32.04,12.23,44.28,7.21,3.78,14.8,20.71,36.59,84.46,0.43,7.04,19.98,0.35,17.44,23.18,0.75,-3.16
2013-2014,Celtics,96.07,21.04,30.36,11.92,42.28,7.34,4.23,15.51,21.53,36.36,83.74,0.44,6.99,21.28,0.32,16.37,21.04,0.79,-4.13
2013-2014,Clippers,107.32,24.41,31.86,10.44,42.3,8.7,4.86,13.91,22.26,38.82,82.58,0.47,8.49,24.04,0.35,21.2,28.99,0.73,6.06
2013-2014,Grizzlies,95.54,21.71,30.79,11.57,42.36,7.86,4.33,13.86,19.55,37.49,82.12,0.46,4.88,14.24,0.34,15.69,21.39,0.73,0.3
2013-2014,Hawks,99.36,24.09,31.22,8.62,39.84,8.28,4.08,15.52,19.41,36.43,80.96,0.45,9.28,26.08,0.35,17.23,22.03,0.78,-1.24
2013-2014,Heat,100.68,21.65,28.82,7.36,36.18,8.83,4.26,14.48,20.05,37.51,75.61,0.5,8.35,22.53,0.37,17.31,22.92,0.76,3.83
2013-2014,Jazz,94.72,20.36,30.49,11.17,41.66,6.96,4.56,14.92,21.03,35.83,81.39,0.44,6.61,19.08,0.35,16.44,22.23,0.74,-6.81
2013-2014,Kings,100.43,19.12,32.56,11.97,44.53,7.3,3.75,15.36,22.47,36.83,82.38,0.45,6.15,18.25,0.33,20.62,27.26,0.76,-2.22
2013-2014,Knicks,98.37,19.84,29.7,10.71,40.4,7.64,4.54,13.07,22.29,36.82,82.54,0.45,9.19,24.93,0.37,15.54,20.51,0.76,-1.22
2013-2014,Lakers,102.37,24.22,32.01,9.02,41.03,7.36,5.3,15.47,19.99,37.84,84.81,0.45,9.36,24.86,0.37,17.32,22.77,0.76,-5.87
2013-2014,Magic,96.46,20.88,32.27,10.03,42.3,7.73,4.5,15.41,20.86,36.87,82.78,0.45,6.83,19.54,0.35,15.89,20.94,0.76,-5.34
2013-2014,Mavericks,103.47,23.28,30.6,10.33,40.93,8.43,4.51,13.7,20.19,39.26,83.84,0.47,8.61,22.59,0.38,16.35,20.72,0.78,2.05
2013-2014,Nets,98.26,20.66,29.35,9.13,38.48,8.51,3.77,14.77,22.16,35.57,77.5,0.46,8.5,23.36,0.36,18.6,25.0,0.75,-0.31
2013-2014,Nuggets,103.39,22.25,33.19,12.33,45.52,7.51,5.58,16.18,23.45,38.1,85.89,0.44,8.22,23.36,0.35,18.97,26.37,0.72,-2.52
2013-2014,Pacers,95.72,19.8,33.67,9.83,43.5,6.75,5.2,14.91,20.72,35.3,79.06,0.45,6.84,19.03,0.36,18.27,23.89,0.77,3.51
2013-2014,Pelicans,99.83,21.11,30.22,11.17,41.39,8.17,6.21,14.26,22.93,37.68,82.01,0.46,6.07,15.97,0.38,18.41,23.87,0.77,-1.66
2013-2014,Pistons,100.46,20.82,31.0,14.25,45.25,8.42,4.79,15.02,20.64,38.31,85.91,0.45,6.27,19.34,0.32,17.56,26.06,0.67,-3.36
2013-2014,Raptors,101.02,20.73,31.43,11.26,42.69,6.98,4.08,14.7,23.5,36.1,80.91,0.45,8.4,23.02,0.36,20.42,25.89,0.79,3.21
2013-2014,Rockets,107.87,21.39,34.08,11.62,45.71,7.63,5.57,16.13,21.18,38.19,81.32,0.47,9.51,26.69,0.35,21.99,30.73,0.72,4.73
2013-2014,Spurs,105.36,24.57,33.81,9.23,43.04,7.53,4.72,14.24,18.68,40.23,82.86,0.49,8.57,21.41,0.4,16.34,20.92,0.78,7.37
2013-2014,Suns,104.67,19.16,31.84,11.39,43.23,8.38,4.62,15.66,22.15,38.68,83.64,0.46,9.19,24.84,0.37,18.11,24.17,0.74,2.69
2013-2014,Thunder,104.91,21.41,33.9,10.92,44.81,7.94,6.15,15.46,22.79,38.27,82.27,0.47,7.85,22.44,0.35,20.51,25.44,0.8,5.06
2013-2014,Timberwolves,106.72,23.62,32.25,12.52,44.77,8.74,3.7,14.01,18.64,38.61,87.19,0.44,7.47,21.57,0.34,22.02,28.4,0.78,3.07
2013-2014,Trail Blazers,105.67,22.32,34.2,12.36,46.56,5.57,4.89,14.29,19.94,38.63,86.52,0.45,9.04,24.73,0.36,19.37,23.98,0.81,3.16
2013-2014,Warriors,103.54,23.35,33.97,11.1,45.07,8.01,4.99,15.55,22.31,39.08,85.39,0.46,9.33,24.73,0.38,16.04,21.47,0.75,4.0
2013-2014,Wizards,99.1,22.71,31.61,10.93,42.54,8.27,4.76,14.79,20.69,37.93,83.68,0.45,7.62,20.59,0.37,15.62,21.55,0.72,1.76
2014-2015,76ers,92.11,20.54,31.12,11.76,42.88,9.68,5.88,18.01,21.89,33.76,82.32,0.41,8.2,25.77,0.31,16.4,24.24,0.68,-8.68
2014-2015,Bucks,97.06,23.25,31.49,10.85,42.35,9.52,5.02,16.74,22.49,37.11,82.09,0.45,6.62,18.42,0.36,16.23,21.6,0.75,-0.64
2014-2015,Bulls,100.04,21.66,34.02,11.67,45.69,6.46,5.92,14.2,18.77,36.17,82.72,0.44,8.03,22.64,0.35,19.68,25.16,0.78,2.97
2014-2015,Cavaliers,102.44,21.37,32.4,11.37,43.77,7.11,4.57,14.15,19.18,37.1,82.21,0.45,10.05,27.7,0.36,18.19,24.26,0.75,4.26
2014-2015,Celtics,100.84,24.18,32.64,10.96,43.6,8.29,3.57,14.18,21.48,38.4,87.17,0.44,8.13,24.86,0.33,15.9,21.1,0.76,0.55
2014-2015,Clippers,106.3,24.3,32.93,9.46,42.39,8.13,4.96,12.77,22.0,39.04,83.37,0.47,9.8,26.62,0.36,18.42,26.28,0.7,4.72
2014-2015,Grizzlies,97.77,21.36,31.95,10.47,42.42,8.62,4.29,13.31,19.43,37.34,82.45,0.45,5.1,15.16,0.33,17.99,23.26,0.78,2.41
2014-2015,Hawks,101.76,25.43,32.29,8.9,41.19,8.84,4.7,14.2,18.5,37.7,82.11,0.46,9.8,26.59,0.37,16.57,21.36,0.77,4.35
2014-2015,Heat,95.48,19.83,30.06,9.07,39.12,8.14,4.57,14.93,20.21,35.28,77.27,0.46,6.92,20.53,0.34,18.0,24.24,0.74,-2.44
2014-2015,Hornets,94.22,20.37,34.11,9.94,44.06,6.13,5.47,12.04,18.79,35.46,84.58,0.42,6.12,19.29,0.31,17.19,22.86,0.75,-3.18
2014-2015,Jazz,95.73,20.04,32.27,11.94,44.21,7.58,5.82,15.73,19.74,35.46,79.03,0.45,7.47,21.64,0.35,17.36,24.14,0.72,0.94
2014-2015,Kings,101.38,20.25,33.14,10.88,44.01,6.75,4.0,16.44,20.9,36.56,80.23,0.46,5.62,16.34,0.34,22.64,29.88,0.76,-3.45
2014-2015,Knicks,91.76,21.24,29.71,10.61,40.31,7.2,4.58,14.98,21.82,35.01,81.8,0.43,6.83,19.91,0.35,14.91,19.36,0.77,-8.29
2014-2015,Lakers,98.1,21.0,32.02,11.54,43.57,7.21,4.51,13.48,21.76,37.17,85.36,0.44,6.19,18.09,0.33,17.58,23.74,0.74,-7.1
2014-2015,Magic,95.64,20.69,32.03,10.13,42.17,7.92,3.99,15.19,21.02,37.53,82.94,0.45,6.62,19.25,0.34,13.97,19.29,0.73,-5.46
2014-2015,Mavericks,105.39,22.52,31.95,10.67,42.62,8.03,4.51,13.32,20.97,39.55,85.78,0.46,8.94,25.68,0.35,17.36,23.22,0.75,2.54
2014-2015,Nets,98.03,21.03,32.38,10.28,42.66,7.13,4.17,14.19,19.44,37.22,82.77,0.45,6.77,20.31,0.33,16.83,22.62,0.75,-2.62
2014-2015,Nuggets,101.11,21.63,32.36,12.36,44.71,7.81,4.49,14.54,23.39,37.58,86.68,0.44,7.83,24.1,0.33,18.12,24.86,0.73,-3.2
2014-2015,Pacers,97.11,21.31,34.35,10.2,44.55,6.25,4.67,14.18,21.29,36.31,82.72,0.44,7.45,21.24,0.35,17.03,22.55,0.76,0.18
2014-2015,Pelicans,99.32,21.95,32.12,11.43,43.55,6.89,6.19,13.51,19.3,37.67,82.63,0.46,7.25,19.73,0.37,16.74,22.19,0.75,1.01
2014-2015,Pistons,98.6,21.88,32.28,12.61,44.89,7.73,4.67,13.65,19.4,36.97,85.48,0.43,8.56,24.88,0.34,16.1,23.0,0.7,-0.32
2014-2015,Raptors,103.2,20.51,30.78,10.48,41.27,7.61,4.16,13.14,21.4,37.63,83.01,0.45,8.68,24.85,0.35,19.26,24.75,0.78,2.75
2014-2015,Rockets,104.1,21.77,32.39,11.67,44.07,9.44,4.96,16.64,22.6,36.76,83.19,0.44,10.97,31.58,0.35,19.62,28.06,0.7,2.42
2014-2015,Spurs,103.01,24.35,33.78,9.9,43.68,7.82,5.3,14.24,19.86,38.8,83.28,0.47,8.34,22.91,0.36,17.07,22.1,0.77,4.95
2014-2015,Suns,102.62,20.18,32.36,10.8,43.16,8.65,4.62,15.33,21.58,38.66,85.64,0.45,8.55,25.14,0.34,16.76,22.07,0.76,-0.34
2014-2015,Thunder,103.61,20.39,34.29,12.82,47.11,7.37,5.52,14.94,22.81,38.53,86.46,0.45,7.63,22.69,0.33,18.92,25.17,0.74,1.12
2014-2015,Timberwolves,98.45,21.78,29.53,11.65,41.18,8.46,3.98,14.98,19.45,36.64,83.43,0.44,5.01,14.92,0.33,20.16,25.97,0.77,-7.3
2014-2015,Trail Blazers,101.86,21.63,35.09,10.65,45.73,6.42,4.6,13.89,18.71,38.15,85.31,0.45,9.68,26.82,0.36,15.88,19.77,0.8,3.39
2014-2015,Warriors,108.76,26.92,34.13,10.45,44.58,9.07,5.96,14.85,20.69,40.82,85.84,0.48,10.83,27.56,0.39,16.29,21.7,0.75,9.73
2014-2015,Wizards,98.15,23.56,34.17,10.47,44.65,7.4,4.66,15.27,20.88,37.73,82.31,0.46,6.29,17.31,0.36,16.4,22.22,0.74,1.03
2015-2016,76ers,97.27,21.29,32.06,9.62,41.67,8.52,6.0,16.79,22.0,35.93,83.85,0.43,9.27,27.75,0.33,16.13,23.29,0.7,-10.0
2015-2016,Bucks,99.2,22.95,31.5,10.47,41.97,8.14,5.8,15.41,21.2,38.26,82.12,0.47,5.45,15.93,0.34,17.23,23.12,0.74,-4.12
2015-2016,Bulls,101.62,22.63,35.42,11.37,46.79,6.13,5.54,13.99,19.37,38.44,87.58,0.44,8.14,22.03,0.37,16.59,21.21,0.78,-1.19
2015-2016,Cavaliers,103.78,22.39,33.53,10.45,43.97,6.96,3.89,13.66,20.56,38.24,83.23,0.46,10.98,29.77,0.37,16.33,21.93,0.75,5.97
2015-2016,Celtics,104.59,23.97,33.76,11.57,45.33,8.96,4.52,14.02,22.01,38.81,89.17,0.44,8.74,26.37,0.33,18.24,23.34,0.78,2.76
2015-2016,Clippers,103.67,22.61,33.37,8.83,42.2,8.68,5.48,13.18,21.51,38.11,82.54,0.46,9.37,26.09,0.36,18.09,26.3,0.7,3.52
2015-2016,Grizzlies,97.55,20.34,30.67,11.26,41.93,8.74,4.21,13.76,21.83,36.23,83.11,0.44,6.05,18.43,0.33,19.04,24.48,0.78,-2.5
2015-2016,Hawks,101.88,24.92,34.31,8.29,42.61,8.88,6.09,15.09,19.34,37.98,84.03,0.45,9.9,28.48,0.35,16.02,20.38,0.78,2.84
2015-2016,Heat,99.32,20.19,34.55,9.82,44.37,6.61,6.28,14.11,18.87,37.86,81.55,0.47,6.22,18.54,0.34,17.38,23.31,0.75,1.72
2015-2016,Hornets,102.08,20.9,35.08,8.69,43.77,7.12,5.0,12.42,18.12,36.37,83.73,0.43,10.18,28.3,0.36,19.16,24.25,0.8,2.46
2015-2016,Jazz,97.69,18.82,32.66,10.65,43.31,7.91,5.17,15.03,20.4,35.89,80.29,0.45,8.3,23.56,0.35,17.61,23.83,0.74,2.23
2015-2016,Kings,106.25,24.26,33.74,10.64,44.38,8.99,4.56,16.28,20.36,39.76,86.07,0.46,8.01,22.66,0.36,18.72,25.84,0.72,-2.05
2015-2016,Knicks,98.31,20.63,34.17,10.33,44.51,5.83,5.76,13.52,19.97,36.86,84.16,0.44,7.46,21.49,0.34,17.13,21.32,0.81,-2.52
2015-2016,Lakers,97.19,18.0,32.09,10.71,42.8,7.29,4.15,13.73,20.71,34.97,84.42,0.42,7.73,24.42,0.32,19.53,25.15,0.77,-9.18
2015-2016,Magic,101.97,23.6,33.11,10.47,43.58,8.27,5.04,14.24,21.29,39.36,86.9,0.45,7.89,22.47,0.35,15.36,20.31,0.76,-1.12
2015-2016,Mavericks,100.88,21.84,33.64,9.14,42.78,6.85,3.76,13.06,19.77,36.88,83.9,0.44,9.37,28.07,0.33,17.74,22.53,0.79,-1.82
2015-2016,Nets,98.61,22.21,31.93,10.39,42.32,7.7,4.07,15.01,18.26,37.94,84.1,0.45,6.55,18.6,0.35,16.17,21.23,0.76,-6.77
2015-2016,Nuggets,101.74,22.51,33.38,11.51,44.89,7.56,4.67,14.85,21.22,37.64,85.33,0.44,7.98,23.65,0.34,18.48,24.27,0.76,-2.36
2015-2016,Pacers,101.56,20.82,33.8,10.39,44.19,8.9,5.04,14.67,20.19,37.78,84.36,0.45,8.03,23.03,0.35,17.97,23.43,0.77,2.4
2015-2016,Pelicans,102.78,21.72,33.25,9.56,42.81,7.83,4.19,13.55,21.2,38.09,85.82,0.44,8.63,24.03,0.36,17.97,23.17,0.78,-3.79
2015-2016,Pistons,101.76,19.82,33.61,12.06,45.67,7.02,3.72,13.57,19.14,37.84,85.69,0.44,9.07,26.1,0.35,17.0,25.16,0.69,0.74
2015-2016,Raptors,100.49,18.06,32.52,10.36,42.88,7.78,5.04,13.2,20.3,36.0,81.23,0.44,8.19,23.11,0.35,20.29,26.43,0.77,3.21
2015-2016,Rockets,105.81,22.0,32.0,11.87,43.87,10.03,5.11,16.18,22.49,37.54,84.29,0.45,10.54,31.07,0.34,20.2,29.26,0.7,-0.66
2015-2016,Spurs,102.79,23.92,34.18,9.19,43.38,8.45,5.94,13.14,17.8,39.59,82.6,0.48,7.07,18.68,0.38,16.53,20.68,0.81,9.71
2015-2016,Suns,100.99,20.94,33.4,11.49,44.89,7.98,3.88,17.25,22.9,37.31,85.86,0.44,9.05,25.92,0.35,17.33,23.14,0.74,-5.59
2015-2016,Thunder,109.3,22.58,35.33,12.89,48.22,7.38,5.84,15.73,20.74,40.62,85.88,0.47,8.31,23.99,0.35,19.75,25.37,0.78,7.0
2015-2016,Timberwolves,101.84,23.2,31.1,9.96,41.06,8.02,4.49,15.16,20.79,37.29,80.84,0.46,5.7,16.67,0.34,21.56,27.26,0.79,-3.88
2015-2016,Trail Blazers,105.05,21.32,34.2,11.72,45.92,6.9,4.56,14.75,22.13,38.42,86.34,0.45,10.7,28.91,0.37,17.51,23.33,0.75,0.53
2015-2016,Warriors,112.65,27.65,35.32,10.01,45.33,8.31,5.97,15.07,21.36,41.37,86.4,0.48,12.77,31.29,0.41,17.13,22.85,0.75,8.65
2015-2016,Wizards,104.39,24.59,32.95,9.12,42.08,8.66,4.01,14.6,20.98,39.52,85.89,0.46,8.59,24.19,0.36,16.75,22.81,0.74,0.02
2016-2017,76ers,101.97,23.38,33.17,9.88,43.04,8.42,5.17,16.97,22.1,37.31,85.03,0.44,9.89,29.54,0.33,17.45,22.56,0.77,-6.09
2016-2017,Bucks,102.07,23.68,31.52,8.93,40.45,8.16,5.27,14.14,20.33,38.13,81.52,0.47,8.64,23.39,0.37,17.18,22.53,0.76,-0.39
2016-2017,Bulls,102.57,22.54,34.37,12.14,46.51,7.74,5.01,13.95,18.16,38.44,86.69,0.44,7.57,22.55,0.33,18.12,22.64,0.8,0.36
2016-2017,Cavaliers,110.86,22.67,34.08,9.09,43.17,6.82,4.11,13.68,18.53,39.92,84.42,0.47,13.02,33.5,0.39,18.01,23.92,0.75,3.79
2016-2017,Celtics,107.35,25.36,32.24,9.12,41.36,7.71,4.16,13.6,20.78,38.6,84.91,0.46,12.01,33.35,0.36,18.14,22.78,0.8,1.92
2016-2017,Clippers,106.81,22.17,33.56,8.74,42.29,7.42,4.04,13.26,20.15,38.84,82.28,0.47,9.95,26.96,0.37,19.18,25.77,0.75,2.96
2016-2017,Grizzlies,100.65,21.04,31.73,10.55,42.29,8.03,4.12,12.93,22.65,36.26,83.3,0.44,9.38,26.48,0.35,18.76,24.07,0.78,0.23
2016-2017,Hawks,102.93,23.75,34.25,10.33,44.58,8.0,4.81,15.84,18.66,37.99,84.4,0.45,8.73,25.89,0.34,18.22,24.91,0.73,-0.38
2016-2017,Heat,103.29,21.32,33.3,10.42,43.72,7.29,5.79,13.67,20.71,39.06,85.56,0.46,9.89,27.07,0.36,15.29,21.79,0.71,1.47
2016-2017,Hornets,103.85,22.74,34.96,8.91,43.87,6.98,4.78,11.82,16.7,37.28,85.27,0.44,9.73,28.38,0.34,19.56,24.11,0.81,-0.39
2016-2017,Jazz,100.33,19.98,33.71,9.07,42.79,6.92,4.83,13.69,19.47,36.69,79.09,0.47,9.44,25.62,0.37,17.5,23.52,0.74,3.05
2016-2017,Kings,102.75,22.56,32.4,8.68,41.08,7.89,3.93,15.06,20.53,37.79,81.85,0.46,8.98,23.76,0.38,18.18,23.44,0.77,-3.6
2016-2017,Knicks,104.65,22.07,32.98,12.06,45.03,7.42,5.47,14.17,20.6,39.69,88.55,0.45,8.67,24.82,0.35,16.59,21.18,0.78,-3.3
2016-2017,Lakers,104.63,21.1,32.2,11.25,43.45,8.38,3.91,15.35,21.13,39.25,87.36,0.45,9.0,26.1,0.34,17.12,23.03,0.75,-6.42
2016-2017,Magic,100.89,22.04,33.42,9.85,43.27,7.13,4.81,13.76,19.55,38.07,86.64,0.44,8.57,25.88,0.33,16.18,21.73,0.75,-6.64
2016-2017,Mavericks,97.61,20.71,30.87,8.19,39.06,7.44,3.82,12.11,19.42,36.08,82.57,0.44,10.54,29.92,0.35,14.91,18.69,0.79,-2.97
2016-2017,Nets,105.44,21.43,34.9,8.68,43.58,7.38,4.51,16.64,21.15,37.57,84.97,0.44,10.78,31.74,0.34,19.52,24.88,0.78,-6.97
2016-2017,Nuggets,111.02,25.04,34.95,11.9,46.85,7.01,3.91,15.26,19.36,40.76,87.47,0.47,10.32,28.47,0.36,19.19,24.99,0.77,0.57
2016-2017,Pacers,105.39,22.6,32.98,9.27,42.25,8.24,4.92,13.74,19.87,39.47,85.03,0.47,8.75,23.26,0.37,17.71,22.05,0.8,0.22
2016-2017,Pelicans,104.42,22.94,35.3,8.49,43.78,7.69,5.44,13.07,18.65,39.07,86.77,0.45,9.31,26.52,0.35,16.98,22.59,0.75,-1.85
2016-2017,Pistons,100.84,21.12,34.59,11.01,45.6,7.08,3.75,12.2,18.0,39.6,88.26,0.45,7.62,23.23,0.33,14.01,19.44,0.72,-0.49
2016-2017,Raptors,105.45,18.51,32.55,10.26,42.81,8.39,4.84,12.9,20.92,38.63,83.82,0.46,8.63,24.07,0.36,19.55,24.57,0.8,3.14
2016-2017,Rockets,114.57,24.49,33.7,10.89,44.59,8.06,4.38,15.08,20.31,40.0,87.2,0.46,14.09,39.92,0.35,20.47,26.62,0.77,5.27
2016-2017,Spurs,105.12,23.37,33.63,10.36,43.99,8.12,5.68,13.62,18.51,39.21,84.09,0.47,9.03,23.48,0.39,17.67,22.23,0.79,6.06
2016-2017,Suns,107.41,19.45,33.09,12.03,45.12,8.42,4.89,15.65,24.98,39.64,88.51,0.45,7.41,22.4,0.33,20.73,26.85,0.77,-5.19
2016-2017,Thunder,106.31,20.96,34.38,12.19,46.57,7.91,5.13,15.07,21.31,39.38,87.37,0.45,8.48,25.75,0.33,19.05,25.7,0.74,0.79
2016-2017,Timberwolves,105.22,23.29,31.4,11.46,42.86,8.13,4.67,14.37,20.11,39.09,84.44,0.46,7.33,21.11,0.35,19.71,24.7,0.8,-0.19
2016-2017,Trail Blazers,107.28,20.84,33.95,10.12,44.07,6.96,4.84,13.99,21.38,39.21,86.16,0.46,10.39,27.87,0.37,18.48,23.71,0.78,-1.12
2016-2017,Warriors,116.09,29.67,35.42,9.42,44.84,9.54,6.68,14.81,20.0,42.75,86.93,0.49,12.14,31.73,0.39,18.46,23.34,0.79,12.38
2016-2017,Wizards,108.82,23.7,32.55,10.41,42.96,8.63,4.34,14.15,21.54,41.14,87.26,0.47,9.0,24.89,0.36,17.55,22.49,0.78,2.19
2017-2018,76ers,109.6,26.81,36.68,10.94,47.62,8.33,5.08,16.39,22.33,40.53,86.79,0.47,10.92,29.82,0.36,17.63,23.53,0.75,4.45
2017-2018,Bucks,105.83,23.28,31.62,8.13,39.75,8.59,5.48,13.97,21.45,39.54,82.54,0.48,8.91,24.99,0.36,17.84,22.95,0.78,-0.39
2017-2018,Bulls,103.07,23.67,35.19,9.47,44.66,7.66,3.65,14.26,19.69,38.69,88.67,0.44,11.12,31.17,0.35,14.57,19.27,0.75,-6.56
2017-2018,Cavaliers,108.37,22.56,33.31,8.73,42.05,6.93,3.93,13.84,18.92,39.5,84.11,0.47,11.5,31.63,0.36,17.85,23.15,0.77,0.24
2017-2018,Celtics,103.66,22.21,34.88,9.36,44.24,7.39,4.52,13.56,20.12,38.0,85.21,0.45,11.31,30.61,0.37,16.36,21.27,0.77,3.49
2017-2018,Clippers,108.76,22.41,33.72,9.95,43.68,7.78,4.43,15.09,20.25,40.01,85.02,0.47,9.46,26.71,0.35,19.28,25.98,0.74,0.41
2017-2018,Grizzlies,99.61,21.6,31.45,9.51,40.95,7.59,4.9,15.13,23.13,36.83,82.94,0.44,9.1,26.03,0.35,16.85,21.56,0.78,-5.13
2017-2018,Hawks,102.93,23.67,32.9,9.0,41.9,7.79,4.17,15.75,19.51,37.9,85.34,0.45,11.13,31.03,0.36,16.01,20.45,0.79,-5.1
2017-2018,Heat,103.11,22.62,34.14,9.37,43.51,7.72,5.44,14.78,20.74,38.52,85.23,0.45,10.85,30.45,0.35,15.21,20.53,0.74,-0.34
2017-2018,Hornets,107.84,21.48,35.58,10.01,45.6,6.81,4.55,13.0,17.35,38.85,86.58,0.45,10.06,27.51,0.36,20.08,27.07,0.74,0.25
2017-2018,Jazz,104.2,22.2,34.33,9.17,43.5,8.64,5.08,14.9,19.95,38.32,83.09,0.46,10.76,29.56,0.36,16.79,21.88,0.77,3.79
2017-2018,Kings,98.27,21.42,31.33,9.42,40.75,7.77,4.06,13.95,20.09,38.51,85.85,0.45,8.94,23.8,0.38,12.31,16.7,0.74,-7.17
2017-2018,Knicks,104.07,23.08,33.51,10.39,43.9,6.9,5.05,15.06,20.68,40.38,87.54,0.46,8.24,23.39,0.35,15.07,19.16,0.79,-3.8
2017-2018,Lakers,107.56,23.84,35.68,10.44,46.12,7.94,4.66,16.11,21.47,40.5,87.91,0.46,9.83,28.75,0.34,16.73,23.43,0.72,-1.36
2017-2018,Magic,103.1,23.5,33.08,8.83,41.91,7.62,5.02,14.65,19.43,38.77,85.98,0.45,10.22,29.35,0.34,15.34,20.38,0.76,-4.14
2017-2018,Mavericks,102.34,22.66,33.4,8.19,41.59,7.2,3.81,12.59,19.19,38.1,85.85,0.45,11.95,33.1,0.36,14.18,18.77,0.76,-2.29
2017-2018,Nets,106.91,23.58,35.0,9.66,44.66,6.41,4.76,15.38,20.84,38.34,86.81,0.44,12.72,35.52,0.36,17.51,22.76,0.78,-3.08
2017-2018,Nuggets,109.94,25.13,33.46,10.97,44.43,7.77,4.92,15.16,18.85,40.57,86.66,0.47,11.51,30.94,0.37,17.29,22.55,0.77,1.77
2017-2018,Pacers,105.08,22.16,32.72,9.4,42.12,8.79,4.08,13.3,18.98,40.6,85.83,0.47,9.07,24.66,0.37,14.82,19.18,0.77,1.79
2017-2018,Pelicans,111.21,26.5,35.77,8.54,44.31,8.0,5.82,15.03,19.35,42.41,88.26,0.48,10.15,28.2,0.36,16.25,21.01,0.77,0.71
2017-2018,Pistons,103.75,22.83,33.62,10.2,43.82,7.62,3.82,13.45,18.4,39.2,86.97,0.45,10.68,28.64,0.37,14.68,19.74,0.74,0.39
2017-2018,Raptors,111.2,23.92,33.85,9.67,43.52,7.57,6.05,13.77,22.06,40.77,86.55,0.47,11.69,32.81,0.36,17.98,22.64,0.79,6.57
2017-2018,Rockets,110.83,21.13,34.39,8.93,43.32,8.46,4.88,13.75,19.5,38.29,84.23,0.46,15.14,42.19,0.36,19.12,24.5,0.78,7.36
2017-2018,Spurs,102.66,22.77,33.73,10.14,43.87,7.69,5.45,13.35,17.57,38.89,85.01,0.46,8.58,24.42,0.35,16.29,20.96,0.78,2.51
2017-2018,Suns,104.0,21.12,34.0,10.13,44.13,7.02,4.6,15.97,22.05,38.22,86.69,0.44,9.38,27.94,0.34,18.16,24.47,0.74,-8.89
2017-2018,Thunder,107.1,20.99,32.97,12.14,45.11,8.95,4.98,14.21,20.4,39.56,87.7,0.45,10.77,30.33,0.35,17.21,23.97,0.71,2.95
2017-2018,Timberwolves,109.14,22.62,31.88,10.26,42.13,8.22,4.1,12.69,18.22,40.76,85.9,0.48,8.16,22.6,0.36,19.48,24.33,0.8,1.41
2017-2018,Trail Blazers,105.97,19.54,35.28,10.3,45.59,7.09,5.01,13.79,20.16,39.36,87.32,0.45,10.4,28.33,0.37,16.85,21.12,0.8,2.32
2017-2018,Warriors,112.96,28.74,35.13,8.65,43.79,7.97,7.14,15.0,19.73,42.55,85.43,0.5,11.36,29.5,0.38,16.5,20.34,0.81,7.03
2017-2018,Wizards,106.7,24.96,32.93,9.9,42.84,7.91,4.33,14.66,21.17,39.95,85.51,0.47,9.77,26.29,0.37,17.03,21.96,0.78,0.58
2018-2019,76ers,114.44,26.68,36.82,11.0,47.82,7.31,5.31,15.31,21.79,41.31,87.9,0.47,10.73,30.11,0.36,21.09,27.27,0.77,2.74
2018-2019,Bucks,117.59,25.95,40.74,9.47,50.21,7.33,6.0,13.85,20.15,42.84,90.73,0.47,13.5,38.28,0.35,18.42,24.19,0.76,9.51
2018-2019,Bulls,104.51,21.8,34.33,8.79,43.12,7.36,4.3,14.19,20.29,39.67,88.09,0.45,9.12,26.21,0.35,16.05,20.51,0.79,-8.37
2018-2019,Cavaliers,104.58,20.59,32.12,10.76,42.87,6.51,2.42,13.56,20.23,38.85,87.53,0.44,10.23,28.9,0.35,16.65,21.06,0.79,-8.66
2018-2019,Celtics,111.1,25.66,35.27,9.58,44.85,8.34,5.18,13.02,20.6,41.31,89.8,0.46,12.32,34.26,0.36,16.15,20.17,0.8,3.58
2018-2019,Clippers,115.05,24.15,35.64,9.81,45.45,6.9,4.67,14.69,23.6,41.21,87.77,0.47,10.05,26.15,0.38,22.58,28.46,0.79,0.66
2018-2019,Grizzlies,103.71,23.82,33.0,8.69,41.69,8.41,5.41,14.33,22.47,37.9,84.24,0.45,9.83,28.77,0.34,18.09,23.41,0.78,-2.63
2018-2019,Hawks,113.3,25.72,34.48,11.54,46.02,8.32,5.17,17.32,24.01,41.36,91.6,0.45,12.99,37.05,0.35,17.6,23.47,0.75,-5.51
2018-2019,Heat,106.25,24.11,35.18,11.21,46.39,7.8,5.47,14.94,21.16,39.66,88.06,0.45,11.31,32.47,0.35,15.63,22.4,0.69,-0.18
2018-2019,Hornets,111.01,23.36,34.01,9.75,43.76,7.21,4.98,12.38,19.26,40.27,89.64,0.45,12.0,33.88,0.35,18.47,23.19,0.79,-0.82
2018-2019,Jazz,111.22,25.89,36.39,10.01,46.4,8.28,5.8,15.27,21.32,40.17,86.32,0.47,12.06,34.06,0.35,18.83,25.49,0.74,5.0
2018-2019,Kings,113.72,25.24,34.15,11.03,45.18,8.22,4.32,13.39,21.77,42.86,93.09,0.46,11.21,29.62,0.38,16.79,23.13,0.72,-1.87
2018-2019,Knicks,104.79,20.08,34.45,10.4,44.85,7.03,5.18,14.31,21.45,38.18,88.31,0.43,9.94,29.22,0.34,18.48,24.32,0.76,-8.57
2018-2019,Lakers,111.87,25.56,36.49,10.05,46.54,7.62,5.39,15.94,21.09,42.4,90.15,0.47,10.14,30.44,0.33,16.93,24.06,0.7,-1.26
2018-2019,Magic,106.0,25.11,35.45,9.92,45.37,6.63,5.29,13.38,18.96,39.84,88.7,0.45,11.22,32.01,0.35,15.11,19.6,0.77,0.48
2018-2019,Mavericks,109.11,23.45,35.06,10.12,45.18,6.66,4.35,14.42,20.27,38.76,86.69,0.45,12.49,36.65,0.34,19.08,25.81,0.74,-1.33
2018-2019,Nets,111.84,23.52,35.26,11.03,46.3,6.68,4.12,15.35,21.69,40.08,89.74,0.45,12.55,35.98,0.35,19.13,25.57,0.75,-0.46
2018-2019,Nuggets,110.27,26.84,34.62,11.97,46.59,7.55,4.48,13.06,20.29,41.52,89.94,0.46,10.79,30.86,0.35,16.45,21.76,0.76,3.55
2018-2019,Pacers,107.09,25.48,33.91,9.4,43.31,8.66,4.93,13.88,19.73,40.9,87.12,0.47,9.49,25.63,0.37,15.8,21.01,0.75,2.69
2018-2019,Pelicans,115.29,26.94,36.31,11.09,47.41,7.43,5.4,15.08,21.24,43.55,92.29,0.47,10.31,30.15,0.34,17.88,23.72,0.75,-1.81
2018-2019,Pistons,106.53,22.58,33.44,11.44,44.88,6.95,4.01,13.59,22.27,38.74,88.92,0.44,12.13,35.07,0.34,16.92,22.69,0.75,-1.33
2018-2019,Raptors,112.7,24.67,35.28,9.29,44.57,8.31,5.17,13.73,21.55,41.2,88.28,0.47,12.26,33.89,0.36,18.04,22.31,0.81,6.29
2018-2019,Rockets,113.35,21.0,32.08,10.13,42.22,8.67,4.96,13.87,22.23,38.93,86.81,0.45,16.16,45.12,0.36,19.33,24.56,0.79,4.79
2018-2019,Spurs,110.92,24.3,35.51,9.31,44.82,6.02,4.67,11.86,18.37,42.0,88.01,0.48,9.56,24.74,0.39,17.37,21.33,0.82,1.61
2018-2019,Suns,107.09,23.76,31.22,9.23,40.45,8.88,5.09,15.72,23.76,39.87,87.07,0.46,9.6,29.28,0.33,17.74,22.88,0.78,-9.05
2018-2019,Thunder,113.73,23.2,35.43,12.59,48.02,9.23,5.3,14.15,22.76,42.18,93.54,0.45,11.24,32.42,0.35,18.13,25.29,0.72,3.34
2018-2019,Timberwolves,112.24,24.27,33.51,11.23,44.74,8.22,5.01,13.3,20.49,41.33,91.08,0.45,9.94,28.53,0.35,19.65,24.93,0.79,-2.12
2018-2019,Trail Blazers,113.9,22.6,35.8,11.63,47.43,6.7,5.05,13.75,20.83,41.77,90.3,0.46,11.22,31.05,0.36,19.14,23.73,0.81,3.87
2018-2019,Warriors,116.76,29.08,35.72,9.85,45.57,7.59,6.19,14.52,22.04,43.34,89.0,0.49,12.9,33.85,0.38,17.18,21.51,0.8,5.81
2018-2019,Wizards,114.0,26.23,32.94,9.72,42.66,8.38,4.74,14.35,21.23,42.1,90.05,0.47,11.28,33.44,0.34,18.51,24.1,0.77,-2.29
2019-2020,76ers,109.68,25.43,35.42,10.77,46.19,8.05,5.55,14.43,21.35,40.5,87.87,0.46,11.32,31.61,0.36,17.36,22.95,0.75,2.05
2019-2020,Bucks,117.88,25.66,41.64,9.25,50.89,7.31,5.75,15.54,20.44,42.71,89.84,0.48,13.78,38.79,0.36,18.67,25.05,0.74,9.53
2019-2020,Bulls,106.93,23.36,31.74,10.7,42.44,10.04,4.09,15.59,21.9,39.6,89.14,0.45,12.24,35.41,0.35,15.49,20.61,0.75,-2.83
2019-2020,Cavaliers,106.18,22.75,33.28,10.69,43.97,6.81,3.21,16.72,18.54,39.93,87.6,0.46,11.13,32.1,0.34,15.19,20.07,0.76,-8.42
2019-2020,Celtics,112.48,22.96,35.6,10.28,45.89,8.09,5.47,14.24,21.77,40.75,88.46,0.46,12.46,34.76,0.36,18.52,23.35,0.8,6.34
2019-2020,Clippers,114.71,23.33,36.55,10.27,46.82,7.14,4.53,14.52,22.49,41.01,88.56,0.46,12.33,33.62,0.37,20.36,26.01,0.79,5.29
2019-2020,Grizzlies,112.16,26.71,36.55,10.3,46.85,7.86,5.45,15.39,21.29,42.15,90.85,0.47,10.96,31.56,0.35,16.9,22.16,0.76,-1.44
2019-2020,Hawks,110.62,23.86,33.64,9.89,43.53,7.76,5.06,16.62,23.1,40.15,90.12,0.45,11.94,36.0,0.33,18.38,23.57,0.78,-8.14
2019-2020,Heat,111.84,25.8,35.66,8.35,44.01,7.45,4.43,14.97,20.61,39.32,84.36,0.47,13.34,35.89,0.37,19.86,25.1,0.79,3.31
2019-2020,Hornets,102.91,23.83,32.13,10.9,43.03,6.66,4.23,15.1,19.04,37.36,85.93,0.44,11.99,34.24,0.35,16.21,21.51,0.75,-6.0
2019-2020,Jazz,111.24,22.31,35.4,9.05,44.44,6.08,3.88,15.15,20.5,39.94,84.63,0.47,13.47,35.22,0.38,17.9,23.02,0.78,1.63
2019-2020,Kings,110.43,23.85,33.01,9.44,42.46,7.78,4.08,14.73,22.67,40.63,88.29,0.46,12.73,35.03,0.36,16.43,21.22,0.77,-1.67
2019-2020,Knicks,105.69,22.1,34.71,11.9,46.61,7.56,4.86,14.51,22.27,39.77,89.19,0.45,9.66,28.63,0.34,16.49,23.69,0.7,-6.31
2019-2020,Lakers,113.22,25.42,34.83,10.6,45.44,8.71,6.32,15.62,21.71,41.92,87.16,0.48,11.01,31.32,0.35,18.38,25.08,0.73,5.97
2019-2020,Magic,106.74,23.93,34.15,10.3,44.45,8.44,5.3,13.24,18.78,38.98,88.72,0.44,11.17,32.72,0.34,17.61,22.82,0.76,-1.48
2019-2020,Mavericks,116.36,24.39,36.53,10.29,46.82,6.21,4.7,13.13,20.11,41.33,89.98,0.46,14.92,41.02,0.36,18.79,24.38,0.77,3.78
2019-2020,Nets,110.76,24.38,36.99,10.41,47.4,6.68,4.56,15.48,21.18,39.85,89.89,0.44,13.18,38.41,0.35,17.87,24.16,0.74,-1.87
2019-2020,Nuggets,110.11,25.69,33.25,10.4,43.66,7.8,4.53,14.36,20.94,41.12,87.12,0.47,11.12,30.82,0.36,16.75,21.47,0.78,1.42
2019-2020,Pacers,109.4,25.75,34.35,8.65,43.0,7.5,5.23,13.85,20.23,41.85,88.29,0.48,10.38,28.42,0.36,15.33,19.43,0.79,2.23
2019-2020,Pelicans,116.39,26.84,35.41,10.78,46.19,7.64,4.97,16.45,21.31,42.62,91.28,0.47,13.75,36.95,0.37,17.39,23.79,0.73,0.14
2019-2020,Pistons,107.1,24.14,32.18,9.83,42.01,7.31,4.55,15.45,19.66,39.24,86.0,0.46,11.87,32.79,0.36,16.75,22.54,0.74,-3.69
2019-2020,Raptors,112.11,25.22,36.26,9.36,45.61,8.69,5.01,15.08,21.88,39.87,87.77,0.45,13.94,37.47,0.37,18.43,23.36,0.79,6.18
2019-2020,Rockets,116.6,21.7,34.17,9.47,43.64,8.92,4.87,14.95,22.24,40.16,89.73,0.45,16.05,46.14,0.35,20.22,25.59,0.79,2.86
2019-2020,Spurs,113.3,24.63,35.77,8.97,44.75,7.3,5.54,13.2,19.68,41.87,89.13,0.47,10.52,27.97,0.37,19.04,23.61,0.8,-1.7
2019-2020,Suns,113.12,26.86,33.76,9.62,43.39,8.0,3.9,15.16,22.29,40.81,87.82,0.47,11.39,32.0,0.35,20.11,24.12,0.83,0.59
2019-2020,Thunder,109.61,21.38,35.39,8.32,43.71,7.47,4.85,14.25,19.22,39.58,85.39,0.47,10.93,30.99,0.35,19.53,24.86,0.79,1.19
2019-2020,Timberwolves,113.12,23.91,34.35,10.79,45.15,8.78,5.62,15.62,21.35,40.37,92.19,0.44,13.26,39.9,0.33,19.12,25.35,0.75,-4.09
2019-2020,Trail Blazers,114.03,20.55,35.06,10.09,45.15,6.47,5.97,13.46,21.98,41.62,90.4,0.46,12.62,33.63,0.37,18.17,22.85,0.79,-2.06
2019-2020,Warriors,106.73,25.33,32.96,10.16,43.11,8.41,4.73,15.19,20.56,38.54,88.37,0.44,10.6,31.8,0.33,19.04,23.59,0.8,-8.17
2019-2020,Wizards,113.54,24.86,32.08,10.23,42.3,7.96,4.25,14.27,22.94,41.14,90.84,0.45,12.11,33.1,0.37,19.15,24.63,0.77,-3.74
2020-2021,76ers,113.93,23.85,35.13,9.87,45.0,8.91,6.17,14.38,20.78,41.52,86.58,0.48,11.2,29.88,0.38,19.69,26.17,0.75,5.9
2020-2021,Bucks,117.48,24.83,37.41,10.86,48.27,7.97,4.58,13.61,17.72,43.96,91.58,0.48,13.54,36.57,0.37,16.02,21.33,0.75,5.4
2020-2021,Bulls,110.61,26.66,35.84,9.78,45.62,6.68,4.28,15.3,18.89,42.09,88.8,0.48,12.51,34.13,0.36,13.91,17.75,0.79,-0.36
2020-2021,Cavaliers,103.62,23.72,32.46,10.39,42.86,7.78,4.5,15.92,18.54,38.38,85.32,0.45,10.08,29.72,0.34,16.78,22.62,0.74,-8.21
2020-2021,Celtics,112.2,23.14,33.34,10.81,44.15,7.7,5.44,14.12,20.52,41.04,88.91,0.46,13.46,36.62,0.37,16.66,21.35,0.78,1.0
2020-2021,Clippers,112.99,23.57,34.24,9.23,43.48,6.96,4.17,12.85,19.43,41.02,85.56,0.48,14.11,35.0,0.4,16.84,20.23,0.83,5.01
2020-2021,Grizzlies,113.53,26.52,35.31,11.14,46.46,9.11,5.16,13.33,19.19,42.8,92.0,0.47,11.29,31.86,0.35,16.65,21.72,0.77,1.0
2020-2021,Hawks,112.23,23.37,35.02,10.33,45.35,6.95,4.62,13.28,19.89,40.23,87.28,0.46,12.31,33.77,0.36,19.46,24.05,0.81,1.83
2020-2021,Heat,107.36,26.02,33.4,7.95,41.35,7.7,3.86,14.16,19.29,38.81,83.48,0.47,12.89,35.98,0.36,16.86,21.28,0.79,-1.01
2020-2021,Hornets,109.7,26.87,33.35,10.47,43.82,7.82,4.77,15.09,18.18,39.94,87.94,0.45,13.7,37.05,0.37,16.13,21.23,0.76,-1.75
2020-2021,Jazz,116.55,23.21,37.07,10.36,47.43,6.41,4.93,14.16,19.01,41.0,87.42,0.47,16.93,43.14,0.39,17.62,22.05,0.79,8.26
2020-2021,Kings,113.57,25.42,32.41,9.37,41.78,7.63,5.04,13.61,19.55,42.33,88.8,0.48,12.18,33.83,0.36,16.72,22.5,0.74,-3.47
2020-2021,Knicks,106.06,21.37,35.42,9.8,45.22,7.14,4.96,13.17,20.54,39.0,86.21,0.45,11.54,30.05,0.38,16.52,21.16,0.78,2.12
2020-2021,Lakers,108.67,24.2,34.33,9.76,44.09,7.81,5.07,15.08,19.35,40.03,85.68,0.47,11.19,31.58,0.35,17.41,23.5,0.74,2.47
2020-2021,Magic,104.55,21.96,35.32,10.42,45.74,6.99,4.47,12.93,17.39,38.49,89.62,0.43,11.0,32.14,0.34,16.58,21.43,0.78,-8.77
2020-2021,Mavericks,112.26,22.79,34.04,9.24,43.28,6.12,4.12,11.99,19.51,40.96,87.59,0.47,14.0,38.07,0.36,16.33,21.1,0.77,1.84
2020-2021,Nets,117.66,26.15,35.49,8.74,44.23,6.83,5.27,13.37,19.35,42.67,87.03,0.49,14.1,35.95,0.39,18.21,22.53,0.81,4.99
2020-2021,Nuggets,115.2,26.72,33.85,10.76,44.61,7.89,4.54,13.38,19.46,43.12,89.62,0.48,13.15,34.85,0.38,15.81,19.88,0.8,4.26
2020-2021,Pacers,115.3,27.39,33.49,9.13,42.62,8.56,6.19,13.73,20.55,43.22,91.53,0.47,12.51,34.38,0.37,16.35,20.75,0.79,-0.29
2020-2021,Pelicans,114.76,25.91,35.68,11.82,47.5,7.57,4.38,14.55,18.01,42.46,88.96,0.48,10.62,30.55,0.35,19.22,26.39,0.73,0.2
2020-2021,Pistons,105.95,23.96,33.26,9.51,42.78,7.61,5.01,15.28,20.55,38.36,85.32,0.45,11.59,33.16,0.35,17.64,23.3,0.75,-4.11
2020-2021,Raptors,111.19,24.16,32.2,9.32,41.52,8.8,5.35,13.45,21.53,39.61,88.65,0.45,14.61,39.81,0.37,17.35,21.41,0.81,-0.43
2020-2021,Rockets,109.07,23.53,33.53,9.29,42.82,7.72,5.11,14.64,19.79,39.32,88.71,0.44,13.95,40.92,0.34,16.49,22.22,0.74,-6.5
2020-2021,Spurs,110.61,24.24,34.57,9.41,43.97,7.12,5.08,11.47,18.11,41.55,90.63,0.46,9.95,28.55,0.35,17.55,22.26,0.79,-1.53
2020-2021,Suns,113.42,25.92,34.38,8.55,42.93,7.1,4.22,12.6,19.6,42.56,87.55,0.49,12.6,33.54,0.37,15.69,18.72,0.84,5.15
2020-2021,Thunder,105.16,22.03,35.93,9.91,45.84,7.04,4.37,16.21,18.09,38.83,88.17,0.44,12.01,35.13,0.34,15.49,21.33,0.73,-10.03
2020-2021,Timberwolves,112.15,25.47,33.33,10.48,43.81,8.8,5.6,14.53,21.19,40.63,90.89,0.45,13.09,37.56,0.35,17.8,23.4,0.76,-5.14
2020-2021,Trail Blazers,115.87,21.29,33.74,10.51,44.26,6.85,5.07,11.38,19.48,41.2,90.94,0.45,15.57,40.3,0.39,17.9,21.73,0.82,0.82
2020-2021,Warriors,113.4,27.44,35.32,8.03,43.35,8.21,4.94,15.22,21.44,41.13,88.21,0.47,14.53,38.74,0.37,16.61,21.26,0.78,1.61
2020-2021,Wizards,115.72,25.2,35.5,9.7,45.2,7.32,4.24,14.54,21.8,42.88,90.72,0.47,10.01,28.94,0.35,19.95,26.04,0.77,-1.77
2021-2022,76ers,109.43,23.45,33.24,8.53,41.78,7.82,5.26,12.99,19.63,39.15,83.97,0.47,11.73,32.07,0.37,19.39,23.66,0.82,2.51
2021-2022,Bucks,113.62,23.45,36.93,10.15,47.08,7.44,4.07,13.55,18.23,41.41,89.15,0.46,13.65,37.56,0.36,17.14,22.3,0.77,2.87
2021-2022,Bulls,110.99,24.01,34.1,8.77,42.87,7.41,4.15,12.85,18.84,41.57,87.55,0.48,10.66,29.4,0.36,17.19,21.11,0.81,-0.21
2021-2022,Cavaliers,107.34,25.09,33.9,10.1,44.0,7.28,4.19,14.71,17.49,39.52,84.57,0.47,11.55,32.6,0.35,16.75,22.19,0.76,1.51
2021-2022,Celtics,110.09,24.68,35.22,10.14,45.35,7.08,5.92,14.02,19.01,39.7,86.12,0.46,13.37,37.12,0.36,17.32,21.34,0.81,6.04
2021-2022,Clippers,108.07,23.98,34.88,9.24,44.11,7.35,5.0,13.92,18.91,39.83,87.45,0.46,12.64,34.12,0.37,15.77,20.0,0.79,-0.65
2021-2022,Grizzlies,114.71,25.75,35.08,13.84,48.92,9.69,6.52,13.6,19.79,42.92,93.83,0.46,11.79,33.44,0.35,17.08,23.19,0.74,5.51
2021-2022,Hawks,112.71,24.27,33.92,9.95,43.87,7.16,4.18,12.28,18.99,41.0,87.83,0.47,12.78,34.41,0.37,17.92,22.11,0.81,1.22
2021-2022,Heat,109.08,24.76,33.51,10.0,43.51,7.6,3.4,14.52,20.73,39.36,85.13,0.46,13.14,35.72,0.37,17.22,21.4,0.81,4.57
2021-2022,Hornets,114.17,27.69,33.72,10.84,44.56,8.59,4.92,13.54,19.95,42.36,91.32,0.47,13.68,37.94,0.36,15.78,21.37,0.74,-0.38
2021-2022,Jazz,112.47,22.1,35.62,10.6,46.22,7.09,4.86,13.89,19.12,40.22,86.1,0.47,14.16,39.89,0.35,17.87,23.27,0.77,5.0
2021-2022,Kings,110.44,23.67,33.47,9.58,43.05,7.33,4.45,14.06,19.01,40.55,88.38,0.46,11.64,33.77,0.35,17.71,23.08,0.77,-4.7
2021-2022,Knicks,106.93,22.07,34.84,11.38,46.22,6.94,4.85,13.16,20.45,37.85,86.57,0.44,13.31,37.13,0.36,17.92,23.97,0.75,0.45
2021-2022,Lakers,111.51,23.88,34.69,9.5,44.19,7.73,5.18,14.89,20.39,41.33,88.73,0.47,11.95,34.47,0.35,16.9,23.12,0.73,-3.66
2021-2022,Magic,103.87,23.63,35.26,9.08,44.34,6.84,4.73,14.6,19.59,38.17,88.15,0.43,12.19,36.7,0.33,15.34,19.49,0.79,-7.85
2021-2022,Mavericks,108.13,22.9,33.46,8.97,42.43,6.92,3.86,12.12,19.93,38.98,84.75,0.46,13.53,38.06,0.36,16.64,21.62,0.77,3.66
2021-2022,Nets,112.77,25.08,33.74,10.15,43.89,7.25,5.53,14.34,20.62,41.84,87.69,0.48,11.54,31.58,0.36,17.56,22.0,0.8,0.86
2021-2022,Nuggets,112.34,27.48,34.79,9.23,44.02,7.25,3.87,14.73,20.36,41.37,86.29,0.48,12.75,36.16,0.35,16.85,21.26,0.79,1.53
2021-2022,Pacers,111.12,25.36,32.74,11.23,43.98,7.19,5.62,14.52,20.42,41.36,89.5,0.46,12.13,35.48,0.34,16.27,21.24,0.77,-3.62
2021-2022,Pelicans,108.91,24.55,33.29,12.18,45.47,8.03,4.0,14.19,19.81,40.02,87.89,0.46,10.54,31.59,0.34,18.33,23.41,0.78,-0.91
2021-2022,Pistons,104.83,23.42,32.12,10.88,43.0,7.63,4.86,14.31,21.76,38.16,88.41,0.43,11.21,34.47,0.33,17.29,22.08,0.78,-7.36
2021-2022,Raptors,109.2,22.15,31.81,13.1,44.9,9.01,4.68,12.6,19.9,40.58,91.14,0.45,11.94,34.4,0.35,16.11,21.2,0.76,1.72
2021-2022,Rockets,109.51,23.44,32.7,9.72,42.42,7.35,4.65,16.65,20.73,39.26,86.42,0.46,13.33,38.47,0.34,17.67,24.9,0.71,-8.59
2021-2022,Spurs,112.84,27.68,34.49,10.98,45.47,7.52,4.88,12.83,18.2,43.11,92.73,0.47,11.38,32.26,0.35,15.24,20.27,0.75,0.47
2021-2022,Suns,113.94,27.16,35.09,9.73,44.82,8.4,4.28,13.13,20.16,43.37,89.24,0.49,11.37,31.33,0.36,15.82,19.7,0.8,7.13
2021-2022,Thunder,103.81,22.28,35.26,10.33,45.58,7.63,4.58,14.05,18.33,38.31,89.19,0.43,12.24,37.77,0.32,14.94,19.86,0.75,-7.94
2021-2022,Timberwolves,115.39,25.48,33.16,10.9,44.06,8.94,5.74,14.6,22.18,41.26,90.44,0.46,14.59,40.83,0.36,18.28,23.45,0.78,2.58
2021-2022,Trail Blazers,105.6,22.69,32.71,10.31,43.02,8.07,4.44,14.9,20.93,38.3,86.91,0.44,12.57,36.78,0.34,16.43,21.59,0.76,-9.27
2021-2022,Warriors,111.35,27.13,35.65,9.78,45.43,8.75,4.6,14.88,21.09,40.67,86.73,0.47,14.39,39.49,0.37,15.62,20.35,0.77,5.99
2021-2022,Wizards,108.43,24.83,34.34,8.94,43.29,6.49,5.09,13.17,19.05,40.33,86.06,0.47,10.52,31.01,0.34,17.24,22.14,0.78,-3.43
2022-2023,76ers,113.69,24.38,32.38,9.04,41.42,7.95,4.81,13.53,20.31,40.37,84.31,0.48,12.59,32.97,0.38,20.36,24.22,0.84,3.9
2022-2023,Bucks,116.39,25.64,37.03,11.14,48.17,6.48,4.74,14.87,18.39,42.46,90.27,0.47,14.85,40.38,0.37,16.63,22.42,0.75,2.6
2022-2023,Bulls,113.34,24.66,33.95,8.47,42.42,7.85,4.59,13.62,19.19,42.64,86.76,0.49,10.41,28.85,0.36,17.66,21.81,0.81,1.74
2022-2023,Cavaliers,110.97,24.67,31.35,9.65,41.0,7.14,4.71,13.57,19.23,41.04,84.81,0.49,11.52,31.48,0.36,17.36,22.35,0.78,4.36
2022-2023,Celtics,117.07,26.35,35.43,9.66,45.09,6.21,5.4,13.37,18.74,41.96,88.22,0.48,15.77,42.09,0.37,17.37,21.39,0.81,6.07
2022-2023,Clippers,113.62,23.81,33.22,9.8,43.02,7.16,4.52,14.34,19.76,40.94,86.13,0.48,12.71,33.48,0.38,19.02,24.21,0.78,0.01
2022-2023,Grizzlies,115.81,25.73,34.49,12.13,46.62,8.39,5.57,13.85,20.01,43.08,91.94,0.47,11.86,34.44,0.34,17.8,24.11,0.75,3.26
2022-2023,Hawks,117.99,24.88,33.26,11.29,44.55,7.01,4.87,12.9,18.72,44.41,92.44,0.48,11.0,31.06,0.36,18.17,22.34,0.81,0.08
2022-2023,Heat,109.33,23.93,31.11,9.69,40.79,7.89,3.17,13.15,19.07,39.27,85.86,0.46,12.23,34.87,0.35,18.56,22.46,0.83,0.5
2022-2023,Hornets,110.25,24.76,33.53,11.17,44.7,7.78,5.24,14.33,20.3,41.02,90.52,0.46,10.54,32.48,0.32,17.67,23.71,0.75,-6.91
2022-2023,Jazz,116.34,25.85,34.13,11.91,46.03,6.2,5.21,15.57,20.58,42.28,89.9,0.47,13.21,37.67,0.35,18.57,23.84,0.78,-1.31
2022-2023,Kings,120.03,26.92,33.12,10.0,43.12,7.3,3.47,13.68,20.29,43.32,88.98,0.49,13.73,37.66,0.36,19.66,25.11,0.78,3.63
2022-2023,Knicks,114.1,22.55,33.98,12.62,46.6,6.58,4.27,13.2,20.22,41.23,88.73,0.47,12.29,35.49,0.35,19.36,25.42,0.76,2.98
2022-2023,Lakers,115.48,25.07,35.86,9.73,45.59,6.5,4.99,14.13,18.11,42.04,88.51,0.48,10.7,31.47,0.34,20.7,26.62,0.78,-0.07
2022-2023,Magic,111.13,23.28,33.26,10.2,43.46,7.53,4.74,15.31,20.32,40.37,86.23,0.47,10.87,31.62,0.35,19.52,24.86,0.79,-2.12
2022-2023,Mavericks,113.93,22.98,31.21,7.56,38.78,6.47,3.75,12.39,20.78,39.89,84.2,0.47,15.21,41.14,0.37,18.93,25.04,0.75,0.2
2022-2023,Nets,111.91,25.3,32.32,8.11,40.43,7.17,6.04,14.0,20.94,40.89,84.57,0.48,12.58,33.72,0.37,17.56,22.11,0.79,0.21
2022-2023,Nuggets,115.23,28.12,33.24,10.06,43.3,7.44,4.4,14.13,18.82,43.17,86.25,0.5,11.66,30.96,0.37,17.23,22.66,0.76,4.02
2022-2023,Pacers,116.21,26.99,31.62,10.17,41.79,7.65,5.93,14.98,21.38,42.01,89.66,0.47,13.4,36.79,0.36,18.79,23.78,0.79,-2.93
2022-2023,Pelicans,114.39,25.95,33.39,10.65,44.03,8.34,4.2,14.67,20.74,41.98,87.73,0.48,10.9,30.19,0.36,19.53,24.7,0.79,2.16
2022-2023,Pistons,109.91,22.95,31.47,11.16,42.63,6.9,3.84,15.29,22.29,39.34,87.13,0.45,11.49,33.0,0.35,19.74,25.6,0.77,-8.19
2022-2023,Raptors,112.88,23.64,30.76,12.9,43.66,9.4,5.22,11.9,20.19,41.85,91.58,0.46,10.58,32.06,0.33,18.59,24.09,0.78,1.69
2022-2023,Rockets,111.2,22.51,33.15,13.44,46.59,7.37,4.55,16.43,20.64,40.73,88.94,0.46,10.67,32.17,0.33,19.06,25.3,0.75,-6.5
2022-2023,Spurs,112.46,27.02,32.14,11.76,43.9,7.02,4.03,15.47,20.05,42.72,92.31,0.46,11.08,32.4,0.34,15.93,21.51,0.74,-9.94
2022-2023,Suns,113.57,26.8,32.35,11.54,43.9,7.11,5.33,13.48,21.49,42.02,89.68,0.47,11.83,31.93,0.37,17.7,22.23,0.8,1.52
2022-2023,Thunder,116.95,24.28,32.27,11.4,43.67,8.34,4.25,13.28,21.01,42.78,92.12,0.47,12.06,34.17,0.35,19.33,23.98,0.8,1.4
2022-2023,Timberwolves,115.07,26.1,33.15,8.9,42.05,8.16,5.41,15.3,21.6,42.45,87.18,0.49,12.12,33.39,0.36,18.06,23.86,0.76,-0.06
2022-2023,Trail Blazers,112.66,23.91,31.02,9.45,40.48,6.78,4.64,14.65,20.17,40.06,85.06,0.47,12.7,34.97,0.36,19.85,25.03,0.79,-4.64
2022-2023,Warriors,118.09,29.58,34.12,10.84,44.96,7.27,4.03,16.1,21.84,42.92,90.56,0.48,16.23,42.98,0.38,16.02,20.35,0.79,1.8
2022-2023,Wizards,112.69,25.39,34.08,9.45,43.53,6.92,5.24,14.12,18.86,41.93,86.96,0.48,11.24,31.88,0.35,17.6,22.44,0.79,-1.35
2023-2024,76ers,114.03,24.81,31.77,11.12,42.89,8.4,5.98,12.14,20.48,41.16,89.14,0.46,12.35,33.85,0.36,19.35,23.46,0.82,2.72
2023-2024,Bucks,117.82,26.23,34.82,9.53,44.34,6.85,4.97,13.01,19.15,42.8,88.6,0.48,13.97,37.9,0.37,18.26,23.59,0.77,2.32
2023-2024,Bulls,112.04,25.08,32.48,11.35,43.83,7.94,4.79,12.48,18.96,42.06,89.9,0.47,11.51,32.17,0.36,16.43,20.73,0.79,-1.4
2023-2024,Cavaliers,110.61,27.18,33.2,9.45,42.65,7.37,4.66,13.59,17.95,41.13,86.71,0.47,13.12,36.46,0.36,15.22,19.93,0.76,1.26
2023-2024,Celtics,118.27,26.24,35.26,10.62,45.89,6.85,6.25,12.05,16.25,42.98,89.09,0.48,16.08,42.2,0.38,16.23,20.13,0.81,10.72
2023-2024,Clippers,114.0,25.04,32.87,10.21,43.08,7.78,4.99,13.26,18.91,41.74,86.46,0.48,12.37,32.86,0.38,18.15,22.13,0.83,2.76
2023-2024,Grizzlies,106.37,24.83,31.94,10.84,42.78,8.24,6.22,15.16,19.16,38.55,88.48,0.44,13.14,38.18,0.34,16.13,21.1,0.76,-6.49
2023-2024,Hawks,117.7,26.58,32.27,12.31,44.58,7.67,4.4,13.93,18.53,42.8,92.1,0.47,13.61,37.69,0.36,18.5,23.25,0.79,-2.1
2023-2024,Heat,109.21,25.49,33.04,9.33,42.37,7.36,3.37,12.96,17.52,39.65,85.67,0.46,12.39,33.9,0.37,17.52,21.39,0.82,0.78
2023-2024,Hornets,106.48,24.69,31.4,9.45,40.85,6.97,4.6,14.01,18.0,39.94,87.16,0.46,11.87,33.98,0.35,14.72,18.8,0.79,-10.05
2023-2024,Jazz,115.51,27.17,33.34,12.2,45.53,6.6,5.56,15.78,18.57,41.91,89.74,0.47,12.85,36.45,0.35,18.85,22.83,0.83,-4.23
2023-2024,Kings,115.96,28.26,33.04,10.84,43.89,7.7,4.27,13.24,20.0,43.07,91.09,0.47,14.35,39.61,0.36,15.47,20.75,0.74,1.52
2023-2024,Knicks,112.32,24.06,32.01,12.73,44.74,7.29,4.23,13.04,17.68,40.97,88.46,0.46,13.1,35.49,0.37,17.28,22.32,0.78,3.38
2023-2024,Lakers,116.97,27.94,34.95,8.2,43.15,7.45,5.64,14.08,16.15,43.27,87.4,0.5,11.68,31.46,0.37,18.74,24.14,0.77,0.13
2023-2024,Magic,109.59,24.36,31.98,10.58,42.55,8.24,5.27,14.71,19.9,40.01,85.01,0.47,11.03,31.83,0.35,18.53,24.41,0.76,2.23
2023-2024,Mavericks,114.99,24.65,33.14,9.96,43.1,6.8,5.08,12.64,18.41,42.04,88.37,0.48,14.06,38.34,0.36,16.86,22.53,0.75,2.59
2023-2024,Nets,110.61,25.62,32.74,11.34,44.08,6.81,5.22,13.4,18.48,40.6,88.94,0.46,13.36,36.68,0.36,16.05,21.16,0.76,-2.18
2023-2024,Nuggets,113.18,28.85,33.43,10.57,44.0,7.18,5.43,12.76,18.26,43.24,88.2,0.49,11.65,31.67,0.37,15.05,19.59,0.77,4.23
2023-2024,Pacers,121.2,30.53,31.53,10.13,41.66,7.36,5.8,12.95,21.44,46.27,92.01,0.5,13.02,35.28,0.37,15.64,20.1,0.78,2.53
2023-2024,Pelicans,113.11,26.59,33.54,10.54,44.09,8.43,4.64,13.63,18.55,41.92,87.25,0.48,12.14,32.51,0.37,17.12,22.23,0.77,2.82
2023-2024,Pistons,110.3,25.59,33.15,10.55,43.7,6.49,4.74,15.36,20.84,40.99,88.37,0.46,11.14,31.92,0.35,17.19,21.99,0.78,-8.31
2023-2024,Raptors,112.53,28.49,32.06,10.87,42.93,7.81,4.84,14.26,18.6,42.21,89.47,0.47,11.49,33.08,0.35,16.61,21.99,0.76,-5.39
2023-2024,Rockets,114.13,24.8,34.26,11.48,45.75,8.1,4.59,12.95,20.91,41.6,90.86,0.46,12.56,36.0,0.35,18.37,23.77,0.77,1.95
2023-2024,Spurs,112.2,29.85,33.98,10.34,44.32,7.29,6.41,15.22,17.34,41.89,90.63,0.46,12.67,36.34,0.35,15.76,20.34,0.77,-5.84
2023-2024,Suns,115.87,26.73,33.57,10.09,43.66,7.6,5.87,15.07,18.41,42.09,85.78,0.49,12.31,32.27,0.38,19.38,23.97,0.81,2.55
2023-2024,Thunder,118.62,26.77,33.29,8.88,42.16,8.38,6.41,12.61,18.77,43.91,89.04,0.49,13.21,34.41,0.38,17.6,21.55,0.82,7.09
2023-2024,Timberwolves,112.1,26.32,33.93,9.61,43.54,7.75,5.82,14.06,19.26,40.86,84.8,0.48,12.61,32.93,0.38,17.76,22.88,0.77,6.22
2023-2024,Trail Blazers,106.73,23.16,30.04,12.59,42.62,7.8,4.34,15.35,20.31,39.55,89.82,0.44,11.48,33.38,0.34,16.14,20.51,0.79,-8.87
2023-2024,Warriors,117.72,29.1,34.85,12.06,46.91,7.08,4.59,14.59,19.59,43.53,91.48,0.48,14.74,38.88,0.38,15.91,20.45,0.77,2.42
2023-2024,Wizards,113.58,27.75,32.02,9.21,41.24,7.72,5.12,13.95,19.98,42.79,91.45,0.47,12.39,35.72,0.35,15.61,20.34,0.77,-9.02
2024-2025,76ers,109.29,22.99,29.69,10.52,40.21,9.21,4.41,13.01,19.01,39.51,87.46,0.45,12.68,37.33,0.34,17.6,22.54,0.78,-6.31
2024-2025,Bucks,114.21,25.37,35.15,8.37,43.53,7.29,4.74,13.07,18.16,41.51,86.41,0.48,14.21,36.78,0.39,16.99,22.69,0.74,1.3
2024-2025,Bulls,117.7,28.85,36.0,10.12,46.12,7.69,4.78,14.06,17.84,43.12,92.43,0.47,15.43,42.31,0.37,16.02,19.89,0.81,-1.66
2024-2025,Cavaliers,121.39,27.62,34.21,11.24,45.45,8.27,4.25,12.58,18.13,44.04,90.64,0.49,15.63,41.42,0.38,17.67,22.69,0.77,8.98
2024-2025,Celtics,115.37,25.63,33.67,11.41,45.08,7.27,5.5,11.45,16.52,41.13,89.49,0.46,17.45,47.46,0.37,15.65,19.57,0.8,9.09
2024-2025,Clippers,112.04,25.14,33.19,10.12,43.31,9.54,4.84,13.89,18.51,41.35,85.84,0.48,12.25,33.29,0.37,17.09,21.71,0.79,4.27
2024-2025,Grizzlies,120.28,28.1,34.35,12.95,47.39,8.7,5.58,15.42,21.05,44.06,92.73,0.48,13.8,37.73,0.36,18.35,23.31,0.79,3.37
2024-2025,Hawks,117.63,29.59,32.66,11.93,44.59,9.74,5.01,14.76,19.14,43.15,91.91,0.47,13.53,37.84,0.36,17.8,23.02,0.77,-1.74
2024-2025,Heat,110.17,26.48,33.45,9.77,43.23,8.34,3.9,12.91,15.99,40.4,87.03,0.47,13.71,37.65,0.37,15.67,20.05,0.78,-0.34
2024-2025,Hornets,105.76,24.29,33.16,12.26,45.42,7.39,4.6,15.26,19.01,38.51,89.12,0.43,13.24,38.59,0.34,15.52,19.96,0.77,-8.24
2024-2025,Jazz,110.33,25.24,33.47,12.0,45.47,6.77,4.6,16.74,18.84,39.94,88.26,0.45,13.86,39.67,0.35,17.87,22.98,0.78,-9.41
2024-2025,Kings,114.82,26.38,32.98,11.25,44.23,7.81,4.26,12.94,19.17,42.75,90.12,0.48,12.41,35.28,0.35,16.91,21.11,0.8,-0.38
2024-2025,Knicks,114.64,25.98,31.83,11.01,42.84,8.16,4.09,12.3,17.84,42.48,88.86,0.48,12.3,33.99,0.36,17.38,21.91,0.8,3.53
2024-2025,Lakers,112.14,25.51,32.7,9.8,42.51,7.55,4.66,13.36,17.52,40.44,85.47,0.47,13.13,36.34,0.36,18.13,23.01,0.79,-0.33
2024-2025,Magic,103.65,22.83,30.89,11.11,42.13,8.71,5.83,13.13,20.31,38.0,85.61,0.44,10.98,35.01,0.31,17.82,23.19,0.77,-0.63
2024-2025,Mavericks,113.78,25.17,32.95,9.99,42.94,7.9,5.58,13.52,17.88,41.82,87.56,0.48,12.39,34.02,0.36,17.76,23.07,0.77,-1.1
2024-2025,Nets,105.38,25.27,30.34,10.9,41.23,7.9,4.29,13.93,20.81,37.71,86.19,0.44,13.55,39.45,0.34,16.42,20.97,0.78,-6.73
2024-2025,Nuggets,118.29,29.71,34.52,11.3,45.82,7.9,4.72,14.03,18.16,44.1,88.99,0.5,11.95,32.35,0.37,18.14,23.72,0.77,1.91
2024-2025,Pacers,116.92,28.66,32.64,9.05,41.69,8.48,5.5,12.66,19.69,43.09,88.36,0.49,13.19,35.39,0.37,17.54,22.35,0.79,2.22
2024-2025,Pelicans,109.55,25.68,31.5,12.11,43.61,8.62,5.29,14.1,18.42,40.48,89.7,0.45,11.95,34.76,0.34,16.64,22.04,0.75,-9.39
2024-2025,Pistons,114.39,26.14,33.41,11.26,44.67,8.06,5.35,14.26,20.81,42.22,89.24,0.47,12.54,35.03,0.36,17.42,22.42,0.77,2.03
2024-2025,Raptors,111.0,28.7,32.68,12.64,45.32,8.1,4.17,14.84,21.47,41.74,91.06,0.46,11.8,34.02,0.35,15.72,21.05,0.74,-3.93
2024-2025,Rockets,113.93,23.23,33.96,14.6,48.55,8.34,5.02,13.1,19.0,42.16,92.72,0.46,12.59,35.51,0.35,17.02,23.33,0.73,4.43
2024-2025,Spurs,112.7,28.76,32.76,10.91,43.67,8.34,5.47,13.33,16.8,41.81,89.76,0.47,14.02,39.55,0.35,16.38,21.31,0.77,-2.51
2024-2025,Suns,113.46,27.89,33.23,9.43,42.66,7.33,4.87,13.36,17.94,41.22,86.64,0.48,14.41,38.3,0.38,16.61,20.55,0.81,-2.92
2024-2025,Thunder,118.66,26.0,33.89,10.71,44.6,10.45,5.71,11.25,20.23,43.7,92.06,0.48,13.87,38.09,0.36,17.39,21.49,0.81,11.47
2024-2025,Timberwolves,113.84,25.88,32.93,11.21,44.14,7.89,4.86,13.93,18.96,40.93,87.64,0.47,14.82,39.68,0.37,17.16,21.93,0.78,4.55
2024-2025,Trail Blazers,110.84,23.92,31.58,13.38,44.95,8.41,5.32,15.15,19.05,40.51,90.27,0.45,12.86,37.71,0.34,16.96,22.31,0.76,-2.21
2024-2025,Warriors,112.52,28.46,32.44,12.31,44.74,9.35,4.73,13.39,19.51,40.27,89.51,0.45,15.25,41.95,0.36,16.74,21.85,0.76,3.41
2024-2025,Wizards,106.43,24.94,33.19,10.42,43.6,7.48,5.2,15.28,20.05,39.22,89.42,0.44,13.08,38.98,0.33,16.14,20.9,0.77,-12.49
