Player,From,To,Season
A.J. Lawson,Dallas Mavericks,Dallas Mavericks,2023
A.J. Lawson,Dallas Mavericks,Toronto Raptors,2024
A.J. Lawson,Toronto Raptors,Toronto Raptors,2025
AJ Price,Indiana Pacers,Indiana Pacers,2010
AJ Price,Indiana Pacers,Indiana Pacers,2011
AJ Price,Indiana Pacers,Washington Wizards,2012
Aaron Brooks,Houston Rockets,Houston Rockets,2008
Aaron Brooks,Houston Rockets,Houston Rockets,2009
Aaron Brooks,Houston Rockets,Phoenix Suns,2010
Aaron Brooks,Phoenix Suns,Houston Rockets,2012
Aaron Brooks,Houston Rockets,Denver Nuggets,2013
Aaron Brooks,Chicago Bulls,Indiana Pacers,2016
Aaron Brooks,Indiana Pacers,Minnesota Timberwolves,2017
Aaron Gordon,Orlando Magic,Orlando Magic,2016
Aaron Gordon,Orlando Magic,Orlando Magic,2017
Aaron Gordon,Orlando Magic,Orlando Magic,2018
Aaron Gordon,Orlando Magic,Orlando Magic,2019
Aaron Gordon,Orlando Magic,Denver Nuggets,2020
Aaron Gordon,Denver Nuggets,Denver Nuggets,2021
Aaron Gordon,Denver Nuggets,Denver Nuggets,2022
Aaron Gordon,Denver Nuggets,Denver Nuggets,2023
Aaron Gordon,Denver Nuggets,Denver Nuggets,2024
Aaron Gordon,Denver Nuggets,Denver Nuggets,2025
Aaron Gray,Chicago Bulls,Chicago Bulls,2008
Aaron Gray,Chicago Bulls,New Orleans Pelicans,2009
Aaron Gray,New Orleans Pelicans,New Orleans Pelicans,2010
Aaron Gray,New Orleans Pelicans,Toronto Raptors,2011
Aaron Gray,Toronto Raptors,Toronto Raptors,2012
Aaron Gray,Toronto Raptors,Sacramento Kings,2013
Aaron Harrison,Charlotte Hornets,Dallas Mavericks,2017
Aaron Holiday,Indiana Pacers,Indiana Pacers,2019
Aaron Holiday,Indiana Pacers,Indiana Pacers,2020
Aaron Holiday,Indiana Pacers,Phoenix Suns,2021
Aaron Holiday,Phoenix Suns,Atlanta Hawks,2022
Aaron Holiday,Atlanta Hawks,Houston Rockets,2023
Aaron Holiday,Houston Rockets,Houston Rockets,2024
Aaron Holiday,Houston Rockets,Houston Rockets,2025
Aaron McKie,Philadelphia 76ers,Los Angeles Lakers,2005
Aaron McKie,Los Angeles Lakers,Los Angeles Lakers,2006
Aaron Nesmith,Boston Celtics,Boston Celtics,2021
Aaron Nesmith,Boston Celtics,Indiana Pacers,2022
Aaron Nesmith,Indiana Pacers,Indiana Pacers,2023
Aaron Nesmith,Indiana Pacers,Indiana Pacers,2024
Aaron Nesmith,Indiana Pacers,Indiana Pacers,2025
Aaron Williams,Toronto Raptors,New Orleans Pelicans,2005
Aaron Williams,New Orleans Pelicans,Los Angeles Clippers,2006
Abdel Nader,Boston Celtics,Oklahoma City Thunder,2018
Abdel Nader,Oklahoma City Thunder,Oklahoma City Thunder,2019
Abdel Nader,Oklahoma City Thunder,Phoenix Suns,2020
Acie Law,Atlanta Hawks,Atlanta Hawks,2008
Acie Law,Atlanta Hawks,Chicago Bulls,2009
Acie Law,Chicago Bulls,Golden State Warriors,2010
Adam Morrison,Charlotte Hornets,Charlotte Hornets,2007
Adam Morrison,Charlotte Hornets,Los Angeles Lakers,2008
Adam Morrison,Los Angeles Lakers,Los Angeles Lakers,2009
Admiral Schofield,Washington Wizards,Orlando Magic,2021
Admiral Schofield,Orlando Magic,Orlando Magic,2022
Admiral Schofield,Orlando Magic,Orlando Magic,2023
Adonal Foyle,Golden State Warriors,Golden State Warriors,2005
Adonal Foyle,Golden State Warriors,Golden State Warriors,2006
Adonal Foyle,Golden State Warriors,Orlando Magic,2007
Adonal Foyle,Orlando Magic,Orlando Magic,2008
Adonal Foyle,Orlando Magic,Orlando Magic,2009
Adrian Griffin,Chicago Bulls,Dallas Mavericks,2005
Adrian Griffin,Dallas Mavericks,Chicago Bulls,2006
Adrian Griffin,Chicago Bulls,Oklahoma City Thunder,2007
Al Harrington,Atlanta Hawks,Atlanta Hawks,2005
Al Harrington,Atlanta Hawks,Golden State Warriors,2006
Al Harrington,Golden State Warriors,Golden State Warriors,2007
Al Harrington,Golden State Warriors,New York Knicks,2008
Al Harrington,New York Knicks,New York Knicks,2009
Al Harrington,New York Knicks,Denver Nuggets,2010
Al Harrington,Denver Nuggets,Denver Nuggets,2011
Al Harrington,Denver Nuggets,Orlando Magic,2012
Al Harrington,Orlando Magic,Washington Wizards,2013
Al Horford,Atlanta Hawks,Boston Celtics,2016
Al Horford,Boston Celtics,Boston Celtics,2017
Al Horford,Boston Celtics,Boston Celtics,2018
Al Horford,Boston Celtics,Philadelphia 76ers,2019
Al Horford,Philadelphia 76ers,Boston Celtics,2020
Al Horford,Boston Celtics,Boston Celtics,2021
Al Horford,Boston Celtics,Boston Celtics,2022
Al Horford,Boston Celtics,Boston Celtics,2023
Al Horford,Boston Celtics,Boston Celtics,2024
Al Horford,Boston Celtics,Golden State Warriors,2025
Al Jefferson,Boston Celtics,Boston Celtics,2005
Al Jefferson,Boston Celtics,Boston Celtics,2006
Al Jefferson,Boston Celtics,Minnesota Timberwolves,2007
Al Jefferson,Minnesota Timberwolves,Minnesota Timberwolves,2008
Al Jefferson,Minnesota Timberwolves,Minnesota Timberwolves,2009
Al Jefferson,Minnesota Timberwolves,Utah Jazz,2010
Al Jefferson,Utah Jazz,Utah Jazz,2011
Al Jefferson,Utah Jazz,Utah Jazz,2012
Al Jefferson,Utah Jazz,Charlotte Hornets,2013
Al Jefferson,Charlotte Hornets,Indiana Pacers,2016
Al Jefferson,Indiana Pacers,Indiana Pacers,2017
Al Thornton,Los Angeles Clippers,Los Angeles Clippers,2008
Al Thornton,Los Angeles Clippers,Washington Wizards,2009
Al Thornton,Washington Wizards,Golden State Warriors,2010
Al-Farouq Aminu,Los Angeles Clippers,New Orleans Pelicans,2011
Al-Farouq Aminu,New Orleans Pelicans,New Orleans Pelicans,2012
Al-Farouq Aminu,New Orleans Pelicans,New Orleans Pelicans,2013
Al-Farouq Aminu,Portland Trail Blazers,Portland Trail Blazers,2016
Al-Farouq Aminu,Portland Trail Blazers,Portland Trail Blazers,2017
Al-Farouq Aminu,Portland Trail Blazers,Portland Trail Blazers,2018
Al-Farouq Aminu,Portland Trail Blazers,Orlando Magic,2019
Al-Farouq Aminu,Orlando Magic,Chicago Bulls,2020
Alan Anderson,Charlotte Hornets,Charlotte Hornets,2006
Alan Anderson,Charlotte Hornets,Toronto Raptors,2011
Alan Anderson,Toronto Raptors,Toronto Raptors,2012
Alan Anderson,Toronto Raptors,Brooklyn Nets,2013
Alan Anderson,Washington Wizards,Los Angeles Clippers,2016
Alan Henderson,Dallas Mavericks,Cleveland Cavaliers,2005
Alan Henderson,Cleveland Cavaliers,Philadelphia 76ers,2006
Alan Williams,Phoenix Suns,Phoenix Suns,2016
Alan Williams,Phoenix Suns,Phoenix Suns,2017
Alan Williams,Phoenix Suns,Brooklyn Nets,2018
Alec Burks,Utah Jazz,Utah Jazz,2016
Alec Burks,Utah Jazz,Utah Jazz,2017
Alec Burks,Utah Jazz,Sacramento Kings,2018
Alec Burks,Sacramento Kings,Philadelphia 76ers,2019
Alec Burks,Philadelphia 76ers,New York Knicks,2020
Alec Burks,New York Knicks,New York Knicks,2021
Alec Burks,New York Knicks,Detroit Pistons,2022
Alec Burks,Detroit Pistons,New York Knicks,2023
Alec Burks,New York Knicks,Miami Heat,2024
Aleksej Pokusevski,Oklahoma City Thunder,Oklahoma City Thunder,2021
Aleksej Pokusevski,Oklahoma City Thunder,Oklahoma City Thunder,2022
Aleksej Pokusevski,Oklahoma City Thunder,Charlotte Hornets,2023
Alex Caruso,Los Angeles Lakers,Los Angeles Lakers,2018
Alex Caruso,Los Angeles Lakers,Los Angeles Lakers,2019
Alex Caruso,Los Angeles Lakers,Los Angeles Lakers,2020
Alex Caruso,Los Angeles Lakers,Chicago Bulls,2021
Alex Caruso,Chicago Bulls,Chicago Bulls,2022
Alex Caruso,Chicago Bulls,Chicago Bulls,2023
Alex Caruso,Chicago Bulls,Oklahoma City Thunder,2024
Alex Caruso,Oklahoma City Thunder,Oklahoma City Thunder,2025
Alex Len,Phoenix Suns,Phoenix Suns,2016
Alex Len,Phoenix Suns,Phoenix Suns,2017
Alex Len,Phoenix Suns,Atlanta Hawks,2018
Alex Len,Atlanta Hawks,Sacramento Kings,2019
Alex Len,Sacramento Kings,Washington Wizards,2020
Alex Len,Washington Wizards,Sacramento Kings,2021
Alex Len,Sacramento Kings,Sacramento Kings,2022
Alex Len,Sacramento Kings,Sacramento Kings,2023
Alex Len,Sacramento Kings,Los Angeles Lakers,2024
Alex Poythress,Philadelphia 76ers,Indiana Pacers,2017
Alex Poythress,Indiana Pacers,Atlanta Hawks,2018
Alexander Johnson,Memphis Grizzlies,Miami Heat,2007
Alexander Johnson,Miami Heat,Houston Rockets,2009
Alexis Ajinca,Charlotte Hornets,Charlotte Hornets,2009
Alexis Ajinca,Charlotte Hornets,Toronto Raptors,2010
Alexis Ajinca,Toronto Raptors,New Orleans Pelicans,2013
Alfonzo McKinnie,Toronto Raptors,Golden State Warriors,2018
Alfonzo McKinnie,Golden State Warriors,Cleveland Cavaliers,2019
Alfonzo McKinnie,Cleveland Cavaliers,Los Angeles Lakers,2020
Alize Johnson,Indiana Pacers,Indiana Pacers,2019
Alize Johnson,Indiana Pacers,Brooklyn Nets,2020
Allen Crabbe,Portland Trail Blazers,Portland Trail Blazers,2016
Allen Crabbe,Portland Trail Blazers,Brooklyn Nets,2017
Allen Crabbe,Brooklyn Nets,Brooklyn Nets,2018
Allen Iverson,Philadelphia 76ers,Philadelphia 76ers,2005
Allen Iverson,Philadelphia 76ers,Denver Nuggets,2006
Allen Iverson,Denver Nuggets,Denver Nuggets,2007
Allen Iverson,Denver Nuggets,Detroit Pistons,2008
Allen Iverson,Detroit Pistons,Philadelphia 76ers,2009
Alonzo Gee,San Antonio Spurs,Cleveland Cavaliers,2010
Alonzo Gee,Cleveland Cavaliers,Cleveland Cavaliers,2011
Alonzo Gee,Cleveland Cavaliers,Cleveland Cavaliers,2012
Alonzo Gee,Cleveland Cavaliers,Cleveland Cavaliers,2013
Amar'e Stoudemire,Phoenix Suns,Phoenix Suns,2005
Amar'e Stoudemire,Phoenix Suns,Phoenix Suns,2006
Amar'e Stoudemire,Phoenix Suns,Phoenix Suns,2007
Amar'e Stoudemire,Phoenix Suns,Phoenix Suns,2008
Amar'e Stoudemire,Phoenix Suns,Phoenix Suns,2009
Amar'e Stoudemire,Phoenix Suns,New York Knicks,2010
Amar'e Stoudemire,New York Knicks,New York Knicks,2011
Amar'e Stoudemire,New York Knicks,New York Knicks,2012
Amar'e Stoudemire,New York Knicks,New York Knicks,2013
Amile Jefferson,Minnesota Timberwolves,Orlando Magic,2018
Amir Coffey,Los Angeles Clippers,Los Angeles Clippers,2020
Amir Coffey,Los Angeles Clippers,Los Angeles Clippers,2021
Amir Coffey,Los Angeles Clippers,Los Angeles Clippers,2022
Amir Coffey,Los Angeles Clippers,Los Angeles Clippers,2023
Amir Coffey,Los Angeles Clippers,Los Angeles Clippers,2024
Amir Coffey,Los Angeles Clippers,Milwaukee Bucks,2025
Amir Johnson,Detroit Pistons,Detroit Pistons,2007
Amir Johnson,Detroit Pistons,Detroit Pistons,2008
Amir Johnson,Detroit Pistons,Toronto Raptors,2009
Amir Johnson,Toronto Raptors,Toronto Raptors,2010
Amir Johnson,Toronto Raptors,Toronto Raptors,2011
Amir Johnson,Toronto Raptors,Toronto Raptors,2012
Amir Johnson,Toronto Raptors,Toronto Raptors,2013
Amir Johnson,Boston Celtics,Boston Celtics,2016
Amir Johnson,Boston Celtics,Philadelphia 76ers,2017
Amir Johnson,Philadelphia 76ers,Philadelphia 76ers,2018
Andray Blatche,Washington Wizards,Washington Wizards,2006
Andray Blatche,Washington Wizards,Washington Wizards,2007
Andray Blatche,Washington Wizards,Washington Wizards,2008
Andray Blatche,Washington Wizards,Washington Wizards,2009
Andray Blatche,Washington Wizards,Washington Wizards,2010
Andray Blatche,Washington Wizards,Washington Wizards,2011
Andray Blatche,Washington Wizards,Brooklyn Nets,2012
Andray Blatche,Brooklyn Nets,Brooklyn Nets,2013
Andre Barrett,Orlando Magic,Toronto Raptors,2005
Andre Barrett,Toronto Raptors,Chicago Bulls,2006
Andre Brown,Oklahoma City Thunder,Memphis Grizzlies,2007
Andre Drummond,Detroit Pistons,Detroit Pistons,2016
Andre Drummond,Detroit Pistons,Detroit Pistons,2017
Andre Drummond,Detroit Pistons,Detroit Pistons,2018
Andre Drummond,Detroit Pistons,Cleveland Cavaliers,2019
Andre Drummond,Cleveland Cavaliers,Los Angeles Lakers,2020
Andre Drummond,Los Angeles Lakers,Brooklyn Nets,2021
Andre Drummond,Brooklyn Nets,Chicago Bulls,2022
Andre Drummond,Chicago Bulls,Chicago Bulls,2023
Andre Drummond,Chicago Bulls,Philadelphia 76ers,2024
Andre Drummond,Philadelphia 76ers,Philadelphia 76ers,2025
Andre Iguodala,Philadelphia 76ers,Philadelphia 76ers,2005
Andre Iguodala,Philadelphia 76ers,Philadelphia 76ers,2006
Andre Iguodala,Philadelphia 76ers,Philadelphia 76ers,2007
Andre Iguodala,Philadelphia 76ers,Philadelphia 76ers,2008
Andre Iguodala,Philadelphia 76ers,Philadelphia 76ers,2009
Andre Iguodala,Philadelphia 76ers,Philadelphia 76ers,2010
Andre Iguodala,Philadelphia 76ers,Philadelphia 76ers,2011
Andre Iguodala,Philadelphia 76ers,Denver Nuggets,2012
Andre Iguodala,Denver Nuggets,Golden State Warriors,2013
Andre Iguodala,Golden State Warriors,Golden State Warriors,2016
Andre Iguodala,Golden State Warriors,Golden State Warriors,2017
Andre Iguodala,Golden State Warriors,Golden State Warriors,2018
Andre Iguodala,Golden State Warriors,Miami Heat,2019
Andre Iguodala,Miami Heat,Miami Heat,2020
Andre Iguodala,Miami Heat,Golden State Warriors,2021
Andre Iguodala,Golden State Warriors,Golden State Warriors,2022
Andre Miller,Denver Nuggets,Denver Nuggets,2005
Andre Miller,Denver Nuggets,Philadelphia 76ers,2006
Andre Miller,Philadelphia 76ers,Philadelphia 76ers,2007
Andre Miller,Philadelphia 76ers,Philadelphia 76ers,2008
Andre Miller,Philadelphia 76ers,Portland Trail Blazers,2009
Andre Miller,Portland Trail Blazers,Portland Trail Blazers,2010
Andre Miller,Portland Trail Blazers,Denver Nuggets,2011
Andre Miller,Denver Nuggets,Denver Nuggets,2012
Andre Miller,Denver Nuggets,Washington Wizards,2013
Andre Owens,Utah Jazz,Indiana Pacers,2007
Andrea Bargnani,Toronto Raptors,Toronto Raptors,2007
Andrea Bargnani,Toronto Raptors,Toronto Raptors,2008
Andrea Bargnani,Toronto Raptors,Toronto Raptors,2009
Andrea Bargnani,Toronto Raptors,Toronto Raptors,2010
Andrea Bargnani,Toronto Raptors,Toronto Raptors,2011
Andrea Bargnani,Toronto Raptors,Toronto Raptors,2012
Andrea Bargnani,Toronto Raptors,New York Knicks,2013
Andrei Kirilenko,Utah Jazz,Utah Jazz,2006
Andrei Kirilenko,Utah Jazz,Utah Jazz,2007
Andrei Kirilenko,Utah Jazz,Utah Jazz,2008
Andrei Kirilenko,Utah Jazz,Utah Jazz,2009
Andrei Kirilenko,Utah Jazz,Utah Jazz,2010
Andrei Kirilenko,Utah Jazz,Minnesota Timberwolves,2012
Andrei Kirilenko,Minnesota Timberwolves,Brooklyn Nets,2013
Andres Nocioni,Chicago Bulls,Chicago Bulls,2005
Andres Nocioni,Chicago Bulls,Chicago Bulls,2006
Andres Nocioni,Chicago Bulls,Chicago Bulls,2007
Andres Nocioni,Chicago Bulls,Sacramento Kings,2008
Andres Nocioni,Sacramento Kings,Sacramento Kings,2009
Andres Nocioni,Sacramento Kings,Philadelphia 76ers,2010
Andrew Bogut,Milwaukee Bucks,Milwaukee Bucks,2006
Andrew Bogut,Milwaukee Bucks,Milwaukee Bucks,2007
Andrew Bogut,Milwaukee Bucks,Milwaukee Bucks,2008
Andrew Bogut,Milwaukee Bucks,Milwaukee Bucks,2009
Andrew Bogut,Milwaukee Bucks,Milwaukee Bucks,2010
Andrew Bogut,Milwaukee Bucks,Golden State Warriors,2011
Andrew Bogut,Golden State Warriors,Golden State Warriors,2012
Andrew Bogut,Golden State Warriors,Golden State Warriors,2013
Andrew Bynum,Los Angeles Lakers,Los Angeles Lakers,2006
Andrew Bynum,Los Angeles Lakers,Los Angeles Lakers,2007
Andrew Bynum,Los Angeles Lakers,Los Angeles Lakers,2008
Andrew Bynum,Los Angeles Lakers,Los Angeles Lakers,2009
Andrew Bynum,Los Angeles Lakers,Los Angeles Lakers,2010
Andrew Bynum,Los Angeles Lakers,Los Angeles Lakers,2011
Andrew Bynum,Los Angeles Lakers,Philadelphia 76ers,2012
Andrew Bynum,Philadelphia 76ers,Indiana Pacers,2013
Andrew Nicholson,Orlando Magic,Brooklyn Nets,2016
Andrew Wiggins,Minnesota Timberwolves,Minnesota Timberwolves,2016
Andrew Wiggins,Minnesota Timberwolves,Minnesota Timberwolves,2017
Andrew Wiggins,Minnesota Timberwolves,Minnesota Timberwolves,2018
Andrew Wiggins,Minnesota Timberwolves,Golden State Warriors,2019
Andrew Wiggins,Golden State Warriors,Golden State Warriors,2020
Andrew Wiggins,Golden State Warriors,Golden State Warriors,2021
Andrew Wiggins,Golden State Warriors,Golden State Warriors,2022
Andrew Wiggins,Golden State Warriors,Golden State Warriors,2023
Andrew Wiggins,Golden State Warriors,Miami Heat,2024
Andrew Wiggins,Miami Heat,Miami Heat,2025
Anfernee Simons,Portland Trail Blazers,Portland Trail Blazers,2019
Anfernee Simons,Portland Trail Blazers,Portland Trail Blazers,2020
Anfernee Simons,Portland Trail Blazers,Portland Trail Blazers,2021
Anfernee Simons,Portland Trail Blazers,Portland Trail Blazers,2022
Anfernee Simons,Portland Trail Blazers,Portland Trail Blazers,2023
Anfernee Simons,Portland Trail Blazers,Portland Trail Blazers,2024
Anfernee Simons,Portland Trail Blazers,Boston Celtics,2025
Antawn Jamison,Washington Wizards,Washington Wizards,2005
Antawn Jamison,Washington Wizards,Washington Wizards,2006
Antawn Jamison,Washington Wizards,Washington Wizards,2007
Antawn Jamison,Washington Wizards,Washington Wizards,2008
Antawn Jamison,Washington Wizards,Cleveland Cavaliers,2009
Antawn Jamison,Cleveland Cavaliers,Cleveland Cavaliers,2010
Antawn Jamison,Cleveland Cavaliers,Cleveland Cavaliers,2011
Antawn Jamison,Cleveland Cavaliers,Los Angeles Lakers,2012
Anthony Brown,Los Angeles Lakers,Minnesota Timberwolves,2017
Anthony Carter,Minnesota Timberwolves,Minnesota Timberwolves,2005
Anthony Carter,Minnesota Timberwolves,Denver Nuggets,2006
Anthony Carter,Denver Nuggets,Denver Nuggets,2007
Anthony Carter,Denver Nuggets,Denver Nuggets,2008
Anthony Carter,Denver Nuggets,Denver Nuggets,2009
Anthony Carter,Denver Nuggets,New York Knicks,2010
Anthony Davis,New Orleans Pelicans,New Orleans Pelicans,2016
Anthony Davis,New Orleans Pelicans,New Orleans Pelicans,2017
Anthony Davis,New Orleans Pelicans,New Orleans Pelicans,2018
Anthony Davis,New Orleans Pelicans,Los Angeles Lakers,2019
Anthony Davis,Los Angeles Lakers,Los Angeles Lakers,2020
Anthony Davis,Los Angeles Lakers,Los Angeles Lakers,2021
Anthony Davis,Los Angeles Lakers,Los Angeles Lakers,2022
Anthony Davis,Los Angeles Lakers,Los Angeles Lakers,2023
Anthony Davis,Los Angeles Lakers,Dallas Mavericks,2024
Anthony Davis,Dallas Mavericks,Dallas Mavericks,2025
Anthony Johnson,Indiana Pacers,Indiana Pacers,2005
Anthony Johnson,Indiana Pacers,Atlanta Hawks,2006
Anthony Johnson,Atlanta Hawks,Sacramento Kings,2007
Anthony Johnson,Sacramento Kings,Orlando Magic,2008
Anthony Johnson,Orlando Magic,Orlando Magic,2009
Anthony Lamb,Houston Rockets,Houston Rockets,2021
Anthony Lamb,Houston Rockets,Golden State Warriors,2022
Anthony Morrow,Golden State Warriors,Golden State Warriors,2009
Anthony Morrow,Golden State Warriors,Brooklyn Nets,2010
Anthony Morrow,Brooklyn Nets,Brooklyn Nets,2011
Anthony Morrow,Brooklyn Nets,Dallas Mavericks,2012
Anthony Morrow,Dallas Mavericks,New Orleans Pelicans,2013
Anthony Morrow,Oklahoma City Thunder,Chicago Bulls,2016
Anthony Parker,Toronto Raptors,Toronto Raptors,2007
Anthony Parker,Toronto Raptors,Toronto Raptors,2008
Anthony Parker,Toronto Raptors,Cleveland Cavaliers,2009
Anthony Parker,Cleveland Cavaliers,Cleveland Cavaliers,2010
Anthony Parker,Cleveland Cavaliers,Cleveland Cavaliers,2011
Anthony Randolph,Golden State Warriors,Golden State Warriors,2009
Anthony Randolph,Golden State Warriors,Minnesota Timberwolves,2010
Anthony Randolph,Minnesota Timberwolves,Minnesota Timberwolves,2011
Anthony Randolph,Minnesota Timberwolves,Denver Nuggets,2012
Anthony Randolph,Denver Nuggets,Denver Nuggets,2013
Anthony Roberson,Memphis Grizzlies,Chicago Bulls,2008
Anthony Tolliver,Golden State Warriors,Minnesota Timberwolves,2010
Anthony Tolliver,Minnesota Timberwolves,Minnesota Timberwolves,2011
Anthony Tolliver,Minnesota Timberwolves,Atlanta Hawks,2012
Anthony Tolliver,Atlanta Hawks,Charlotte Hornets,2013
Anthony Tolliver,Detroit Pistons,Detroit Pistons,2017
Anthony Tolliver,Detroit Pistons,Minnesota Timberwolves,2018
Anthony Tolliver,Minnesota Timberwolves,Memphis Grizzlies,2019
Anthony Tolliver,Memphis Grizzlies,Philadelphia 76ers,2020
Antoine Walker,Boston Celtics,Miami Heat,2005
Antoine Walker,Miami Heat,Miami Heat,2006
Antoine Walker,Miami Heat,Minnesota Timberwolves,2007
Antoine Wright,Brooklyn Nets,Brooklyn Nets,2006
Antoine Wright,Brooklyn Nets,Dallas Mavericks,2007
Antoine Wright,Dallas Mavericks,Dallas Mavericks,2008
Antoine Wright,Dallas Mavericks,Toronto Raptors,2009
Antonio Daniels,Oklahoma City Thunder,Washington Wizards,2005
Antonio Daniels,Washington Wizards,Washington Wizards,2006
Antonio Daniels,Washington Wizards,Washington Wizards,2007
Antonio Daniels,Washington Wizards,New Orleans Pelicans,2008
Antonio Daniels,New Orleans Pelicans,Philadelphia 76ers,2010
Antonio McDyess,Detroit Pistons,Detroit Pistons,2005
Antonio McDyess,Detroit Pistons,Detroit Pistons,2006
Antonio McDyess,Detroit Pistons,Detroit Pistons,2007
Antonio McDyess,Detroit Pistons,Detroit Pistons,2008
Antonio McDyess,Detroit Pistons,San Antonio Spurs,2009
Antonio McDyess,San Antonio Spurs,San Antonio Spurs,2010
Antonio Reeves,New Orleans Pelicans,Charlotte Hornets,2025
Antonius Cleveland,Atlanta Hawks,Dallas Mavericks,2019
Archie Goodwin,Phoenix Suns,Brooklyn Nets,2016
Armon Johnson,Portland Trail Blazers,Brooklyn Nets,2011
Armoni Brooks,Houston Rockets,Toronto Raptors,2021
Aron Baynes,Detroit Pistons,Detroit Pistons,2016
Aron Baynes,Detroit Pistons,Boston Celtics,2017
Aron Baynes,Boston Celtics,Boston Celtics,2018
Aron Baynes,Boston Celtics,Phoenix Suns,2019
Aron Baynes,Phoenix Suns,Toronto Raptors,2020
Arron Afflalo,Detroit Pistons,Detroit Pistons,2008
Arron Afflalo,Detroit Pistons,Denver Nuggets,2009
Arron Afflalo,Denver Nuggets,Denver Nuggets,2010
Arron Afflalo,Denver Nuggets,Denver Nuggets,2011
Arron Afflalo,Denver Nuggets,Orlando Magic,2012
Arron Afflalo,Orlando Magic,Orlando Magic,2013
Arron Afflalo,New York Knicks,Sacramento Kings,2016
Arron Afflalo,Sacramento Kings,Orlando Magic,2017
Austin Croshere,Indiana Pacers,Indiana Pacers,2005
Austin Croshere,Indiana Pacers,Dallas Mavericks,2006
Austin Croshere,Dallas Mavericks,Golden State Warriors,2007
Austin Daye,Detroit Pistons,Detroit Pistons,2010
Austin Daye,Detroit Pistons,Detroit Pistons,2011
Austin Daye,Detroit Pistons,Memphis Grizzlies,2012
Austin Daye,Memphis Grizzlies,San Antonio Spurs,2013
Austin Rivers,Los Angeles Clippers,Los Angeles Clippers,2016
Austin Rivers,Los Angeles Clippers,Los Angeles Clippers,2017
Austin Rivers,Los Angeles Clippers,Houston Rockets,2018
Austin Rivers,Houston Rockets,Houston Rockets,2019
Austin Rivers,Houston Rockets,Denver Nuggets,2020
Austin Rivers,Denver Nuggets,Denver Nuggets,2021
Austin Rivers,Denver Nuggets,Minnesota Timberwolves,2022
Avery Bradley,Boston Celtics,Boston Celtics,2016
Avery Bradley,Boston Celtics,Los Angeles Clippers,2017
Avery Bradley,Los Angeles Clippers,Memphis Grizzlies,2018
Avery Bradley,Memphis Grizzlies,Los Angeles Lakers,2019
Avery Bradley,Los Angeles Lakers,Houston Rockets,2020
Avery Bradley,Houston Rockets,Los Angeles Lakers,2021
Awvee Storey,Washington Wizards,Milwaukee Bucks,2007
Axel Toupane,Denver Nuggets,New Orleans Pelicans,2016
Axel Toupane,New Orleans Pelicans,Milwaukee Bucks,2020
BJ Johnson,Sacramento Kings,Orlando Magic,2019
Baron Davis,Golden State Warriors,Golden State Warriors,2005
Baron Davis,Golden State Warriors,Golden State Warriors,2006
Baron Davis,Golden State Warriors,Golden State Warriors,2007
Baron Davis,Golden State Warriors,Los Angeles Clippers,2008
Baron Davis,Los Angeles Clippers,Los Angeles Clippers,2009
Baron Davis,Los Angeles Clippers,Cleveland Cavaliers,2010
Baron Davis,Cleveland Cavaliers,New York Knicks,2011
Ben Gordon,Chicago Bulls,Chicago Bulls,2005
Ben Gordon,Chicago Bulls,Chicago Bulls,2006
Ben Gordon,Chicago Bulls,Chicago Bulls,2007
Ben Gordon,Chicago Bulls,Chicago Bulls,2008
Ben Gordon,Chicago Bulls,Detroit Pistons,2009
Ben Gordon,Detroit Pistons,Detroit Pistons,2010
Ben Gordon,Detroit Pistons,Detroit Pistons,2011
Ben Gordon,Detroit Pistons,Charlotte Hornets,2012
Ben McLemore,Sacramento Kings,Sacramento Kings,2016
Ben McLemore,Sacramento Kings,Memphis Grizzlies,2017
Ben McLemore,Memphis Grizzlies,Houston Rockets,2019
Ben McLemore,Houston Rockets,Los Angeles Lakers,2020
Ben McLemore,Los Angeles Lakers,Portland Trail Blazers,2021
Ben Moore,Indiana Pacers,San Antonio Spurs,2018
Ben Simmons,Philadelphia 76ers,Philadelphia 76ers,2017
Ben Simmons,Philadelphia 76ers,Philadelphia 76ers,2018
Ben Simmons,Philadelphia 76ers,Philadelphia 76ers,2019
Ben Simmons,Philadelphia 76ers,Philadelphia 76ers,2020
Ben Simmons,Philadelphia 76ers,Brooklyn Nets,2021
Ben Simmons,Brooklyn Nets,Brooklyn Nets,2022
Ben Simmons,Brooklyn Nets,Brooklyn Nets,2023
Ben Simmons,Brooklyn Nets,Los Angeles Clippers,2024
Ben Uzoh,Brooklyn Nets,Toronto Raptors,2011
Ben Wallace,Detroit Pistons,Detroit Pistons,2005
Ben Wallace,Detroit Pistons,Chicago Bulls,2006
Ben Wallace,Chicago Bulls,Cleveland Cavaliers,2007
Ben Wallace,Cleveland Cavaliers,Cleveland Cavaliers,2008
Ben Wallace,Cleveland Cavaliers,Detroit Pistons,2009
Ben Wallace,Detroit Pistons,Detroit Pistons,2010
Ben Wallace,Detroit Pistons,Detroit Pistons,2011
Beno Udrih,San Antonio Spurs,San Antonio Spurs,2005
Beno Udrih,San Antonio Spurs,San Antonio Spurs,2006
Beno Udrih,San Antonio Spurs,Sacramento Kings,2007
Beno Udrih,Sacramento Kings,Sacramento Kings,2008
Beno Udrih,Sacramento Kings,Sacramento Kings,2009
Beno Udrih,Sacramento Kings,Sacramento Kings,2010
Beno Udrih,Sacramento Kings,Milwaukee Bucks,2011
Beno Udrih,Milwaukee Bucks,Orlando Magic,2012
Beno Udrih,Orlando Magic,Memphis Grizzlies,2013
Bernard Robinson,Charlotte Hornets,Charlotte Hornets,2005
Bernard Robinson,Charlotte Hornets,Brooklyn Nets,2006
Billy Thomas,Brooklyn Nets,Washington Wizards,2005
Billy Thomas,Washington Wizards,Cleveland Cavaliers,2007
Bismack Biyombo,Toronto Raptors,Orlando Magic,2016
Bismack Biyombo,Orlando Magic,Orlando Magic,2017
Bismack Biyombo,Orlando Magic,Charlotte Hornets,2018
Bismack Biyombo,Charlotte Hornets,Charlotte Hornets,2019
Bismack Biyombo,Charlotte Hornets,Charlotte Hornets,2020
Bismack Biyombo,Charlotte Hornets,Phoenix Suns,2021
Bismack Biyombo,Phoenix Suns,Phoenix Suns,2022
Bismack Biyombo,Phoenix Suns,Oklahoma City Thunder,2023
Bismack Biyombo,Oklahoma City Thunder,San Antonio Spurs,2024
Bismack Biyombo,San Antonio Spurs,San Antonio Spurs,2025
Blake Ahearn,Miami Heat,Utah Jazz,2011
Blake Griffin,Los Angeles Clippers,Los Angeles Clippers,2016
Blake Griffin,Los Angeles Clippers,Detroit Pistons,2017
Blake Griffin,Detroit Pistons,Detroit Pistons,2018
Blake Griffin,Detroit Pistons,Detroit Pistons,2019
Blake Griffin,Detroit Pistons,Brooklyn Nets,2020
Blake Griffin,Brooklyn Nets,Brooklyn Nets,2021
Blake Griffin,Brooklyn Nets,Boston Celtics,2022
Blake Wesley,San Antonio Spurs,San Antonio Spurs,2023
Blake Wesley,San Antonio Spurs,San Antonio Spurs,2024
Blake Wesley,San Antonio Spurs,Portland Trail Blazers,2025
Bo Outlaw,Phoenix Suns,Orlando Magic,2005
Bo Outlaw,Orlando Magic,Orlando Magic,2006
Boban Marjanovic,San Antonio Spurs,Detroit Pistons,2016
Boban Marjanovic,Detroit Pistons,Los Angeles Clippers,2017
Boban Marjanovic,Los Angeles Clippers,Philadelphia 76ers,2018
Boban Marjanovic,Philadelphia 76ers,Dallas Mavericks,2019
Boban Marjanovic,Dallas Mavericks,Dallas Mavericks,2020
Boban Marjanovic,Dallas Mavericks,Dallas Mavericks,2021
Boban Marjanovic,Dallas Mavericks,Houston Rockets,2022
Boban Marjanovic,Houston Rockets,Houston Rockets,2023
Bobby Brown,Minnesota Timberwolves,Los Angeles Clippers,2009
Bobby Jackson,Sacramento Kings,Memphis Grizzlies,2005
Bobby Jackson,Memphis Grizzlies,New Orleans Pelicans,2006
Bobby Jackson,New Orleans Pelicans,Houston Rockets,2007
Bobby Jackson,Houston Rockets,Sacramento Kings,2008
Bobby Jones,Philadelphia 76ers,Denver Nuggets,2007
Bobby Portis,Chicago Bulls,Chicago Bulls,2016
Bobby Portis,Chicago Bulls,Chicago Bulls,2017
Bobby Portis,Chicago Bulls,Washington Wizards,2018
Bobby Portis,Washington Wizards,New York Knicks,2019
Bobby Portis,New York Knicks,Milwaukee Bucks,2020
Bobby Portis,Milwaukee Bucks,Milwaukee Bucks,2021
Bobby Portis,Milwaukee Bucks,Milwaukee Bucks,2022
Bobby Portis,Milwaukee Bucks,Milwaukee Bucks,2023
Bobby Portis,Milwaukee Bucks,Milwaukee Bucks,2024
Bobby Portis,Milwaukee Bucks,Milwaukee Bucks,2025
Bobby Simmons,Los Angeles Clippers,Milwaukee Bucks,2005
Bobby Simmons,Milwaukee Bucks,Milwaukee Bucks,2006
Bobby Simmons,Milwaukee Bucks,Milwaukee Bucks,2007
Bobby Simmons,Milwaukee Bucks,Brooklyn Nets,2008
Bobby Simmons,Brooklyn Nets,Brooklyn Nets,2009
Bobby Simmons,Brooklyn Nets,Los Angeles Clippers,2011
Bogdan Bogdanović,Sacramento Kings,Sacramento Kings,2018
Bogdan Bogdanović,Sacramento Kings,Sacramento Kings,2019
Bogdan Bogdanović,Sacramento Kings,Atlanta Hawks,2020
Bogdan Bogdanović,Atlanta Hawks,Atlanta Hawks,2021
Bogdan Bogdanović,Atlanta Hawks,Atlanta Hawks,2022
Bogdan Bogdanović,Atlanta Hawks,Atlanta Hawks,2023
Bogdan Bogdanović,Atlanta Hawks,Los Angeles Clippers,2024
Bogdan Bogdanović,Los Angeles Clippers,Los Angeles Clippers,2025
Bojan Bogdanovic,Brooklyn Nets,Washington Wizards,2016
Bojan Bogdanovic,Washington Wizards,Indiana Pacers,2017
Bojan Bogdanovic,Indiana Pacers,Indiana Pacers,2018
Bojan Bogdanovic,Indiana Pacers,Utah Jazz,2019
Bojan Bogdanovic,Utah Jazz,Utah Jazz,2020
Bojan Bogdanovic,Utah Jazz,Utah Jazz,2021
Bojan Bogdanovic,Utah Jazz,Detroit Pistons,2022
Bojan Bogdanovic,Detroit Pistons,New York Knicks,2023
Bol Bol,Denver Nuggets,Denver Nuggets,2020
Bol Bol,Denver Nuggets,Orlando Magic,2021
Bol Bol,Orlando Magic,Orlando Magic,2022
Bol Bol,Orlando Magic,Phoenix Suns,2023
Bol Bol,Phoenix Suns,Phoenix Suns,2024
Bones Hyland,Denver Nuggets,Los Angeles Clippers,2022
Bones Hyland,Los Angeles Clippers,Los Angeles Clippers,2023
Bones Hyland,Los Angeles Clippers,Minnesota Timberwolves,2024
Bones Hyland,Minnesota Timberwolves,Minnesota Timberwolves,2025
Bonzi Wells,Memphis Grizzlies,Sacramento Kings,2005
Bonzi Wells,Sacramento Kings,Houston Rockets,2006
Bonzi Wells,Houston Rockets,New Orleans Pelicans,2007
Boris Diaw,Atlanta Hawks,Phoenix Suns,2005
Boris Diaw,Phoenix Suns,Phoenix Suns,2006
Boris Diaw,Phoenix Suns,Phoenix Suns,2007
Boris Diaw,Phoenix Suns,Charlotte Hornets,2008
Boris Diaw,Charlotte Hornets,Charlotte Hornets,2009
Boris Diaw,Charlotte Hornets,Charlotte Hornets,2010
Boris Diaw,Charlotte Hornets,San Antonio Spurs,2011
Boris Diaw,San Antonio Spurs,San Antonio Spurs,2012
Boris Diaw,San Antonio Spurs,San Antonio Spurs,2013
Boris Diaw,San Antonio Spurs,Utah Jazz,2016
Bostjan Nachbar,New Orleans Pelicans,Brooklyn Nets,2005
Bostjan Nachbar,Brooklyn Nets,Brooklyn Nets,2006
Bostjan Nachbar,Brooklyn Nets,Brooklyn Nets,2007
Brad Miller,Sacramento Kings,Sacramento Kings,2005
Brad Miller,Sacramento Kings,Sacramento Kings,2006
Brad Miller,Sacramento Kings,Sacramento Kings,2007
Brad Miller,Sacramento Kings,Chicago Bulls,2008
Brad Miller,Chicago Bulls,Chicago Bulls,2009
Brad Miller,Chicago Bulls,Houston Rockets,2010
Brad Miller,Houston Rockets,Minnesota Timberwolves,2011
Brad Wanamaker,Boston Celtics,Boston Celtics,2019
Brad Wanamaker,Boston Celtics,Charlotte Hornets,2020
Bradley Beal,Washington Wizards,Washington Wizards,2016
Bradley Beal,Washington Wizards,Washington Wizards,2017
Bradley Beal,Washington Wizards,Washington Wizards,2018
Bradley Beal,Washington Wizards,Washington Wizards,2019
Bradley Beal,Washington Wizards,Washington Wizards,2020
Bradley Beal,Washington Wizards,Washington Wizards,2021
Bradley Beal,Washington Wizards,Washington Wizards,2022
Bradley Beal,Washington Wizards,Phoenix Suns,2023
Bradley Beal,Phoenix Suns,Phoenix Suns,2024
Bradley Beal,Phoenix Suns,Los Angeles Clippers,2025
Brandan Wright,Golden State Warriors,Golden State Warriors,2008
Brandan Wright,Golden State Warriors,Golden State Warriors,2009
Brandan Wright,Golden State Warriors,Brooklyn Nets,2010
Brandan Wright,Brooklyn Nets,Dallas Mavericks,2011
Brandan Wright,Dallas Mavericks,Dallas Mavericks,2012
Brandan Wright,Dallas Mavericks,Dallas Mavericks,2013
Brandon Bass,New Orleans Pelicans,New Orleans Pelicans,2006
Brandon Bass,New Orleans Pelicans,Dallas Mavericks,2007
Brandon Bass,Dallas Mavericks,Dallas Mavericks,2008
Brandon Bass,Dallas Mavericks,Orlando Magic,2009
Brandon Bass,Orlando Magic,Orlando Magic,2010
Brandon Bass,Orlando Magic,Boston Celtics,2011
Brandon Bass,Boston Celtics,Boston Celtics,2012
Brandon Bass,Boston Celtics,Boston Celtics,2013
Brandon Bass,Los Angeles Lakers,Los Angeles Clippers,2016
Brandon Boston,Los Angeles Clippers,Los Angeles Clippers,2022
Brandon Boston,Los Angeles Clippers,Los Angeles Clippers,2023
Brandon Boston,Los Angeles Clippers,New Orleans Pelicans,2024
Brandon Goodwin,Denver Nuggets,Atlanta Hawks,2019
Brandon Goodwin,Atlanta Hawks,Atlanta Hawks,2020
Brandon Goodwin,Atlanta Hawks,Cleveland Cavaliers,2021
Brandon Ingram,Los Angeles Lakers,Los Angeles Lakers,2017
Brandon Ingram,Los Angeles Lakers,Los Angeles Lakers,2018
Brandon Ingram,Los Angeles Lakers,New Orleans Pelicans,2019
Brandon Ingram,New Orleans Pelicans,New Orleans Pelicans,2020
Brandon Ingram,New Orleans Pelicans,New Orleans Pelicans,2021
Brandon Ingram,New Orleans Pelicans,New Orleans Pelicans,2022
Brandon Ingram,New Orleans Pelicans,New Orleans Pelicans,2023
Brandon Ingram,New Orleans Pelicans,Toronto Raptors,2024
Brandon Ingram,Toronto Raptors,Toronto Raptors,2025
Brandon Jennings,Milwaukee Bucks,Milwaukee Bucks,2010
Brandon Jennings,Milwaukee Bucks,Milwaukee Bucks,2011
Brandon Jennings,Milwaukee Bucks,Milwaukee Bucks,2012
Brandon Jennings,Milwaukee Bucks,Detroit Pistons,2013
Brandon Jennings,Orlando Magic,Washington Wizards,2016
Brandon Jennings,Washington Wizards,Milwaukee Bucks,2017
Brandon Knight,Detroit Pistons,Detroit Pistons,2012
Brandon Knight,Detroit Pistons,Milwaukee Bucks,2013
Brandon Knight,Phoenix Suns,Phoenix Suns,2016
Brandon Knight,Phoenix Suns,Phoenix Suns,2017
Brandon Knight,Phoenix Suns,Cleveland Cavaliers,2018
Brandon Knight,Cleveland Cavaliers,Detroit Pistons,2019
Brandon Roy,Portland Trail Blazers,Portland Trail Blazers,2007
Brandon Roy,Portland Trail Blazers,Portland Trail Blazers,2008
Brandon Roy,Portland Trail Blazers,Portland Trail Blazers,2009
Brandon Roy,Portland Trail Blazers,Portland Trail Blazers,2010
Brandon Roy,Portland Trail Blazers,Minnesota Timberwolves,2012
Brandon Rush,Indiana Pacers,Indiana Pacers,2009
Brandon Rush,Indiana Pacers,Indiana Pacers,2010
Brandon Rush,Indiana Pacers,Golden State Warriors,2011
Brandon Rush,Golden State Warriors,Golden State Warriors,2012
Brandon Rush,Golden State Warriors,Utah Jazz,2013
Brandon Rush,Golden State Warriors,Minnesota Timberwolves,2016
Brandon Williams,Portland Trail Blazers,Dallas Mavericks,2023
Brandon Williams,Dallas Mavericks,Dallas Mavericks,2024
Brandon Williams,Dallas Mavericks,Dallas Mavericks,2025
Braxton Key,Detroit Pistons,Denver Nuggets,2023
Braxton Key,Denver Nuggets,Golden State Warriors,2024
Brendan Haywood,Washington Wizards,Washington Wizards,2005
Brendan Haywood,Washington Wizards,Washington Wizards,2006
Brendan Haywood,Washington Wizards,Washington Wizards,2007
Brendan Haywood,Washington Wizards,Washington Wizards,2008
Brendan Haywood,Washington Wizards,Dallas Mavericks,2009
Brendan Haywood,Dallas Mavericks,Dallas Mavericks,2010
Brendan Haywood,Dallas Mavericks,Dallas Mavericks,2011
Brendan Haywood,Dallas Mavericks,Charlotte Hornets,2012
Brendan Haywood,Charlotte Hornets,Charlotte Hornets,2013
Brent Barry,San Antonio Spurs,San Antonio Spurs,2005
Brent Barry,San Antonio Spurs,San Antonio Spurs,2006
Brent Barry,San Antonio Spurs,San Antonio Spurs,2007
Brent Barry,San Antonio Spurs,Houston Rockets,2008
Brevin Knight,Charlotte Hornets,Charlotte Hornets,2005
Brevin Knight,Charlotte Hornets,Charlotte Hornets,2006
Brevin Knight,Charlotte Hornets,Los Angeles Clippers,2007
Brevin Knight,Los Angeles Clippers,Utah Jazz,2008
Brian Cardinal,Memphis Grizzlies,Memphis Grizzlies,2005
Brian Cardinal,Memphis Grizzlies,Memphis Grizzlies,2006
Brian Cardinal,Memphis Grizzlies,Memphis Grizzlies,2007
Brian Cardinal,Memphis Grizzlies,Minnesota Timberwolves,2008
Brian Cardinal,Minnesota Timberwolves,Minnesota Timberwolves,2009
Brian Cardinal,Minnesota Timberwolves,Dallas Mavericks,2010
Brian Cardinal,Dallas Mavericks,Dallas Mavericks,2011
Brian Cook,Los Angeles Lakers,Los Angeles Lakers,2005
Brian Cook,Los Angeles Lakers,Los Angeles Lakers,2006
Brian Cook,Los Angeles Lakers,Orlando Magic,2007
Brian Cook,Orlando Magic,Houston Rockets,2008
Brian Cook,Houston Rockets,Los Angeles Clippers,2010
Brian Cook,Los Angeles Clippers,Washington Wizards,2011
Brian Grant,Los Angeles Lakers,Phoenix Suns,2005
Brian Roberts,Portland Trail Blazers,Charlotte Hornets,2016
Brian Scalabrine,Brooklyn Nets,Boston Celtics,2005
Brian Scalabrine,Boston Celtics,Boston Celtics,2006
Brian Scalabrine,Boston Celtics,Boston Celtics,2007
Brian Scalabrine,Boston Celtics,Boston Celtics,2008
Brian Scalabrine,Boston Celtics,Boston Celtics,2009
Brian Scalabrine,Boston Celtics,Chicago Bulls,2010
Brian Scalabrine,Chicago Bulls,Chicago Bulls,2011
Brian Skinner,Sacramento Kings,Portland Trail Blazers,2005
Brian Skinner,Portland Trail Blazers,Milwaukee Bucks,2006
Brian Skinner,Milwaukee Bucks,Phoenix Suns,2007
Brian Skinner,Phoenix Suns,Los Angeles Clippers,2008
Brian Skinner,Los Angeles Clippers,Los Angeles Clippers,2009
Briante Weber,Miami Heat,Charlotte Hornets,2016
Briante Weber,Charlotte Hornets,Memphis Grizzlies,2017
Brodric Thomas,Cleveland Cavaliers,Boston Celtics,2021
Brook Lopez,Brooklyn Nets,Brooklyn Nets,2016
Brook Lopez,Brooklyn Nets,Los Angeles Lakers,2017
Brook Lopez,Los Angeles Lakers,Milwaukee Bucks,2018
Brook Lopez,Milwaukee Bucks,Milwaukee Bucks,2019
Brook Lopez,Milwaukee Bucks,Milwaukee Bucks,2020
Brook Lopez,Milwaukee Bucks,Milwaukee Bucks,2021
Brook Lopez,Milwaukee Bucks,Milwaukee Bucks,2022
Brook Lopez,Milwaukee Bucks,Milwaukee Bucks,2023
Brook Lopez,Milwaukee Bucks,Milwaukee Bucks,2024
Brook Lopez,Milwaukee Bucks,Los Angeles Clippers,2025
Bruce Brown,Detroit Pistons,Detroit Pistons,2019
Bruce Brown,Detroit Pistons,Brooklyn Nets,2020
Bruce Brown,Brooklyn Nets,Brooklyn Nets,2021
Bruce Brown,Brooklyn Nets,Denver Nuggets,2022
Bruce Brown,Denver Nuggets,Toronto Raptors,2023
Bruce Brown,Toronto Raptors,New Orleans Pelicans,2024
Bruce Brown,New Orleans Pelicans,Denver Nuggets,2025
Bruno Caboclo,Toronto Raptors,Toronto Raptors,2016
Bruno Caboclo,Toronto Raptors,Sacramento Kings,2017
Bruno Caboclo,Sacramento Kings,Memphis Grizzlies,2018
Bruno Caboclo,Memphis Grizzlies,Houston Rockets,2019
Bruno Fernando,Atlanta Hawks,Atlanta Hawks,2020
Bruno Fernando,Atlanta Hawks,Houston Rockets,2021
Bruno Fernando,Houston Rockets,Atlanta Hawks,2022
Bruno Fernando,Atlanta Hawks,Atlanta Hawks,2023
Bryce McGowens,Charlotte Hornets,Charlotte Hornets,2023
Bryce McGowens,Charlotte Hornets,Portland Trail Blazers,2024
Bryce McGowens,Portland Trail Blazers,New Orleans Pelicans,2025
Bryn Forbes,San Antonio Spurs,San Antonio Spurs,2017
Bryn Forbes,San Antonio Spurs,San Antonio Spurs,2018
Bryn Forbes,San Antonio Spurs,San Antonio Spurs,2019
Bryn Forbes,San Antonio Spurs,Milwaukee Bucks,2020
Bryn Forbes,Milwaukee Bucks,Denver Nuggets,2021
Buddy Hield,Sacramento Kings,Sacramento Kings,2017
Buddy Hield,Sacramento Kings,Sacramento Kings,2018
Buddy Hield,Sacramento Kings,Sacramento Kings,2019
Buddy Hield,Sacramento Kings,Sacramento Kings,2020
Buddy Hield,Sacramento Kings,Indiana Pacers,2021
Buddy Hield,Indiana Pacers,Indiana Pacers,2022
Buddy Hield,Indiana Pacers,Philadelphia 76ers,2023
Buddy Hield,Philadelphia 76ers,Golden State Warriors,2024
Buddy Hield,Golden State Warriors,Golden State Warriors,2025
Byron Mullens,Oklahoma City Thunder,Oklahoma City Thunder,2010
Byron Mullens,Oklahoma City Thunder,Charlotte Hornets,2011
Byron Mullens,Charlotte Hornets,Charlotte Hornets,2012
Byron Mullens,Charlotte Hornets,Philadelphia 76ers,2013
C.J. Watson,Golden State Warriors,Golden State Warriors,2008
C.J. Watson,Golden State Warriors,Golden State Warriors,2009
C.J. Watson,Golden State Warriors,Chicago Bulls,2010
C.J. Watson,Chicago Bulls,Chicago Bulls,2011
C.J. Watson,Chicago Bulls,Brooklyn Nets,2012
C.J. Watson,Brooklyn Nets,Indiana Pacers,2013
C.J. Wilcox,Los Angeles Clippers,Portland Trail Blazers,2017
C.J. Williams,Los Angeles Clippers,Minnesota Timberwolves,2018
CJ McCollum,Portland Trail Blazers,Portland Trail Blazers,2016
CJ McCollum,Portland Trail Blazers,Portland Trail Blazers,2017
CJ McCollum,Portland Trail Blazers,Portland Trail Blazers,2018
CJ McCollum,Portland Trail Blazers,Portland Trail Blazers,2019
CJ McCollum,Portland Trail Blazers,Portland Trail Blazers,2020
CJ McCollum,Portland Trail Blazers,New Orleans Pelicans,2021
CJ McCollum,New Orleans Pelicans,New Orleans Pelicans,2022
CJ McCollum,New Orleans Pelicans,New Orleans Pelicans,2023
CJ McCollum,New Orleans Pelicans,New Orleans Pelicans,2024
CJ McCollum,New Orleans Pelicans,Washington Wizards,2025
CJ Miles,Utah Jazz,Utah Jazz,2006
CJ Miles,Utah Jazz,Utah Jazz,2007
CJ Miles,Utah Jazz,Utah Jazz,2008
CJ Miles,Utah Jazz,Utah Jazz,2009
CJ Miles,Utah Jazz,Utah Jazz,2010
CJ Miles,Utah Jazz,Utah Jazz,2011
CJ Miles,Utah Jazz,Cleveland Cavaliers,2012
CJ Miles,Cleveland Cavaliers,Cleveland Cavaliers,2013
CJ Miles,Indiana Pacers,Indiana Pacers,2016
CJ Miles,Indiana Pacers,Toronto Raptors,2017
CJ Miles,Toronto Raptors,Memphis Grizzlies,2018
Caleb Houstan,Orlando Magic,Orlando Magic,2023
Caleb Houstan,Orlando Magic,Orlando Magic,2024
Caleb Houstan,Orlando Magic,Atlanta Hawks,2025
Caleb Martin,Charlotte Hornets,Charlotte Hornets,2020
Caleb Martin,Charlotte Hornets,Miami Heat,2021
Caleb Martin,Miami Heat,Miami Heat,2022
Caleb Martin,Miami Heat,Miami Heat,2023
Caleb Martin,Miami Heat,Dallas Mavericks,2024
Caleb Martin,Dallas Mavericks,Dallas Mavericks,2025
Caleb Swanigan,Portland Trail Blazers,Sacramento Kings,2018
Caleb Swanigan,Sacramento Kings,Portland Trail Blazers,2019
Calvin Booth,Milwaukee Bucks,Washington Wizards,2005
Calvin Booth,Washington Wizards,Washington Wizards,2006
Calvin Booth,Washington Wizards,Philadelphia 76ers,2007
Calvin Booth,Philadelphia 76ers,Sacramento Kings,2008
Cam Reddish,Atlanta Hawks,Atlanta Hawks,2020
Cam Reddish,Atlanta Hawks,New York Knicks,2021
Cam Reddish,New York Knicks,Portland Trail Blazers,2022
Cam Reddish,Portland Trail Blazers,Los Angeles Lakers,2023
Cam Reynolds,Minnesota Timberwolves,Milwaukee Bucks,2019
Cam Whitmore,Houston Rockets,Houston Rockets,2024
Cam Whitmore,Houston Rockets,Washington Wizards,2025
Cameron Johnson,Phoenix Suns,Phoenix Suns,2020
Cameron Johnson,Phoenix Suns,Phoenix Suns,2021
Cameron Johnson,Phoenix Suns,Brooklyn Nets,2022
Cameron Johnson,Brooklyn Nets,Brooklyn Nets,2023
Cameron Johnson,Brooklyn Nets,Brooklyn Nets,2024
Cameron Johnson,Brooklyn Nets,Denver Nuggets,2025
Cameron Payne,Oklahoma City Thunder,Chicago Bulls,2016
Cameron Payne,Chicago Bulls,Chicago Bulls,2017
Cameron Payne,Chicago Bulls,Phoenix Suns,2019
Cameron Payne,Phoenix Suns,Phoenix Suns,2020
Cameron Payne,Phoenix Suns,Phoenix Suns,2021
Cameron Payne,Phoenix Suns,Phoenix Suns,2022
Cameron Payne,Phoenix Suns,Philadelphia 76ers,2023
Cameron Payne,Philadelphia 76ers,New York Knicks,2024
Caris LeVert,Brooklyn Nets,Brooklyn Nets,2017
Caris LeVert,Brooklyn Nets,Brooklyn Nets,2018
Caris LeVert,Brooklyn Nets,Brooklyn Nets,2019
Caris LeVert,Brooklyn Nets,Indiana Pacers,2020
Caris LeVert,Indiana Pacers,Cleveland Cavaliers,2021
Caris LeVert,Cleveland Cavaliers,Cleveland Cavaliers,2022
Caris LeVert,Cleveland Cavaliers,Cleveland Cavaliers,2023
Caris LeVert,Cleveland Cavaliers,Atlanta Hawks,2024
Caris LeVert,Atlanta Hawks,Detroit Pistons,2025
Carl Landry,Houston Rockets,Houston Rockets,2008
Carl Landry,Houston Rockets,Sacramento Kings,2009
Carl Landry,Sacramento Kings,New Orleans Pelicans,2010
Carl Landry,New Orleans Pelicans,New Orleans Pelicans,2011
Carl Landry,New Orleans Pelicans,Golden State Warriors,2012
Carl Landry,Golden State Warriors,Sacramento Kings,2013
Carlos Arroyo,Detroit Pistons,Orlando Magic,2005
Carlos Arroyo,Orlando Magic,Orlando Magic,2006
Carlos Arroyo,Orlando Magic,Orlando Magic,2007
Carlos Arroyo,Orlando Magic,Miami Heat,2009
Carlos Arroyo,Miami Heat,Boston Celtics,2010
Carlos Boozer,Utah Jazz,Utah Jazz,2006
Carlos Boozer,Utah Jazz,Utah Jazz,2007
Carlos Boozer,Utah Jazz,Utah Jazz,2008
Carlos Boozer,Utah Jazz,Utah Jazz,2009
Carlos Boozer,Utah Jazz,Chicago Bulls,2010
Carlos Boozer,Chicago Bulls,Chicago Bulls,2011
Carlos Boozer,Chicago Bulls,Chicago Bulls,2012
Carlos Boozer,Chicago Bulls,Chicago Bulls,2013
Carlos Delfino,Detroit Pistons,Detroit Pistons,2005
Carlos Delfino,Detroit Pistons,Toronto Raptors,2007
Carlos Delfino,Toronto Raptors,Milwaukee Bucks,2009
Carlos Delfino,Milwaukee Bucks,Milwaukee Bucks,2010
Carlos Delfino,Milwaukee Bucks,Milwaukee Bucks,2011
Carlos Delfino,Milwaukee Bucks,Houston Rockets,2012
Carlos Delfino,Houston Rockets,Milwaukee Bucks,2013
Carmelo Anthony,Denver Nuggets,Denver Nuggets,2005
Carmelo Anthony,Denver Nuggets,Denver Nuggets,2006
Carmelo Anthony,Denver Nuggets,Denver Nuggets,2007
Carmelo Anthony,Denver Nuggets,Denver Nuggets,2008
Carmelo Anthony,Denver Nuggets,Denver Nuggets,2009
Carmelo Anthony,Denver Nuggets,New York Knicks,2010
Carmelo Anthony,New York Knicks,New York Knicks,2011
Carmelo Anthony,New York Knicks,New York Knicks,2012
Carmelo Anthony,New York Knicks,New York Knicks,2013
Carmelo Anthony,New York Knicks,New York Knicks,2016
Carmelo Anthony,New York Knicks,Oklahoma City Thunder,2017
Carmelo Anthony,Oklahoma City Thunder,Portland Trail Blazers,2019
Carmelo Anthony,Portland Trail Blazers,Portland Trail Blazers,2020
Carmelo Anthony,Portland Trail Blazers,Los Angeles Lakers,2021
Caron Butler,Los Angeles Lakers,Washington Wizards,2005
Caron Butler,Washington Wizards,Washington Wizards,2006
Caron Butler,Washington Wizards,Washington Wizards,2007
Caron Butler,Washington Wizards,Washington Wizards,2008
Caron Butler,Washington Wizards,Dallas Mavericks,2009
Caron Butler,Dallas Mavericks,Dallas Mavericks,2010
Caron Butler,Dallas Mavericks,Los Angeles Clippers,2011
Caron Butler,Los Angeles Clippers,Los Angeles Clippers,2012
Caron Butler,Los Angeles Clippers,Oklahoma City Thunder,2013
Carsen Edwards,Boston Celtics,Boston Celtics,2020
Carsen Edwards,Boston Celtics,Detroit Pistons,2021
Cartier Martin,Charlotte Hornets,Washington Wizards,2009
Cartier Martin,Washington Wizards,Washington Wizards,2011
Cartier Martin,Washington Wizards,Washington Wizards,2012
Cartier Martin,Washington Wizards,Atlanta Hawks,2013
Casey Jacobsen,New Orleans Pelicans,Memphis Grizzlies,2007
Cedi Osman,Cleveland Cavaliers,Cleveland Cavaliers,2018
Cedi Osman,Cleveland Cavaliers,Cleveland Cavaliers,2019
Cedi Osman,Cleveland Cavaliers,Cleveland Cavaliers,2020
Cedi Osman,Cleveland Cavaliers,Cleveland Cavaliers,2021
Cedi Osman,Cleveland Cavaliers,Cleveland Cavaliers,2022
Cedi Osman,Cleveland Cavaliers,San Antonio Spurs,2023
Cedric Simmons,New Orleans Pelicans,Chicago Bulls,2007
Cedric Simmons,Chicago Bulls,Sacramento Kings,2008
Chandler Hutchison,Chicago Bulls,Chicago Bulls,2019
Chandler Hutchison,Chicago Bulls,Washington Wizards,2020
Chandler Parsons,Dallas Mavericks,Memphis Grizzlies,2016
Chandler Parsons,Memphis Grizzlies,Memphis Grizzlies,2017
Chandler Parsons,Memphis Grizzlies,Memphis Grizzlies,2018
Channing Frye,New York Knicks,New York Knicks,2006
Channing Frye,New York Knicks,Portland Trail Blazers,2007
Channing Frye,Portland Trail Blazers,Portland Trail Blazers,2008
Channing Frye,Portland Trail Blazers,Phoenix Suns,2009
Channing Frye,Phoenix Suns,Phoenix Suns,2010
Channing Frye,Phoenix Suns,Phoenix Suns,2011
Channing Frye,Phoenix Suns,Phoenix Suns,2012
Channing Frye,Phoenix Suns,Phoenix Suns,2013
Channing Frye,Cleveland Cavaliers,Cleveland Cavaliers,2016
Channing Frye,Cleveland Cavaliers,Los Angeles Lakers,2017
Channing Frye,Los Angeles Lakers,Cleveland Cavaliers,2018
Charles Bassey,Philadelphia 76ers,San Antonio Spurs,2022
Charles Bassey,San Antonio Spurs,San Antonio Spurs,2023
Charles Bassey,San Antonio Spurs,San Antonio Spurs,2024
Charles Jenkins,Golden State Warriors,Philadelphia 76ers,2012
Charlie Bell,Milwaukee Bucks,Milwaukee Bucks,2006
Charlie Bell,Milwaukee Bucks,Milwaukee Bucks,2007
Charlie Bell,Milwaukee Bucks,Milwaukee Bucks,2008
Charlie Bell,Milwaukee Bucks,Milwaukee Bucks,2009
Charlie Bell,Milwaukee Bucks,Golden State Warriors,2010
Charlie Brown Jr.,Atlanta Hawks,Oklahoma City Thunder,2020
Charlie Brown Jr.,Oklahoma City Thunder,Philadelphia 76ers,2021
Charlie Brown Jr.,Philadelphia 76ers,New York Knicks,2023
Charlie Villanueva,Toronto Raptors,Milwaukee Bucks,2006
Charlie Villanueva,Milwaukee Bucks,Milwaukee Bucks,2007
Charlie Villanueva,Milwaukee Bucks,Milwaukee Bucks,2008
Charlie Villanueva,Milwaukee Bucks,Detroit Pistons,2009
Charlie Villanueva,Detroit Pistons,Detroit Pistons,2010
Charlie Villanueva,Detroit Pistons,Detroit Pistons,2011
Charlie Villanueva,Detroit Pistons,Detroit Pistons,2012
Charlie Villanueva,Detroit Pistons,Detroit Pistons,2013
Chase Budinger,Houston Rockets,Houston Rockets,2010
Chase Budinger,Houston Rockets,Houston Rockets,2011
Chase Budinger,Houston Rockets,Minnesota Timberwolves,2012
Chase Budinger,Minnesota Timberwolves,Minnesota Timberwolves,2013
Chasson Randle,New York Knicks,Washington Wizards,2018
Chasson Randle,Washington Wizards,Orlando Magic,2020
Chauncey Billups,Detroit Pistons,Detroit Pistons,2005
Chauncey Billups,Detroit Pistons,Detroit Pistons,2006
Chauncey Billups,Detroit Pistons,Detroit Pistons,2007
Chauncey Billups,Detroit Pistons,Denver Nuggets,2008
Chauncey Billups,Denver Nuggets,Denver Nuggets,2009
Chauncey Billups,Denver Nuggets,New York Knicks,2010
Chauncey Billups,New York Knicks,Los Angeles Clippers,2011
Chauncey Billups,Los Angeles Clippers,Los Angeles Clippers,2012
Chauncey Billups,Los Angeles Clippers,Detroit Pistons,2013
Cheick Diallo,New Orleans Pelicans,New Orleans Pelicans,2017
Cheick Diallo,New Orleans Pelicans,New Orleans Pelicans,2018
Cheick Diallo,New Orleans Pelicans,Phoenix Suns,2019
Chimezie Metu,San Antonio Spurs,San Antonio Spurs,2019
Chimezie Metu,San Antonio Spurs,Sacramento Kings,2020
Chimezie Metu,Sacramento Kings,Sacramento Kings,2021
Chimezie Metu,Sacramento Kings,Sacramento Kings,2022
Chimezie Metu,Sacramento Kings,Detroit Pistons,2023
Chris Andersen,New Orleans Pelicans,New Orleans Pelicans,2007
Chris Andersen,New Orleans Pelicans,Denver Nuggets,2008
Chris Andersen,Denver Nuggets,Denver Nuggets,2009
Chris Andersen,Denver Nuggets,Denver Nuggets,2010
Chris Andersen,Denver Nuggets,Denver Nuggets,2011
Chris Andersen,Denver Nuggets,Miami Heat,2012
Chris Andersen,Miami Heat,Miami Heat,2013
Chris Bosh,Toronto Raptors,Toronto Raptors,2005
Chris Bosh,Toronto Raptors,Toronto Raptors,2006
Chris Bosh,Toronto Raptors,Toronto Raptors,2007
Chris Bosh,Toronto Raptors,Toronto Raptors,2008
Chris Bosh,Toronto Raptors,Toronto Raptors,2009
Chris Bosh,Toronto Raptors,Miami Heat,2010
Chris Bosh,Miami Heat,Miami Heat,2011
Chris Bosh,Miami Heat,Miami Heat,2012
Chris Bosh,Miami Heat,Miami Heat,2013
Chris Boucher,Toronto Raptors,Toronto Raptors,2019
Chris Boucher,Toronto Raptors,Toronto Raptors,2020
Chris Boucher,Toronto Raptors,Toronto Raptors,2021
Chris Boucher,Toronto Raptors,Toronto Raptors,2022
Chris Boucher,Toronto Raptors,Toronto Raptors,2023
Chris Boucher,Toronto Raptors,Toronto Raptors,2024
Chris Boucher,Toronto Raptors,Boston Celtics,2025
Chris Chiozza,Houston Rockets,Brooklyn Nets,2019
Chris Chiozza,Brooklyn Nets,Brooklyn Nets,2020
Chris Chiozza,Brooklyn Nets,Golden State Warriors,2021
Chris Copeland,New York Knicks,Indiana Pacers,2013
Chris Douglas-Roberts,Brooklyn Nets,Brooklyn Nets,2009
Chris Douglas-Roberts,Brooklyn Nets,Milwaukee Bucks,2010
Chris Douglas-Roberts,Milwaukee Bucks,Charlotte Hornets,2013
Chris Duarte,Indiana Pacers,Indiana Pacers,2022
Chris Duarte,Indiana Pacers,Sacramento Kings,2023
Chris Duhon,Chicago Bulls,Chicago Bulls,2005
Chris Duhon,Chicago Bulls,Chicago Bulls,2006
Chris Duhon,Chicago Bulls,Chicago Bulls,2007
Chris Duhon,Chicago Bulls,New York Knicks,2008
Chris Duhon,New York Knicks,New York Knicks,2009
Chris Duhon,New York Knicks,Orlando Magic,2010
Chris Duhon,Orlando Magic,Orlando Magic,2011
Chris Duhon,Orlando Magic,Los Angeles Lakers,2012
Chris Hunter,New York Knicks,Golden State Warriors,2009
Chris Johnson,Portland Trail Blazers,Minnesota Timberwolves,2012
Chris Johnson,Minnesota Timberwolves,Boston Celtics,2013
Chris Kaman,Los Angeles Clippers,Los Angeles Clippers,2005
Chris Kaman,Los Angeles Clippers,Los Angeles Clippers,2006
Chris Kaman,Los Angeles Clippers,Los Angeles Clippers,2007
Chris Kaman,Los Angeles Clippers,Los Angeles Clippers,2008
Chris Kaman,Los Angeles Clippers,Los Angeles Clippers,2009
Chris Kaman,Los Angeles Clippers,Los Angeles Clippers,2010
Chris Kaman,Los Angeles Clippers,New Orleans Pelicans,2011
Chris Kaman,New Orleans Pelicans,Dallas Mavericks,2012
Chris Kaman,Dallas Mavericks,Los Angeles Lakers,2013
Chris McCullough,Brooklyn Nets,Washington Wizards,2016
Chris McCullough,Washington Wizards,Washington Wizards,2017
Chris Mihm,Los Angeles Lakers,Los Angeles Lakers,2005
Chris Mihm,Los Angeles Lakers,Los Angeles Lakers,2006
Chris Mihm,Los Angeles Lakers,Los Angeles Lakers,2007
Chris Mihm,Los Angeles Lakers,Memphis Grizzlies,2008
Chris Paul,New Orleans Pelicans,New Orleans Pelicans,2006
Chris Paul,New Orleans Pelicans,New Orleans Pelicans,2007
Chris Paul,New Orleans Pelicans,New Orleans Pelicans,2008
Chris Paul,New Orleans Pelicans,New Orleans Pelicans,2009
Chris Paul,New Orleans Pelicans,New Orleans Pelicans,2010
Chris Paul,New Orleans Pelicans,Los Angeles Clippers,2011
Chris Paul,Los Angeles Clippers,Los Angeles Clippers,2012
Chris Paul,Los Angeles Clippers,Los Angeles Clippers,2013
Chris Paul,Los Angeles Clippers,Los Angeles Clippers,2016
Chris Paul,Los Angeles Clippers,Houston Rockets,2017
Chris Paul,Houston Rockets,Houston Rockets,2018
Chris Paul,Houston Rockets,Oklahoma City Thunder,2019
Chris Paul,Oklahoma City Thunder,Phoenix Suns,2020
Chris Paul,Phoenix Suns,Phoenix Suns,2021
Chris Paul,Phoenix Suns,Phoenix Suns,2022
Chris Paul,Phoenix Suns,Golden State Warriors,2023
Chris Paul,Golden State Warriors,San Antonio Spurs,2024
Chris Paul,San Antonio Spurs,Los Angeles Clippers,2025
Chris Quinn,Miami Heat,Miami Heat,2007
Chris Quinn,Miami Heat,Miami Heat,2008
Chris Quinn,Miami Heat,Brooklyn Nets,2009
Chris Quinn,Brooklyn Nets,San Antonio Spurs,2010
Chris Quinn,San Antonio Spurs,Cleveland Cavaliers,2012
Chris Richard,Minnesota Timberwolves,Chicago Bulls,2009
Chris Webber,Philadelphia 76ers,Philadelphia 76ers,2005
Chris Webber,Philadelphia 76ers,Detroit Pistons,2006
Chris Wilcox,Los Angeles Clippers,Oklahoma City Thunder,2005
Chris Wilcox,Oklahoma City Thunder,Oklahoma City Thunder,2006
Chris Wilcox,Oklahoma City Thunder,Oklahoma City Thunder,2007
Chris Wilcox,Oklahoma City Thunder,New York Knicks,2008
Chris Wilcox,New York Knicks,Detroit Pistons,2009
Chris Wilcox,Detroit Pistons,Detroit Pistons,2010
Chris Wilcox,Detroit Pistons,Boston Celtics,2012
Chris Wright,Golden State Warriors,Milwaukee Bucks,2013
Christian Eyenga,Cleveland Cavaliers,Los Angeles Lakers,2011
Christian Koloko,Toronto Raptors,Los Angeles Lakers,2024
Christian Koloko,Los Angeles Lakers,Los Angeles Lakers,2025
Christian Wood,Philadelphia 76ers,Charlotte Hornets,2016
Christian Wood,Charlotte Hornets,New Orleans Pelicans,2018
Christian Wood,New Orleans Pelicans,Detroit Pistons,2019
Christian Wood,Detroit Pistons,Houston Rockets,2020
Christian Wood,Houston Rockets,Houston Rockets,2021
Christian Wood,Houston Rockets,Dallas Mavericks,2022
Christian Wood,Dallas Mavericks,Los Angeles Lakers,2023
Chuck Hayes,Houston Rockets,Houston Rockets,2006
Chuck Hayes,Houston Rockets,Houston Rockets,2007
Chuck Hayes,Houston Rockets,Houston Rockets,2008
Chuck Hayes,Houston Rockets,Houston Rockets,2009
Chuck Hayes,Houston Rockets,Houston Rockets,2010
Chuck Hayes,Houston Rockets,Sacramento Kings,2011
Chuck Hayes,Sacramento Kings,Sacramento Kings,2012
Chuck Hayes,Sacramento Kings,Toronto Raptors,2013
Chucky Atkins,Los Angeles Lakers,Memphis Grizzlies,2005
Chucky Atkins,Memphis Grizzlies,Memphis Grizzlies,2006
Chucky Atkins,Memphis Grizzlies,Denver Nuggets,2007
Chucky Atkins,Denver Nuggets,Oklahoma City Thunder,2008
Chucky Atkins,Oklahoma City Thunder,Detroit Pistons,2009
Chuma Okeke,Orlando Magic,Orlando Magic,2021
Chuma Okeke,Orlando Magic,Orlando Magic,2022
Chuma Okeke,Orlando Magic,Orlando Magic,2023
Chuma Okeke,Orlando Magic,Cleveland Cavaliers,2024
Clint Capela,Houston Rockets,Houston Rockets,2016
Clint Capela,Houston Rockets,Houston Rockets,2017
Clint Capela,Houston Rockets,Houston Rockets,2018
Clint Capela,Houston Rockets,Atlanta Hawks,2019
Clint Capela,Atlanta Hawks,Atlanta Hawks,2020
Clint Capela,Atlanta Hawks,Atlanta Hawks,2021
Clint Capela,Atlanta Hawks,Atlanta Hawks,2022
Clint Capela,Atlanta Hawks,Atlanta Hawks,2023
Clint Capela,Atlanta Hawks,Atlanta Hawks,2024
Clint Capela,Atlanta Hawks,Houston Rockets,2025
Coby Karl,Los Angeles Lakers,Denver Nuggets,2009
Cody Martin,Charlotte Hornets,Charlotte Hornets,2020
Cody Martin,Charlotte Hornets,Charlotte Hornets,2021
Cody Martin,Charlotte Hornets,Charlotte Hornets,2022
Cody Martin,Charlotte Hornets,Charlotte Hornets,2023
Cody Martin,Charlotte Hornets,Phoenix Suns,2024
Cody Zeller,Charlotte Hornets,Charlotte Hornets,2016
Cody Zeller,Charlotte Hornets,Charlotte Hornets,2017
Cody Zeller,Charlotte Hornets,Charlotte Hornets,2018
Cody Zeller,Charlotte Hornets,Charlotte Hornets,2019
Cody Zeller,Charlotte Hornets,Charlotte Hornets,2020
Cody Zeller,Charlotte Hornets,Miami Heat,2022
Cody Zeller,Miami Heat,New Orleans Pelicans,2023
Colby Jones,Sacramento Kings,Washington Wizards,2024
Colby Jones,Washington Wizards,Detroit Pistons,2025
Cole Aldrich,Oklahoma City Thunder,Oklahoma City Thunder,2011
Cole Aldrich,Oklahoma City Thunder,Sacramento Kings,2012
Cole Aldrich,Sacramento Kings,New York Knicks,2013
Cole Aldrich,Los Angeles Clippers,Minnesota Timberwolves,2016
Cole Aldrich,Minnesota Timberwolves,Minnesota Timberwolves,2017
Cole Anthony,Orlando Magic,Orlando Magic,2021
Cole Anthony,Orlando Magic,Orlando Magic,2022
Cole Anthony,Orlando Magic,Orlando Magic,2023
Cole Anthony,Orlando Magic,Memphis Grizzlies,2024
Cole Anthony,Memphis Grizzlies,Milwaukee Bucks,2025
Cole Swider,Los Angeles Lakers,Miami Heat,2023
Colin Castleton,Los Angeles Lakers,Toronto Raptors,2024
Colin Castleton,Toronto Raptors,Orlando Magic,2025
Collin Gillespie,Denver Nuggets,Denver Nuggets,2023
Collin Gillespie,Denver Nuggets,Phoenix Suns,2024
Collin Gillespie,Phoenix Suns,Phoenix Suns,2025
Collin Sexton,Cleveland Cavaliers,Cleveland Cavaliers,2019
Collin Sexton,Cleveland Cavaliers,Cleveland Cavaliers,2020
Collin Sexton,Cleveland Cavaliers,Cleveland Cavaliers,2021
Collin Sexton,Cleveland Cavaliers,Utah Jazz,2022
Collin Sexton,Utah Jazz,Utah Jazz,2023
Collin Sexton,Utah Jazz,Utah Jazz,2024
Collin Sexton,Utah Jazz,Charlotte Hornets,2025
Corey Brewer,Minnesota Timberwolves,Minnesota Timberwolves,2008
Corey Brewer,Minnesota Timberwolves,Minnesota Timberwolves,2009
Corey Brewer,Minnesota Timberwolves,Dallas Mavericks,2010
Corey Brewer,Dallas Mavericks,Denver Nuggets,2011
Corey Brewer,Denver Nuggets,Denver Nuggets,2012
Corey Brewer,Denver Nuggets,Minnesota Timberwolves,2013
Corey Brewer,Houston Rockets,Los Angeles Lakers,2016
Corey Brewer,Los Angeles Lakers,Oklahoma City Thunder,2017
Corey Brewer,Oklahoma City Thunder,Sacramento Kings,2018
Corey Brewer,Sacramento Kings,Sacramento Kings,2019
Corey Maggette,Los Angeles Clippers,Los Angeles Clippers,2006
Corey Maggette,Los Angeles Clippers,Los Angeles Clippers,2007
Corey Maggette,Los Angeles Clippers,Golden State Warriors,2008
Corey Maggette,Golden State Warriors,Golden State Warriors,2009
Corey Maggette,Golden State Warriors,Milwaukee Bucks,2010
Corey Maggette,Milwaukee Bucks,Charlotte Hornets,2011
Corey Maggette,Charlotte Hornets,Detroit Pistons,2012
Cory Joseph,Toronto Raptors,Toronto Raptors,2016
Cory Joseph,Toronto Raptors,Indiana Pacers,2017
Cory Joseph,Indiana Pacers,Indiana Pacers,2018
Cory Joseph,Indiana Pacers,Sacramento Kings,2019
Cory Joseph,Sacramento Kings,Detroit Pistons,2020
Cory Joseph,Detroit Pistons,Detroit Pistons,2021
Cory Joseph,Detroit Pistons,Detroit Pistons,2022
Cory Joseph,Detroit Pistons,Orlando Magic,2024
Courtney Lee,Orlando Magic,Brooklyn Nets,2009
Courtney Lee,Brooklyn Nets,Houston Rockets,2010
Courtney Lee,Houston Rockets,Houston Rockets,2011
Courtney Lee,Houston Rockets,Boston Celtics,2012
Courtney Lee,Boston Celtics,Memphis Grizzlies,2013
Courtney Lee,Charlotte Hornets,New York Knicks,2016
Courtney Lee,New York Knicks,New York Knicks,2017
Courtney Lee,New York Knicks,Dallas Mavericks,2018
Courtney Lee,Dallas Mavericks,Dallas Mavericks,2019
Craig Smith,Minnesota Timberwolves,Minnesota Timberwolves,2007
Craig Smith,Minnesota Timberwolves,Minnesota Timberwolves,2008
Craig Smith,Minnesota Timberwolves,Los Angeles Clippers,2009
Craig Smith,Los Angeles Clippers,Los Angeles Clippers,2010
Craig Smith,Los Angeles Clippers,Portland Trail Blazers,2011
Cuttino Mobley,Sacramento Kings,Los Angeles Clippers,2005
Cuttino Mobley,Los Angeles Clippers,Los Angeles Clippers,2006
Cuttino Mobley,Los Angeles Clippers,Los Angeles Clippers,2007
Cuttino Mobley,Los Angeles Clippers,New York Knicks,2008
D'Angelo Russell,Los Angeles Lakers,Los Angeles Lakers,2016
D'Angelo Russell,Los Angeles Lakers,Brooklyn Nets,2017
D'Angelo Russell,Brooklyn Nets,Brooklyn Nets,2018
D'Angelo Russell,Brooklyn Nets,Minnesota Timberwolves,2019
D'Angelo Russell,Minnesota Timberwolves,Minnesota Timberwolves,2020
D'Angelo Russell,Minnesota Timberwolves,Minnesota Timberwolves,2021
D'Angelo Russell,Minnesota Timberwolves,Los Angeles Lakers,2022
D'Angelo Russell,Los Angeles Lakers,Los Angeles Lakers,2023
D'Angelo Russell,Los Angeles Lakers,Brooklyn Nets,2024
D'Angelo Russell,Brooklyn Nets,Dallas Mavericks,2025
D.J. Augustin,Charlotte Hornets,Charlotte Hornets,2009
D.J. Augustin,Charlotte Hornets,Charlotte Hornets,2010
D.J. Augustin,Charlotte Hornets,Charlotte Hornets,2011
D.J. Augustin,Charlotte Hornets,Indiana Pacers,2012
D.J. Augustin,Indiana Pacers,Chicago Bulls,2013
D.J. Augustin,Denver Nuggets,Orlando Magic,2016
D.J. Augustin,Orlando Magic,Orlando Magic,2017
D.J. Augustin,Orlando Magic,Orlando Magic,2018
D.J. Augustin,Orlando Magic,Orlando Magic,2019
D.J. Augustin,Orlando Magic,Houston Rockets,2020
D.J. Augustin,Houston Rockets,Los Angeles Lakers,2021
D.J. Augustin,Los Angeles Lakers,Houston Rockets,2022
D.J. Wilson,Milwaukee Bucks,Milwaukee Bucks,2018
D.J. Wilson,Milwaukee Bucks,Milwaukee Bucks,2019
D.J. Wilson,Milwaukee Bucks,Houston Rockets,2020
DJ Mbenga,Dallas Mavericks,Dallas Mavericks,2006
DJ Mbenga,Dallas Mavericks,Los Angeles Lakers,2007
DJ Mbenga,Los Angeles Lakers,Los Angeles Lakers,2008
DJ Mbenga,Los Angeles Lakers,Los Angeles Lakers,2009
DJ Mbenga,Los Angeles Lakers,New Orleans Pelicans,2010
DJ White,Oklahoma City Thunder,Oklahoma City Thunder,2009
DJ White,Oklahoma City Thunder,Charlotte Hornets,2010
DJ White,Charlotte Hornets,Charlotte Hornets,2011
DJ White,Charlotte Hornets,Boston Celtics,2012
DJ White,Boston Celtics,Charlotte Hornets,2013
DaJuan Summers,Detroit Pistons,Detroit Pistons,2010
DaJuan Summers,Detroit Pistons,Los Angeles Clippers,2012
DaQuan Jeffries,Sacramento Kings,San Antonio Spurs,2020
DaQuan Jeffries,San Antonio Spurs,New York Knicks,2022
DaQuan Jeffries,New York Knicks,New York Knicks,2023
DaQuan Jeffries,New York Knicks,Charlotte Hornets,2024
Daequan Cook,Miami Heat,Miami Heat,2008
Daequan Cook,Miami Heat,Miami Heat,2009
Daequan Cook,Miami Heat,Oklahoma City Thunder,2010
Daequan Cook,Oklahoma City Thunder,Oklahoma City Thunder,2011
Daequan Cook,Oklahoma City Thunder,Chicago Bulls,2012
Daeqwon Plowden,Atlanta Hawks,Sacramento Kings,2025
Dahntay Jones,Memphis Grizzlies,Memphis Grizzlies,2005
Dahntay Jones,Memphis Grizzlies,Memphis Grizzlies,2006
Dahntay Jones,Memphis Grizzlies,Denver Nuggets,2008
Dahntay Jones,Denver Nuggets,Indiana Pacers,2009
Dahntay Jones,Indiana Pacers,Indiana Pacers,2010
Dahntay Jones,Indiana Pacers,Indiana Pacers,2011
Dahntay Jones,Indiana Pacers,Atlanta Hawks,2012
Daishen Nix,Houston Rockets,Houston Rockets,2022
Daishen Nix,Houston Rockets,Minnesota Timberwolves,2023
Dalano Banton,Toronto Raptors,Toronto Raptors,2022
Dalano Banton,Toronto Raptors,Portland Trail Blazers,2023
Dalano Banton,Portland Trail Blazers,Portland Trail Blazers,2024
Dale Davis,Indiana Pacers,Detroit Pistons,2005
Dale Davis,Detroit Pistons,Detroit Pistons,2006
Damian Jones,Golden State Warriors,Golden State Warriors,2017
Damian Jones,Golden State Warriors,Golden State Warriors,2018
Damian Jones,Golden State Warriors,Atlanta Hawks,2019
Damian Jones,Atlanta Hawks,Sacramento Kings,2020
Damian Jones,Sacramento Kings,Sacramento Kings,2021
Damian Jones,Sacramento Kings,Utah Jazz,2022
Damian Jones,Utah Jazz,Cleveland Cavaliers,2023
Damian Lillard,Portland Trail Blazers,Portland Trail Blazers,2016
Damian Lillard,Portland Trail Blazers,Portland Trail Blazers,2017
Damian Lillard,Portland Trail Blazers,Portland Trail Blazers,2018
Damian Lillard,Portland Trail Blazers,Portland Trail Blazers,2019
Damian Lillard,Portland Trail Blazers,Portland Trail Blazers,2020
Damian Lillard,Portland Trail Blazers,Portland Trail Blazers,2021
Damian Lillard,Portland Trail Blazers,Portland Trail Blazers,2022
Damian Lillard,Portland Trail Blazers,Milwaukee Bucks,2023
Damian Lillard,Milwaukee Bucks,Milwaukee Bucks,2024
Damian Lillard,Milwaukee Bucks,Portland Trail Blazers,2025
Damien Wilkins,Oklahoma City Thunder,Oklahoma City Thunder,2005
Damien Wilkins,Oklahoma City Thunder,Oklahoma City Thunder,2006
Damien Wilkins,Oklahoma City Thunder,Oklahoma City Thunder,2007
Damien Wilkins,Oklahoma City Thunder,Oklahoma City Thunder,2008
Damien Wilkins,Oklahoma City Thunder,Minnesota Timberwolves,2009
Damien Wilkins,Minnesota Timberwolves,Atlanta Hawks,2010
Damien Wilkins,Atlanta Hawks,Detroit Pistons,2011
Damien Wilkins,Detroit Pistons,Philadelphia 76ers,2012
Damion James,Brooklyn Nets,Brooklyn Nets,2011
Damion James,Brooklyn Nets,San Antonio Spurs,2013
Damion Lee,Atlanta Hawks,Golden State Warriors,2018
Damion Lee,Golden State Warriors,Golden State Warriors,2019
Damion Lee,Golden State Warriors,Golden State Warriors,2020
Damion Lee,Golden State Warriors,Golden State Warriors,2021
Damion Lee,Golden State Warriors,Phoenix Suns,2022
Damion Lee,Phoenix Suns,Phoenix Suns,2023
Damion Lee,Phoenix Suns,Phoenix Suns,2024
Damjan Rudez,Minnesota Timberwolves,Orlando Magic,2016
Damon Jones,Miami Heat,Cleveland Cavaliers,2005
Damon Jones,Cleveland Cavaliers,Cleveland Cavaliers,2006
Damon Jones,Cleveland Cavaliers,Cleveland Cavaliers,2007
Damon Jones,Cleveland Cavaliers,Milwaukee Bucks,2008
Damon Stoudamire,Portland Trail Blazers,Memphis Grizzlies,2005
Damon Stoudamire,Memphis Grizzlies,Memphis Grizzlies,2006
Damon Stoudamire,Memphis Grizzlies,San Antonio Spurs,2007
Damyean Dotson,New York Knicks,New York Knicks,2018
Damyean Dotson,New York Knicks,New York Knicks,2019
Damyean Dotson,New York Knicks,Cleveland Cavaliers,2020
Dan Dickau,New Orleans Pelicans,Boston Celtics,2005
Dan Dickau,Boston Celtics,Portland Trail Blazers,2006
Dan Dickau,Portland Trail Blazers,Los Angeles Clippers,2007
Dan Gadzuric,Milwaukee Bucks,Milwaukee Bucks,2005
Dan Gadzuric,Milwaukee Bucks,Milwaukee Bucks,2006
Dan Gadzuric,Milwaukee Bucks,Milwaukee Bucks,2007
Dan Gadzuric,Milwaukee Bucks,Milwaukee Bucks,2008
Dan Gadzuric,Milwaukee Bucks,Milwaukee Bucks,2009
Dan Gadzuric,Milwaukee Bucks,Brooklyn Nets,2010
Dan Gadzuric,Brooklyn Nets,New York Knicks,2011
Daniel Gafford,Chicago Bulls,Washington Wizards,2020
Daniel Gafford,Washington Wizards,Washington Wizards,2021
Daniel Gafford,Washington Wizards,Washington Wizards,2022
Daniel Gafford,Washington Wizards,Dallas Mavericks,2023
Daniel Gafford,Dallas Mavericks,Dallas Mavericks,2024
Daniel Gafford,Dallas Mavericks,Dallas Mavericks,2025
Daniel Orton,Orlando Magic,Orlando Magic,2011
Daniel Orton,Orlando Magic,Oklahoma City Thunder,2012
Daniel Theis,Boston Celtics,Boston Celtics,2018
Daniel Theis,Boston Celtics,Boston Celtics,2019
Daniel Theis,Boston Celtics,Chicago Bulls,2020
Daniel Theis,Chicago Bulls,Boston Celtics,2021
Daniel Theis,Boston Celtics,Indiana Pacers,2022
Daniel Theis,Indiana Pacers,Los Angeles Clippers,2023
Danilo Gallinari,New York Knicks,New York Knicks,2009
Danilo Gallinari,New York Knicks,Denver Nuggets,2010
Danilo Gallinari,Denver Nuggets,Denver Nuggets,2011
Danilo Gallinari,Denver Nuggets,Denver Nuggets,2012
Danilo Gallinari,Denver Nuggets,Denver Nuggets,2013
Danilo Gallinari,Denver Nuggets,Denver Nuggets,2016
Danilo Gallinari,Denver Nuggets,Los Angeles Clippers,2017
Danilo Gallinari,Los Angeles Clippers,Los Angeles Clippers,2018
Danilo Gallinari,Los Angeles Clippers,Oklahoma City Thunder,2019
Danilo Gallinari,Oklahoma City Thunder,Atlanta Hawks,2020
Danilo Gallinari,Atlanta Hawks,Atlanta Hawks,2021
Danilo Gallinari,Atlanta Hawks,Boston Celtics,2022
Danilo Gallinari,Boston Celtics,Milwaukee Bucks,2023
Danny Granger,Indiana Pacers,Indiana Pacers,2006
Danny Granger,Indiana Pacers,Indiana Pacers,2007
Danny Granger,Indiana Pacers,Indiana Pacers,2008
Danny Granger,Indiana Pacers,Indiana Pacers,2009
Danny Granger,Indiana Pacers,Indiana Pacers,2010
Danny Granger,Indiana Pacers,Indiana Pacers,2011
Danny Granger,Indiana Pacers,Indiana Pacers,2012
Danny Granger,Indiana Pacers,Los Angeles Clippers,2013
Danny Green,Cleveland Cavaliers,San Antonio Spurs,2010
Danny Green,San Antonio Spurs,San Antonio Spurs,2011
Danny Green,San Antonio Spurs,San Antonio Spurs,2012
Danny Green,San Antonio Spurs,San Antonio Spurs,2013
Danny Green,San Antonio Spurs,San Antonio Spurs,2016
Danny Green,San Antonio Spurs,San Antonio Spurs,2017
Danny Green,San Antonio Spurs,Toronto Raptors,2018
Danny Green,Toronto Raptors,Los Angeles Lakers,2019
Danny Green,Los Angeles Lakers,Philadelphia 76ers,2020
Danny Green,Philadelphia 76ers,Philadelphia 76ers,2021
Danny Green,Philadelphia 76ers,Cleveland Cavaliers,2022
Dante Cunningham,Portland Trail Blazers,Charlotte Hornets,2010
Dante Cunningham,Charlotte Hornets,Memphis Grizzlies,2011
Dante Cunningham,Memphis Grizzlies,Minnesota Timberwolves,2012
Dante Cunningham,Minnesota Timberwolves,Minnesota Timberwolves,2013
Dante Cunningham,New Orleans Pelicans,New Orleans Pelicans,2016
Dante Cunningham,New Orleans Pelicans,Brooklyn Nets,2017
Dante Cunningham,Brooklyn Nets,San Antonio Spurs,2018
Danté Exum,Utah Jazz,Utah Jazz,2016
Danté Exum,Utah Jazz,Utah Jazz,2017
Danté Exum,Utah Jazz,Utah Jazz,2018
Danté Exum,Utah Jazz,Cleveland Cavaliers,2019
Danté Exum,Cleveland Cavaliers,Houston Rockets,2020
Danté Exum,Houston Rockets,Dallas Mavericks,2023
Danté Exum,Dallas Mavericks,Dallas Mavericks,2024
Danté Exum,Dallas Mavericks,Dallas Mavericks,2025
Danuel House Jr.,Phoenix Suns,Houston Rockets,2018
Danuel House Jr.,Houston Rockets,Houston Rockets,2019
Danuel House Jr.,Houston Rockets,Houston Rockets,2020
Danuel House Jr.,Houston Rockets,Utah Jazz,2021
Danuel House Jr.,Utah Jazz,Philadelphia 76ers,2022
Dario Šarić,Philadelphia 76ers,Philadelphia 76ers,2017
Dario Šarić,Philadelphia 76ers,Minnesota Timberwolves,2018
Dario Šarić,Minnesota Timberwolves,Phoenix Suns,2019
Dario Šarić,Phoenix Suns,Phoenix Suns,2020
Dario Šarić,Phoenix Suns,Phoenix Suns,2021
Dario Šarić,Phoenix Suns,Oklahoma City Thunder,2022
Dario Šarić,Oklahoma City Thunder,Golden State Warriors,2023
Dario Šarić,Golden State Warriors,Denver Nuggets,2024
Dario Šarić,Denver Nuggets,Sacramento Kings,2025
Darius Bazley,Oklahoma City Thunder,Oklahoma City Thunder,2020
Darius Bazley,Oklahoma City Thunder,Oklahoma City Thunder,2021
Darius Bazley,Oklahoma City Thunder,Phoenix Suns,2022
Darius Bazley,Phoenix Suns,Utah Jazz,2023
Darius Miles,Portland Trail Blazers,Portland Trail Blazers,2005
Darius Miles,Portland Trail Blazers,Portland Trail Blazers,2006
Darius Miles,Portland Trail Blazers,Memphis Grizzlies,2008
Darius Songaila,Sacramento Kings,Chicago Bulls,2005
Darius Songaila,Chicago Bulls,Washington Wizards,2006
Darius Songaila,Washington Wizards,Washington Wizards,2007
Darius Songaila,Washington Wizards,Washington Wizards,2008
Darius Songaila,Washington Wizards,New Orleans Pelicans,2009
Darius Songaila,New Orleans Pelicans,Philadelphia 76ers,2010
Darko Milicic,Detroit Pistons,Orlando Magic,2005
Darko Milicic,Orlando Magic,Orlando Magic,2006
Darko Milicic,Orlando Magic,Memphis Grizzlies,2007
Darko Milicic,Memphis Grizzlies,Memphis Grizzlies,2008
Darko Milicic,Memphis Grizzlies,Minnesota Timberwolves,2009
Darko Milicic,Minnesota Timberwolves,Minnesota Timberwolves,2010
Darko Milicic,Minnesota Timberwolves,Minnesota Timberwolves,2011
Darnell Jackson,Cleveland Cavaliers,Milwaukee Bucks,2009
Darnell Jackson,Milwaukee Bucks,Sacramento Kings,2010
Darrell Armstrong,Dallas Mavericks,Dallas Mavericks,2005
Darrell Armstrong,Dallas Mavericks,Indiana Pacers,2006
Darrell Armstrong,Indiana Pacers,Brooklyn Nets,2007
Darrell Arthur,Memphis Grizzlies,Memphis Grizzlies,2009
Darrell Arthur,Memphis Grizzlies,Memphis Grizzlies,2010
Darrell Arthur,Memphis Grizzlies,Memphis Grizzlies,2011
Darrell Arthur,Memphis Grizzlies,Memphis Grizzlies,2012
Darrell Arthur,Memphis Grizzlies,Denver Nuggets,2013
Darren Collison,New Orleans Pelicans,Indiana Pacers,2010
Darren Collison,Indiana Pacers,Indiana Pacers,2011
Darren Collison,Indiana Pacers,Dallas Mavericks,2012
Darren Collison,Dallas Mavericks,Los Angeles Clippers,2013
Darren Collison,Sacramento Kings,Sacramento Kings,2016
Darren Collison,Sacramento Kings,Indiana Pacers,2017
Darren Collison,Indiana Pacers,Indiana Pacers,2018
Darrun Hilliard,Detroit Pistons,Detroit Pistons,2016
Darrun Hilliard,Detroit Pistons,San Antonio Spurs,2017
David Andersen,Houston Rockets,New Orleans Pelicans,2010
David Duke Jr.,Brooklyn Nets,Brooklyn Nets,2022
David Duke Jr.,Brooklyn Nets,San Antonio Spurs,2023
David Duke Jr.,San Antonio Spurs,San Antonio Spurs,2024
David Lee,New York Knicks,New York Knicks,2006
David Lee,New York Knicks,New York Knicks,2007
David Lee,New York Knicks,New York Knicks,2008
David Lee,New York Knicks,New York Knicks,2009
David Lee,New York Knicks,Golden State Warriors,2010
David Lee,Golden State Warriors,Golden State Warriors,2011
David Lee,Golden State Warriors,Golden State Warriors,2012
David Lee,Golden State Warriors,Golden State Warriors,2013
David Lee,Dallas Mavericks,San Antonio Spurs,2016
David Nwaba,Los Angeles Lakers,Chicago Bulls,2017
David Nwaba,Chicago Bulls,Cleveland Cavaliers,2018
David Nwaba,Cleveland Cavaliers,Houston Rockets,2019
David Nwaba,Houston Rockets,Houston Rockets,2020
David Nwaba,Houston Rockets,Houston Rockets,2021
David Roddy,Memphis Grizzlies,Phoenix Suns,2023
David Roddy,Phoenix Suns,Houston Rockets,2024
David Wesley,Houston Rockets,Houston Rockets,2005
David Wesley,Houston Rockets,Cleveland Cavaliers,2006
David West,New Orleans Pelicans,New Orleans Pelicans,2005
David West,New Orleans Pelicans,New Orleans Pelicans,2006
David West,New Orleans Pelicans,New Orleans Pelicans,2007
David West,New Orleans Pelicans,New Orleans Pelicans,2008
David West,New Orleans Pelicans,New Orleans Pelicans,2009
David West,New Orleans Pelicans,New Orleans Pelicans,2010
David West,New Orleans Pelicans,Indiana Pacers,2011
David West,Indiana Pacers,Indiana Pacers,2012
David West,Indiana Pacers,Indiana Pacers,2013
David West,San Antonio Spurs,Golden State Warriors,2016
David West,Golden State Warriors,Golden State Warriors,2017
Davion Mitchell,Sacramento Kings,Sacramento Kings,2022
Davion Mitchell,Sacramento Kings,Sacramento Kings,2023
Davion Mitchell,Sacramento Kings,Miami Heat,2024
Davion Mitchell,Miami Heat,Miami Heat,2025
Davis Bertans,San Antonio Spurs,San Antonio Spurs,2017
Davis Bertans,San Antonio Spurs,San Antonio Spurs,2018
Davis Bertans,San Antonio Spurs,Washington Wizards,2019
Davis Bertans,Washington Wizards,Washington Wizards,2020
Davis Bertans,Washington Wizards,Dallas Mavericks,2021
Davis Bertans,Dallas Mavericks,Dallas Mavericks,2022
Davis Bertans,Dallas Mavericks,Charlotte Hornets,2023
Davon Reed,Phoenix Suns,Indiana Pacers,2018
Davon Reed,Indiana Pacers,Denver Nuggets,2021
De'Aaron Fox,Sacramento Kings,Sacramento Kings,2018
De'Aaron Fox,Sacramento Kings,Sacramento Kings,2019
De'Aaron Fox,Sacramento Kings,Sacramento Kings,2020
De'Aaron Fox,Sacramento Kings,Sacramento Kings,2021
De'Aaron Fox,Sacramento Kings,Sacramento Kings,2022
De'Aaron Fox,Sacramento Kings,Sacramento Kings,2023
De'Aaron Fox,Sacramento Kings,San Antonio Spurs,2024
De'Aaron Fox,San Antonio Spurs,San Antonio Spurs,2025
De'Andre Hunter,Atlanta Hawks,Atlanta Hawks,2020
De'Andre Hunter,Atlanta Hawks,Atlanta Hawks,2021
De'Andre Hunter,Atlanta Hawks,Atlanta Hawks,2022
De'Andre Hunter,Atlanta Hawks,Atlanta Hawks,2023
De'Andre Hunter,Atlanta Hawks,Cleveland Cavaliers,2024
De'Andre Hunter,Cleveland Cavaliers,Cleveland Cavaliers,2025
De'Anthony Melton,Phoenix Suns,Memphis Grizzlies,2019
De'Anthony Melton,Memphis Grizzlies,Memphis Grizzlies,2020
De'Anthony Melton,Memphis Grizzlies,Memphis Grizzlies,2021
De'Anthony Melton,Memphis Grizzlies,Philadelphia 76ers,2022
De'Anthony Melton,Philadelphia 76ers,Philadelphia 76ers,2023
De'Anthony Melton,Philadelphia 76ers,Brooklyn Nets,2024
De'Anthony Melton,Brooklyn Nets,Golden State Warriors,2025
DeAndre Jordan,Los Angeles Clippers,Los Angeles Clippers,2016
DeAndre Jordan,Los Angeles Clippers,Los Angeles Clippers,2017
DeAndre Jordan,Los Angeles Clippers,New York Knicks,2018
DeAndre Jordan,New York Knicks,Brooklyn Nets,2019
DeAndre Jordan,Brooklyn Nets,Brooklyn Nets,2020
DeAndre Jordan,Brooklyn Nets,Philadelphia 76ers,2021
DeAndre Jordan,Philadelphia 76ers,Denver Nuggets,2022
DeAndre Jordan,Denver Nuggets,Denver Nuggets,2023
DeAndre Jordan,Denver Nuggets,Denver Nuggets,2024
DeAndre Liggins,Orlando Magic,Oklahoma City Thunder,2012
DeAndre Liggins,Dallas Mavericks,New Orleans Pelicans,2017
DeAndre' Bembry,Atlanta Hawks,Atlanta Hawks,2017
DeAndre' Bembry,Atlanta Hawks,Atlanta Hawks,2018
DeAndre' Bembry,Atlanta Hawks,Atlanta Hawks,2019
DeAndre' Bembry,Atlanta Hawks,Toronto Raptors,2020
DeJuan Blair,San Antonio Spurs,San Antonio Spurs,2010
DeJuan Blair,San Antonio Spurs,San Antonio Spurs,2011
DeJuan Blair,San Antonio Spurs,San Antonio Spurs,2012
DeJuan Blair,San Antonio Spurs,Dallas Mavericks,2013
DeMar DeRozan,Toronto Raptors,Toronto Raptors,2016
DeMar DeRozan,Toronto Raptors,Toronto Raptors,2017
DeMar DeRozan,Toronto Raptors,San Antonio Spurs,2018
DeMar DeRozan,San Antonio Spurs,San Antonio Spurs,2019
DeMar DeRozan,San Antonio Spurs,San Antonio Spurs,2020
DeMar DeRozan,San Antonio Spurs,Chicago Bulls,2021
DeMar DeRozan,Chicago Bulls,Chicago Bulls,2022
DeMar DeRozan,Chicago Bulls,Chicago Bulls,2023
DeMar DeRozan,Chicago Bulls,Sacramento Kings,2024
DeMar DeRozan,Sacramento Kings,Sacramento Kings,2025
DeMarcus Cousins,Sacramento Kings,New Orleans Pelicans,2016
DeMarcus Cousins,New Orleans Pelicans,New Orleans Pelicans,2017
DeMarcus Cousins,New Orleans Pelicans,Golden State Warriors,2018
DeMarcus Cousins,Golden State Warriors,Los Angeles Clippers,2020
DeMarcus Cousins,Los Angeles Clippers,Denver Nuggets,2021
DeMarre Carroll,Memphis Grizzlies,Utah Jazz,2011
DeMarre Carroll,Utah Jazz,Utah Jazz,2012
DeMarre Carroll,Utah Jazz,Atlanta Hawks,2013
DeMarre Carroll,Toronto Raptors,Toronto Raptors,2016
DeMarre Carroll,Toronto Raptors,Brooklyn Nets,2017
DeMarre Carroll,Brooklyn Nets,Brooklyn Nets,2018
DeMarre Carroll,Brooklyn Nets,Houston Rockets,2019
DeSagana Diop,Cleveland Cavaliers,Dallas Mavericks,2005
DeSagana Diop,Dallas Mavericks,Dallas Mavericks,2006
DeSagana Diop,Dallas Mavericks,Brooklyn Nets,2007
DeSagana Diop,Brooklyn Nets,Charlotte Hornets,2008
DeSagana Diop,Charlotte Hornets,Charlotte Hornets,2009
DeSagana Diop,Charlotte Hornets,Charlotte Hornets,2010
DeSagana Diop,Charlotte Hornets,Charlotte Hornets,2011
DeSagana Diop,Charlotte Hornets,Charlotte Hornets,2012
DeShawn Stevenson,Orlando Magic,Orlando Magic,2005
DeShawn Stevenson,Orlando Magic,Washington Wizards,2006
DeShawn Stevenson,Washington Wizards,Washington Wizards,2007
DeShawn Stevenson,Washington Wizards,Washington Wizards,2008
DeShawn Stevenson,Washington Wizards,Dallas Mavericks,2009
DeShawn Stevenson,Dallas Mavericks,Dallas Mavericks,2010
DeShawn Stevenson,Dallas Mavericks,Brooklyn Nets,2011
DeShawn Stevenson,Brooklyn Nets,Atlanta Hawks,2012
Deandre Ayton,Phoenix Suns,Phoenix Suns,2019
Deandre Ayton,Phoenix Suns,Phoenix Suns,2020
Deandre Ayton,Phoenix Suns,Phoenix Suns,2021
Deandre Ayton,Phoenix Suns,Phoenix Suns,2022
Deandre Ayton,Phoenix Suns,Portland Trail Blazers,2023
Deandre Ayton,Portland Trail Blazers,Portland Trail Blazers,2024
Deandre Ayton,Portland Trail Blazers,Los Angeles Lakers,2025
Dejounte Murray,San Antonio Spurs,San Antonio Spurs,2017
Dejounte Murray,San Antonio Spurs,San Antonio Spurs,2018
Dejounte Murray,San Antonio Spurs,San Antonio Spurs,2019
Dejounte Murray,San Antonio Spurs,San Antonio Spurs,2020
Dejounte Murray,San Antonio Spurs,San Antonio Spurs,2021
Dejounte Murray,San Antonio Spurs,Atlanta Hawks,2022
Dejounte Murray,Atlanta Hawks,Atlanta Hawks,2023
Dejounte Murray,Atlanta Hawks,New Orleans Pelicans,2024
Dejounte Murray,New Orleans Pelicans,New Orleans Pelicans,2025
Delon Wright,Toronto Raptors,Toronto Raptors,2016
Delon Wright,Toronto Raptors,Toronto Raptors,2017
Delon Wright,Toronto Raptors,Memphis Grizzlies,2018
Delon Wright,Memphis Grizzlies,Dallas Mavericks,2019
Delon Wright,Dallas Mavericks,Sacramento Kings,2020
Delon Wright,Sacramento Kings,Atlanta Hawks,2021
Delon Wright,Atlanta Hawks,Washington Wizards,2022
Delon Wright,Washington Wizards,Miami Heat,2023
Delon Wright,Miami Heat,New York Knicks,2024
Delonte West,Boston Celtics,Boston Celtics,2005
Delonte West,Boston Celtics,Boston Celtics,2006
Delonte West,Boston Celtics,Cleveland Cavaliers,2007
Delonte West,Cleveland Cavaliers,Cleveland Cavaliers,2008
Delonte West,Cleveland Cavaliers,Cleveland Cavaliers,2009
Delonte West,Cleveland Cavaliers,Boston Celtics,2010
Delonte West,Boston Celtics,Dallas Mavericks,2011
Demetrius Jackson,Boston Celtics,Philadelphia 76ers,2017
Deni Avdija,Washington Wizards,Washington Wizards,2021
Deni Avdija,Washington Wizards,Washington Wizards,2022
Deni Avdija,Washington Wizards,Washington Wizards,2023
Deni Avdija,Washington Wizards,Portland Trail Blazers,2024
Deni Avdija,Portland Trail Blazers,Portland Trail Blazers,2025
Dennis Schröder,Atlanta Hawks,Atlanta Hawks,2016
Dennis Schröder,Atlanta Hawks,Atlanta Hawks,2017
Dennis Schröder,Atlanta Hawks,Oklahoma City Thunder,2018
Dennis Schröder,Oklahoma City Thunder,Oklahoma City Thunder,2019
Dennis Schröder,Oklahoma City Thunder,Los Angeles Lakers,2020
Dennis Schröder,Los Angeles Lakers,Houston Rockets,2021
Dennis Schröder,Houston Rockets,Los Angeles Lakers,2022
Dennis Schröder,Los Angeles Lakers,Brooklyn Nets,2023
Dennis Schröder,Brooklyn Nets,Detroit Pistons,2024
Dennis Schröder,Detroit Pistons,Sacramento Kings,2025
Dennis Smith Jr.,Dallas Mavericks,New York Knicks,2018
Dennis Smith Jr.,New York Knicks,New York Knicks,2019
Dennis Smith Jr.,New York Knicks,Detroit Pistons,2020
Dennis Smith Jr.,Detroit Pistons,Charlotte Hornets,2022
Dennis Smith Jr.,Charlotte Hornets,Brooklyn Nets,2023
DerMarr Johnson,Denver Nuggets,Denver Nuggets,2005
DerMarr Johnson,Denver Nuggets,Denver Nuggets,2006
DerMarr Johnson,Denver Nuggets,San Antonio Spurs,2007
Derek Anderson,Portland Trail Blazers,Miami Heat,2005
Derek Anderson,Miami Heat,Charlotte Hornets,2006
Derek Anderson,Charlotte Hornets,Charlotte Hornets,2007
Derek Fisher,Golden State Warriors,Golden State Warriors,2005
Derek Fisher,Golden State Warriors,Utah Jazz,2006
Derek Fisher,Utah Jazz,Los Angeles Lakers,2007
Derek Fisher,Los Angeles Lakers,Los Angeles Lakers,2008
Derek Fisher,Los Angeles Lakers,Los Angeles Lakers,2009
Derek Fisher,Los Angeles Lakers,Los Angeles Lakers,2010
Derek Fisher,Los Angeles Lakers,Oklahoma City Thunder,2011
Derek Fisher,Oklahoma City Thunder,Oklahoma City Thunder,2012
Derek Fisher,Oklahoma City Thunder,Oklahoma City Thunder,2013
Deron Williams,Utah Jazz,Utah Jazz,2006
Deron Williams,Utah Jazz,Utah Jazz,2007
Deron Williams,Utah Jazz,Utah Jazz,2008
Deron Williams,Utah Jazz,Utah Jazz,2009
Deron Williams,Utah Jazz,Brooklyn Nets,2010
Deron Williams,Brooklyn Nets,Brooklyn Nets,2011
Deron Williams,Brooklyn Nets,Brooklyn Nets,2012
Deron Williams,Brooklyn Nets,Brooklyn Nets,2013
Deron Williams,Dallas Mavericks,Cleveland Cavaliers,2016
Derrick Brown,Charlotte Hornets,New York Knicks,2010
Derrick Brown,New York Knicks,Charlotte Hornets,2011
Derrick Favors,Utah Jazz,Utah Jazz,2016
Derrick Favors,Utah Jazz,Utah Jazz,2017
Derrick Favors,Utah Jazz,Utah Jazz,2018
Derrick Favors,Utah Jazz,New Orleans Pelicans,2019
Derrick Favors,New Orleans Pelicans,Utah Jazz,2020
Derrick Favors,Utah Jazz,Oklahoma City Thunder,2021
Derrick Jones Jr.,Phoenix Suns,Miami Heat,2017
Derrick Jones Jr.,Miami Heat,Miami Heat,2018
Derrick Jones Jr.,Miami Heat,Miami Heat,2019
Derrick Jones Jr.,Miami Heat,Portland Trail Blazers,2020
Derrick Jones Jr.,Portland Trail Blazers,Chicago Bulls,2021
Derrick Jones Jr.,Chicago Bulls,Chicago Bulls,2022
Derrick Jones Jr.,Chicago Bulls,Dallas Mavericks,2023
Derrick Jones Jr.,Dallas Mavericks,Los Angeles Clippers,2024
Derrick Jones Jr.,Los Angeles Clippers,Los Angeles Clippers,2025
Derrick Rose,Chicago Bulls,New York Knicks,2016
Derrick Rose,New York Knicks,Minnesota Timberwolves,2017
Derrick Rose,Minnesota Timberwolves,Minnesota Timberwolves,2018
Derrick Rose,Minnesota Timberwolves,Detroit Pistons,2019
Derrick Rose,Detroit Pistons,New York Knicks,2020
Derrick Rose,New York Knicks,New York Knicks,2021
Derrick Rose,New York Knicks,New York Knicks,2022
Derrick Rose,New York Knicks,Memphis Grizzlies,2023
Derrick White,San Antonio Spurs,San Antonio Spurs,2018
Derrick White,San Antonio Spurs,San Antonio Spurs,2019
Derrick White,San Antonio Spurs,San Antonio Spurs,2020
Derrick White,San Antonio Spurs,Boston Celtics,2021
Derrick White,Boston Celtics,Boston Celtics,2022
Derrick White,Boston Celtics,Boston Celtics,2023
Derrick White,Boston Celtics,Boston Celtics,2024
Derrick White,Boston Celtics,Boston Celtics,2025
Derrick Williams,Minnesota Timberwolves,Minnesota Timberwolves,2012
Derrick Williams,Minnesota Timberwolves,Sacramento Kings,2013
Derrick Williams,New York Knicks,Cleveland Cavaliers,2016
Desmond Bane,Memphis Grizzlies,Memphis Grizzlies,2021
Desmond Bane,Memphis Grizzlies,Memphis Grizzlies,2022
Desmond Bane,Memphis Grizzlies,Memphis Grizzlies,2023
Desmond Bane,Memphis Grizzlies,Orlando Magic,2024
Desmond Bane,Orlando Magic,Orlando Magic,2025
Desmond Mason,Milwaukee Bucks,New Orleans Pelicans,2005
Desmond Mason,New Orleans Pelicans,New Orleans Pelicans,2006
Desmond Mason,New Orleans Pelicans,Milwaukee Bucks,2007
Desmond Mason,Milwaukee Bucks,Oklahoma City Thunder,2008
Devean George,Los Angeles Lakers,Los Angeles Lakers,2005
Devean George,Los Angeles Lakers,Dallas Mavericks,2006
Devean George,Dallas Mavericks,Dallas Mavericks,2007
Devean George,Dallas Mavericks,Dallas Mavericks,2008
Devean George,Dallas Mavericks,Golden State Warriors,2009
Devin Brown,San Antonio Spurs,Utah Jazz,2005
Devin Brown,Utah Jazz,New Orleans Pelicans,2006
Devin Brown,New Orleans Pelicans,Cleveland Cavaliers,2007
Devin Brown,Cleveland Cavaliers,New Orleans Pelicans,2008
Devin Brown,New Orleans Pelicans,Chicago Bulls,2009
Devin Harris,Dallas Mavericks,Dallas Mavericks,2005
Devin Harris,Dallas Mavericks,Dallas Mavericks,2006
Devin Harris,Dallas Mavericks,Brooklyn Nets,2007
Devin Harris,Brooklyn Nets,Brooklyn Nets,2008
Devin Harris,Brooklyn Nets,Brooklyn Nets,2009
Devin Harris,Brooklyn Nets,Utah Jazz,2010
Devin Harris,Utah Jazz,Utah Jazz,2011
Devin Harris,Utah Jazz,Atlanta Hawks,2012
Devin Harris,Atlanta Hawks,Dallas Mavericks,2013
Devin Harris,Dallas Mavericks,Dallas Mavericks,2016
Devin Harris,Dallas Mavericks,Denver Nuggets,2017
Devin Harris,Denver Nuggets,Dallas Mavericks,2018
Devontae Cacok,Los Angeles Lakers,Los Angeles Lakers,2020
Devontae Cacok,Los Angeles Lakers,San Antonio Spurs,2021
Devonte' Graham,Charlotte Hornets,Charlotte Hornets,2019
Devonte' Graham,Charlotte Hornets,Charlotte Hornets,2020
Devonte' Graham,Charlotte Hornets,New Orleans Pelicans,2021
Devonte' Graham,New Orleans Pelicans,San Antonio Spurs,2022
Devonte' Graham,San Antonio Spurs,San Antonio Spurs,2023
Dewayne Dedmon,Orlando Magic,San Antonio Spurs,2016
Dewayne Dedmon,San Antonio Spurs,Atlanta Hawks,2017
Dewayne Dedmon,Atlanta Hawks,Atlanta Hawks,2018
Dewayne Dedmon,Atlanta Hawks,Atlanta Hawks,2019
Dewayne Dedmon,Atlanta Hawks,Miami Heat,2020
Dewayne Dedmon,Miami Heat,Miami Heat,2021
Dewayne Dedmon,Miami Heat,Philadelphia 76ers,2022
Diante Garrett,Phoenix Suns,Utah Jazz,2013
Didi Louzada,New Orleans Pelicans,Portland Trail Blazers,2021
Dillon Brooks,Memphis Grizzlies,Memphis Grizzlies,2018
Dillon Brooks,Memphis Grizzlies,Memphis Grizzlies,2019
Dillon Brooks,Memphis Grizzlies,Memphis Grizzlies,2020
Dillon Brooks,Memphis Grizzlies,Memphis Grizzlies,2021
Dillon Brooks,Memphis Grizzlies,Memphis Grizzlies,2022
Dillon Brooks,Memphis Grizzlies,Houston Rockets,2023
Dillon Brooks,Houston Rockets,Houston Rockets,2024
Dillon Brooks,Houston Rockets,Phoenix Suns,2025
Dion Waiters,Oklahoma City Thunder,Miami Heat,2016
Dion Waiters,Miami Heat,Miami Heat,2017
Dion Waiters,Miami Heat,Miami Heat,2018
Dion Waiters,Miami Heat,Los Angeles Lakers,2019
Domantas Sabonis,Oklahoma City Thunder,Indiana Pacers,2017
Domantas Sabonis,Indiana Pacers,Indiana Pacers,2018
Domantas Sabonis,Indiana Pacers,Indiana Pacers,2019
Domantas Sabonis,Indiana Pacers,Indiana Pacers,2020
Domantas Sabonis,Indiana Pacers,Sacramento Kings,2021
Domantas Sabonis,Sacramento Kings,Sacramento Kings,2022
Domantas Sabonis,Sacramento Kings,Sacramento Kings,2023
Domantas Sabonis,Sacramento Kings,Sacramento Kings,2024
Domantas Sabonis,Sacramento Kings,Sacramento Kings,2025
Dominic McGuire,Washington Wizards,Washington Wizards,2008
Dominic McGuire,Washington Wizards,Sacramento Kings,2009
Dominic McGuire,Sacramento Kings,Charlotte Hornets,2010
Dominic McGuire,Charlotte Hornets,Golden State Warriors,2011
Dominick Barlow,San Antonio Spurs,San Antonio Spurs,2023
Dominick Barlow,San Antonio Spurs,Atlanta Hawks,2024
Dominick Barlow,Atlanta Hawks,Philadelphia 76ers,2025
Donald Sloan,Cleveland Cavaliers,Indiana Pacers,2013
Donatas Motiejunas,Houston Rockets,New Orleans Pelicans,2016
Donatas Motiejunas,New Orleans Pelicans,San Antonio Spurs,2018
Donovan Mitchell,Utah Jazz,Utah Jazz,2018
Donovan Mitchell,Utah Jazz,Utah Jazz,2019
Donovan Mitchell,Utah Jazz,Utah Jazz,2020
Donovan Mitchell,Utah Jazz,Utah Jazz,2021
Donovan Mitchell,Utah Jazz,Cleveland Cavaliers,2022
Donovan Mitchell,Cleveland Cavaliers,Cleveland Cavaliers,2023
Donovan Mitchell,Cleveland Cavaliers,Cleveland Cavaliers,2024
Donovan Mitchell,Cleveland Cavaliers,Cleveland Cavaliers,2025
Donte DiVincenzo,Milwaukee Bucks,Milwaukee Bucks,2019
Donte DiVincenzo,Milwaukee Bucks,Milwaukee Bucks,2020
Donte DiVincenzo,Milwaukee Bucks,Sacramento Kings,2021
Donte DiVincenzo,Sacramento Kings,Golden State Warriors,2022
Donte DiVincenzo,Golden State Warriors,New York Knicks,2023
Donte DiVincenzo,New York Knicks,Minnesota Timberwolves,2024
Donte DiVincenzo,Minnesota Timberwolves,Minnesota Timberwolves,2025
Donte Greene,Sacramento Kings,Sacramento Kings,2009
Donte Greene,Sacramento Kings,Sacramento Kings,2010
Donte Greene,Sacramento Kings,Sacramento Kings,2011
Donte Greene,Sacramento Kings,Memphis Grizzlies,2012
Donyell Marshall,Cleveland Cavaliers,Cleveland Cavaliers,2006
Donyell Marshall,Cleveland Cavaliers,Oklahoma City Thunder,2007
Donyell Marshall,Oklahoma City Thunder,Philadelphia 76ers,2008
Dorell Wright,Miami Heat,Miami Heat,2005
Dorell Wright,Miami Heat,Miami Heat,2006
Dorell Wright,Miami Heat,Miami Heat,2007
Dorell Wright,Miami Heat,Miami Heat,2008
Dorell Wright,Miami Heat,Miami Heat,2009
Dorell Wright,Miami Heat,Golden State Warriors,2010
Dorell Wright,Golden State Warriors,Golden State Warriors,2011
Dorell Wright,Golden State Warriors,Philadelphia 76ers,2012
Dorell Wright,Philadelphia 76ers,Portland Trail Blazers,2013
Dorian Finney-Smith,Dallas Mavericks,Dallas Mavericks,2017
Dorian Finney-Smith,Dallas Mavericks,Dallas Mavericks,2018
Dorian Finney-Smith,Dallas Mavericks,Dallas Mavericks,2019
Dorian Finney-Smith,Dallas Mavericks,Dallas Mavericks,2020
Dorian Finney-Smith,Dallas Mavericks,Dallas Mavericks,2021
Dorian Finney-Smith,Dallas Mavericks,Brooklyn Nets,2022
Dorian Finney-Smith,Brooklyn Nets,Brooklyn Nets,2023
Dorian Finney-Smith,Brooklyn Nets,Los Angeles Lakers,2024
Dorian Finney-Smith,Los Angeles Lakers,Houston Rockets,2025
Doug McDermott,Chicago Bulls,Oklahoma City Thunder,2016
Doug McDermott,Oklahoma City Thunder,Dallas Mavericks,2017
Doug McDermott,Dallas Mavericks,Indiana Pacers,2018
Doug McDermott,Indiana Pacers,Indiana Pacers,2019
Doug McDermott,Indiana Pacers,Indiana Pacers,2020
Doug McDermott,Indiana Pacers,San Antonio Spurs,2021
Doug McDermott,San Antonio Spurs,San Antonio Spurs,2022
Doug McDermott,San Antonio Spurs,Indiana Pacers,2023
Doug McDermott,Indiana Pacers,Sacramento Kings,2024
Doug McDermott,Sacramento Kings,Sacramento Kings,2025
Drew Eubanks,San Antonio Spurs,San Antonio Spurs,2019
Drew Eubanks,San Antonio Spurs,San Antonio Spurs,2020
Drew Eubanks,San Antonio Spurs,Portland Trail Blazers,2022
Drew Eubanks,Portland Trail Blazers,Phoenix Suns,2023
Drew Eubanks,Phoenix Suns,Los Angeles Clippers,2024
Drew Eubanks,Los Angeles Clippers,Sacramento Kings,2025
Drew Gooden,Cleveland Cavaliers,Cleveland Cavaliers,2005
Drew Gooden,Cleveland Cavaliers,Cleveland Cavaliers,2006
Drew Gooden,Cleveland Cavaliers,Chicago Bulls,2007
Drew Gooden,Chicago Bulls,San Antonio Spurs,2008
Drew Gooden,San Antonio Spurs,Los Angeles Clippers,2009
Drew Gooden,Los Angeles Clippers,Milwaukee Bucks,2010
Drew Gooden,Milwaukee Bucks,Milwaukee Bucks,2011
Drew Gooden,Milwaukee Bucks,Milwaukee Bucks,2012
Drew Gooden,Milwaukee Bucks,Washington Wizards,2013
Drew Peterson,Boston Celtics,Boston Celtics,2024
Drew Peterson,Boston Celtics,Charlotte Hornets,2025
Dru Smith,Brooklyn Nets,Miami Heat,2024
Dru Smith,Miami Heat,Miami Heat,2025
Duane Washington Jr.,Indiana Pacers,New York Knicks,2022
Duane Washington Jr.,New York Knicks,New York Knicks,2023
Duncan Robinson,Miami Heat,Miami Heat,2019
Duncan Robinson,Miami Heat,Miami Heat,2020
Duncan Robinson,Miami Heat,Miami Heat,2021
Duncan Robinson,Miami Heat,Miami Heat,2022
Duncan Robinson,Miami Heat,Miami Heat,2023
Duncan Robinson,Miami Heat,Miami Heat,2024
Duncan Robinson,Miami Heat,Detroit Pistons,2025
Dwayne Bacon,Charlotte Hornets,Charlotte Hornets,2018
Dwayne Bacon,Charlotte Hornets,Charlotte Hornets,2019
Dwayne Bacon,Charlotte Hornets,Orlando Magic,2020
Dwayne Jones,Boston Celtics,Cleveland Cavaliers,2006
Dwayne Jones,Cleveland Cavaliers,Cleveland Cavaliers,2007
Dwayne Jones,Cleveland Cavaliers,Phoenix Suns,2009
Dwayne Jones,Phoenix Suns,Golden State Warriors,2012
Dwight Howard,Orlando Magic,Orlando Magic,2005
Dwight Howard,Orlando Magic,Orlando Magic,2006
Dwight Howard,Orlando Magic,Orlando Magic,2007
Dwight Howard,Orlando Magic,Orlando Magic,2008
Dwight Howard,Orlando Magic,Orlando Magic,2009
Dwight Howard,Orlando Magic,Orlando Magic,2010
Dwight Howard,Orlando Magic,Orlando Magic,2011
Dwight Howard,Orlando Magic,Los Angeles Lakers,2012
Dwight Howard,Los Angeles Lakers,Houston Rockets,2013
Dwight Howard,Houston Rockets,Atlanta Hawks,2016
Dwight Howard,Atlanta Hawks,Charlotte Hornets,2017
Dwight Howard,Charlotte Hornets,Washington Wizards,2018
Dwight Howard,Washington Wizards,Los Angeles Lakers,2019
Dwight Howard,Los Angeles Lakers,Philadelphia 76ers,2020
Dwight Howard,Philadelphia 76ers,Los Angeles Lakers,2021
Dwyane Wade,Miami Heat,Chicago Bulls,2016
Dwyane Wade,Chicago Bulls,Miami Heat,2017
Dwyane Wade,Miami Heat,Miami Heat,2018
Dylan Windler,Cleveland Cavaliers,Cleveland Cavaliers,2020
Dylan Windler,Cleveland Cavaliers,Cleveland Cavaliers,2021
Dylan Windler,Cleveland Cavaliers,Cleveland Cavaliers,2022
Dylan Windler,Cleveland Cavaliers,Atlanta Hawks,2023
Dyson Daniels,New Orleans Pelicans,New Orleans Pelicans,2023
Dyson Daniels,New Orleans Pelicans,Atlanta Hawks,2024
Dyson Daniels,Atlanta Hawks,Atlanta Hawks,2025
E'Twaun Moore,Boston Celtics,Orlando Magic,2012
E'Twaun Moore,Orlando Magic,Orlando Magic,2013
E'Twaun Moore,Chicago Bulls,New Orleans Pelicans,2016
E'Twaun Moore,New Orleans Pelicans,New Orleans Pelicans,2017
E'Twaun Moore,New Orleans Pelicans,New Orleans Pelicans,2018
E'Twaun Moore,New Orleans Pelicans,New Orleans Pelicans,2019
E'Twaun Moore,New Orleans Pelicans,Phoenix Suns,2020
E.J. Liddell,New Orleans Pelicans,New Orleans Pelicans,2023
E.J. Liddell,New Orleans Pelicans,Chicago Bulls,2024
E.J. Liddell,Chicago Bulls,Brooklyn Nets,2025
Earl Barron,Miami Heat,Miami Heat,2007
Earl Barron,Miami Heat,New York Knicks,2009
Earl Barron,New York Knicks,Portland Trail Blazers,2010
Earl Barron,Portland Trail Blazers,New York Knicks,2012
Earl Boykins,Denver Nuggets,Denver Nuggets,2005
Earl Boykins,Denver Nuggets,Milwaukee Bucks,2006
Earl Boykins,Milwaukee Bucks,Charlotte Hornets,2007
Earl Boykins,Charlotte Hornets,Washington Wizards,2009
Earl Boykins,Washington Wizards,Milwaukee Bucks,2010
Earl Boykins,Milwaukee Bucks,Houston Rockets,2011
Earl Clark,Phoenix Suns,Orlando Magic,2010
Earl Clark,Orlando Magic,Orlando Magic,2011
Earl Clark,Orlando Magic,Los Angeles Lakers,2012
Earl Watson,Memphis Grizzlies,Oklahoma City Thunder,2005
Earl Watson,Oklahoma City Thunder,Oklahoma City Thunder,2006
Earl Watson,Oklahoma City Thunder,Oklahoma City Thunder,2007
Earl Watson,Oklahoma City Thunder,Oklahoma City Thunder,2008
Earl Watson,Oklahoma City Thunder,Indiana Pacers,2009
Earl Watson,Indiana Pacers,Utah Jazz,2010
Earl Watson,Utah Jazz,Utah Jazz,2011
Earl Watson,Utah Jazz,Utah Jazz,2012
Earl Watson,Utah Jazz,Portland Trail Blazers,2013
Ed Davis,Toronto Raptors,Toronto Raptors,2011
Ed Davis,Toronto Raptors,Memphis Grizzlies,2012
Ed Davis,Memphis Grizzlies,Memphis Grizzlies,2013
Ed Davis,Portland Trail Blazers,Portland Trail Blazers,2016
Ed Davis,Portland Trail Blazers,Portland Trail Blazers,2017
Ed Davis,Portland Trail Blazers,Brooklyn Nets,2018
Ed Davis,Brooklyn Nets,Utah Jazz,2019
Ed Davis,Utah Jazz,Minnesota Timberwolves,2020
Ed Davis,Minnesota Timberwolves,Cleveland Cavaliers,2021
Eddie House,Sacramento Kings,Phoenix Suns,2005
Eddie House,Phoenix Suns,Brooklyn Nets,2006
Eddie House,Brooklyn Nets,Boston Celtics,2007
Eddie House,Boston Celtics,Boston Celtics,2008
Eddie House,Boston Celtics,New York Knicks,2009
Eddie House,New York Knicks,Miami Heat,2010
Eddie Jones,Miami Heat,Memphis Grizzlies,2005
Eddie Jones,Memphis Grizzlies,Miami Heat,2006
Eddie Jones,Miami Heat,Dallas Mavericks,2007
Eddy Curry,New York Knicks,New York Knicks,2006
Eddy Curry,New York Knicks,New York Knicks,2007
Eddy Curry,New York Knicks,New York Knicks,2008
Eddy Curry,New York Knicks,New York Knicks,2009
Eddy Curry,New York Knicks,Miami Heat,2011
Edmond Sumner,Indiana Pacers,Indiana Pacers,2018
Edmond Sumner,Indiana Pacers,Indiana Pacers,2019
Edmond Sumner,Indiana Pacers,Indiana Pacers,2020
Edmond Sumner,Indiana Pacers,Brooklyn Nets,2022
Eduardo Najera,Denver Nuggets,Denver Nuggets,2005
Eduardo Najera,Denver Nuggets,Denver Nuggets,2006
Eduardo Najera,Denver Nuggets,Denver Nuggets,2007
Eduardo Najera,Denver Nuggets,Brooklyn Nets,2008
Eduardo Najera,Brooklyn Nets,Dallas Mavericks,2009
Eduardo Najera,Dallas Mavericks,Charlotte Hornets,2010
Eduardo Najera,Charlotte Hornets,Charlotte Hornets,2011
Edy Tavares,Atlanta Hawks,Cleveland Cavaliers,2016
Ekpe Udoh,Golden State Warriors,Milwaukee Bucks,2011
Ekpe Udoh,Milwaukee Bucks,Milwaukee Bucks,2012
Ekpe Udoh,Milwaukee Bucks,Milwaukee Bucks,2013
Elfrid Payton,Orlando Magic,Orlando Magic,2016
Elfrid Payton,Orlando Magic,Phoenix Suns,2017
Elfrid Payton,Phoenix Suns,New Orleans Pelicans,2018
Elfrid Payton,New Orleans Pelicans,New York Knicks,2019
Elfrid Payton,New York Knicks,New York Knicks,2020
Elfrid Payton,New York Knicks,Phoenix Suns,2021
Elfrid Payton,Phoenix Suns,New Orleans Pelicans,2024
Elijah Hughes,Utah Jazz,Portland Trail Blazers,2021
Elliot Williams,Portland Trail Blazers,Portland Trail Blazers,2011
Elliot Williams,Portland Trail Blazers,Portland Trail Blazers,2012
Elliot Williams,Portland Trail Blazers,Philadelphia 76ers,2013
Elton Brand,Los Angeles Clippers,Los Angeles Clippers,2005
Elton Brand,Los Angeles Clippers,Los Angeles Clippers,2006
Elton Brand,Los Angeles Clippers,Los Angeles Clippers,2007
Elton Brand,Los Angeles Clippers,Philadelphia 76ers,2008
Elton Brand,Philadelphia 76ers,Philadelphia 76ers,2009
Elton Brand,Philadelphia 76ers,Philadelphia 76ers,2010
Elton Brand,Philadelphia 76ers,Philadelphia 76ers,2011
Elton Brand,Philadelphia 76ers,Dallas Mavericks,2012
Elton Brand,Dallas Mavericks,Atlanta Hawks,2013
Emeka Okafor,Charlotte Hornets,Charlotte Hornets,2005
Emeka Okafor,Charlotte Hornets,Charlotte Hornets,2006
Emeka Okafor,Charlotte Hornets,Charlotte Hornets,2007
Emeka Okafor,Charlotte Hornets,Charlotte Hornets,2008
Emeka Okafor,Charlotte Hornets,New Orleans Pelicans,2009
Emeka Okafor,New Orleans Pelicans,New Orleans Pelicans,2010
Emeka Okafor,New Orleans Pelicans,New Orleans Pelicans,2011
Emeka Okafor,New Orleans Pelicans,Washington Wizards,2012
Emeka Okafor,Washington Wizards,Phoenix Suns,2013
Emmanuel Mudiay,Denver Nuggets,Denver Nuggets,2016
Emmanuel Mudiay,Denver Nuggets,New York Knicks,2017
Emmanuel Mudiay,New York Knicks,New York Knicks,2018
Emmanuel Mudiay,New York Knicks,Utah Jazz,2019
Enes Freedom,Oklahoma City Thunder,Oklahoma City Thunder,2016
Enes Freedom,Oklahoma City Thunder,New York Knicks,2017
Enes Freedom,New York Knicks,Portland Trail Blazers,2018
Enes Freedom,Portland Trail Blazers,Boston Celtics,2019
Enes Freedom,Boston Celtics,Portland Trail Blazers,2020
Enrique Freeman,Indiana Pacers,Minnesota Timberwolves,2025
Eric Bledsoe,Los Angeles Clippers,Los Angeles Clippers,2011
Eric Bledsoe,Los Angeles Clippers,Los Angeles Clippers,2012
Eric Bledsoe,Los Angeles Clippers,Phoenix Suns,2013
Eric Bledsoe,Phoenix Suns,Phoenix Suns,2016
Eric Bledsoe,Phoenix Suns,Milwaukee Bucks,2017
Eric Bledsoe,Milwaukee Bucks,Milwaukee Bucks,2018
Eric Bledsoe,Milwaukee Bucks,Milwaukee Bucks,2019
Eric Bledsoe,Milwaukee Bucks,New Orleans Pelicans,2020
Eric Bledsoe,New Orleans Pelicans,Portland Trail Blazers,2021
Eric Gordon,Los Angeles Clippers,Los Angeles Clippers,2009
Eric Gordon,Los Angeles Clippers,Los Angeles Clippers,2010
Eric Gordon,Los Angeles Clippers,New Orleans Pelicans,2011
Eric Gordon,New Orleans Pelicans,New Orleans Pelicans,2012
Eric Gordon,New Orleans Pelicans,New Orleans Pelicans,2013
Eric Gordon,New Orleans Pelicans,Houston Rockets,2016
Eric Gordon,Houston Rockets,Houston Rockets,2017
Eric Gordon,Houston Rockets,Houston Rockets,2018
Eric Gordon,Houston Rockets,Houston Rockets,2019
Eric Gordon,Houston Rockets,Houston Rockets,2020
Eric Gordon,Houston Rockets,Houston Rockets,2021
Eric Gordon,Houston Rockets,Los Angeles Clippers,2022
Eric Gordon,Los Angeles Clippers,Phoenix Suns,2023
Eric Gordon,Phoenix Suns,Philadelphia 76ers,2024
Eric Gordon,Philadelphia 76ers,Philadelphia 76ers,2025
Eric Maynor,Oklahoma City Thunder,Oklahoma City Thunder,2010
Eric Maynor,Oklahoma City Thunder,Oklahoma City Thunder,2011
Eric Maynor,Oklahoma City Thunder,Portland Trail Blazers,2012
Eric Moreland,Sacramento Kings,Detroit Pistons,2017
Eric Moreland,Detroit Pistons,Toronto Raptors,2018
Eric Paschall,Golden State Warriors,Golden State Warriors,2020
Eric Paschall,Golden State Warriors,Utah Jazz,2021
Eric Piatkowski,Chicago Bulls,Chicago Bulls,2005
Eric Piatkowski,Chicago Bulls,Phoenix Suns,2006
Eric Piatkowski,Phoenix Suns,Phoenix Suns,2007
Eric Williams,Toronto Raptors,San Antonio Spurs,2005
Erick Dampier,Dallas Mavericks,Dallas Mavericks,2005
Erick Dampier,Dallas Mavericks,Dallas Mavericks,2006
Erick Dampier,Dallas Mavericks,Dallas Mavericks,2007
Erick Dampier,Dallas Mavericks,Dallas Mavericks,2008
Erick Dampier,Dallas Mavericks,Dallas Mavericks,2009
Erick Dampier,Dallas Mavericks,Miami Heat,2010
Erick Dampier,Miami Heat,Atlanta Hawks,2011
Ersan Ilyasova,Orlando Magic,Atlanta Hawks,2016
Ersan Ilyasova,Atlanta Hawks,Philadelphia 76ers,2017
Ersan Ilyasova,Philadelphia 76ers,Milwaukee Bucks,2018
Ersan Ilyasova,Milwaukee Bucks,Milwaukee Bucks,2019
Ersan Ilyasova,Milwaukee Bucks,Utah Jazz,2020
Ervin Johnson,Minnesota Timberwolves,Milwaukee Bucks,2005
Etan Thomas,Washington Wizards,Washington Wizards,2005
Etan Thomas,Washington Wizards,Washington Wizards,2006
Etan Thomas,Washington Wizards,Washington Wizards,2007
Etan Thomas,Washington Wizards,Washington Wizards,2008
Etan Thomas,Washington Wizards,Oklahoma City Thunder,2009
Etan Thomas,Oklahoma City Thunder,Atlanta Hawks,2010
Eugene Omoruyi,Detroit Pistons,Washington Wizards,2023
Evan Fournier,Orlando Magic,Orlando Magic,2016
Evan Fournier,Orlando Magic,Orlando Magic,2017
Evan Fournier,Orlando Magic,Orlando Magic,2018
Evan Fournier,Orlando Magic,Orlando Magic,2019
Evan Fournier,Orlando Magic,Boston Celtics,2020
Evan Fournier,Boston Celtics,New York Knicks,2021
Evan Fournier,New York Knicks,New York Knicks,2022
Evan Fournier,New York Knicks,Detroit Pistons,2023
Evan Turner,Philadelphia 76ers,Philadelphia 76ers,2011
Evan Turner,Philadelphia 76ers,Philadelphia 76ers,2012
Evan Turner,Philadelphia 76ers,Indiana Pacers,2013
Evan Turner,Boston Celtics,Portland Trail Blazers,2016
Evan Turner,Portland Trail Blazers,Portland Trail Blazers,2017
Evan Turner,Portland Trail Blazers,Portland Trail Blazers,2018
Evan Turner,Portland Trail Blazers,Minnesota Timberwolves,2019
Fabricio Oberto,San Antonio Spurs,San Antonio Spurs,2006
Fabricio Oberto,San Antonio Spurs,San Antonio Spurs,2007
Fabricio Oberto,San Antonio Spurs,San Antonio Spurs,2008
Fabricio Oberto,San Antonio Spurs,Washington Wizards,2009
Festus Ezeli,Golden State Warriors,Portland Trail Blazers,2016
Flip Murray,Oklahoma City Thunder,Cleveland Cavaliers,2005
Flip Murray,Cleveland Cavaliers,Detroit Pistons,2006
Flip Murray,Detroit Pistons,Indiana Pacers,2007
Flip Murray,Indiana Pacers,Atlanta Hawks,2008
Flip Murray,Atlanta Hawks,Chicago Bulls,2009
Francisco Elson,Denver Nuggets,Denver Nuggets,2005
Francisco Elson,Denver Nuggets,San Antonio Spurs,2006
Francisco Elson,San Antonio Spurs,Oklahoma City Thunder,2007
Francisco Elson,Oklahoma City Thunder,Milwaukee Bucks,2008
Francisco Elson,Milwaukee Bucks,Philadelphia 76ers,2009
Francisco Elson,Philadelphia 76ers,Utah Jazz,2010
Francisco Garcia,Sacramento Kings,Sacramento Kings,2006
Francisco Garcia,Sacramento Kings,Sacramento Kings,2007
Francisco Garcia,Sacramento Kings,Sacramento Kings,2008
Francisco Garcia,Sacramento Kings,Sacramento Kings,2009
Francisco Garcia,Sacramento Kings,Sacramento Kings,2010
Francisco Garcia,Sacramento Kings,Sacramento Kings,2011
Francisco Garcia,Sacramento Kings,Houston Rockets,2012
Francisco Garcia,Houston Rockets,Houston Rockets,2013
Frank Jackson,New Orleans Pelicans,New Orleans Pelicans,2018
Frank Jackson,New Orleans Pelicans,New Orleans Pelicans,2019
Frank Jackson,New Orleans Pelicans,Detroit Pistons,2020
Frank Jackson,Detroit Pistons,Detroit Pistons,2021
Frank Kaminsky,Charlotte Hornets,Charlotte Hornets,2016
Frank Kaminsky,Charlotte Hornets,Charlotte Hornets,2017
Frank Kaminsky,Charlotte Hornets,Charlotte Hornets,2018
Frank Kaminsky,Charlotte Hornets,Phoenix Suns,2019
Frank Kaminsky,Phoenix Suns,Phoenix Suns,2020
Frank Kaminsky,Phoenix Suns,Houston Rockets,2022
Frank Mason III,Sacramento Kings,Sacramento Kings,2018
Frank Mason III,Sacramento Kings,Milwaukee Bucks,2019
Frank Ntilikina,New York Knicks,New York Knicks,2018
Frank Ntilikina,New York Knicks,New York Knicks,2019
Frank Ntilikina,New York Knicks,New York Knicks,2020
Frank Ntilikina,New York Knicks,Dallas Mavericks,2021
Frank Ntilikina,Dallas Mavericks,Dallas Mavericks,2022
Fred Jones,Indiana Pacers,Indiana Pacers,2005
Fred Jones,Indiana Pacers,Portland Trail Blazers,2006
Fred Jones,Portland Trail Blazers,New York Knicks,2007
Fred Jones,New York Knicks,Los Angeles Clippers,2008
Fred VanVleet,Toronto Raptors,Toronto Raptors,2017
Fred VanVleet,Toronto Raptors,Toronto Raptors,2018
Fred VanVleet,Toronto Raptors,Toronto Raptors,2019
Fred VanVleet,Toronto Raptors,Toronto Raptors,2020
Fred VanVleet,Toronto Raptors,Toronto Raptors,2021
Fred VanVleet,Toronto Raptors,Toronto Raptors,2022
Fred VanVleet,Toronto Raptors,Houston Rockets,2023
Fred VanVleet,Houston Rockets,Houston Rockets,2024
Fred VanVleet,Houston Rockets,Houston Rockets,2025
Gabe Vincent,Miami Heat,Miami Heat,2020
Gabe Vincent,Miami Heat,Miami Heat,2021
Gabe Vincent,Miami Heat,Miami Heat,2022
Gabe Vincent,Miami Heat,Los Angeles Lakers,2023
Gabe Vincent,Los Angeles Lakers,Los Angeles Lakers,2024
Gabe Vincent,Los Angeles Lakers,Los Angeles Lakers,2025
Garrett Temple,San Antonio Spurs,Charlotte Hornets,2010
Garrett Temple,Charlotte Hornets,Washington Wizards,2012
Garrett Temple,Washington Wizards,Washington Wizards,2013
Garrett Temple,Washington Wizards,Sacramento Kings,2016
Garrett Temple,Sacramento Kings,Sacramento Kings,2017
Garrett Temple,Sacramento Kings,Los Angeles Clippers,2018
Garrett Temple,Los Angeles Clippers,Brooklyn Nets,2019
Garrett Temple,Brooklyn Nets,Chicago Bulls,2020
Garrett Temple,Chicago Bulls,New Orleans Pelicans,2021
Garrett Temple,New Orleans Pelicans,New Orleans Pelicans,2022
Garrett Temple,New Orleans Pelicans,Toronto Raptors,2023
Garrett Temple,Toronto Raptors,Toronto Raptors,2024
Garrett Temple,Toronto Raptors,Toronto Raptors,2025
Garrison Mathews,Washington Wizards,Washington Wizards,2020
Garrison Mathews,Washington Wizards,Houston Rockets,2021
Garrison Mathews,Houston Rockets,Atlanta Hawks,2022
Garrison Mathews,Atlanta Hawks,Atlanta Hawks,2023
Garrison Mathews,Atlanta Hawks,Atlanta Hawks,2024
Gary Clark,Houston Rockets,Orlando Magic,2019
Gary Clark,Orlando Magic,Philadelphia 76ers,2020
Gary Clark,Philadelphia 76ers,New Orleans Pelicans,2021
Gary Forbes,Denver Nuggets,Toronto Raptors,2011
Gary Harris,Denver Nuggets,Denver Nuggets,2016
Gary Harris,Denver Nuggets,Denver Nuggets,2017
Gary Harris,Denver Nuggets,Denver Nuggets,2018
Gary Harris,Denver Nuggets,Denver Nuggets,2019
Gary Harris,Denver Nuggets,Orlando Magic,2020
Gary Harris,Orlando Magic,Orlando Magic,2021
Gary Harris,Orlando Magic,Orlando Magic,2022
Gary Harris,Orlando Magic,Orlando Magic,2023
Gary Harris,Orlando Magic,Orlando Magic,2024
Gary Harris,Orlando Magic,Milwaukee Bucks,2025
Gary Neal,San Antonio Spurs,San Antonio Spurs,2011
Gary Neal,San Antonio Spurs,San Antonio Spurs,2012
Gary Neal,San Antonio Spurs,Charlotte Hornets,2013
Gary Payton,Boston Celtics,Miami Heat,2005
Gary Payton,Miami Heat,Miami Heat,2006
Gary Payton II,Milwaukee Bucks,Los Angeles Lakers,2017
Gary Payton II,Los Angeles Lakers,Washington Wizards,2019
Gary Payton II,Washington Wizards,Golden State Warriors,2020
Gary Payton II,Golden State Warriors,Golden State Warriors,2021
Gary Payton II,Golden State Warriors,Golden State Warriors,2022
Gary Payton II,Golden State Warriors,Golden State Warriors,2023
Gary Payton II,Golden State Warriors,Golden State Warriors,2024
Gary Payton II,Golden State Warriors,Golden State Warriors,2025
Gary Trent Jr.,Portland Trail Blazers,Portland Trail Blazers,2019
Gary Trent Jr.,Portland Trail Blazers,Toronto Raptors,2020
Gary Trent Jr.,Toronto Raptors,Toronto Raptors,2021
Gary Trent Jr.,Toronto Raptors,Toronto Raptors,2022
Gary Trent Jr.,Toronto Raptors,Toronto Raptors,2023
Gary Trent Jr.,Toronto Raptors,Milwaukee Bucks,2024
Gary Trent Jr.,Milwaukee Bucks,Milwaukee Bucks,2025
George Hill,San Antonio Spurs,San Antonio Spurs,2009
George Hill,San Antonio Spurs,San Antonio Spurs,2010
George Hill,San Antonio Spurs,Indiana Pacers,2011
George Hill,Indiana Pacers,Indiana Pacers,2012
George Hill,Indiana Pacers,Indiana Pacers,2013
George Hill,Indiana Pacers,Utah Jazz,2016
George Hill,Utah Jazz,Cleveland Cavaliers,2017
George Hill,Cleveland Cavaliers,Milwaukee Bucks,2018
George Hill,Milwaukee Bucks,Milwaukee Bucks,2019
George Hill,Milwaukee Bucks,Philadelphia 76ers,2020
George Hill,Philadelphia 76ers,Milwaukee Bucks,2021
George Hill,Milwaukee Bucks,Indiana Pacers,2022
Georges Niang,Indiana Pacers,Utah Jazz,2017
Georges Niang,Utah Jazz,Utah Jazz,2018
Georges Niang,Utah Jazz,Utah Jazz,2019
Georges Niang,Utah Jazz,Utah Jazz,2020
Georges Niang,Utah Jazz,Philadelphia 76ers,2021
Georges Niang,Philadelphia 76ers,Philadelphia 76ers,2022
Georges Niang,Philadelphia 76ers,Cleveland Cavaliers,2023
Georges Niang,Cleveland Cavaliers,Atlanta Hawks,2024
Georges Niang,Atlanta Hawks,Utah Jazz,2025
Georgios Papagiannis,Sacramento Kings,Portland Trail Blazers,2017
Gerald Green,Boston Celtics,Boston Celtics,2006
Gerald Green,Boston Celtics,Dallas Mavericks,2008
Gerald Green,Dallas Mavericks,Brooklyn Nets,2011
Gerald Green,Brooklyn Nets,Indiana Pacers,2012
Gerald Green,Indiana Pacers,Phoenix Suns,2013
Gerald Green,Miami Heat,Boston Celtics,2016
Gerald Green,Boston Celtics,Houston Rockets,2017
Gerald Green,Houston Rockets,Houston Rockets,2018
Gerald Henderson,Portland Trail Blazers,Philadelphia 76ers,2016
Gerald Wallace,Charlotte Hornets,Charlotte Hornets,2005
Gerald Wallace,Charlotte Hornets,Charlotte Hornets,2006
Gerald Wallace,Charlotte Hornets,Charlotte Hornets,2007
Gerald Wallace,Charlotte Hornets,Charlotte Hornets,2008
Gerald Wallace,Charlotte Hornets,Charlotte Hornets,2009
Gerald Wallace,Charlotte Hornets,Portland Trail Blazers,2010
Gerald Wallace,Portland Trail Blazers,Brooklyn Nets,2011
Gerald Wallace,Brooklyn Nets,Brooklyn Nets,2012
Gerald Wallace,Brooklyn Nets,Boston Celtics,2013
Gilbert Arenas,Washington Wizards,Washington Wizards,2005
Gilbert Arenas,Washington Wizards,Washington Wizards,2006
Gilbert Arenas,Washington Wizards,Washington Wizards,2007
Gilbert Arenas,Washington Wizards,Washington Wizards,2008
Gilbert Arenas,Washington Wizards,Washington Wizards,2009
Gilbert Arenas,Washington Wizards,Orlando Magic,2010
Gilbert Arenas,Orlando Magic,Memphis Grizzlies,2011
Glen Davis,Boston Celtics,Boston Celtics,2008
Glen Davis,Boston Celtics,Boston Celtics,2009
Glen Davis,Boston Celtics,Boston Celtics,2010
Glen Davis,Boston Celtics,Orlando Magic,2011
Glen Davis,Orlando Magic,Orlando Magic,2012
Glen Davis,Orlando Magic,Los Angeles Clippers,2013
Glenn Robinson III,Indiana Pacers,Indiana Pacers,2016
Glenn Robinson III,Indiana Pacers,Indiana Pacers,2017
Glenn Robinson III,Indiana Pacers,Detroit Pistons,2018
Glenn Robinson III,Detroit Pistons,Philadelphia 76ers,2019
Goga Bitadze,Indiana Pacers,Indiana Pacers,2020
Goga Bitadze,Indiana Pacers,Indiana Pacers,2021
Goga Bitadze,Indiana Pacers,Orlando Magic,2022
Goga Bitadze,Orlando Magic,Orlando Magic,2023
Goga Bitadze,Orlando Magic,Orlando Magic,2024
Goga Bitadze,Orlando Magic,Orlando Magic,2025
Goran Dragic,Phoenix Suns,Phoenix Suns,2009
Goran Dragic,Phoenix Suns,Houston Rockets,2010
Goran Dragic,Houston Rockets,Houston Rockets,2011
Goran Dragic,Houston Rockets,Phoenix Suns,2012
Goran Dragic,Phoenix Suns,Phoenix Suns,2013
Goran Dragic,Miami Heat,Miami Heat,2016
Goran Dragic,Miami Heat,Miami Heat,2017
Goran Dragic,Miami Heat,Miami Heat,2018
Goran Dragic,Miami Heat,Miami Heat,2019
Goran Dragic,Miami Heat,Miami Heat,2020
Goran Dragic,Miami Heat,Brooklyn Nets,2021
Goran Dragic,Brooklyn Nets,Milwaukee Bucks,2022
Gordan Giricek,Utah Jazz,Utah Jazz,2005
Gordan Giricek,Utah Jazz,Utah Jazz,2006
Gordan Giricek,Utah Jazz,Phoenix Suns,2007
Gordon Hayward,Utah Jazz,Utah Jazz,2016
Gordon Hayward,Utah Jazz,Boston Celtics,2017
Gordon Hayward,Boston Celtics,Boston Celtics,2018
Gordon Hayward,Boston Celtics,Boston Celtics,2019
Gordon Hayward,Boston Celtics,Charlotte Hornets,2020
Gordon Hayward,Charlotte Hornets,Charlotte Hornets,2021
Gordon Hayward,Charlotte Hornets,Charlotte Hornets,2022
Gordon Hayward,Charlotte Hornets,Oklahoma City Thunder,2023
Gorgui Dieng,Minnesota Timberwolves,Minnesota Timberwolves,2016
Gorgui Dieng,Minnesota Timberwolves,Minnesota Timberwolves,2017
Gorgui Dieng,Minnesota Timberwolves,Minnesota Timberwolves,2018
Gorgui Dieng,Minnesota Timberwolves,Memphis Grizzlies,2019
Gorgui Dieng,Memphis Grizzlies,San Antonio Spurs,2020
Gorgui Dieng,San Antonio Spurs,Atlanta Hawks,2021
Gorgui Dieng,Atlanta Hawks,San Antonio Spurs,2022
Grant Hill,Orlando Magic,Orlando Magic,2006
Grant Hill,Orlando Magic,Phoenix Suns,2007
Grant Hill,Phoenix Suns,Phoenix Suns,2008
Grant Hill,Phoenix Suns,Phoenix Suns,2009
Grant Hill,Phoenix Suns,Phoenix Suns,2010
Grant Hill,Phoenix Suns,Phoenix Suns,2011
Grant Hill,Phoenix Suns,Los Angeles Clippers,2012
Grant Williams,Boston Celtics,Boston Celtics,2020
Grant Williams,Boston Celtics,Boston Celtics,2021
Grant Williams,Boston Celtics,Boston Celtics,2022
Grant Williams,Boston Celtics,Charlotte Hornets,2023
Grant Williams,Charlotte Hornets,Charlotte Hornets,2024
Grant Williams,Charlotte Hornets,Charlotte Hornets,2025
Grayson Allen,Utah Jazz,Memphis Grizzlies,2019
Grayson Allen,Memphis Grizzlies,Memphis Grizzlies,2020
Grayson Allen,Memphis Grizzlies,Milwaukee Bucks,2021
Grayson Allen,Milwaukee Bucks,Milwaukee Bucks,2022
Grayson Allen,Milwaukee Bucks,Phoenix Suns,2023
Grayson Allen,Phoenix Suns,Phoenix Suns,2024
Grayson Allen,Phoenix Suns,Phoenix Suns,2025
Greg Brown III,Portland Trail Blazers,Dallas Mavericks,2023
Greg Buckner,Denver Nuggets,Denver Nuggets,2005
Greg Buckner,Denver Nuggets,Dallas Mavericks,2006
Greg Buckner,Dallas Mavericks,Minnesota Timberwolves,2007
Greg Buckner,Minnesota Timberwolves,Memphis Grizzlies,2008
Greg Monroe,Milwaukee Bucks,Milwaukee Bucks,2016
Greg Monroe,Milwaukee Bucks,Boston Celtics,2017
Greg Monroe,Boston Celtics,Philadelphia 76ers,2018
Greg Monroe,Philadelphia 76ers,Minnesota Timberwolves,2021
Greg Oden,Portland Trail Blazers,Portland Trail Blazers,2008
Greg Oden,Portland Trail Blazers,Portland Trail Blazers,2009
Greg Oden,Portland Trail Blazers,Portland Trail Blazers,2010
Greg Oden,Portland Trail Blazers,Miami Heat,2013
Greg Smith,Houston Rockets,Houston Rockets,2012
Greg Smith,Houston Rockets,Chicago Bulls,2013
Greg Stiemsma,Minnesota Timberwolves,Boston Celtics,2011
Greg Stiemsma,Boston Celtics,Minnesota Timberwolves,2012
Greivis Vasquez,Memphis Grizzlies,New Orleans Pelicans,2011
Greivis Vasquez,New Orleans Pelicans,New Orleans Pelicans,2012
Greivis Vasquez,New Orleans Pelicans,Toronto Raptors,2013
Guerschon Yabusele,Boston Celtics,Boston Celtics,2018
Guerschon Yabusele,Boston Celtics,Philadelphia 76ers,2024
Guerschon Yabusele,Philadelphia 76ers,New York Knicks,2025
Gustavo Ayon,New Orleans Pelicans,Milwaukee Bucks,2012
Gustavo Ayon,Milwaukee Bucks,Atlanta Hawks,2013
Hakim Warrick,Memphis Grizzlies,Memphis Grizzlies,2006
Hakim Warrick,Memphis Grizzlies,Memphis Grizzlies,2007
Hakim Warrick,Memphis Grizzlies,Memphis Grizzlies,2008
Hakim Warrick,Memphis Grizzlies,Chicago Bulls,2009
Hakim Warrick,Chicago Bulls,Phoenix Suns,2010
Hakim Warrick,Phoenix Suns,Phoenix Suns,2011
Hamed Haddadi,Memphis Grizzlies,Memphis Grizzlies,2009
Hamed Haddadi,Memphis Grizzlies,Memphis Grizzlies,2010
Hamed Haddadi,Memphis Grizzlies,Memphis Grizzlies,2011
Hamed Haddadi,Memphis Grizzlies,Phoenix Suns,2012
Hamidou Diallo,Oklahoma City Thunder,Oklahoma City Thunder,2019
Hamidou Diallo,Oklahoma City Thunder,Detroit Pistons,2020
Hamidou Diallo,Detroit Pistons,Detroit Pistons,2021
Hamidou Diallo,Detroit Pistons,Detroit Pistons,2022
Harrison Barnes,Golden State Warriors,Dallas Mavericks,2016
Harrison Barnes,Dallas Mavericks,Dallas Mavericks,2017
Harrison Barnes,Dallas Mavericks,Sacramento Kings,2018
Harrison Barnes,Sacramento Kings,Sacramento Kings,2019
Harrison Barnes,Sacramento Kings,Sacramento Kings,2020
Harrison Barnes,Sacramento Kings,Sacramento Kings,2021
Harrison Barnes,Sacramento Kings,Sacramento Kings,2022
Harrison Barnes,Sacramento Kings,Sacramento Kings,2023
Harrison Barnes,Sacramento Kings,San Antonio Spurs,2024
Harrison Barnes,San Antonio Spurs,San Antonio Spurs,2025
Harry Giles III,Sacramento Kings,Sacramento Kings,2018
Harry Giles III,Sacramento Kings,Sacramento Kings,2019
Harry Giles III,Sacramento Kings,Portland Trail Blazers,2020
Harry Giles III,Portland Trail Blazers,Los Angeles Lakers,2023
Hasheem Thabeet,Memphis Grizzlies,Houston Rockets,2010
Hasheem Thabeet,Houston Rockets,Portland Trail Blazers,2011
Hasheem Thabeet,Portland Trail Blazers,Oklahoma City Thunder,2012
Hasheem Thabeet,Oklahoma City Thunder,Oklahoma City Thunder,2013
Hassan Whiteside,Miami Heat,Miami Heat,2016
Hassan Whiteside,Miami Heat,Miami Heat,2017
Hassan Whiteside,Miami Heat,Miami Heat,2018
Hassan Whiteside,Miami Heat,Portland Trail Blazers,2019
Hassan Whiteside,Portland Trail Blazers,Sacramento Kings,2020
Hassan Whiteside,Sacramento Kings,Utah Jazz,2021
Haywood Highsmith,Philadelphia 76ers,Miami Heat,2021
Haywood Highsmith,Miami Heat,Miami Heat,2022
Haywood Highsmith,Miami Heat,Miami Heat,2023
Haywood Highsmith,Miami Heat,Miami Heat,2024
Haywood Highsmith,Miami Heat,Brooklyn Nets,2025
Hedo Turkoglu,Orlando Magic,Orlando Magic,2006
Hedo Turkoglu,Orlando Magic,Orlando Magic,2007
Hedo Turkoglu,Orlando Magic,Orlando Magic,2008
Hedo Turkoglu,Orlando Magic,Toronto Raptors,2009
Hedo Turkoglu,Toronto Raptors,Orlando Magic,2010
Hedo Turkoglu,Orlando Magic,Orlando Magic,2011
Hedo Turkoglu,Orlando Magic,Orlando Magic,2012
Hedo Turkoglu,Orlando Magic,Los Angeles Clippers,2013
Henry Ellenson,Detroit Pistons,Detroit Pistons,2017
Henry Ellenson,Detroit Pistons,New York Knicks,2018
Henry Walker,Boston Celtics,New York Knicks,2009
Henry Walker,New York Knicks,New York Knicks,2010
Hilton Armstrong,New Orleans Pelicans,New Orleans Pelicans,2007
Hilton Armstrong,New Orleans Pelicans,New Orleans Pelicans,2008
Hilton Armstrong,New Orleans Pelicans,Atlanta Hawks,2010
Hilton Armstrong,Atlanta Hawks,Golden State Warriors,2013
Howard Eisley,Utah Jazz,Denver Nuggets,2005
Ian Clark,Golden State Warriors,Golden State Warriors,2016
Ian Clark,Golden State Warriors,New Orleans Pelicans,2017
Ian Clark,New Orleans Pelicans,New Orleans Pelicans,2018
Ian Mahinmi,San Antonio Spurs,San Antonio Spurs,2008
Ian Mahinmi,San Antonio Spurs,San Antonio Spurs,2009
Ian Mahinmi,San Antonio Spurs,Dallas Mavericks,2010
Ian Mahinmi,Dallas Mavericks,Dallas Mavericks,2011
Ian Mahinmi,Dallas Mavericks,Indiana Pacers,2012
Ian Mahinmi,Indiana Pacers,Indiana Pacers,2013
Ian Mahinmi,Indiana Pacers,Washington Wizards,2016
Ian Mahinmi,Washington Wizards,Washington Wizards,2017
Ian Mahinmi,Washington Wizards,Washington Wizards,2018
Ian Mahinmi,Washington Wizards,Washington Wizards,2019
Ignas Brazdeikis,New York Knicks,Orlando Magic,2020
Ignas Brazdeikis,Orlando Magic,Orlando Magic,2021
Ike Diogu,Golden State Warriors,Indiana Pacers,2006
Ike Diogu,Indiana Pacers,Indiana Pacers,2007
Ike Diogu,Indiana Pacers,Sacramento Kings,2008
Ike Diogu,Sacramento Kings,New Orleans Pelicans,2009
Ike Diogu,New Orleans Pelicans,Los Angeles Clippers,2010
Iman Shumpert,Cleveland Cavaliers,Cleveland Cavaliers,2016
Iman Shumpert,Cleveland Cavaliers,Sacramento Kings,2017
Iman Shumpert,Sacramento Kings,Houston Rockets,2018
Ime Udoka,New York Knicks,Portland Trail Blazers,2006
Ime Udoka,Portland Trail Blazers,San Antonio Spurs,2007
Ime Udoka,San Antonio Spurs,San Antonio Spurs,2008
Ime Udoka,San Antonio Spurs,Sacramento Kings,2009
Immanuel Quickley,New York Knicks,New York Knicks,2021
Immanuel Quickley,New York Knicks,New York Knicks,2022
Immanuel Quickley,New York Knicks,Toronto Raptors,2023
Immanuel Quickley,Toronto Raptors,Toronto Raptors,2024
Immanuel Quickley,Toronto Raptors,Toronto Raptors,2025
Ira Newble,Cleveland Cavaliers,Cleveland Cavaliers,2005
Ira Newble,Cleveland Cavaliers,Cleveland Cavaliers,2006
Ira Newble,Cleveland Cavaliers,Los Angeles Lakers,2007
Isaac Bonga,Los Angeles Lakers,Washington Wizards,2019
Isaac Bonga,Washington Wizards,Washington Wizards,2020
Isaac Bonga,Washington Wizards,Toronto Raptors,2021
Isaac Okoro,Cleveland Cavaliers,Cleveland Cavaliers,2021
Isaac Okoro,Cleveland Cavaliers,Cleveland Cavaliers,2022
Isaac Okoro,Cleveland Cavaliers,Cleveland Cavaliers,2023
Isaac Okoro,Cleveland Cavaliers,Cleveland Cavaliers,2024
Isaac Okoro,Cleveland Cavaliers,Chicago Bulls,2025
Isaiah Canaan,Philadelphia 76ers,Chicago Bulls,2016
Isaiah Crawford,Sacramento Kings,Houston Rockets,2025
Isaiah Hartenstein,Houston Rockets,Cleveland Cavaliers,2020
Isaiah Hartenstein,Cleveland Cavaliers,Los Angeles Clippers,2021
Isaiah Hartenstein,Los Angeles Clippers,New York Knicks,2022
Isaiah Hartenstein,New York Knicks,New York Knicks,2023
Isaiah Hartenstein,New York Knicks,Oklahoma City Thunder,2024
Isaiah Hartenstein,Oklahoma City Thunder,Oklahoma City Thunder,2025
Isaiah Joe,Philadelphia 76ers,Philadelphia 76ers,2021
Isaiah Joe,Philadelphia 76ers,Oklahoma City Thunder,2022
Isaiah Joe,Oklahoma City Thunder,Oklahoma City Thunder,2023
Isaiah Joe,Oklahoma City Thunder,Oklahoma City Thunder,2024
Isaiah Joe,Oklahoma City Thunder,Oklahoma City Thunder,2025
Isaiah Livers,Detroit Pistons,Detroit Pistons,2022
Isaiah Livers,Detroit Pistons,Phoenix Suns,2025
Isaiah Roby,Oklahoma City Thunder,Oklahoma City Thunder,2020
Isaiah Roby,Oklahoma City Thunder,Oklahoma City Thunder,2021
Isaiah Roby,Oklahoma City Thunder,New York Knicks,2022
Isaiah Stevens,Miami Heat,Sacramento Kings,2025
Isaiah Taylor,Houston Rockets,Atlanta Hawks,2017
Isaiah Thomas,Boston Celtics,Boston Celtics,2016
Isaiah Thomas,Boston Celtics,Los Angeles Lakers,2017
Isaiah Thomas,Los Angeles Lakers,Denver Nuggets,2018
Isaiah Thomas,Denver Nuggets,Charlotte Hornets,2021
Isaiah Thomas,Charlotte Hornets,Phoenix Suns,2023
Isaiah Whitehead,Brooklyn Nets,Brooklyn Nets,2017
Isaiah Whitehead,Brooklyn Nets,Detroit Pistons,2018
Ish Smith,Memphis Grizzlies,Orlando Magic,2011
Ish Smith,Orlando Magic,Milwaukee Bucks,2012
Ish Smith,Milwaukee Bucks,Phoenix Suns,2013
Ish Smith,Philadelphia 76ers,Detroit Pistons,2016
Ish Smith,Detroit Pistons,Detroit Pistons,2017
Ish Smith,Detroit Pistons,Detroit Pistons,2018
Ish Smith,Detroit Pistons,Washington Wizards,2019
Ish Smith,Washington Wizards,Washington Wizards,2020
Ish Smith,Washington Wizards,Washington Wizards,2021
Ish Smith,Washington Wizards,Denver Nuggets,2022
Ivica Zubac,Los Angeles Lakers,Los Angeles Lakers,2017
Ivica Zubac,Los Angeles Lakers,Los Angeles Clippers,2018
Ivica Zubac,Los Angeles Clippers,Los Angeles Clippers,2019
Ivica Zubac,Los Angeles Clippers,Los Angeles Clippers,2020
Ivica Zubac,Los Angeles Clippers,Los Angeles Clippers,2021
Ivica Zubac,Los Angeles Clippers,Los Angeles Clippers,2022
Ivica Zubac,Los Angeles Clippers,Los Angeles Clippers,2023
Ivica Zubac,Los Angeles Clippers,Los Angeles Clippers,2024
Ivica Zubac,Los Angeles Clippers,Los Angeles Clippers,2025
J.J. Barea,Dallas Mavericks,Dallas Mavericks,2007
J.J. Barea,Dallas Mavericks,Dallas Mavericks,2008
J.J. Barea,Dallas Mavericks,Dallas Mavericks,2009
J.J. Barea,Dallas Mavericks,Dallas Mavericks,2010
J.J. Barea,Dallas Mavericks,Minnesota Timberwolves,2011
J.J. Barea,Minnesota Timberwolves,Minnesota Timberwolves,2012
J.J. Barea,Minnesota Timberwolves,Minnesota Timberwolves,2013
J.R. Giddens,Boston Celtics,New York Knicks,2009
JD Davison,Boston Celtics,Boston Celtics,2023
JD Davison,Boston Celtics,Boston Celtics,2024
JD Davison,Boston Celtics,Houston Rockets,2025
JJ Hickson,Cleveland Cavaliers,Cleveland Cavaliers,2009
JJ Hickson,Cleveland Cavaliers,Cleveland Cavaliers,2010
JJ Hickson,Cleveland Cavaliers,Portland Trail Blazers,2011
JJ Hickson,Portland Trail Blazers,Portland Trail Blazers,2012
JJ Hickson,Portland Trail Blazers,Denver Nuggets,2013
JJ Redick,Orlando Magic,Orlando Magic,2007
JJ Redick,Orlando Magic,Orlando Magic,2008
JJ Redick,Orlando Magic,Orlando Magic,2009
JJ Redick,Orlando Magic,Orlando Magic,2010
JJ Redick,Orlando Magic,Orlando Magic,2011
JJ Redick,Orlando Magic,Milwaukee Bucks,2012
JJ Redick,Milwaukee Bucks,Los Angeles Clippers,2013
JJ Redick,Los Angeles Clippers,Los Angeles Clippers,2016
JJ Redick,Los Angeles Clippers,Philadelphia 76ers,2017
JJ Redick,Philadelphia 76ers,Philadelphia 76ers,2018
JJ Redick,Philadelphia 76ers,New Orleans Pelicans,2019
JJ Redick,New Orleans Pelicans,Dallas Mavericks,2020
JR Smith,New Orleans Pelicans,New Orleans Pelicans,2005
JR Smith,New Orleans Pelicans,Denver Nuggets,2006
JR Smith,Denver Nuggets,Denver Nuggets,2007
JR Smith,Denver Nuggets,Denver Nuggets,2008
JR Smith,Denver Nuggets,Denver Nuggets,2009
JR Smith,Denver Nuggets,Denver Nuggets,2010
JR Smith,Denver Nuggets,New York Knicks,2011
JR Smith,New York Knicks,New York Knicks,2012
JR Smith,New York Knicks,New York Knicks,2013
JR Smith,Cleveland Cavaliers,Cleveland Cavaliers,2016
JR Smith,Cleveland Cavaliers,Cleveland Cavaliers,2017
JR Smith,Cleveland Cavaliers,Cleveland Cavaliers,2018
JR Smith,Cleveland Cavaliers,Los Angeles Lakers,2019
JT Thor,Charlotte Hornets,Charlotte Hornets,2022
JT Thor,Charlotte Hornets,Charlotte Hornets,2023
JT Thor,Charlotte Hornets,Washington Wizards,2024
JaKarr Sampson,Denver Nuggets,Sacramento Kings,2017
JaKarr Sampson,Sacramento Kings,Indiana Pacers,2019
JaKarr Sampson,Indiana Pacers,Indiana Pacers,2020
JaMychal Green,Memphis Grizzlies,Memphis Grizzlies,2016
JaMychal Green,Memphis Grizzlies,Memphis Grizzlies,2017
JaMychal Green,Memphis Grizzlies,Los Angeles Clippers,2018
JaMychal Green,Los Angeles Clippers,Los Angeles Clippers,2019
JaMychal Green,Los Angeles Clippers,Denver Nuggets,2020
JaMychal Green,Denver Nuggets,Denver Nuggets,2021
JaMychal Green,Denver Nuggets,Golden State Warriors,2022
JaVale McGee,Washington Wizards,Washington Wizards,2009
JaVale McGee,Washington Wizards,Washington Wizards,2010
JaVale McGee,Washington Wizards,Denver Nuggets,2011
JaVale McGee,Denver Nuggets,Denver Nuggets,2012
JaVale McGee,Denver Nuggets,Denver Nuggets,2013
JaVale McGee,Dallas Mavericks,Golden State Warriors,2016
JaVale McGee,Golden State Warriors,Golden State Warriors,2017
JaVale McGee,Golden State Warriors,Los Angeles Lakers,2018
JaVale McGee,Los Angeles Lakers,Los Angeles Lakers,2019
JaVale McGee,Los Angeles Lakers,Denver Nuggets,2020
JaVale McGee,Denver Nuggets,Phoenix Suns,2021
JaVale McGee,Phoenix Suns,Dallas Mavericks,2022
JaVale McGee,Dallas Mavericks,Sacramento Kings,2023
Jabari Parker,Milwaukee Bucks,Milwaukee Bucks,2016
Jabari Parker,Milwaukee Bucks,Milwaukee Bucks,2017
Jabari Parker,Milwaukee Bucks,Washington Wizards,2018
Jabari Parker,Washington Wizards,Sacramento Kings,2019
Jabari Parker,Sacramento Kings,Boston Celtics,2020
Jabari Walker,Portland Trail Blazers,Portland Trail Blazers,2023
Jabari Walker,Portland Trail Blazers,Portland Trail Blazers,2024
Jabari Walker,Portland Trail Blazers,Philadelphia 76ers,2025
Jackie Butler,New York Knicks,New York Knicks,2005
Jackie Butler,New York Knicks,San Antonio Spurs,2006
Jacob Evans,Golden State Warriors,Minnesota Timberwolves,2019
Jacob Gilyard,Memphis Grizzlies,Brooklyn Nets,2023
Jacob Toppin,New York Knicks,Atlanta Hawks,2024
Jacob Toppin,Atlanta Hawks,Atlanta Hawks,2025
Jacque Vaughn,Brooklyn Nets,Brooklyn Nets,2005
Jacque Vaughn,Brooklyn Nets,San Antonio Spurs,2006
Jacque Vaughn,San Antonio Spurs,San Antonio Spurs,2007
Jacque Vaughn,San Antonio Spurs,San Antonio Spurs,2008
Jaden Springer,Philadelphia 76ers,Philadelphia 76ers,2022
Jaden Springer,Philadelphia 76ers,Boston Celtics,2023
Jaden Springer,Boston Celtics,Utah Jazz,2024
Jaden Springer,Utah Jazz,New Orleans Pelicans,2025
Jae Crowder,Boston Celtics,Boston Celtics,2016
Jae Crowder,Boston Celtics,Utah Jazz,2017
Jae Crowder,Utah Jazz,Utah Jazz,2018
Jae Crowder,Utah Jazz,Miami Heat,2019
Jae Crowder,Miami Heat,Phoenix Suns,2020
Jae Crowder,Phoenix Suns,Phoenix Suns,2021
Jae Crowder,Phoenix Suns,Milwaukee Bucks,2022
Jae Crowder,Milwaukee Bucks,Milwaukee Bucks,2023
Jae Crowder,Milwaukee Bucks,Sacramento Kings,2024
Jahlil Okafor,Philadelphia 76ers,Philadelphia 76ers,2016
Jahlil Okafor,Philadelphia 76ers,Brooklyn Nets,2017
Jahlil Okafor,Brooklyn Nets,New Orleans Pelicans,2018
Jahlil Okafor,New Orleans Pelicans,New Orleans Pelicans,2019
Jahlil Okafor,New Orleans Pelicans,Detroit Pistons,2020
Jahmir Young,Chicago Bulls,Miami Heat,2025
Jake LaRavia,Memphis Grizzlies,Memphis Grizzlies,2023
Jake LaRavia,Memphis Grizzlies,Sacramento Kings,2024
Jake LaRavia,Sacramento Kings,Los Angeles Lakers,2025
Jake Layman,Portland Trail Blazers,Portland Trail Blazers,2017
Jake Layman,Portland Trail Blazers,Portland Trail Blazers,2018
Jake Layman,Portland Trail Blazers,Minnesota Timberwolves,2019
Jake Layman,Minnesota Timberwolves,Minnesota Timberwolves,2020
Jake Layman,Minnesota Timberwolves,Minnesota Timberwolves,2021
Jake Tsakalidis,Memphis Grizzlies,Houston Rockets,2006
Jake Voskuhl,Phoenix Suns,Charlotte Hornets,2005
Jake Voskuhl,Charlotte Hornets,Charlotte Hornets,2006
Jake Voskuhl,Charlotte Hornets,Milwaukee Bucks,2007
Jake Voskuhl,Milwaukee Bucks,Toronto Raptors,2008
Jakob Poeltl,Toronto Raptors,Toronto Raptors,2017
Jakob Poeltl,Toronto Raptors,San Antonio Spurs,2018
Jakob Poeltl,San Antonio Spurs,San Antonio Spurs,2019
Jakob Poeltl,San Antonio Spurs,San Antonio Spurs,2020
Jakob Poeltl,San Antonio Spurs,San Antonio Spurs,2021
Jakob Poeltl,San Antonio Spurs,Toronto Raptors,2022
Jakob Poeltl,Toronto Raptors,Toronto Raptors,2023
Jakob Poeltl,Toronto Raptors,Toronto Raptors,2024
Jakob Poeltl,Toronto Raptors,Toronto Raptors,2025
Jalen Brunson,Dallas Mavericks,Dallas Mavericks,2019
Jalen Brunson,Dallas Mavericks,Dallas Mavericks,2020
Jalen Brunson,Dallas Mavericks,Dallas Mavericks,2021
Jalen Brunson,Dallas Mavericks,New York Knicks,2022
Jalen Brunson,New York Knicks,New York Knicks,2023
Jalen Brunson,New York Knicks,New York Knicks,2024
Jalen Brunson,New York Knicks,New York Knicks,2025
Jalen Green,Houston Rockets,Houston Rockets,2022
Jalen Green,Houston Rockets,Houston Rockets,2023
Jalen Green,Houston Rockets,Houston Rockets,2024
Jalen Green,Houston Rockets,Phoenix Suns,2025
Jalen Hood-Schifino,Los Angeles Lakers,Philadelphia 76ers,2024
Jalen McDaniels,Charlotte Hornets,Charlotte Hornets,2020
Jalen McDaniels,Charlotte Hornets,Charlotte Hornets,2021
Jalen McDaniels,Charlotte Hornets,Philadelphia 76ers,2022
Jalen McDaniels,Philadelphia 76ers,Toronto Raptors,2023
Jalen Rose,Toronto Raptors,New York Knicks,2005
Jalen Rose,New York Knicks,Phoenix Suns,2006
Jalen Smith,Phoenix Suns,Indiana Pacers,2021
Jalen Smith,Indiana Pacers,Indiana Pacers,2022
Jalen Smith,Indiana Pacers,Indiana Pacers,2023
Jalen Smith,Indiana Pacers,Chicago Bulls,2024
Jalen Smith,Chicago Bulls,Chicago Bulls,2025
Jamaal Magloire,New Orleans Pelicans,Milwaukee Bucks,2005
Jamaal Magloire,Milwaukee Bucks,Portland Trail Blazers,2006
Jamaal Magloire,Portland Trail Blazers,Dallas Mavericks,2007
Jamaal Magloire,Dallas Mavericks,Miami Heat,2008
Jamaal Magloire,Miami Heat,Miami Heat,2009
Jamaal Magloire,Miami Heat,Miami Heat,2010
Jamaal Magloire,Miami Heat,Toronto Raptors,2011
Jamaal Tinsley,Indiana Pacers,Indiana Pacers,2005
Jamaal Tinsley,Indiana Pacers,Indiana Pacers,2006
Jamaal Tinsley,Indiana Pacers,Indiana Pacers,2007
Jamaal Tinsley,Indiana Pacers,Indiana Pacers,2008
Jamaal Tinsley,Indiana Pacers,Memphis Grizzlies,2009
Jamaal Tinsley,Memphis Grizzlies,Utah Jazz,2011
Jamaal Tinsley,Utah Jazz,Utah Jazz,2012
Jamal Cain,Miami Heat,Miami Heat,2023
Jamal Cain,Miami Heat,New Orleans Pelicans,2024
Jamal Cain,New Orleans Pelicans,Orlando Magic,2025
Jamal Crawford,New York Knicks,New York Knicks,2005
Jamal Crawford,New York Knicks,New York Knicks,2006
Jamal Crawford,New York Knicks,New York Knicks,2007
Jamal Crawford,New York Knicks,Golden State Warriors,2008
Jamal Crawford,Golden State Warriors,Atlanta Hawks,2009
Jamal Crawford,Atlanta Hawks,Atlanta Hawks,2010
Jamal Crawford,Atlanta Hawks,Portland Trail Blazers,2011
Jamal Crawford,Portland Trail Blazers,Los Angeles Clippers,2012
Jamal Crawford,Los Angeles Clippers,Los Angeles Clippers,2013
Jamal Crawford,Los Angeles Clippers,Los Angeles Clippers,2016
Jamal Crawford,Los Angeles Clippers,Minnesota Timberwolves,2017
Jamal Crawford,Minnesota Timberwolves,Phoenix Suns,2018
Jamal Crawford,Phoenix Suns,Brooklyn Nets,2019
Jamal Sampson,Sacramento Kings,Denver Nuggets,2006
Jamaree Bouyea,San Antonio Spurs,Milwaukee Bucks,2024
Jamario Moon,Toronto Raptors,Miami Heat,2008
Jamario Moon,Miami Heat,Cleveland Cavaliers,2009
Jamario Moon,Cleveland Cavaliers,Los Angeles Clippers,2010
Jamario Moon,Los Angeles Clippers,Charlotte Hornets,2011
Jameer Nelson,Denver Nuggets,Denver Nuggets,2016
Jameer Nelson,Denver Nuggets,Detroit Pistons,2017
James Anderson,San Antonio Spurs,San Antonio Spurs,2011
James Anderson,San Antonio Spurs,Houston Rockets,2012
James Anderson,Houston Rockets,Philadelphia 76ers,2013
James Ennis III,New Orleans Pelicans,Memphis Grizzlies,2016
James Ennis III,Memphis Grizzlies,Detroit Pistons,2017
James Ennis III,Detroit Pistons,Philadelphia 76ers,2018
James Ennis III,Philadelphia 76ers,Orlando Magic,2019
James Ennis III,Orlando Magic,Orlando Magic,2020
James Harden,Oklahoma City Thunder,Oklahoma City Thunder,2010
James Harden,Oklahoma City Thunder,Oklahoma City Thunder,2011
James Harden,Oklahoma City Thunder,Houston Rockets,2012
James Harden,Houston Rockets,Houston Rockets,2013
James Harden,Houston Rockets,Houston Rockets,2016
James Harden,Houston Rockets,Houston Rockets,2017
James Harden,Houston Rockets,Houston Rockets,2018
James Harden,Houston Rockets,Houston Rockets,2019
James Harden,Houston Rockets,Brooklyn Nets,2020
James Harden,Brooklyn Nets,Philadelphia 76ers,2021
James Harden,Philadelphia 76ers,Philadelphia 76ers,2022
James Harden,Philadelphia 76ers,Los Angeles Clippers,2023
James Harden,Los Angeles Clippers,Los Angeles Clippers,2024
James Harden,Los Angeles Clippers,Los Angeles Clippers,2025
James Johnson,Chicago Bulls,Toronto Raptors,2010
James Johnson,Toronto Raptors,Toronto Raptors,2011
James Johnson,Toronto Raptors,Sacramento Kings,2012
James Johnson,Sacramento Kings,Memphis Grizzlies,2013
James Johnson,Toronto Raptors,Miami Heat,2016
James Johnson,Miami Heat,Miami Heat,2017
James Johnson,Miami Heat,Miami Heat,2018
James Johnson,Miami Heat,Minnesota Timberwolves,2019
James Johnson,Minnesota Timberwolves,New Orleans Pelicans,2020
James Johnson,New Orleans Pelicans,Indiana Pacers,2022
James Johnson,Indiana Pacers,Indiana Pacers,2023
James Johnson,Indiana Pacers,Indiana Pacers,2024
James Jones,Indiana Pacers,Phoenix Suns,2005
James Jones,Phoenix Suns,Phoenix Suns,2006
James Jones,Phoenix Suns,Portland Trail Blazers,2007
James Jones,Portland Trail Blazers,Miami Heat,2008
James Jones,Miami Heat,Miami Heat,2009
James Jones,Miami Heat,Miami Heat,2010
James Jones,Miami Heat,Miami Heat,2011
James Jones,Miami Heat,Miami Heat,2012
James Jones,Miami Heat,Miami Heat,2013
James Posey,Memphis Grizzlies,Miami Heat,2005
James Posey,Miami Heat,Miami Heat,2006
James Posey,Miami Heat,Boston Celtics,2007
James Posey,Boston Celtics,New Orleans Pelicans,2008
James Posey,New Orleans Pelicans,New Orleans Pelicans,2009
James Posey,New Orleans Pelicans,Indiana Pacers,2010
James Singleton,Los Angeles Clippers,Los Angeles Clippers,2006
James Singleton,Los Angeles Clippers,Dallas Mavericks,2008
James Singleton,Dallas Mavericks,Washington Wizards,2009
James Singleton,Washington Wizards,Washington Wizards,2011
James White,San Antonio Spurs,Houston Rockets,2008
James White,Houston Rockets,New York Knicks,2012
James Wiseman,Golden State Warriors,Golden State Warriors,2021
James Wiseman,Golden State Warriors,Detroit Pistons,2022
James Wiseman,Detroit Pistons,Detroit Pistons,2023
James Wiseman,Detroit Pistons,Indiana Pacers,2025
Jan Vesely,Washington Wizards,Washington Wizards,2012
Jan Vesely,Washington Wizards,Denver Nuggets,2013
Jannero Pargo,Chicago Bulls,Chicago Bulls,2005
Jannero Pargo,Chicago Bulls,New Orleans Pelicans,2006
Jannero Pargo,New Orleans Pelicans,New Orleans Pelicans,2007
Jannero Pargo,New Orleans Pelicans,Chicago Bulls,2009
Jannero Pargo,Chicago Bulls,Chicago Bulls,2010
Jannero Pargo,Chicago Bulls,Atlanta Hawks,2011
Jannero Pargo,Atlanta Hawks,Charlotte Hornets,2012
Jannero Pargo,Charlotte Hornets,Charlotte Hornets,2013
Jared Butler,Utah Jazz,Oklahoma City Thunder,2022
Jared Butler,Oklahoma City Thunder,Washington Wizards,2023
Jared Butler,Washington Wizards,Philadelphia 76ers,2024
Jared Cunningham,Dallas Mavericks,Sacramento Kings,2013
Jared Dudley,Charlotte Hornets,Phoenix Suns,2008
Jared Dudley,Phoenix Suns,Phoenix Suns,2009
Jared Dudley,Phoenix Suns,Phoenix Suns,2010
Jared Dudley,Phoenix Suns,Phoenix Suns,2011
Jared Dudley,Phoenix Suns,Phoenix Suns,2012
Jared Dudley,Phoenix Suns,Los Angeles Clippers,2013
Jared Dudley,Washington Wizards,Phoenix Suns,2016
Jared Dudley,Phoenix Suns,Phoenix Suns,2017
Jared Dudley,Phoenix Suns,Brooklyn Nets,2018
Jared Dudley,Brooklyn Nets,Los Angeles Lakers,2019
Jared Dudley,Los Angeles Lakers,Los Angeles Lakers,2020
Jared Harper,New York Knicks,New York Knicks,2020
Jared Harper,New York Knicks,New Orleans Pelicans,2021
Jared Jeffries,Washington Wizards,Washington Wizards,2005
Jared Jeffries,Washington Wizards,New York Knicks,2006
Jared Jeffries,New York Knicks,New York Knicks,2007
Jared Jeffries,New York Knicks,New York Knicks,2008
Jared Jeffries,New York Knicks,Houston Rockets,2009
Jared Jeffries,Houston Rockets,New York Knicks,2010
Jared Jeffries,New York Knicks,New York Knicks,2011
Jared Jeffries,New York Knicks,Portland Trail Blazers,2012
Jared Reiner,Chicago Bulls,Milwaukee Bucks,2006
Jared Rhoden,Detroit Pistons,Detroit Pistons,2023
Jared Rhoden,Detroit Pistons,Toronto Raptors,2024
Jarell Eddie,Washington Wizards,Chicago Bulls,2017
Jarell Martin,Memphis Grizzlies,Memphis Grizzlies,2016
Jarell Martin,Memphis Grizzlies,Memphis Grizzlies,2017
Jarell Martin,Memphis Grizzlies,Orlando Magic,2018
Jarred Vanderbilt,Denver Nuggets,Minnesota Timberwolves,2019
Jarred Vanderbilt,Minnesota Timberwolves,Minnesota Timberwolves,2020
Jarred Vanderbilt,Minnesota Timberwolves,Minnesota Timberwolves,2021
Jarred Vanderbilt,Minnesota Timberwolves,Los Angeles Lakers,2022
Jarred Vanderbilt,Los Angeles Lakers,Los Angeles Lakers,2023
Jarred Vanderbilt,Los Angeles Lakers,Los Angeles Lakers,2024
Jarred Vanderbilt,Los Angeles Lakers,Los Angeles Lakers,2025
Jarrett Allen,Brooklyn Nets,Brooklyn Nets,2018
Jarrett Allen,Brooklyn Nets,Brooklyn Nets,2019
Jarrett Allen,Brooklyn Nets,Cleveland Cavaliers,2020
Jarrett Allen,Cleveland Cavaliers,Cleveland Cavaliers,2021
Jarrett Allen,Cleveland Cavaliers,Cleveland Cavaliers,2022
Jarrett Allen,Cleveland Cavaliers,Cleveland Cavaliers,2023
Jarrett Allen,Cleveland Cavaliers,Cleveland Cavaliers,2024
Jarrett Allen,Cleveland Cavaliers,Cleveland Cavaliers,2025
Jarrett Culver,Minnesota Timberwolves,Minnesota Timberwolves,2020
Jarrett Culver,Minnesota Timberwolves,Memphis Grizzlies,2021
Jarrett Jack,Portland Trail Blazers,Portland Trail Blazers,2006
Jarrett Jack,Portland Trail Blazers,Portland Trail Blazers,2007
Jarrett Jack,Portland Trail Blazers,Indiana Pacers,2008
Jarrett Jack,Indiana Pacers,Toronto Raptors,2009
Jarrett Jack,Toronto Raptors,New Orleans Pelicans,2010
Jarrett Jack,New Orleans Pelicans,New Orleans Pelicans,2011
Jarrett Jack,New Orleans Pelicans,Golden State Warriors,2012
Jarrett Jack,Golden State Warriors,Cleveland Cavaliers,2013
Jarrett Jack,Brooklyn Nets,New York Knicks,2017
Jarrod Uthoff,Dallas Mavericks,Washington Wizards,2019
Jarron Collins,Utah Jazz,Utah Jazz,2005
Jarron Collins,Utah Jazz,Utah Jazz,2006
Jarron Collins,Utah Jazz,Utah Jazz,2007
Jarron Collins,Utah Jazz,Utah Jazz,2008
Jarron Collins,Utah Jazz,Phoenix Suns,2009
Jarvis Hayes,Washington Wizards,Detroit Pistons,2007
Jarvis Hayes,Detroit Pistons,Brooklyn Nets,2008
Jarvis Hayes,Brooklyn Nets,Brooklyn Nets,2009
Jarvis Varnado,Miami Heat,Philadelphia 76ers,2013
Jason Collins,Brooklyn Nets,Brooklyn Nets,2005
Jason Collins,Brooklyn Nets,Brooklyn Nets,2006
Jason Collins,Brooklyn Nets,Memphis Grizzlies,2007
Jason Collins,Memphis Grizzlies,Minnesota Timberwolves,2008
Jason Collins,Minnesota Timberwolves,Atlanta Hawks,2009
Jason Collins,Atlanta Hawks,Atlanta Hawks,2010
Jason Collins,Atlanta Hawks,Atlanta Hawks,2011
Jason Collins,Atlanta Hawks,Washington Wizards,2012
Jason Collins,Washington Wizards,Brooklyn Nets,2013
Jason Hart,Charlotte Hornets,Sacramento Kings,2005
Jason Hart,Sacramento Kings,Los Angeles Clippers,2006
Jason Hart,Los Angeles Clippers,Utah Jazz,2007
Jason Hart,Utah Jazz,Denver Nuggets,2008
Jason Kapono,Charlotte Hornets,Miami Heat,2005
Jason Kapono,Miami Heat,Miami Heat,2006
Jason Kapono,Miami Heat,Toronto Raptors,2007
Jason Kapono,Toronto Raptors,Toronto Raptors,2008
Jason Kapono,Toronto Raptors,Philadelphia 76ers,2009
Jason Kapono,Philadelphia 76ers,Philadelphia 76ers,2010
Jason Kidd,Brooklyn Nets,Brooklyn Nets,2005
Jason Kidd,Brooklyn Nets,Brooklyn Nets,2006
Jason Kidd,Brooklyn Nets,Dallas Mavericks,2007
Jason Kidd,Dallas Mavericks,Dallas Mavericks,2008
Jason Kidd,Dallas Mavericks,Dallas Mavericks,2009
Jason Kidd,Dallas Mavericks,Dallas Mavericks,2010
Jason Kidd,Dallas Mavericks,Dallas Mavericks,2011
Jason Kidd,Dallas Mavericks,New York Knicks,2012
Jason Maxiell,Detroit Pistons,Detroit Pistons,2006
Jason Maxiell,Detroit Pistons,Detroit Pistons,2007
Jason Maxiell,Detroit Pistons,Detroit Pistons,2008
Jason Maxiell,Detroit Pistons,Detroit Pistons,2009
Jason Maxiell,Detroit Pistons,Detroit Pistons,2010
Jason Maxiell,Detroit Pistons,Detroit Pistons,2011
Jason Maxiell,Detroit Pistons,Detroit Pistons,2012
Jason Maxiell,Detroit Pistons,Orlando Magic,2013
Jason Preston,Los Angeles Clippers,Los Angeles Clippers,2022
Jason Preston,Los Angeles Clippers,Utah Jazz,2023
Jason Richardson,Golden State Warriors,Golden State Warriors,2005
Jason Richardson,Golden State Warriors,Golden State Warriors,2006
Jason Richardson,Golden State Warriors,Charlotte Hornets,2007
Jason Richardson,Charlotte Hornets,Phoenix Suns,2008
Jason Richardson,Phoenix Suns,Phoenix Suns,2009
Jason Richardson,Phoenix Suns,Orlando Magic,2010
Jason Richardson,Orlando Magic,Orlando Magic,2011
Jason Richardson,Orlando Magic,Philadelphia 76ers,2012
Jason Richardson,Philadelphia 76ers,Philadelphia 76ers,2013
Jason Smith,Philadelphia 76ers,Philadelphia 76ers,2008
Jason Smith,Philadelphia 76ers,Philadelphia 76ers,2009
Jason Smith,Philadelphia 76ers,New Orleans Pelicans,2010
Jason Smith,New Orleans Pelicans,New Orleans Pelicans,2011
Jason Smith,New Orleans Pelicans,New Orleans Pelicans,2012
Jason Smith,New Orleans Pelicans,New Orleans Pelicans,2013
Jason Smith,Orlando Magic,Washington Wizards,2016
Jason Smith,Washington Wizards,Washington Wizards,2017
Jason Terry,Dallas Mavericks,Dallas Mavericks,2005
Jason Terry,Dallas Mavericks,Dallas Mavericks,2006
Jason Terry,Dallas Mavericks,Dallas Mavericks,2007
Jason Terry,Dallas Mavericks,Dallas Mavericks,2008
Jason Terry,Dallas Mavericks,Dallas Mavericks,2009
Jason Terry,Dallas Mavericks,Dallas Mavericks,2010
Jason Terry,Dallas Mavericks,Dallas Mavericks,2011
Jason Terry,Dallas Mavericks,Boston Celtics,2012
Jason Terry,Boston Celtics,Sacramento Kings,2013
Jason Terry,Houston Rockets,Milwaukee Bucks,2016
Jason Terry,Milwaukee Bucks,Milwaukee Bucks,2017
Jason Williams,Memphis Grizzlies,Miami Heat,2005
Jason Williams,Miami Heat,Miami Heat,2006
Jason Williams,Miami Heat,Miami Heat,2007
Jason Williams,Miami Heat,Orlando Magic,2009
Javaris Crittenton,Memphis Grizzlies,Washington Wizards,2008
Javaris Crittenton,Washington Wizards,Washington Wizards,2009
Javonte Green,Boston Celtics,Chicago Bulls,2020
Javonte Green,Chicago Bulls,Chicago Bulls,2021
Javonte Green,Chicago Bulls,Chicago Bulls,2022
Javonte Green,Chicago Bulls,Chicago Bulls,2023
Javonte Green,Chicago Bulls,Cleveland Cavaliers,2024
Javonte Green,Cleveland Cavaliers,Detroit Pistons,2025
Jawun Evans,Los Angeles Clippers,Oklahoma City Thunder,2018
Jaxson Hayes,New Orleans Pelicans,New Orleans Pelicans,2020
Jaxson Hayes,New Orleans Pelicans,New Orleans Pelicans,2021
Jaxson Hayes,New Orleans Pelicans,New Orleans Pelicans,2022
Jaxson Hayes,New Orleans Pelicans,Los Angeles Lakers,2023
Jaxson Hayes,Los Angeles Lakers,Los Angeles Lakers,2024
Jaxson Hayes,Los Angeles Lakers,Los Angeles Lakers,2025
Jay Huff,Washington Wizards,Denver Nuggets,2023
Jay Huff,Denver Nuggets,Memphis Grizzlies,2024
Jay Huff,Memphis Grizzlies,Indiana Pacers,2025
Jaylen Adams,Atlanta Hawks,Portland Trail Blazers,2019
Jaylen Hoard,Portland Trail Blazers,Oklahoma City Thunder,2020
Jaylen Martin,Brooklyn Nets,Washington Wizards,2024
Jeff Adrien,Golden State Warriors,Charlotte Hornets,2012
Jeff Adrien,Charlotte Hornets,Milwaukee Bucks,2013
Jeff Ayres,Portland Trail Blazers,Indiana Pacers,2011
Jeff Ayres,Indiana Pacers,Indiana Pacers,2012
Jeff Ayres,Indiana Pacers,San Antonio Spurs,2013
Jeff Dowtin Jr.,Toronto Raptors,Philadelphia 76ers,2023
Jeff Dowtin Jr.,Philadelphia 76ers,Philadelphia 76ers,2024
Jeff Green,Oklahoma City Thunder,Oklahoma City Thunder,2008
Jeff Green,Oklahoma City Thunder,Oklahoma City Thunder,2009
Jeff Green,Oklahoma City Thunder,Boston Celtics,2010
Jeff Green,Boston Celtics,Boston Celtics,2012
Jeff Green,Boston Celtics,Boston Celtics,2013
Jeff Green,Los Angeles Clippers,Orlando Magic,2016
Jeff Green,Orlando Magic,Cleveland Cavaliers,2017
Jeff Green,Cleveland Cavaliers,Washington Wizards,2018
Jeff Green,Washington Wizards,Houston Rockets,2019
Jeff Green,Houston Rockets,Brooklyn Nets,2020
Jeff Green,Brooklyn Nets,Denver Nuggets,2021
Jeff Green,Denver Nuggets,Denver Nuggets,2022
Jeff Green,Denver Nuggets,Houston Rockets,2023
Jeff Green,Houston Rockets,Houston Rockets,2024
Jeff Green,Houston Rockets,Houston Rockets,2025
Jeff McInnis,Cleveland Cavaliers,Charlotte Hornets,2006
Jeff Teague,Atlanta Hawks,Indiana Pacers,2016
Jeff Teague,Indiana Pacers,Minnesota Timberwolves,2017
Jeff Teague,Minnesota Timberwolves,Minnesota Timberwolves,2018
Jeff Teague,Minnesota Timberwolves,Atlanta Hawks,2019
Jeff Teague,Atlanta Hawks,Milwaukee Bucks,2020
Jerami Grant,Philadelphia 76ers,Oklahoma City Thunder,2016
Jerami Grant,Oklahoma City Thunder,Oklahoma City Thunder,2017
Jerami Grant,Oklahoma City Thunder,Oklahoma City Thunder,2018
Jerami Grant,Oklahoma City Thunder,Denver Nuggets,2019
Jerami Grant,Denver Nuggets,Detroit Pistons,2020
Jerami Grant,Detroit Pistons,Detroit Pistons,2021
Jerami Grant,Detroit Pistons,Portland Trail Blazers,2022
Jerami Grant,Portland Trail Blazers,Portland Trail Blazers,2023
Jerami Grant,Portland Trail Blazers,Portland Trail Blazers,2024
Jerami Grant,Portland Trail Blazers,Portland Trail Blazers,2025
Jeremiah Martin,Brooklyn Nets,Cleveland Cavaliers,2020
Jeremiah Robinson-Earl,Oklahoma City Thunder,Oklahoma City Thunder,2022
Jeremiah Robinson-Earl,Oklahoma City Thunder,New Orleans Pelicans,2023
Jeremiah Robinson-Earl,New Orleans Pelicans,New Orleans Pelicans,2024
Jeremy Evans,Dallas Mavericks,Atlanta Hawks,2017
Jeremy Lamb,Charlotte Hornets,Charlotte Hornets,2016
Jeremy Lamb,Charlotte Hornets,Charlotte Hornets,2017
Jeremy Lamb,Charlotte Hornets,Charlotte Hornets,2018
Jeremy Lamb,Charlotte Hornets,Indiana Pacers,2019
Jeremy Lamb,Indiana Pacers,Indiana Pacers,2020
Jeremy Lamb,Indiana Pacers,Sacramento Kings,2021
Jeremy Lin,Golden State Warriors,New York Knicks,2011
Jeremy Lin,New York Knicks,Houston Rockets,2012
Jeremy Lin,Houston Rockets,Houston Rockets,2013
Jeremy Lin,Charlotte Hornets,Brooklyn Nets,2016
Jeremy Lin,Brooklyn Nets,Brooklyn Nets,2017
Jeremy Lin,Brooklyn Nets,Toronto Raptors,2018
Jeremy Richardson,Atlanta Hawks,Orlando Magic,2008
Jeremy Tyler,Golden State Warriors,New York Knicks,2013
Jerian Grant,New York Knicks,Chicago Bulls,2016
Jerian Grant,Chicago Bulls,Chicago Bulls,2017
Jerian Grant,Chicago Bulls,Orlando Magic,2018
Jerian Grant,Orlando Magic,Washington Wizards,2019
Jericho Sims,New York Knicks,New York Knicks,2022
Jericho Sims,New York Knicks,New York Knicks,2023
Jericho Sims,New York Knicks,Milwaukee Bucks,2024
Jericho Sims,Milwaukee Bucks,Milwaukee Bucks,2025
Jermaine Jackson,New York Knicks,Milwaukee Bucks,2005
Jermaine O'Neal,Indiana Pacers,Indiana Pacers,2005
Jermaine O'Neal,Indiana Pacers,Indiana Pacers,2006
Jermaine O'Neal,Indiana Pacers,Indiana Pacers,2007
Jermaine O'Neal,Indiana Pacers,Miami Heat,2008
Jermaine O'Neal,Miami Heat,Miami Heat,2009
Jermaine O'Neal,Miami Heat,Boston Celtics,2010
Jermaine O'Neal,Boston Celtics,Phoenix Suns,2012
Jermaine O'Neal,Phoenix Suns,Golden State Warriors,2013
Jermareo Davidson,Charlotte Hornets,Golden State Warriors,2008
Jerome James,Oklahoma City Thunder,New York Knicks,2005
Jerome James,New York Knicks,New York Knicks,2006
Jerome James,New York Knicks,New York Knicks,2007
Jerome James,New York Knicks,Chicago Bulls,2008
Jerome Robinson,Los Angeles Clippers,Washington Wizards,2019
Jerome Robinson,Washington Wizards,Golden State Warriors,2023
Jerry Stackhouse,Dallas Mavericks,Dallas Mavericks,2005
Jerry Stackhouse,Dallas Mavericks,Dallas Mavericks,2006
Jerry Stackhouse,Dallas Mavericks,Dallas Mavericks,2007
Jerry Stackhouse,Dallas Mavericks,Dallas Mavericks,2008
Jerry Stackhouse,Dallas Mavericks,Milwaukee Bucks,2009
Jerry Stackhouse,Milwaukee Bucks,Atlanta Hawks,2011
Jerry Stackhouse,Atlanta Hawks,Brooklyn Nets,2012
Jerryd Bayless,Portland Trail Blazers,Portland Trail Blazers,2009
Jerryd Bayless,Portland Trail Blazers,Toronto Raptors,2010
Jerryd Bayless,Toronto Raptors,Toronto Raptors,2011
Jerryd Bayless,Toronto Raptors,Memphis Grizzlies,2012
Jerryd Bayless,Memphis Grizzlies,Boston Celtics,2013
Jerryd Bayless,Milwaukee Bucks,Philadelphia 76ers,2016
Jerryd Bayless,Philadelphia 76ers,Philadelphia 76ers,2017
Jerryd Bayless,Philadelphia 76ers,Minnesota Timberwolves,2018
Jevon Carter,Memphis Grizzlies,Phoenix Suns,2019
Jevon Carter,Phoenix Suns,Phoenix Suns,2020
Jevon Carter,Phoenix Suns,Milwaukee Bucks,2021
Jevon Carter,Milwaukee Bucks,Milwaukee Bucks,2022
Jevon Carter,Milwaukee Bucks,Chicago Bulls,2023
Jevon Carter,Chicago Bulls,Chicago Bulls,2024
Jevon Carter,Chicago Bulls,Chicago Bulls,2025
Jim Jackson,Phoenix Suns,Los Angeles Lakers,2005
Jimmer Fredette,Sacramento Kings,Sacramento Kings,2012
Jimmer Fredette,Sacramento Kings,Chicago Bulls,2013
Jimmy Butler III,Chicago Bulls,Chicago Bulls,2016
Jimmy Butler III,Chicago Bulls,Minnesota Timberwolves,2017
Jimmy Butler III,Minnesota Timberwolves,Philadelphia 76ers,2018
Jimmy Butler III,Philadelphia 76ers,Miami Heat,2019
Jimmy Butler III,Miami Heat,Miami Heat,2020
Jimmy Butler III,Miami Heat,Miami Heat,2021
Jimmy Butler III,Miami Heat,Miami Heat,2022
Jimmy Butler III,Miami Heat,Miami Heat,2023
Jimmy Butler III,Miami Heat,Golden State Warriors,2024
Jimmy Butler III,Golden State Warriors,Golden State Warriors,2025
Jiri Welsch,Cleveland Cavaliers,Milwaukee Bucks,2005
Joakim Noah,Chicago Bulls,New York Knicks,2016
Joakim Noah,New York Knicks,New York Knicks,2017
Joakim Noah,New York Knicks,Memphis Grizzlies,2018
Joakim Noah,Memphis Grizzlies,Los Angeles Clippers,2019
Jock Landale,San Antonio Spurs,Phoenix Suns,2022
Jock Landale,Phoenix Suns,Houston Rockets,2023
Jock Landale,Houston Rockets,Houston Rockets,2024
Jock Landale,Houston Rockets,Memphis Grizzlies,2025
Jodie Meeks,Philadelphia 76ers,Philadelphia 76ers,2010
Jodie Meeks,Philadelphia 76ers,Philadelphia 76ers,2011
Jodie Meeks,Philadelphia 76ers,Los Angeles Lakers,2012
Jodie Meeks,Los Angeles Lakers,Los Angeles Lakers,2013
Jodie Meeks,Detroit Pistons,Orlando Magic,2016
Jodie Meeks,Orlando Magic,Washington Wizards,2017
Jodie Meeks,Washington Wizards,Toronto Raptors,2018
Joe Alexander,Milwaukee Bucks,Chicago Bulls,2009
Joe Ingles,Utah Jazz,Utah Jazz,2016
Joe Ingles,Utah Jazz,Utah Jazz,2017
Joe Ingles,Utah Jazz,Utah Jazz,2018
Joe Ingles,Utah Jazz,Utah Jazz,2019
Joe Ingles,Utah Jazz,Utah Jazz,2020
Joe Ingles,Utah Jazz,Portland Trail Blazers,2021
Joe Ingles,Portland Trail Blazers,Milwaukee Bucks,2022
Joe Ingles,Milwaukee Bucks,Orlando Magic,2023
Joe Ingles,Orlando Magic,Minnesota Timberwolves,2024
Joe Ingles,Minnesota Timberwolves,Minnesota Timberwolves,2025
Joe Johnson,Phoenix Suns,Atlanta Hawks,2005
Joe Johnson,Atlanta Hawks,Atlanta Hawks,2006
Joe Johnson,Atlanta Hawks,Atlanta Hawks,2007
Joe Johnson,Atlanta Hawks,Atlanta Hawks,2008
Joe Johnson,Atlanta Hawks,Atlanta Hawks,2009
Joe Johnson,Atlanta Hawks,Atlanta Hawks,2010
Joe Johnson,Atlanta Hawks,Atlanta Hawks,2011
Joe Johnson,Atlanta Hawks,Brooklyn Nets,2012
Joe Johnson,Brooklyn Nets,Brooklyn Nets,2013
Joe Johnson,Miami Heat,Utah Jazz,2016
Joe Johnson,Utah Jazz,Houston Rockets,2017
Joe Smith,Milwaukee Bucks,Philadelphia 76ers,2006
Joe Smith,Philadelphia 76ers,Cleveland Cavaliers,2007
Joe Smith,Cleveland Cavaliers,Cleveland Cavaliers,2008
Joe Smith,Cleveland Cavaliers,Atlanta Hawks,2009
Joe Smith,Atlanta Hawks,Los Angeles Lakers,2010
Joe Wieskamp,San Antonio Spurs,Toronto Raptors,2022
Joel Anthony,Miami Heat,Miami Heat,2008
Joel Anthony,Miami Heat,Miami Heat,2009
Joel Anthony,Miami Heat,Miami Heat,2010
Joel Anthony,Miami Heat,Miami Heat,2011
Joel Anthony,Miami Heat,Miami Heat,2012
Joel Anthony,Miami Heat,Boston Celtics,2013
Joel Anthony,Detroit Pistons,San Antonio Spurs,2016
Joel Przybilla,Portland Trail Blazers,Portland Trail Blazers,2005
Joel Przybilla,Portland Trail Blazers,Portland Trail Blazers,2006
Joel Przybilla,Portland Trail Blazers,Portland Trail Blazers,2007
Joel Przybilla,Portland Trail Blazers,Portland Trail Blazers,2008
Joel Przybilla,Portland Trail Blazers,Portland Trail Blazers,2009
Joel Przybilla,Portland Trail Blazers,Charlotte Hornets,2010
Joel Przybilla,Charlotte Hornets,Portland Trail Blazers,2011
Joel Przybilla,Portland Trail Blazers,Milwaukee Bucks,2012
Joey Dorsey,Houston Rockets,Toronto Raptors,2009
Joey Dorsey,Toronto Raptors,Toronto Raptors,2010
Joey Graham,Toronto Raptors,Toronto Raptors,2006
Joey Graham,Toronto Raptors,Toronto Raptors,2007
Joey Graham,Toronto Raptors,Toronto Raptors,2008
Joey Graham,Toronto Raptors,Denver Nuggets,2009
Joey Graham,Denver Nuggets,Cleveland Cavaliers,2010
Joffrey Lauvergne,Denver Nuggets,Chicago Bulls,2016
Joffrey Lauvergne,Chicago Bulls,San Antonio Spurs,2017
Johan Petro,Oklahoma City Thunder,Oklahoma City Thunder,2006
Johan Petro,Oklahoma City Thunder,Oklahoma City Thunder,2007
Johan Petro,Oklahoma City Thunder,Denver Nuggets,2008
Johan Petro,Denver Nuggets,Denver Nuggets,2009
Johan Petro,Denver Nuggets,Brooklyn Nets,2010
Johan Petro,Brooklyn Nets,Brooklyn Nets,2011
Johan Petro,Brooklyn Nets,Atlanta Hawks,2012
John Collins,Atlanta Hawks,Atlanta Hawks,2018
John Collins,Atlanta Hawks,Atlanta Hawks,2019
John Collins,Atlanta Hawks,Atlanta Hawks,2020
John Collins,Atlanta Hawks,Atlanta Hawks,2021
John Collins,Atlanta Hawks,Atlanta Hawks,2022
John Collins,Atlanta Hawks,Utah Jazz,2023
John Collins,Utah Jazz,Utah Jazz,2024
John Collins,Utah Jazz,Los Angeles Clippers,2025
John Edwards,Indiana Pacers,Atlanta Hawks,2005
John Henson,Milwaukee Bucks,Milwaukee Bucks,2016
John Henson,Milwaukee Bucks,Milwaukee Bucks,2017
John Henson,Milwaukee Bucks,Cleveland Cavaliers,2018
John Henson,Cleveland Cavaliers,Detroit Pistons,2019
John Jenkins,Phoenix Suns,New York Knicks,2018
John Lucas III,Houston Rockets,Chicago Bulls,2010
John Lucas III,Chicago Bulls,Chicago Bulls,2011
John Lucas III,Chicago Bulls,Toronto Raptors,2012
John Lucas III,Toronto Raptors,Utah Jazz,2013
John Salmons,Philadelphia 76ers,Philadelphia 76ers,2005
John Salmons,Philadelphia 76ers,Sacramento Kings,2006
John Salmons,Sacramento Kings,Sacramento Kings,2007
John Salmons,Sacramento Kings,Chicago Bulls,2008
John Salmons,Chicago Bulls,Milwaukee Bucks,2009
John Salmons,Milwaukee Bucks,Milwaukee Bucks,2010
John Salmons,Milwaukee Bucks,Sacramento Kings,2011
John Salmons,Sacramento Kings,Sacramento Kings,2012
John Salmons,Sacramento Kings,Toronto Raptors,2013
John Thomas,Minnesota Timberwolves,Brooklyn Nets,2005
John Wall,Washington Wizards,Washington Wizards,2016
John Wall,Washington Wizards,Washington Wizards,2017
John Wall,Washington Wizards,Washington Wizards,2018
John Wall,Washington Wizards,Washington Wizards,2019
John Wall,Washington Wizards,Houston Rockets,2020
John Wall,Houston Rockets,Houston Rockets,2021
Johnathan Motley,Dallas Mavericks,Los Angeles Clippers,2018
Johnathan Motley,Los Angeles Clippers,Los Angeles Clippers,2019
Johnathan Williams,Los Angeles Lakers,Washington Wizards,2019
Johnny Juzang,Utah Jazz,Utah Jazz,2023
Johnny Juzang,Utah Jazz,Utah Jazz,2024
Johnny Juzang,Utah Jazz,Minnesota Timberwolves,2025
Johnny O'Bryant III,Milwaukee Bucks,Charlotte Hornets,2016
Jon Brockman,Sacramento Kings,Milwaukee Bucks,2010
Jon Brockman,Milwaukee Bucks,Milwaukee Bucks,2011
Jon Leuer,Milwaukee Bucks,Memphis Grizzlies,2012
Jon Leuer,Memphis Grizzlies,Memphis Grizzlies,2013
Jon Leuer,Phoenix Suns,Detroit Pistons,2016
Jon Leuer,Detroit Pistons,Detroit Pistons,2017
Jon Leuer,Detroit Pistons,Detroit Pistons,2018
Jonas Jerebko,Boston Celtics,Boston Celtics,2016
Jonas Jerebko,Boston Celtics,Utah Jazz,2017
Jonas Jerebko,Utah Jazz,Golden State Warriors,2018
Jonas Valančiūnas,Toronto Raptors,Toronto Raptors,2016
Jonas Valančiūnas,Toronto Raptors,Toronto Raptors,2017
Jonas Valančiūnas,Toronto Raptors,Memphis Grizzlies,2018
Jonas Valančiūnas,Memphis Grizzlies,Memphis Grizzlies,2019
Jonas Valančiūnas,Memphis Grizzlies,Memphis Grizzlies,2020
Jonas Valančiūnas,Memphis Grizzlies,New Orleans Pelicans,2021
Jonas Valančiūnas,New Orleans Pelicans,New Orleans Pelicans,2022
Jonas Valančiūnas,New Orleans Pelicans,New Orleans Pelicans,2023
Jonas Valančiūnas,New Orleans Pelicans,Sacramento Kings,2024
Jonas Valančiūnas,Sacramento Kings,Denver Nuggets,2025
Jonathon Simmons,San Antonio Spurs,San Antonio Spurs,2016
Jonathon Simmons,San Antonio Spurs,Orlando Magic,2017
Jonathon Simmons,Orlando Magic,Philadelphia 76ers,2018
Jonny Flynn,Minnesota Timberwolves,Minnesota Timberwolves,2010
Jonny Flynn,Minnesota Timberwolves,Portland Trail Blazers,2011
Jordan Bell,Golden State Warriors,Golden State Warriors,2018
Jordan Bell,Golden State Warriors,Cleveland Cavaliers,2019
Jordan Bell,Cleveland Cavaliers,Golden State Warriors,2020
Jordan Clarkson,Los Angeles Lakers,Los Angeles Lakers,2016
Jordan Clarkson,Los Angeles Lakers,Cleveland Cavaliers,2017
Jordan Clarkson,Cleveland Cavaliers,Cleveland Cavaliers,2018
Jordan Clarkson,Cleveland Cavaliers,Utah Jazz,2019
Jordan Clarkson,Utah Jazz,Utah Jazz,2020
Jordan Clarkson,Utah Jazz,Utah Jazz,2021
Jordan Clarkson,Utah Jazz,Utah Jazz,2022
Jordan Clarkson,Utah Jazz,Utah Jazz,2023
Jordan Clarkson,Utah Jazz,Utah Jazz,2024
Jordan Clarkson,Utah Jazz,New York Knicks,2025
Jordan Crawford,Washington Wizards,Washington Wizards,2011
Jordan Crawford,Washington Wizards,Boston Celtics,2012
Jordan Crawford,Boston Celtics,Golden State Warriors,2013
Jordan Farmar,Los Angeles Lakers,Los Angeles Lakers,2007
Jordan Farmar,Los Angeles Lakers,Los Angeles Lakers,2008
Jordan Farmar,Los Angeles Lakers,Los Angeles Lakers,2009
Jordan Farmar,Los Angeles Lakers,Brooklyn Nets,2010
Jordan Farmar,Brooklyn Nets,Brooklyn Nets,2011
Jordan Farmar,Brooklyn Nets,Los Angeles Lakers,2013
Jordan Goodwin,Washington Wizards,Memphis Grizzlies,2023
Jordan Goodwin,Memphis Grizzlies,Los Angeles Lakers,2024
Jordan Goodwin,Los Angeles Lakers,Phoenix Suns,2025
Jordan Hamilton,Denver Nuggets,Denver Nuggets,2012
Jordan Hamilton,Denver Nuggets,Houston Rockets,2013
Jordan Hill,Houston Rockets,Houston Rockets,2010
Jordan Hill,Houston Rockets,Los Angeles Lakers,2011
Jordan Hill,Los Angeles Lakers,Los Angeles Lakers,2012
Jordan Hill,Los Angeles Lakers,Los Angeles Lakers,2013
Jordan Hill,Indiana Pacers,Minnesota Timberwolves,2016
Jordan McLaughlin,Minnesota Timberwolves,Minnesota Timberwolves,2020
Jordan McLaughlin,Minnesota Timberwolves,Minnesota Timberwolves,2021
Jordan McLaughlin,Minnesota Timberwolves,Minnesota Timberwolves,2022
Jordan McLaughlin,Minnesota Timberwolves,Minnesota Timberwolves,2023
Jordan McLaughlin,Minnesota Timberwolves,San Antonio Spurs,2024
Jordan McLaughlin,San Antonio Spurs,San Antonio Spurs,2025
Jordan McRae,Cleveland Cavaliers,Washington Wizards,2018
Jordan McRae,Washington Wizards,Detroit Pistons,2019
Jordan Mickey,Boston Celtics,Boston Celtics,2016
Jordan Mickey,Boston Celtics,Miami Heat,2017
Jordan Nwora,Milwaukee Bucks,Milwaukee Bucks,2021
Jordan Nwora,Milwaukee Bucks,Indiana Pacers,2022
Jordan Nwora,Indiana Pacers,Toronto Raptors,2023
Jordan Poole,Golden State Warriors,Golden State Warriors,2020
Jordan Poole,Golden State Warriors,Golden State Warriors,2021
Jordan Poole,Golden State Warriors,Golden State Warriors,2022
Jordan Poole,Golden State Warriors,Washington Wizards,2023
Jordan Poole,Washington Wizards,Washington Wizards,2024
Jordan Poole,Washington Wizards,New Orleans Pelicans,2025
Jose Calderon,Toronto Raptors,Toronto Raptors,2006
Jose Calderon,Toronto Raptors,Toronto Raptors,2007
Jose Calderon,Toronto Raptors,Toronto Raptors,2008
Jose Calderon,Toronto Raptors,Toronto Raptors,2009
Jose Calderon,Toronto Raptors,Toronto Raptors,2010
Jose Calderon,Toronto Raptors,Toronto Raptors,2011
Jose Calderon,Toronto Raptors,Detroit Pistons,2012
Jose Calderon,Detroit Pistons,New York Knicks,2013
Jose Calderon,New York Knicks,Atlanta Hawks,2016
Jose Calderon,Atlanta Hawks,Cleveland Cavaliers,2017
Jose Calderon,Cleveland Cavaliers,Detroit Pistons,2018
Josh Childress,Atlanta Hawks,Atlanta Hawks,2005
Josh Childress,Atlanta Hawks,Atlanta Hawks,2006
Josh Childress,Atlanta Hawks,Atlanta Hawks,2007
Josh Childress,Atlanta Hawks,Phoenix Suns,2010
Josh Childress,Phoenix Suns,Phoenix Suns,2011
Josh Christopher,Houston Rockets,Houston Rockets,2022
Josh Christopher,Houston Rockets,Miami Heat,2024
Josh Giddey,Oklahoma City Thunder,Oklahoma City Thunder,2022
Josh Giddey,Oklahoma City Thunder,Oklahoma City Thunder,2023
Josh Giddey,Oklahoma City Thunder,Chicago Bulls,2024
Josh Giddey,Chicago Bulls,Chicago Bulls,2025
Josh Green,Dallas Mavericks,Dallas Mavericks,2021
Josh Green,Dallas Mavericks,Dallas Mavericks,2022
Josh Green,Dallas Mavericks,Dallas Mavericks,2023
Josh Green,Dallas Mavericks,Charlotte Hornets,2024
Josh Green,Charlotte Hornets,Charlotte Hornets,2025
Josh Harrellson,New York Knicks,Detroit Pistons,2013
Josh Hart,Los Angeles Lakers,Los Angeles Lakers,2018
Josh Hart,Los Angeles Lakers,New Orleans Pelicans,2019
Josh Hart,New Orleans Pelicans,New Orleans Pelicans,2020
Josh Hart,New Orleans Pelicans,Portland Trail Blazers,2021
Josh Hart,Portland Trail Blazers,New York Knicks,2022
Josh Hart,New York Knicks,New York Knicks,2023
Josh Hart,New York Knicks,New York Knicks,2024
Josh Hart,New York Knicks,New York Knicks,2025
Josh Howard,Dallas Mavericks,Dallas Mavericks,2005
Josh Howard,Dallas Mavericks,Dallas Mavericks,2006
Josh Howard,Dallas Mavericks,Dallas Mavericks,2007
Josh Howard,Dallas Mavericks,Dallas Mavericks,2008
Josh Howard,Dallas Mavericks,Washington Wizards,2009
Josh Howard,Washington Wizards,Washington Wizards,2010
Josh Howard,Washington Wizards,Utah Jazz,2011
Josh Jackson,Phoenix Suns,Phoenix Suns,2018
Josh Jackson,Phoenix Suns,Memphis Grizzlies,2019
Josh Jackson,Memphis Grizzlies,Detroit Pistons,2020
Josh Jackson,Detroit Pistons,Sacramento Kings,2021
Josh McRoberts,Portland Trail Blazers,Indiana Pacers,2008
Josh McRoberts,Indiana Pacers,Indiana Pacers,2009
Josh McRoberts,Indiana Pacers,Indiana Pacers,2010
Josh McRoberts,Indiana Pacers,Los Angeles Lakers,2011
Josh McRoberts,Los Angeles Lakers,Charlotte Hornets,2012
Josh McRoberts,Charlotte Hornets,Charlotte Hornets,2013
Josh Minott,Minnesota Timberwolves,Minnesota Timberwolves,2023
Josh Minott,Minnesota Timberwolves,Minnesota Timberwolves,2024
Josh Minott,Minnesota Timberwolves,Boston Celtics,2025
Josh Okogie,Minnesota Timberwolves,Minnesota Timberwolves,2019
Josh Okogie,Minnesota Timberwolves,Minnesota Timberwolves,2020
Josh Okogie,Minnesota Timberwolves,Minnesota Timberwolves,2021
Josh Okogie,Minnesota Timberwolves,Phoenix Suns,2022
Josh Okogie,Phoenix Suns,Phoenix Suns,2023
Josh Okogie,Phoenix Suns,Charlotte Hornets,2024
Josh Okogie,Charlotte Hornets,Houston Rockets,2025
Josh Powell,Dallas Mavericks,Golden State Warriors,2006
Josh Powell,Golden State Warriors,Los Angeles Clippers,2007
Josh Powell,Los Angeles Clippers,Los Angeles Lakers,2008
Josh Powell,Los Angeles Lakers,Los Angeles Lakers,2009
Josh Powell,Los Angeles Lakers,Atlanta Hawks,2010
Josh Powell,Atlanta Hawks,Houston Rockets,2013
Josh Richardson,Miami Heat,Miami Heat,2016
Josh Richardson,Miami Heat,Miami Heat,2017
Josh Richardson,Miami Heat,Miami Heat,2018
Josh Richardson,Miami Heat,Philadelphia 76ers,2019
Josh Richardson,Philadelphia 76ers,Dallas Mavericks,2020
Josh Richardson,Dallas Mavericks,San Antonio Spurs,2021
Josh Richardson,San Antonio Spurs,New Orleans Pelicans,2022
Josh Richardson,New Orleans Pelicans,Miami Heat,2023
Josh Smith,Atlanta Hawks,Atlanta Hawks,2005
Josh Smith,Atlanta Hawks,Atlanta Hawks,2006
Josh Smith,Atlanta Hawks,Atlanta Hawks,2007
Josh Smith,Atlanta Hawks,Atlanta Hawks,2008
Josh Smith,Atlanta Hawks,Atlanta Hawks,2009
Josh Smith,Atlanta Hawks,Atlanta Hawks,2010
Josh Smith,Atlanta Hawks,Atlanta Hawks,2011
Josh Smith,Atlanta Hawks,Atlanta Hawks,2012
Josh Smith,Atlanta Hawks,Detroit Pistons,2013
Jrue Holiday,Philadelphia 76ers,Philadelphia 76ers,2010
Jrue Holiday,Philadelphia 76ers,Philadelphia 76ers,2011
Jrue Holiday,Philadelphia 76ers,Philadelphia 76ers,2012
Jrue Holiday,Philadelphia 76ers,New Orleans Pelicans,2013
Jrue Holiday,New Orleans Pelicans,New Orleans Pelicans,2016
Jrue Holiday,New Orleans Pelicans,New Orleans Pelicans,2017
Jrue Holiday,New Orleans Pelicans,New Orleans Pelicans,2018
Jrue Holiday,New Orleans Pelicans,New Orleans Pelicans,2019
Jrue Holiday,New Orleans Pelicans,Milwaukee Bucks,2020
Jrue Holiday,Milwaukee Bucks,Milwaukee Bucks,2021
Jrue Holiday,Milwaukee Bucks,Milwaukee Bucks,2022
Jrue Holiday,Milwaukee Bucks,Boston Celtics,2023
Jrue Holiday,Boston Celtics,Boston Celtics,2024
Jrue Holiday,Boston Celtics,Portland Trail Blazers,2025
Juan Dixon,Washington Wizards,Portland Trail Blazers,2005
Juan Dixon,Portland Trail Blazers,Toronto Raptors,2006
Juan Dixon,Toronto Raptors,Detroit Pistons,2007
Juan Dixon,Detroit Pistons,Washington Wizards,2008
Juan Toscano-Anderson,Golden State Warriors,Golden State Warriors,2020
Juan Toscano-Anderson,Golden State Warriors,Golden State Warriors,2021
Juan Toscano-Anderson,Golden State Warriors,Utah Jazz,2022
Juancho Hernangomez,Denver Nuggets,Denver Nuggets,2017
Juancho Hernangomez,Denver Nuggets,Denver Nuggets,2018
Juancho Hernangomez,Denver Nuggets,Minnesota Timberwolves,2019
Juancho Hernangomez,Minnesota Timberwolves,Minnesota Timberwolves,2020
Juancho Hernangomez,Minnesota Timberwolves,Utah Jazz,2021
Julian Wright,New Orleans Pelicans,New Orleans Pelicans,2008
Julian Wright,New Orleans Pelicans,New Orleans Pelicans,2009
Julian Wright,New Orleans Pelicans,Toronto Raptors,2010
Julius Randle,Los Angeles Lakers,Los Angeles Lakers,2016
Julius Randle,Los Angeles Lakers,Los Angeles Lakers,2017
Julius Randle,Los Angeles Lakers,New Orleans Pelicans,2018
Julius Randle,New Orleans Pelicans,New York Knicks,2019
Julius Randle,New York Knicks,New York Knicks,2020
Julius Randle,New York Knicks,New York Knicks,2021
Julius Randle,New York Knicks,New York Knicks,2022
Julius Randle,New York Knicks,New York Knicks,2023
Julius Randle,New York Knicks,Minnesota Timberwolves,2024
Julius Randle,Minnesota Timberwolves,Minnesota Timberwolves,2025
Julyan Stone,Denver Nuggets,Denver Nuggets,2012
Julyan Stone,Denver Nuggets,Toronto Raptors,2013
Jumaine Jones,Los Angeles Lakers,Charlotte Hornets,2005
Jumaine Jones,Charlotte Hornets,Phoenix Suns,2006
Justin Anderson,Dallas Mavericks,Philadelphia 76ers,2016
Justin Anderson,Philadelphia 76ers,Philadelphia 76ers,2017
Justin Anderson,Philadelphia 76ers,Atlanta Hawks,2018
Justin Anderson,Atlanta Hawks,Brooklyn Nets,2019
Justin Champagnie,Toronto Raptors,Boston Celtics,2022
Justin Champagnie,Boston Celtics,Washington Wizards,2023
Justin Champagnie,Washington Wizards,Washington Wizards,2024
Justin Champagnie,Washington Wizards,Washington Wizards,2025
Justin Holiday,Chicago Bulls,New York Knicks,2016
Justin Holiday,New York Knicks,Chicago Bulls,2017
Justin Holiday,Chicago Bulls,Memphis Grizzlies,2018
Justin Holiday,Memphis Grizzlies,Indiana Pacers,2019
Justin Holiday,Indiana Pacers,Indiana Pacers,2020
Justin Holiday,Indiana Pacers,Sacramento Kings,2021
Justin Holiday,Sacramento Kings,Dallas Mavericks,2022
Justin Holiday,Dallas Mavericks,Denver Nuggets,2023
Justin Jackson,Sacramento Kings,Dallas Mavericks,2018
Justin Jackson,Dallas Mavericks,Dallas Mavericks,2019
Justin Jackson,Dallas Mavericks,Milwaukee Bucks,2020
Justin Patton,Minnesota Timberwolves,Detroit Pistons,2019
Justin Reed,Boston Celtics,Minnesota Timberwolves,2005
Justise Winslow,Miami Heat,Miami Heat,2016
Justise Winslow,Miami Heat,Miami Heat,2017
Justise Winslow,Miami Heat,Miami Heat,2018
Justise Winslow,Miami Heat,Memphis Grizzlies,2019
Justise Winslow,Memphis Grizzlies,Memphis Grizzlies,2020
Justise Winslow,Memphis Grizzlies,Portland Trail Blazers,2021
Justise Winslow,Portland Trail Blazers,Portland Trail Blazers,2022
Jusuf Nurkić,Denver Nuggets,Portland Trail Blazers,2016
Jusuf Nurkić,Portland Trail Blazers,Portland Trail Blazers,2017
Jusuf Nurkić,Portland Trail Blazers,Portland Trail Blazers,2018
Jusuf Nurkić,Portland Trail Blazers,Portland Trail Blazers,2019
Jusuf Nurkić,Portland Trail Blazers,Portland Trail Blazers,2020
Jusuf Nurkić,Portland Trail Blazers,Portland Trail Blazers,2021
Jusuf Nurkić,Portland Trail Blazers,Portland Trail Blazers,2022
Jusuf Nurkić,Portland Trail Blazers,Phoenix Suns,2023
Jusuf Nurkić,Phoenix Suns,Charlotte Hornets,2024
Jusuf Nurkić,Charlotte Hornets,Utah Jazz,2025
Juwan Howard,Houston Rockets,Dallas Mavericks,2007
Juwan Howard,Dallas Mavericks,Charlotte Hornets,2008
Juwan Howard,Charlotte Hornets,Portland Trail Blazers,2009
Juwan Howard,Portland Trail Blazers,Miami Heat,2010
Juwan Howard,Miami Heat,Miami Heat,2011
Juwan Howard,Miami Heat,Miami Heat,2012
Juwan Morgan,Utah Jazz,Utah Jazz,2020
Juwan Morgan,Utah Jazz,Boston Celtics,2021
KJ Martin,Houston Rockets,Houston Rockets,2021
KJ Martin,Houston Rockets,Houston Rockets,2022
KJ Martin,Houston Rockets,Philadelphia 76ers,2023
KJ Martin,Philadelphia 76ers,Utah Jazz,2024
KJ McDaniels,Houston Rockets,Brooklyn Nets,2016
Kadeem Allen,Boston Celtics,New York Knicks,2018
Kai Jones,Charlotte Hornets,Charlotte Hornets,2022
Kai Jones,Charlotte Hornets,Los Angeles Clippers,2023
Kai Jones,Los Angeles Clippers,Dallas Mavericks,2024
Kareem Rush,Indiana Pacers,Philadelphia 76ers,2008
Karl-Anthony Towns,Minnesota Timberwolves,Minnesota Timberwolves,2016
Karl-Anthony Towns,Minnesota Timberwolves,Minnesota Timberwolves,2017
Karl-Anthony Towns,Minnesota Timberwolves,Minnesota Timberwolves,2018
Karl-Anthony Towns,Minnesota Timberwolves,Minnesota Timberwolves,2019
Karl-Anthony Towns,Minnesota Timberwolves,Minnesota Timberwolves,2020
Karl-Anthony Towns,Minnesota Timberwolves,Minnesota Timberwolves,2021
Karl-Anthony Towns,Minnesota Timberwolves,Minnesota Timberwolves,2022
Karl-Anthony Towns,Minnesota Timberwolves,Minnesota Timberwolves,2023
Karl-Anthony Towns,Minnesota Timberwolves,New York Knicks,2024
Karl-Anthony Towns,New York Knicks,New York Knicks,2025
Kawhi Leonard,San Antonio Spurs,San Antonio Spurs,2016
Kawhi Leonard,San Antonio Spurs,San Antonio Spurs,2017
Kawhi Leonard,San Antonio Spurs,Toronto Raptors,2018
Kawhi Leonard,Toronto Raptors,Los Angeles Clippers,2019
Kawhi Leonard,Los Angeles Clippers,Los Angeles Clippers,2020
Kawhi Leonard,Los Angeles Clippers,Los Angeles Clippers,2021
Kawhi Leonard,Los Angeles Clippers,Los Angeles Clippers,2022
Kawhi Leonard,Los Angeles Clippers,Los Angeles Clippers,2023
Kawhi Leonard,Los Angeles Clippers,Los Angeles Clippers,2024
Kawhi Leonard,Los Angeles Clippers,Los Angeles Clippers,2025
Kay Felder,Cleveland Cavaliers,Detroit Pistons,2017
Keita Bates-Diop,Minnesota Timberwolves,Denver Nuggets,2019
Keita Bates-Diop,Denver Nuggets,San Antonio Spurs,2020
Keita Bates-Diop,San Antonio Spurs,San Antonio Spurs,2021
Keita Bates-Diop,San Antonio Spurs,San Antonio Spurs,2022
Keita Bates-Diop,San Antonio Spurs,Brooklyn Nets,2023
Keith Bogans,Charlotte Hornets,Houston Rockets,2005
Keith Bogans,Houston Rockets,Orlando Magic,2006
Keith Bogans,Orlando Magic,Orlando Magic,2007
Keith Bogans,Orlando Magic,Milwaukee Bucks,2008
Keith Bogans,Milwaukee Bucks,San Antonio Spurs,2009
Keith Bogans,San Antonio Spurs,Chicago Bulls,2010
Keith Bogans,Chicago Bulls,Brooklyn Nets,2012
Keith Bogans,Brooklyn Nets,Boston Celtics,2013
Keith McLeod,Utah Jazz,Utah Jazz,2005
Keith McLeod,Utah Jazz,Indiana Pacers,2006
Kelan Martin,Minnesota Timberwolves,Indiana Pacers,2020
Kelenna Azubuike,Golden State Warriors,Golden State Warriors,2007
Kelenna Azubuike,Golden State Warriors,Golden State Warriors,2008
Kelenna Azubuike,Golden State Warriors,Golden State Warriors,2009
Kelenna Azubuike,Golden State Warriors,Dallas Mavericks,2011
Kelly Olynyk,Boston Celtics,Boston Celtics,2016
Kelly Olynyk,Boston Celtics,Miami Heat,2017
Kelly Olynyk,Miami Heat,Miami Heat,2018
Kelly Olynyk,Miami Heat,Miami Heat,2019
Kelly Olynyk,Miami Heat,Houston Rockets,2020
Kelly Olynyk,Houston Rockets,Detroit Pistons,2021
Kelly Olynyk,Detroit Pistons,Utah Jazz,2022
Kelly Olynyk,Utah Jazz,Toronto Raptors,2023
Kelly Olynyk,Toronto Raptors,New Orleans Pelicans,2024
Kelly Olynyk,New Orleans Pelicans,San Antonio Spurs,2025
Kelly Oubre Jr.,Washington Wizards,Washington Wizards,2016
Kelly Oubre Jr.,Washington Wizards,Washington Wizards,2017
Kelly Oubre Jr.,Washington Wizards,Phoenix Suns,2018
Kelly Oubre Jr.,Phoenix Suns,Phoenix Suns,2019
Kelly Oubre Jr.,Phoenix Suns,Golden State Warriors,2020
Kelly Oubre Jr.,Golden State Warriors,Charlotte Hornets,2021
Kelly Oubre Jr.,Charlotte Hornets,Charlotte Hornets,2022
Kelly Oubre Jr.,Charlotte Hornets,Philadelphia 76ers,2023
Kelly Oubre Jr.,Philadelphia 76ers,Philadelphia 76ers,2024
Kelly Oubre Jr.,Philadelphia 76ers,Philadelphia 76ers,2025
Kelvin Cato,Orlando Magic,Detroit Pistons,2005
Kelvin Cato,Detroit Pistons,New York Knicks,2006
Kemba Walker,Charlotte Hornets,Charlotte Hornets,2016
Kemba Walker,Charlotte Hornets,Charlotte Hornets,2017
Kemba Walker,Charlotte Hornets,Charlotte Hornets,2018
Kemba Walker,Charlotte Hornets,Boston Celtics,2019
Kemba Walker,Boston Celtics,Oklahoma City Thunder,2020
Kemba Walker,Oklahoma City Thunder,New York Knicks,2021
Kendall Marshall,Phoenix Suns,Los Angeles Lakers,2013
Kendrick Nunn,Miami Heat,Miami Heat,2019
Kendrick Nunn,Miami Heat,Miami Heat,2020
Kendrick Nunn,Miami Heat,Los Angeles Lakers,2021
Kendrick Nunn,Los Angeles Lakers,Washington Wizards,2022
Kendrick Perkins,Boston Celtics,Boston Celtics,2005
Kendrick Perkins,Boston Celtics,Boston Celtics,2006
Kendrick Perkins,Boston Celtics,Boston Celtics,2007
Kendrick Perkins,Boston Celtics,Boston Celtics,2008
Kendrick Perkins,Boston Celtics,Boston Celtics,2009
Kendrick Perkins,Boston Celtics,Oklahoma City Thunder,2010
Kendrick Perkins,Oklahoma City Thunder,Oklahoma City Thunder,2011
Kendrick Perkins,Oklahoma City Thunder,Oklahoma City Thunder,2012
Kendrick Perkins,Oklahoma City Thunder,Oklahoma City Thunder,2013
Kendrick Perkins,New Orleans Pelicans,Cleveland Cavaliers,2017
Kenneth Faried,Denver Nuggets,Denver Nuggets,2016
Kenneth Faried,Denver Nuggets,Denver Nuggets,2017
Kenneth Faried,Denver Nuggets,Houston Rockets,2018
Kenneth Lofton Jr.,Memphis Grizzlies,Utah Jazz,2023
Kenrich Williams,New Orleans Pelicans,New Orleans Pelicans,2019
Kenrich Williams,New Orleans Pelicans,Oklahoma City Thunder,2020
Kenrich Williams,Oklahoma City Thunder,Oklahoma City Thunder,2021
Kenrich Williams,Oklahoma City Thunder,Oklahoma City Thunder,2022
Kenrich Williams,Oklahoma City Thunder,Oklahoma City Thunder,2023
Kenrich Williams,Oklahoma City Thunder,Oklahoma City Thunder,2024
Kenrich Williams,Oklahoma City Thunder,Oklahoma City Thunder,2025
Kent Bazemore,Golden State Warriors,Los Angeles Lakers,2013
Kent Bazemore,Atlanta Hawks,Atlanta Hawks,2016
Kent Bazemore,Atlanta Hawks,Atlanta Hawks,2017
Kent Bazemore,Atlanta Hawks,Atlanta Hawks,2018
Kent Bazemore,Atlanta Hawks,Sacramento Kings,2019
Kent Bazemore,Sacramento Kings,Golden State Warriors,2020
Kent Bazemore,Golden State Warriors,Los Angeles Lakers,2021
Kentavious Caldwell-Pope,Detroit Pistons,Detroit Pistons,2016
Kentavious Caldwell-Pope,Detroit Pistons,Los Angeles Lakers,2017
Kentavious Caldwell-Pope,Los Angeles Lakers,Los Angeles Lakers,2018
Kentavious Caldwell-Pope,Los Angeles Lakers,Los Angeles Lakers,2019
Kentavious Caldwell-Pope,Los Angeles Lakers,Los Angeles Lakers,2020
Kentavious Caldwell-Pope,Los Angeles Lakers,Washington Wizards,2021
Kentavious Caldwell-Pope,Washington Wizards,Denver Nuggets,2022
Kentavious Caldwell-Pope,Denver Nuggets,Denver Nuggets,2023
Kentavious Caldwell-Pope,Denver Nuggets,Memphis Grizzlies,2024
Kentavious Caldwell-Pope,Memphis Grizzlies,Memphis Grizzlies,2025
Kenyon Martin,Denver Nuggets,Denver Nuggets,2005
Kenyon Martin,Denver Nuggets,Denver Nuggets,2006
Kenyon Martin,Denver Nuggets,Denver Nuggets,2007
Kenyon Martin,Denver Nuggets,Denver Nuggets,2008
Kenyon Martin,Denver Nuggets,Denver Nuggets,2009
Kenyon Martin,Denver Nuggets,Denver Nuggets,2010
Kenyon Martin,Denver Nuggets,Los Angeles Clippers,2011
Kenyon Martin,Los Angeles Clippers,New York Knicks,2012
Kenyon Martin,New York Knicks,New York Knicks,2013
Keon Johnson,Portland Trail Blazers,Portland Trail Blazers,2022
Keon Johnson,Portland Trail Blazers,Brooklyn Nets,2023
Keon Johnson,Brooklyn Nets,Brooklyn Nets,2024
Kessler Edwards,Brooklyn Nets,Sacramento Kings,2022
Kessler Edwards,Sacramento Kings,Sacramento Kings,2023
Kessler Edwards,Sacramento Kings,Dallas Mavericks,2024
Kevin Durant,Oklahoma City Thunder,Golden State Warriors,2016
Kevin Durant,Golden State Warriors,Golden State Warriors,2017
Kevin Durant,Golden State Warriors,Golden State Warriors,2018
Kevin Durant,Golden State Warriors,Brooklyn Nets,2019
Kevin Durant,Brooklyn Nets,Brooklyn Nets,2020
Kevin Durant,Brooklyn Nets,Brooklyn Nets,2021
Kevin Durant,Brooklyn Nets,Phoenix Suns,2022
Kevin Durant,Phoenix Suns,Phoenix Suns,2023
Kevin Durant,Phoenix Suns,Phoenix Suns,2024
Kevin Durant,Phoenix Suns,Houston Rockets,2025
Kevin Garnett,Minnesota Timberwolves,Minnesota Timberwolves,2005
Kevin Garnett,Minnesota Timberwolves,Minnesota Timberwolves,2006
Kevin Garnett,Minnesota Timberwolves,Boston Celtics,2007
Kevin Garnett,Boston Celtics,Boston Celtics,2008
Kevin Garnett,Boston Celtics,Boston Celtics,2009
Kevin Garnett,Boston Celtics,Boston Celtics,2010
Kevin Garnett,Boston Celtics,Boston Celtics,2011
Kevin Garnett,Boston Celtics,Boston Celtics,2012
Kevin Garnett,Boston Celtics,Brooklyn Nets,2013
Kevin Huerter,Atlanta Hawks,Atlanta Hawks,2019
Kevin Huerter,Atlanta Hawks,Atlanta Hawks,2020
Kevin Huerter,Atlanta Hawks,Atlanta Hawks,2021
Kevin Huerter,Atlanta Hawks,Sacramento Kings,2022
Kevin Huerter,Sacramento Kings,Sacramento Kings,2023
Kevin Huerter,Sacramento Kings,Chicago Bulls,2024
Kevin Huerter,Chicago Bulls,Chicago Bulls,2025
Kevin Knox II,New York Knicks,New York Knicks,2019
Kevin Knox II,New York Knicks,New York Knicks,2020
Kevin Knox II,New York Knicks,Atlanta Hawks,2021
Kevin Knox II,Atlanta Hawks,Portland Trail Blazers,2022
Kevin Knox II,Portland Trail Blazers,Golden State Warriors,2024
Kevin Love,Cleveland Cavaliers,Cleveland Cavaliers,2016
Kevin Love,Cleveland Cavaliers,Cleveland Cavaliers,2017
Kevin Love,Cleveland Cavaliers,Cleveland Cavaliers,2018
Kevin Love,Cleveland Cavaliers,Cleveland Cavaliers,2019
Kevin Love,Cleveland Cavaliers,Cleveland Cavaliers,2020
Kevin Love,Cleveland Cavaliers,Cleveland Cavaliers,2021
Kevin Love,Cleveland Cavaliers,Miami Heat,2022
Kevin Love,Miami Heat,Miami Heat,2023
Kevin Love,Miami Heat,Miami Heat,2024
Kevin Love,Miami Heat,Utah Jazz,2025
Kevin Martin,Sacramento Kings,Sacramento Kings,2005
Kevin Martin,Sacramento Kings,Sacramento Kings,2006
Kevin Martin,Sacramento Kings,Sacramento Kings,2007
Kevin Martin,Sacramento Kings,Sacramento Kings,2008
Kevin Martin,Sacramento Kings,Houston Rockets,2009
Kevin Martin,Houston Rockets,Houston Rockets,2010
Kevin Martin,Houston Rockets,Houston Rockets,2011
Kevin Martin,Houston Rockets,Oklahoma City Thunder,2012
Kevin Martin,Oklahoma City Thunder,Minnesota Timberwolves,2013
Kevin Ollie,Philadelphia 76ers,Philadelphia 76ers,2005
Kevin Ollie,Philadelphia 76ers,Philadelphia 76ers,2006
Kevin Ollie,Philadelphia 76ers,Philadelphia 76ers,2007
Kevin Ollie,Philadelphia 76ers,Minnesota Timberwolves,2008
Kevin Ollie,Minnesota Timberwolves,Oklahoma City Thunder,2009
Kevin Porter Jr.,Cleveland Cavaliers,Houston Rockets,2020
Kevin Porter Jr.,Houston Rockets,Houston Rockets,2021
Kevin Porter Jr.,Houston Rockets,Houston Rockets,2022
Kevin Porter Jr.,Houston Rockets,Milwaukee Bucks,2024
Kevin Porter Jr.,Milwaukee Bucks,Milwaukee Bucks,2025
Kevin Seraphin,New York Knicks,Indiana Pacers,2016
Kevin Willis,Atlanta Hawks,Dallas Mavericks,2006
Kevon Harris,Orlando Magic,Orlando Magic,2023
Kevon Harris,Orlando Magic,Houston Rockets,2025
Kevon Looney,Golden State Warriors,Golden State Warriors,2016
Kevon Looney,Golden State Warriors,Golden State Warriors,2017
Kevon Looney,Golden State Warriors,Golden State Warriors,2018
Kevon Looney,Golden State Warriors,Golden State Warriors,2019
Kevon Looney,Golden State Warriors,Golden State Warriors,2020
Kevon Looney,Golden State Warriors,Golden State Warriors,2021
Kevon Looney,Golden State Warriors,Golden State Warriors,2022
Kevon Looney,Golden State Warriors,Golden State Warriors,2023
Kevon Looney,Golden State Warriors,Golden State Warriors,2024
Kevon Looney,Golden State Warriors,New Orleans Pelicans,2025
Keyon Dooling,Miami Heat,Orlando Magic,2005
Keyon Dooling,Orlando Magic,Orlando Magic,2006
Keyon Dooling,Orlando Magic,Orlando Magic,2007
Keyon Dooling,Orlando Magic,Brooklyn Nets,2008
Keyon Dooling,Brooklyn Nets,Brooklyn Nets,2009
Keyon Dooling,Brooklyn Nets,Milwaukee Bucks,2010
Keyon Dooling,Milwaukee Bucks,Boston Celtics,2011
Keyon Dooling,Boston Celtics,Memphis Grizzlies,2012
Khem Birch,Orlando Magic,Orlando Magic,2018
Khem Birch,Orlando Magic,Orlando Magic,2019
Khem Birch,Orlando Magic,Toronto Raptors,2020
Khem Birch,Toronto Raptors,Toronto Raptors,2021
Khem Birch,Toronto Raptors,San Antonio Spurs,2022
Khris Middleton,Detroit Pistons,Milwaukee Bucks,2013
Khris Middleton,Milwaukee Bucks,Milwaukee Bucks,2016
Khris Middleton,Milwaukee Bucks,Milwaukee Bucks,2017
Khris Middleton,Milwaukee Bucks,Milwaukee Bucks,2018
Khris Middleton,Milwaukee Bucks,Milwaukee Bucks,2019
Khris Middleton,Milwaukee Bucks,Milwaukee Bucks,2020
Khris Middleton,Milwaukee Bucks,Milwaukee Bucks,2021
Khris Middleton,Milwaukee Bucks,Milwaukee Bucks,2022
Khris Middleton,Milwaukee Bucks,Milwaukee Bucks,2023
Khris Middleton,Milwaukee Bucks,Washington Wizards,2024
Khris Middleton,Washington Wizards,Washington Wizards,2025
Khyri Thomas,Detroit Pistons,Detroit Pistons,2019
Khyri Thomas,Detroit Pistons,Houston Rockets,2020
Kira Lewis Jr.,New Orleans Pelicans,New Orleans Pelicans,2021
Kira Lewis Jr.,New Orleans Pelicans,New Orleans Pelicans,2022
Kira Lewis Jr.,New Orleans Pelicans,Utah Jazz,2023
Kirk Hinrich,Chicago Bulls,Chicago Bulls,2005
Kirk Hinrich,Chicago Bulls,Chicago Bulls,2006
Kirk Hinrich,Chicago Bulls,Chicago Bulls,2007
Kirk Hinrich,Chicago Bulls,Chicago Bulls,2008
Kirk Hinrich,Chicago Bulls,Chicago Bulls,2009
Kirk Hinrich,Chicago Bulls,Atlanta Hawks,2010
Kirk Hinrich,Atlanta Hawks,Atlanta Hawks,2011
Kirk Hinrich,Atlanta Hawks,Chicago Bulls,2012
Kirk Hinrich,Chicago Bulls,Chicago Bulls,2013
Kirk Snyder,Utah Jazz,New Orleans Pelicans,2005
Kirk Snyder,New Orleans Pelicans,Houston Rockets,2006
Kirk Snyder,Houston Rockets,Minnesota Timberwolves,2007
Klay Thompson,Golden State Warriors,Golden State Warriors,2016
Klay Thompson,Golden State Warriors,Golden State Warriors,2017
Klay Thompson,Golden State Warriors,Golden State Warriors,2018
Klay Thompson,Golden State Warriors,Golden State Warriors,2019
Klay Thompson,Golden State Warriors,Golden State Warriors,2020
Klay Thompson,Golden State Warriors,Golden State Warriors,2021
Klay Thompson,Golden State Warriors,Golden State Warriors,2022
Klay Thompson,Golden State Warriors,Golden State Warriors,2023
Klay Thompson,Golden State Warriors,Dallas Mavericks,2024
Klay Thompson,Dallas Mavericks,Dallas Mavericks,2025
Kobi Simmons,Memphis Grizzlies,Charlotte Hornets,2019
Kobi Simmons,Charlotte Hornets,Charlotte Hornets,2022
Kosta Koufos,Utah Jazz,Utah Jazz,2009
Kosta Koufos,Utah Jazz,Denver Nuggets,2010
Kosta Koufos,Denver Nuggets,Denver Nuggets,2011
Kosta Koufos,Denver Nuggets,Denver Nuggets,2012
Kosta Koufos,Denver Nuggets,Memphis Grizzlies,2013
Kostas Antetokounmpo,Dallas Mavericks,Los Angeles Lakers,2019
Kostas Antetokounmpo,Los Angeles Lakers,Los Angeles Lakers,2020
Kris Dunn,Minnesota Timberwolves,Chicago Bulls,2017
Kris Dunn,Chicago Bulls,Chicago Bulls,2018
Kris Dunn,Chicago Bulls,Chicago Bulls,2019
Kris Dunn,Chicago Bulls,Atlanta Hawks,2020
Kris Dunn,Atlanta Hawks,Utah Jazz,2022
Kris Dunn,Utah Jazz,Utah Jazz,2023
Kris Dunn,Utah Jazz,Los Angeles Clippers,2024
Kris Dunn,Los Angeles Clippers,Los Angeles Clippers,2025
Kris Humphries,Utah Jazz,Toronto Raptors,2005
Kris Humphries,Toronto Raptors,Toronto Raptors,2006
Kris Humphries,Toronto Raptors,Toronto Raptors,2007
Kris Humphries,Toronto Raptors,Toronto Raptors,2008
Kris Humphries,Toronto Raptors,Brooklyn Nets,2009
Kris Humphries,Brooklyn Nets,Brooklyn Nets,2010
Kris Humphries,Brooklyn Nets,Brooklyn Nets,2011
Kris Humphries,Brooklyn Nets,Brooklyn Nets,2012
Kris Humphries,Brooklyn Nets,Boston Celtics,2013
Kristaps Porziņģis,New York Knicks,New York Knicks,2016
Kristaps Porziņģis,New York Knicks,New York Knicks,2017
Kristaps Porziņģis,New York Knicks,Dallas Mavericks,2018
Kristaps Porziņģis,Dallas Mavericks,Dallas Mavericks,2019
Kristaps Porziņģis,Dallas Mavericks,Dallas Mavericks,2020
Kristaps Porziņģis,Dallas Mavericks,Washington Wizards,2021
Kristaps Porziņģis,Washington Wizards,Washington Wizards,2022
Kristaps Porziņģis,Washington Wizards,Boston Celtics,2023
Kristaps Porziņģis,Boston Celtics,Boston Celtics,2024
Kristaps Porziņģis,Boston Celtics,Atlanta Hawks,2025
Kurt Thomas,New York Knicks,Phoenix Suns,2005
Kurt Thomas,Phoenix Suns,Phoenix Suns,2006
Kurt Thomas,Phoenix Suns,San Antonio Spurs,2007
Kurt Thomas,San Antonio Spurs,San Antonio Spurs,2008
Kurt Thomas,San Antonio Spurs,Milwaukee Bucks,2009
Kurt Thomas,Milwaukee Bucks,Chicago Bulls,2010
Kurt Thomas,Chicago Bulls,Portland Trail Blazers,2011
Kwame Brown,Washington Wizards,Los Angeles Lakers,2005
Kwame Brown,Los Angeles Lakers,Los Angeles Lakers,2006
Kwame Brown,Los Angeles Lakers,Memphis Grizzlies,2007
Kwame Brown,Memphis Grizzlies,Detroit Pistons,2008
Kwame Brown,Detroit Pistons,Detroit Pistons,2009
Kwame Brown,Detroit Pistons,Charlotte Hornets,2010
Kwame Brown,Charlotte Hornets,Milwaukee Bucks,2011
Kwame Brown,Milwaukee Bucks,Philadelphia 76ers,2012
Kyle Anderson,San Antonio Spurs,San Antonio Spurs,2016
Kyle Anderson,San Antonio Spurs,San Antonio Spurs,2017
Kyle Anderson,San Antonio Spurs,Memphis Grizzlies,2018
Kyle Anderson,Memphis Grizzlies,Memphis Grizzlies,2019
Kyle Anderson,Memphis Grizzlies,Memphis Grizzlies,2020
Kyle Anderson,Memphis Grizzlies,Memphis Grizzlies,2021
Kyle Anderson,Memphis Grizzlies,Minnesota Timberwolves,2022
Kyle Anderson,Minnesota Timberwolves,Minnesota Timberwolves,2023
Kyle Anderson,Minnesota Timberwolves,Miami Heat,2024
Kyle Anderson,Miami Heat,Utah Jazz,2025
Kyle Korver,Philadelphia 76ers,Philadelphia 76ers,2005
Kyle Korver,Philadelphia 76ers,Philadelphia 76ers,2006
Kyle Korver,Philadelphia 76ers,Utah Jazz,2007
Kyle Korver,Utah Jazz,Utah Jazz,2008
Kyle Korver,Utah Jazz,Utah Jazz,2009
Kyle Korver,Utah Jazz,Chicago Bulls,2010
Kyle Korver,Chicago Bulls,Chicago Bulls,2011
Kyle Korver,Chicago Bulls,Atlanta Hawks,2012
Kyle Korver,Atlanta Hawks,Atlanta Hawks,2013
Kyle Korver,Atlanta Hawks,Cleveland Cavaliers,2016
Kyle Korver,Cleveland Cavaliers,Cleveland Cavaliers,2017
Kyle Korver,Cleveland Cavaliers,Utah Jazz,2018
Kyle Korver,Utah Jazz,Milwaukee Bucks,2019
Kyle Kuzma,Los Angeles Lakers,Los Angeles Lakers,2018
Kyle Kuzma,Los Angeles Lakers,Los Angeles Lakers,2019
Kyle Kuzma,Los Angeles Lakers,Los Angeles Lakers,2020
Kyle Kuzma,Los Angeles Lakers,Washington Wizards,2021
Kyle Kuzma,Washington Wizards,Washington Wizards,2022
Kyle Kuzma,Washington Wizards,Washington Wizards,2023
Kyle Kuzma,Washington Wizards,Milwaukee Bucks,2024
Kyle Kuzma,Milwaukee Bucks,Milwaukee Bucks,2025
Kyle Lowry,Memphis Grizzlies,Memphis Grizzlies,2007
Kyle Lowry,Memphis Grizzlies,Houston Rockets,2008
Kyle Lowry,Houston Rockets,Houston Rockets,2009
Kyle Lowry,Houston Rockets,Houston Rockets,2010
Kyle Lowry,Houston Rockets,Houston Rockets,2011
Kyle Lowry,Houston Rockets,Toronto Raptors,2012
Kyle Lowry,Toronto Raptors,Toronto Raptors,2013
Kyle Lowry,Toronto Raptors,Toronto Raptors,2016
Kyle Lowry,Toronto Raptors,Toronto Raptors,2017
Kyle Lowry,Toronto Raptors,Toronto Raptors,2018
Kyle Lowry,Toronto Raptors,Toronto Raptors,2019
Kyle Lowry,Toronto Raptors,Toronto Raptors,2020
Kyle Lowry,Toronto Raptors,Miami Heat,2021
Kyle Lowry,Miami Heat,Miami Heat,2022
Kyle Lowry,Miami Heat,Philadelphia 76ers,2023
Kyle Lowry,Philadelphia 76ers,Philadelphia 76ers,2024
Kyle Lowry,Philadelphia 76ers,Philadelphia 76ers,2025
Kyle O'Quinn,New York Knicks,New York Knicks,2016
Kyle O'Quinn,New York Knicks,New York Knicks,2017
Kyle O'Quinn,New York Knicks,Indiana Pacers,2018
Kyle O'Quinn,Indiana Pacers,Philadelphia 76ers,2019
Kyrie Irving,Cleveland Cavaliers,Cleveland Cavaliers,2016
Kyrie Irving,Cleveland Cavaliers,Boston Celtics,2017
Kyrie Irving,Boston Celtics,Boston Celtics,2018
Kyrie Irving,Boston Celtics,Brooklyn Nets,2019
Kyrie Irving,Brooklyn Nets,Brooklyn Nets,2020
Kyrie Irving,Brooklyn Nets,Brooklyn Nets,2021
Kyrie Irving,Brooklyn Nets,Dallas Mavericks,2022
Kyrie Irving,Dallas Mavericks,Dallas Mavericks,2023
Kyrie Irving,Dallas Mavericks,Dallas Mavericks,2024
Kyrie Irving,Dallas Mavericks,Dallas Mavericks,2025
Kyrylo Fesenko,Utah Jazz,Utah Jazz,2008
Kyrylo Fesenko,Utah Jazz,Utah Jazz,2009
Kyrylo Fesenko,Utah Jazz,Utah Jazz,2010
Kyrylo Fesenko,Utah Jazz,Indiana Pacers,2011
LaMarcus Aldridge,San Antonio Spurs,San Antonio Spurs,2016
LaMarcus Aldridge,San Antonio Spurs,San Antonio Spurs,2017
LaMarcus Aldridge,San Antonio Spurs,San Antonio Spurs,2018
LaMarcus Aldridge,San Antonio Spurs,San Antonio Spurs,2019
LaMarcus Aldridge,San Antonio Spurs,Brooklyn Nets,2021
Lamar Odom,Los Angeles Lakers,Los Angeles Lakers,2006
Lamar Odom,Los Angeles Lakers,Los Angeles Lakers,2007
Lamar Odom,Los Angeles Lakers,Los Angeles Lakers,2008
Lamar Odom,Los Angeles Lakers,Los Angeles Lakers,2009
Lamar Odom,Los Angeles Lakers,Los Angeles Lakers,2010
Lamar Odom,Los Angeles Lakers,Dallas Mavericks,2011
Lamar Odom,Dallas Mavericks,Los Angeles Clippers,2012
Lamar Odom,Los Angeles Clippers,New York Knicks,2013
Lamar Stevens,Cleveland Cavaliers,Cleveland Cavaliers,2021
Lamar Stevens,Cleveland Cavaliers,Cleveland Cavaliers,2022
Lamar Stevens,Cleveland Cavaliers,Memphis Grizzlies,2023
Lamar Stevens,Memphis Grizzlies,Memphis Grizzlies,2024
Lamond Murray,Toronto Raptors,Brooklyn Nets,2005
Lance Stephenson,Memphis Grizzlies,Indiana Pacers,2016
Lance Stephenson,Indiana Pacers,Indiana Pacers,2017
Lance Stephenson,Indiana Pacers,Los Angeles Lakers,2018
Lance Stephenson,Los Angeles Lakers,Indiana Pacers,2021
Lance Thomas,New York Knicks,New York Knicks,2016
Lance Thomas,New York Knicks,New York Knicks,2017
Lance Thomas,New York Knicks,New York Knicks,2018
Lance Thomas,New York Knicks,Brooklyn Nets,2019
Landry Fields,New York Knicks,New York Knicks,2011
Landry Fields,New York Knicks,Toronto Raptors,2012
Landry Fields,Toronto Raptors,Toronto Raptors,2013
Landry Shamet,Los Angeles Clippers,Los Angeles Clippers,2019
Landry Shamet,Los Angeles Clippers,Brooklyn Nets,2020
Landry Shamet,Brooklyn Nets,Phoenix Suns,2021
Landry Shamet,Phoenix Suns,Phoenix Suns,2022
Landry Shamet,Phoenix Suns,Washington Wizards,2023
Landry Shamet,Washington Wizards,New York Knicks,2024
Landry Shamet,New York Knicks,New York Knicks,2025
Langston Galloway,New York Knicks,Sacramento Kings,2016
Langston Galloway,Sacramento Kings,Detroit Pistons,2017
Langston Galloway,Detroit Pistons,Detroit Pistons,2018
Langston Galloway,Detroit Pistons,Detroit Pistons,2019
Langston Galloway,Detroit Pistons,Phoenix Suns,2020
Larry Hughes,Washington Wizards,Cleveland Cavaliers,2005
Larry Hughes,Cleveland Cavaliers,Cleveland Cavaliers,2006
Larry Hughes,Cleveland Cavaliers,Chicago Bulls,2007
Larry Hughes,Chicago Bulls,New York Knicks,2008
Larry Hughes,New York Knicks,Charlotte Hornets,2009
Larry Nance Jr.,Los Angeles Lakers,Los Angeles Lakers,2016
Larry Nance Jr.,Los Angeles Lakers,Cleveland Cavaliers,2017
Larry Nance Jr.,Cleveland Cavaliers,Cleveland Cavaliers,2018
Larry Nance Jr.,Cleveland Cavaliers,Cleveland Cavaliers,2019
Larry Nance Jr.,Cleveland Cavaliers,Cleveland Cavaliers,2020
Larry Nance Jr.,Cleveland Cavaliers,New Orleans Pelicans,2021
Larry Nance Jr.,New Orleans Pelicans,New Orleans Pelicans,2022
Larry Nance Jr.,New Orleans Pelicans,New Orleans Pelicans,2023
Larry Nance Jr.,New Orleans Pelicans,Atlanta Hawks,2024
Larry Nance Jr.,Atlanta Hawks,Cleveland Cavaliers,2025
Lauri Markkanen,Chicago Bulls,Chicago Bulls,2018
Lauri Markkanen,Chicago Bulls,Chicago Bulls,2019
Lauri Markkanen,Chicago Bulls,Chicago Bulls,2020
Lauri Markkanen,Chicago Bulls,Cleveland Cavaliers,2021
Lauri Markkanen,Cleveland Cavaliers,Utah Jazz,2022
Lauri Markkanen,Utah Jazz,Utah Jazz,2023
Lauri Markkanen,Utah Jazz,Utah Jazz,2024
Lauri Markkanen,Utah Jazz,Utah Jazz,2025
Lavoy Allen,Philadelphia 76ers,Philadelphia 76ers,2012
Lavoy Allen,Philadelphia 76ers,Indiana Pacers,2013
Lazar Hayward,Minnesota Timberwolves,Oklahoma City Thunder,2011
LeBron James,Cleveland Cavaliers,Cleveland Cavaliers,2005
LeBron James,Cleveland Cavaliers,Cleveland Cavaliers,2006
LeBron James,Cleveland Cavaliers,Cleveland Cavaliers,2007
LeBron James,Cleveland Cavaliers,Cleveland Cavaliers,2008
LeBron James,Cleveland Cavaliers,Cleveland Cavaliers,2009
LeBron James,Cleveland Cavaliers,Miami Heat,2010
LeBron James,Miami Heat,Miami Heat,2011
LeBron James,Miami Heat,Miami Heat,2012
LeBron James,Miami Heat,Miami Heat,2013
LeBron James,Cleveland Cavaliers,Cleveland Cavaliers,2016
LeBron James,Cleveland Cavaliers,Cleveland Cavaliers,2017
LeBron James,Cleveland Cavaliers,Los Angeles Lakers,2018
LeBron James,Los Angeles Lakers,Los Angeles Lakers,2019
LeBron James,Los Angeles Lakers,Los Angeles Lakers,2020
LeBron James,Los Angeles Lakers,Los Angeles Lakers,2021
LeBron James,Los Angeles Lakers,Los Angeles Lakers,2022
LeBron James,Los Angeles Lakers,Los Angeles Lakers,2023
LeBron James,Los Angeles Lakers,Los Angeles Lakers,2024
LeBron James,Los Angeles Lakers,Los Angeles Lakers,2025
Leandro Barbosa,Phoenix Suns,Phoenix Suns,2005
Leandro Barbosa,Phoenix Suns,Phoenix Suns,2006
Leandro Barbosa,Phoenix Suns,Phoenix Suns,2007
Leandro Barbosa,Phoenix Suns,Phoenix Suns,2008
Leandro Barbosa,Phoenix Suns,Phoenix Suns,2009
Leandro Barbosa,Phoenix Suns,Toronto Raptors,2010
Leandro Barbosa,Toronto Raptors,Indiana Pacers,2011
Leandro Barbosa,Indiana Pacers,Washington Wizards,2012
Leandro Barbosa,Washington Wizards,Phoenix Suns,2013
Leandro Barbosa,Golden State Warriors,Phoenix Suns,2016
Leon Powe,Boston Celtics,Boston Celtics,2007
Leon Powe,Boston Celtics,Boston Celtics,2008
Leon Powe,Boston Celtics,Cleveland Cavaliers,2009
Leon Powe,Cleveland Cavaliers,Memphis Grizzlies,2010
Lester Quinones,Golden State Warriors,Golden State Warriors,2023
Lester Quinones,Golden State Warriors,New Orleans Pelicans,2024
Linas Kleiza,Denver Nuggets,Denver Nuggets,2006
Linas Kleiza,Denver Nuggets,Denver Nuggets,2007
Linas Kleiza,Denver Nuggets,Denver Nuggets,2008
Linas Kleiza,Denver Nuggets,Toronto Raptors,2010
Linas Kleiza,Toronto Raptors,Toronto Raptors,2011
Linas Kleiza,Toronto Raptors,Toronto Raptors,2012
Lindsey Hunter,Detroit Pistons,Detroit Pistons,2005
Lindsey Hunter,Detroit Pistons,Detroit Pistons,2006
Lindsey Hunter,Detroit Pistons,Detroit Pistons,2007
Lindsey Hunter,Detroit Pistons,Chicago Bulls,2008
Lindy Waters III,Oklahoma City Thunder,Oklahoma City Thunder,2022
Lindy Waters III,Oklahoma City Thunder,Oklahoma City Thunder,2023
Lindy Waters III,Oklahoma City Thunder,Detroit Pistons,2024
Lindy Waters III,Detroit Pistons,San Antonio Spurs,2025
Linton Johnson,New Orleans Pelicans,New Orleans Pelicans,2006
Linton Johnson,New Orleans Pelicans,Phoenix Suns,2007
Linton Johnson,Phoenix Suns,Chicago Bulls,2008
Lonnie Walker IV,San Antonio Spurs,San Antonio Spurs,2019
Lonnie Walker IV,San Antonio Spurs,San Antonio Spurs,2020
Lonnie Walker IV,San Antonio Spurs,San Antonio Spurs,2021
Lonnie Walker IV,San Antonio Spurs,Los Angeles Lakers,2022
Lonnie Walker IV,Los Angeles Lakers,Brooklyn Nets,2023
Lonnie Walker IV,Brooklyn Nets,Philadelphia 76ers,2024
Lonzo Ball,Los Angeles Lakers,Los Angeles Lakers,2018
Lonzo Ball,Los Angeles Lakers,New Orleans Pelicans,2019
Lonzo Ball,New Orleans Pelicans,New Orleans Pelicans,2020
Lonzo Ball,New Orleans Pelicans,Chicago Bulls,2021
Lonzo Ball,Chicago Bulls,Chicago Bulls,2022
Lonzo Ball,Chicago Bulls,Chicago Bulls,2023
Lonzo Ball,Chicago Bulls,Chicago Bulls,2024
Lonzo Ball,Chicago Bulls,Cleveland Cavaliers,2025
Loren Woods,Toronto Raptors,Houston Rockets,2007
Lorenzen Wright,Memphis Grizzlies,Memphis Grizzlies,2005
Lorenzen Wright,Memphis Grizzlies,Atlanta Hawks,2006
Lorenzen Wright,Atlanta Hawks,Sacramento Kings,2007
Lorenzen Wright,Sacramento Kings,Cleveland Cavaliers,2008
Lorenzo Brown,Detroit Pistons,Toronto Raptors,2017
Lou Amundson,Philadelphia 76ers,Philadelphia 76ers,2007
Lou Amundson,Philadelphia 76ers,Phoenix Suns,2008
Lou Amundson,Phoenix Suns,Phoenix Suns,2009
Lou Amundson,Phoenix Suns,Golden State Warriors,2010
Lou Amundson,Golden State Warriors,Indiana Pacers,2011
Lou Amundson,Indiana Pacers,New Orleans Pelicans,2012
Lou Amundson,New Orleans Pelicans,Chicago Bulls,2013
Lou Williams,Philadelphia 76ers,Philadelphia 76ers,2006
Lou Williams,Philadelphia 76ers,Philadelphia 76ers,2007
Lou Williams,Philadelphia 76ers,Philadelphia 76ers,2008
Lou Williams,Philadelphia 76ers,Philadelphia 76ers,2009
Lou Williams,Philadelphia 76ers,Philadelphia 76ers,2010
Lou Williams,Philadelphia 76ers,Philadelphia 76ers,2011
Lou Williams,Philadelphia 76ers,Atlanta Hawks,2012
Lou Williams,Atlanta Hawks,Atlanta Hawks,2013
Lou Williams,Los Angeles Lakers,Houston Rockets,2016
Lou Williams,Houston Rockets,Los Angeles Clippers,2017
Lou Williams,Los Angeles Clippers,Los Angeles Clippers,2018
Lou Williams,Los Angeles Clippers,Los Angeles Clippers,2019
Lou Williams,Los Angeles Clippers,Atlanta Hawks,2020
Lou Williams,Atlanta Hawks,Atlanta Hawks,2021
Louis King,Detroit Pistons,Sacramento Kings,2020
Louis King,Sacramento Kings,Philadelphia 76ers,2022
Luc Mbah a Moute,Milwaukee Bucks,Milwaukee Bucks,2009
Luc Mbah a Moute,Milwaukee Bucks,Milwaukee Bucks,2010
Luc Mbah a Moute,Milwaukee Bucks,Milwaukee Bucks,2011
Luc Mbah a Moute,Milwaukee Bucks,Milwaukee Bucks,2012
Luc Mbah a Moute,Milwaukee Bucks,Minnesota Timberwolves,2013
Luc Mbah a Moute,Los Angeles Clippers,Los Angeles Clippers,2016
Luc Mbah a Moute,Los Angeles Clippers,Houston Rockets,2017
Luc Mbah a Moute,Houston Rockets,Houston Rockets,2019
Luca Vildoza,New York Knicks,Milwaukee Bucks,2021
Luis Scola,Houston Rockets,Houston Rockets,2008
Luis Scola,Houston Rockets,Houston Rockets,2009
Luis Scola,Houston Rockets,Houston Rockets,2010
Luis Scola,Houston Rockets,Houston Rockets,2011
Luis Scola,Houston Rockets,Phoenix Suns,2012
Luis Scola,Phoenix Suns,Indiana Pacers,2013
Luka Dončić,Dallas Mavericks,Dallas Mavericks,2019
Luka Dončić,Dallas Mavericks,Dallas Mavericks,2020
Luka Dončić,Dallas Mavericks,Dallas Mavericks,2021
Luka Dončić,Dallas Mavericks,Dallas Mavericks,2022
Luka Dončić,Dallas Mavericks,Dallas Mavericks,2023
Luka Dončić,Dallas Mavericks,Los Angeles Lakers,2024
Luka Dončić,Los Angeles Lakers,Los Angeles Lakers,2025
Luka Garza,Detroit Pistons,Minnesota Timberwolves,2022
Luka Garza,Minnesota Timberwolves,Minnesota Timberwolves,2023
Luka Garza,Minnesota Timberwolves,Minnesota Timberwolves,2024
Luka Garza,Minnesota Timberwolves,Boston Celtics,2025
Luka Samanic,San Antonio Spurs,San Antonio Spurs,2020
Luka Samanic,San Antonio Spurs,Utah Jazz,2022
Luka Samanic,Utah Jazz,Utah Jazz,2023
Luke Babbitt,Portland Trail Blazers,Portland Trail Blazers,2011
Luke Babbitt,Portland Trail Blazers,Portland Trail Blazers,2012
Luke Babbitt,Portland Trail Blazers,New Orleans Pelicans,2013
Luke Babbitt,New Orleans Pelicans,Miami Heat,2016
Luke Babbitt,Miami Heat,Miami Heat,2017
Luke Jackson,Cleveland Cavaliers,Toronto Raptors,2006
Luke Kennard,Detroit Pistons,Detroit Pistons,2018
Luke Kennard,Detroit Pistons,Detroit Pistons,2019
Luke Kennard,Detroit Pistons,Los Angeles Clippers,2020
Luke Kennard,Los Angeles Clippers,Los Angeles Clippers,2021
Luke Kennard,Los Angeles Clippers,Memphis Grizzlies,2022
Luke Kennard,Memphis Grizzlies,Memphis Grizzlies,2023
Luke Kennard,Memphis Grizzlies,Memphis Grizzlies,2024
Luke Kennard,Memphis Grizzlies,Atlanta Hawks,2025
Luke Kornet,New York Knicks,New York Knicks,2018
Luke Kornet,New York Knicks,Chicago Bulls,2019
Luke Kornet,Chicago Bulls,Boston Celtics,2020
Luke Kornet,Boston Celtics,Boston Celtics,2021
Luke Kornet,Boston Celtics,Boston Celtics,2022
Luke Kornet,Boston Celtics,Boston Celtics,2023
Luke Kornet,Boston Celtics,Boston Celtics,2024
Luke Kornet,Boston Celtics,San Antonio Spurs,2025
Luke Ridnour,Oklahoma City Thunder,Oklahoma City Thunder,2005
Luke Ridnour,Oklahoma City Thunder,Oklahoma City Thunder,2006
Luke Ridnour,Oklahoma City Thunder,Oklahoma City Thunder,2007
Luke Ridnour,Oklahoma City Thunder,Milwaukee Bucks,2008
Luke Ridnour,Milwaukee Bucks,Milwaukee Bucks,2009
Luke Ridnour,Milwaukee Bucks,Minnesota Timberwolves,2010
Luke Ridnour,Minnesota Timberwolves,Minnesota Timberwolves,2011
Luke Ridnour,Minnesota Timberwolves,Minnesota Timberwolves,2012
Luke Ridnour,Minnesota Timberwolves,Charlotte Hornets,2013
Luke Schenscher,Chicago Bulls,Portland Trail Blazers,2006
Luke Walton,Los Angeles Lakers,Los Angeles Lakers,2005
Luke Walton,Los Angeles Lakers,Los Angeles Lakers,2006
Luke Walton,Los Angeles Lakers,Los Angeles Lakers,2007
Luke Walton,Los Angeles Lakers,Los Angeles Lakers,2008
Luke Walton,Los Angeles Lakers,Los Angeles Lakers,2009
Luke Walton,Los Angeles Lakers,Los Angeles Lakers,2010
Luke Walton,Los Angeles Lakers,Cleveland Cavaliers,2011
Luke Walton,Cleveland Cavaliers,Cleveland Cavaliers,2012
Luol Deng,Chicago Bulls,Chicago Bulls,2006
Luol Deng,Chicago Bulls,Chicago Bulls,2007
Luol Deng,Chicago Bulls,Chicago Bulls,2008
Luol Deng,Chicago Bulls,Chicago Bulls,2009
Luol Deng,Chicago Bulls,Chicago Bulls,2010
Luol Deng,Chicago Bulls,Chicago Bulls,2011
Luol Deng,Chicago Bulls,Chicago Bulls,2012
Luol Deng,Chicago Bulls,Cleveland Cavaliers,2013
Luol Deng,Miami Heat,Los Angeles Lakers,2016
Luol Deng,Los Angeles Lakers,Los Angeles Lakers,2017
Luol Deng,Los Angeles Lakers,Minnesota Timberwolves,2018
Luther Head,Houston Rockets,Houston Rockets,2006
Luther Head,Houston Rockets,Houston Rockets,2007
Luther Head,Houston Rockets,Miami Heat,2008
Luther Head,Miami Heat,Indiana Pacers,2009
Mac McClung,Los Angeles Lakers,Philadelphia 76ers,2022
Mac McClung,Philadelphia 76ers,Orlando Magic,2024
Maceo Baston,Indiana Pacers,Toronto Raptors,2007
Maceo Baston,Toronto Raptors,Indiana Pacers,2008
Maciej Lampe,New Orleans Pelicans,Houston Rockets,2005
Malachi Flynn,Toronto Raptors,Toronto Raptors,2021
Malachi Flynn,Toronto Raptors,Toronto Raptors,2022
Malachi Flynn,Toronto Raptors,Detroit Pistons,2023
Malachi Richardson,Sacramento Kings,Toronto Raptors,2017
Malaki Branham,San Antonio Spurs,San Antonio Spurs,2023
Malaki Branham,San Antonio Spurs,San Antonio Spurs,2024
Malaki Branham,San Antonio Spurs,Washington Wizards,2025
Malcolm Brogdon,Milwaukee Bucks,Milwaukee Bucks,2017
Malcolm Brogdon,Milwaukee Bucks,Milwaukee Bucks,2018
Malcolm Brogdon,Milwaukee Bucks,Indiana Pacers,2019
Malcolm Brogdon,Indiana Pacers,Indiana Pacers,2020
Malcolm Brogdon,Indiana Pacers,Indiana Pacers,2021
Malcolm Brogdon,Indiana Pacers,Boston Celtics,2022
Malcolm Brogdon,Boston Celtics,Portland Trail Blazers,2023
Malcolm Brogdon,Portland Trail Blazers,Washington Wizards,2024
Malcolm Hill,Chicago Bulls,New Orleans Pelicans,2023
Malcolm Thomas,Chicago Bulls,Utah Jazz,2013
Malik Allen,Charlotte Hornets,Chicago Bulls,2005
Malik Allen,Chicago Bulls,Chicago Bulls,2006
Malik Allen,Chicago Bulls,Dallas Mavericks,2007
Malik Allen,Dallas Mavericks,Milwaukee Bucks,2008
Malik Allen,Milwaukee Bucks,Denver Nuggets,2009
Malik Allen,Denver Nuggets,Orlando Magic,2010
Malik Beasley,Denver Nuggets,Denver Nuggets,2017
Malik Beasley,Denver Nuggets,Denver Nuggets,2018
Malik Beasley,Denver Nuggets,Minnesota Timberwolves,2019
Malik Beasley,Minnesota Timberwolves,Minnesota Timberwolves,2020
Malik Beasley,Minnesota Timberwolves,Minnesota Timberwolves,2021
Malik Beasley,Minnesota Timberwolves,Los Angeles Lakers,2022
Malik Beasley,Los Angeles Lakers,Milwaukee Bucks,2023
Malik Beasley,Milwaukee Bucks,Detroit Pistons,2024
Malik Monk,Charlotte Hornets,Charlotte Hornets,2018
Malik Monk,Charlotte Hornets,Charlotte Hornets,2019
Malik Monk,Charlotte Hornets,Charlotte Hornets,2020
Malik Monk,Charlotte Hornets,Los Angeles Lakers,2021
Malik Monk,Los Angeles Lakers,Sacramento Kings,2022
Malik Monk,Sacramento Kings,Sacramento Kings,2023
Malik Monk,Sacramento Kings,Sacramento Kings,2024
Malik Monk,Sacramento Kings,Sacramento Kings,2025
Malik Rose,New York Knicks,New York Knicks,2005
Malik Rose,New York Knicks,New York Knicks,2006
Malik Rose,New York Knicks,New York Knicks,2007
Malik Rose,New York Knicks,Oklahoma City Thunder,2008
Mamadi Diakite,Milwaukee Bucks,Cleveland Cavaliers,2022
Mamadi Diakite,Cleveland Cavaliers,New York Knicks,2023
MarJon Beauchamp,Milwaukee Bucks,Milwaukee Bucks,2023
MarJon Beauchamp,Milwaukee Bucks,New York Knicks,2024
MarShon Brooks,Brooklyn Nets,Brooklyn Nets,2012
MarShon Brooks,Brooklyn Nets,Los Angeles Lakers,2013
Marc Gasol,Memphis Grizzlies,Memphis Grizzlies,2016
Marc Gasol,Memphis Grizzlies,Memphis Grizzlies,2017
Marc Gasol,Memphis Grizzlies,Toronto Raptors,2018
Marc Gasol,Toronto Raptors,Toronto Raptors,2019
Marc Gasol,Toronto Raptors,Los Angeles Lakers,2020
Marc Jackson,Philadelphia 76ers,New Orleans Pelicans,2005
Marc Jackson,New Orleans Pelicans,New Orleans Pelicans,2006
Marcin Gortat,Orlando Magic,Orlando Magic,2008
Marcin Gortat,Orlando Magic,Orlando Magic,2009
Marcin Gortat,Orlando Magic,Phoenix Suns,2010
Marcin Gortat,Phoenix Suns,Phoenix Suns,2011
Marcin Gortat,Phoenix Suns,Phoenix Suns,2012
Marcin Gortat,Phoenix Suns,Washington Wizards,2013
Marco Belinelli,Golden State Warriors,Golden State Warriors,2008
Marco Belinelli,Golden State Warriors,Toronto Raptors,2009
Marco Belinelli,Toronto Raptors,New Orleans Pelicans,2010
Marco Belinelli,New Orleans Pelicans,New Orleans Pelicans,2011
Marco Belinelli,New Orleans Pelicans,Chicago Bulls,2012
Marco Belinelli,Chicago Bulls,San Antonio Spurs,2013
Marco Belinelli,Sacramento Kings,Charlotte Hornets,2016
Marco Belinelli,Charlotte Hornets,Philadelphia 76ers,2017
Marco Belinelli,Philadelphia 76ers,San Antonio Spurs,2018
Marco Belinelli,San Antonio Spurs,San Antonio Spurs,2019
Marcus Banks,Boston Celtics,Minnesota Timberwolves,2005
Marcus Banks,Minnesota Timberwolves,Phoenix Suns,2006
Marcus Banks,Phoenix Suns,Miami Heat,2007
Marcus Banks,Miami Heat,Toronto Raptors,2008
Marcus Banks,Toronto Raptors,Toronto Raptors,2009
Marcus Banks,Toronto Raptors,New Orleans Pelicans,2010
Marcus Camby,Denver Nuggets,Denver Nuggets,2005
Marcus Camby,Denver Nuggets,Denver Nuggets,2006
Marcus Camby,Denver Nuggets,Denver Nuggets,2007
Marcus Camby,Denver Nuggets,Los Angeles Clippers,2008
Marcus Camby,Los Angeles Clippers,Portland Trail Blazers,2009
Marcus Camby,Portland Trail Blazers,Portland Trail Blazers,2010
Marcus Camby,Portland Trail Blazers,Houston Rockets,2011
Marcus Camby,Houston Rockets,New York Knicks,2012
Marcus Fizer,Milwaukee Bucks,New Orleans Pelicans,2005
Marcus Georges-Hunt,Orlando Magic,Minnesota Timberwolves,2017
Marcus Morris Sr.,Houston Rockets,Phoenix Suns,2012
Marcus Morris Sr.,Phoenix Suns,Phoenix Suns,2013
Marcus Morris Sr.,Detroit Pistons,Detroit Pistons,2016
Marcus Morris Sr.,Detroit Pistons,Boston Celtics,2017
Marcus Morris Sr.,Boston Celtics,Boston Celtics,2018
Marcus Morris Sr.,Boston Celtics,Los Angeles Clippers,2019
Marcus Morris Sr.,Los Angeles Clippers,Los Angeles Clippers,2020
Marcus Morris Sr.,Los Angeles Clippers,Los Angeles Clippers,2021
Marcus Morris Sr.,Los Angeles Clippers,Los Angeles Clippers,2022
Marcus Morris Sr.,Los Angeles Clippers,Cleveland Cavaliers,2023
Marcus Smart,Boston Celtics,Boston Celtics,2016
Marcus Smart,Boston Celtics,Boston Celtics,2017
Marcus Smart,Boston Celtics,Boston Celtics,2018
Marcus Smart,Boston Celtics,Boston Celtics,2019
Marcus Smart,Boston Celtics,Boston Celtics,2020
Marcus Smart,Boston Celtics,Boston Celtics,2021
Marcus Smart,Boston Celtics,Boston Celtics,2022
Marcus Smart,Boston Celtics,Memphis Grizzlies,2023
Marcus Smart,Memphis Grizzlies,Washington Wizards,2024
Marcus Smart,Washington Wizards,Los Angeles Lakers,2025
Marcus Thornton,New Orleans Pelicans,Sacramento Kings,2010
Marcus Thornton,Sacramento Kings,Sacramento Kings,2011
Marcus Thornton,Sacramento Kings,Sacramento Kings,2012
Marcus Thornton,Sacramento Kings,Brooklyn Nets,2013
Marcus Williams,Brooklyn Nets,Los Angeles Clippers,2007
Marcus Williams,Los Angeles Clippers,Brooklyn Nets,2007
Marcus Williams,Brooklyn Nets,San Antonio Spurs,2008
Marcus Williams,San Antonio Spurs,Memphis Grizzlies,2009
Mardy Collins,New York Knicks,New York Knicks,2007
Mardy Collins,New York Knicks,Los Angeles Clippers,2008
Mardy Collins,Los Angeles Clippers,Los Angeles Clippers,2009
Mario Hezonja,Orlando Magic,Orlando Magic,2016
Mario Hezonja,Orlando Magic,Orlando Magic,2017
Mario Hezonja,Orlando Magic,New York Knicks,2018
Mario Hezonja,New York Knicks,Portland Trail Blazers,2019
Mario West,Atlanta Hawks,Atlanta Hawks,2008
Mario West,Atlanta Hawks,Atlanta Hawks,2009
Mario West,Atlanta Hawks,Brooklyn Nets,2010
Mark Blount,Boston Celtics,Minnesota Timberwolves,2005
Mark Blount,Minnesota Timberwolves,Minnesota Timberwolves,2006
Mark Blount,Minnesota Timberwolves,Miami Heat,2007
Mark Blount,Miami Heat,Miami Heat,2008
Mark Williams,Charlotte Hornets,Charlotte Hornets,2023
Mark Williams,Charlotte Hornets,Charlotte Hornets,2024
Mark Williams,Charlotte Hornets,Phoenix Suns,2025
Markel Brown,Brooklyn Nets,Houston Rockets,2017
Markelle Fultz,Philadelphia 76ers,Orlando Magic,2018
Markelle Fultz,Orlando Magic,Orlando Magic,2019
Markelle Fultz,Orlando Magic,Orlando Magic,2020
Markelle Fultz,Orlando Magic,Orlando Magic,2021
Markelle Fultz,Orlando Magic,Orlando Magic,2022
Markelle Fultz,Orlando Magic,Orlando Magic,2023
Markelle Fultz,Orlando Magic,Sacramento Kings,2024
Markieff Morris,Washington Wizards,Washington Wizards,2016
Markieff Morris,Washington Wizards,Washington Wizards,2017
Markieff Morris,Washington Wizards,Oklahoma City Thunder,2018
Markieff Morris,Oklahoma City Thunder,Los Angeles Lakers,2019
Markieff Morris,Los Angeles Lakers,Los Angeles Lakers,2020
Markieff Morris,Los Angeles Lakers,Miami Heat,2021
Markieff Morris,Miami Heat,Dallas Mavericks,2022
Markieff Morris,Dallas Mavericks,Dallas Mavericks,2023
Markieff Morris,Dallas Mavericks,Los Angeles Lakers,2024
Marko Jaric,Los Angeles Clippers,Minnesota Timberwolves,2005
Marko Jaric,Minnesota Timberwolves,Minnesota Timberwolves,2006
Marko Jaric,Minnesota Timberwolves,Minnesota Timberwolves,2007
Marko Jaric,Minnesota Timberwolves,Memphis Grizzlies,2008
Marquese Chriss,Phoenix Suns,Phoenix Suns,2017
Marquese Chriss,Phoenix Suns,Cleveland Cavaliers,2018
Marquese Chriss,Cleveland Cavaliers,Golden State Warriors,2019
Marquese Chriss,Golden State Warriors,Dallas Mavericks,2021
Marquis Daniels,Dallas Mavericks,Dallas Mavericks,2005
Marquis Daniels,Dallas Mavericks,Indiana Pacers,2006
Marquis Daniels,Indiana Pacers,Indiana Pacers,2007
Marquis Daniels,Indiana Pacers,Indiana Pacers,2008
Marquis Daniels,Indiana Pacers,Boston Celtics,2009
Marquis Daniels,Boston Celtics,Sacramento Kings,2010
Marquis Daniels,Sacramento Kings,Boston Celtics,2011
Marquis Daniels,Boston Celtics,Milwaukee Bucks,2012
Marquis Teague,Chicago Bulls,Brooklyn Nets,2013
Marreese Speights,Philadelphia 76ers,Philadelphia 76ers,2009
Marreese Speights,Philadelphia 76ers,Philadelphia 76ers,2010
Marreese Speights,Philadelphia 76ers,Memphis Grizzlies,2011
Marreese Speights,Memphis Grizzlies,Cleveland Cavaliers,2012
Marreese Speights,Cleveland Cavaliers,Golden State Warriors,2013
Marreese Speights,Golden State Warriors,Los Angeles Clippers,2016
Marreese Speights,Los Angeles Clippers,Orlando Magic,2017
Marshall Plumlee,New York Knicks,Milwaukee Bucks,2017
Martell Webster,Portland Trail Blazers,Portland Trail Blazers,2006
Martell Webster,Portland Trail Blazers,Portland Trail Blazers,2007
Martell Webster,Portland Trail Blazers,Portland Trail Blazers,2008
Martell Webster,Portland Trail Blazers,Portland Trail Blazers,2009
Martell Webster,Portland Trail Blazers,Minnesota Timberwolves,2010
Martell Webster,Minnesota Timberwolves,Minnesota Timberwolves,2011
Martell Webster,Minnesota Timberwolves,Washington Wizards,2012
Martell Webster,Washington Wizards,Washington Wizards,2013
Martynas Andriuskevicius,Cleveland Cavaliers,Chicago Bulls,2006
Marvin Bagley III,Sacramento Kings,Sacramento Kings,2019
Marvin Bagley III,Sacramento Kings,Sacramento Kings,2020
Marvin Bagley III,Sacramento Kings,Detroit Pistons,2021
Marvin Bagley III,Detroit Pistons,Detroit Pistons,2022
Marvin Bagley III,Detroit Pistons,Washington Wizards,2023
Marvin Bagley III,Washington Wizards,Memphis Grizzlies,2024
Marvin Bagley III,Memphis Grizzlies,Washington Wizards,2025
Marvin Williams,Atlanta Hawks,Atlanta Hawks,2006
Marvin Williams,Atlanta Hawks,Atlanta Hawks,2007
Marvin Williams,Atlanta Hawks,Atlanta Hawks,2008
Marvin Williams,Atlanta Hawks,Atlanta Hawks,2009
Marvin Williams,Atlanta Hawks,Atlanta Hawks,2010
Marvin Williams,Atlanta Hawks,Atlanta Hawks,2011
Marvin Williams,Atlanta Hawks,Utah Jazz,2012
Marvin Williams,Utah Jazz,Utah Jazz,2013
Marvin Williams,Charlotte Hornets,Charlotte Hornets,2016
Marvin Williams,Charlotte Hornets,Charlotte Hornets,2017
Marvin Williams,Charlotte Hornets,Charlotte Hornets,2018
Marvin Williams,Charlotte Hornets,Milwaukee Bucks,2019
Mason Jones,Los Angeles Lakers,Sacramento Kings,2023
Mason Jones,Sacramento Kings,Sacramento Kings,2024
Mason Plumlee,Portland Trail Blazers,Denver Nuggets,2016
Mason Plumlee,Denver Nuggets,Denver Nuggets,2017
Mason Plumlee,Denver Nuggets,Denver Nuggets,2018
Mason Plumlee,Denver Nuggets,Denver Nuggets,2019
Mason Plumlee,Denver Nuggets,Detroit Pistons,2020
Mason Plumlee,Detroit Pistons,Charlotte Hornets,2021
Mason Plumlee,Charlotte Hornets,Los Angeles Clippers,2022
Mason Plumlee,Los Angeles Clippers,Los Angeles Clippers,2023
Mason Plumlee,Los Angeles Clippers,Phoenix Suns,2024
Mason Plumlee,Phoenix Suns,Charlotte Hornets,2025
Matisse Thybulle,Philadelphia 76ers,Philadelphia 76ers,2020
Matisse Thybulle,Philadelphia 76ers,Philadelphia 76ers,2021
Matisse Thybulle,Philadelphia 76ers,Portland Trail Blazers,2022
Matisse Thybulle,Portland Trail Blazers,Portland Trail Blazers,2023
Matisse Thybulle,Portland Trail Blazers,Portland Trail Blazers,2024
Matisse Thybulle,Portland Trail Blazers,Portland Trail Blazers,2025
Matt Barnes,Philadelphia 76ers,Golden State Warriors,2006
Matt Barnes,Golden State Warriors,Golden State Warriors,2007
Matt Barnes,Golden State Warriors,Phoenix Suns,2008
Matt Barnes,Phoenix Suns,Orlando Magic,2009
Matt Barnes,Orlando Magic,Los Angeles Lakers,2010
Matt Barnes,Los Angeles Lakers,Los Angeles Lakers,2011
Matt Barnes,Los Angeles Lakers,Los Angeles Clippers,2012
Matt Barnes,Los Angeles Clippers,Los Angeles Clippers,2013
Matt Barnes,Memphis Grizzlies,Golden State Warriors,2016
Matt Bonner,Toronto Raptors,San Antonio Spurs,2005
Matt Bonner,San Antonio Spurs,San Antonio Spurs,2006
Matt Bonner,San Antonio Spurs,San Antonio Spurs,2007
Matt Bonner,San Antonio Spurs,San Antonio Spurs,2008
Matt Bonner,San Antonio Spurs,San Antonio Spurs,2009
Matt Bonner,San Antonio Spurs,San Antonio Spurs,2010
Matt Bonner,San Antonio Spurs,San Antonio Spurs,2011
Matt Bonner,San Antonio Spurs,San Antonio Spurs,2012
Matt Bonner,San Antonio Spurs,San Antonio Spurs,2013
Matt Carroll,Charlotte Hornets,Charlotte Hornets,2005
Matt Carroll,Charlotte Hornets,Charlotte Hornets,2006
Matt Carroll,Charlotte Hornets,Charlotte Hornets,2007
Matt Carroll,Charlotte Hornets,Dallas Mavericks,2008
Matt Carroll,Dallas Mavericks,Dallas Mavericks,2009
Matt Carroll,Dallas Mavericks,Charlotte Hornets,2010
Matt Carroll,Charlotte Hornets,Charlotte Hornets,2011
Matt Ryan,Boston Celtics,Minnesota Timberwolves,2022
Matt Ryan,Minnesota Timberwolves,New Orleans Pelicans,2023
Matt Thomas,Toronto Raptors,Utah Jazz,2020
Matt Thomas,Utah Jazz,Chicago Bulls,2021
Matthew Dellavedova,Cleveland Cavaliers,Milwaukee Bucks,2016
Matthew Dellavedova,Milwaukee Bucks,Milwaukee Bucks,2017
Matthew Dellavedova,Milwaukee Bucks,Cleveland Cavaliers,2018
Matthew Dellavedova,Cleveland Cavaliers,Cleveland Cavaliers,2019
Matthew Dellavedova,Cleveland Cavaliers,Cleveland Cavaliers,2020
Matthew Dellavedova,Cleveland Cavaliers,Sacramento Kings,2022
Maurice Ager,Dallas Mavericks,Brooklyn Nets,2007
Maurice Ager,Brooklyn Nets,Brooklyn Nets,2008
Maurice Evans,Sacramento Kings,Detroit Pistons,2005
Maurice Evans,Detroit Pistons,Los Angeles Lakers,2006
Maurice Evans,Los Angeles Lakers,Orlando Magic,2007
Maurice Evans,Orlando Magic,Atlanta Hawks,2008
Maurice Evans,Atlanta Hawks,Atlanta Hawks,2009
Maurice Evans,Atlanta Hawks,Washington Wizards,2010
Maurice Evans,Washington Wizards,Washington Wizards,2011
Maurice Harkless,Portland Trail Blazers,Portland Trail Blazers,2016
Maurice Harkless,Portland Trail Blazers,Portland Trail Blazers,2017
Maurice Harkless,Portland Trail Blazers,Portland Trail Blazers,2018
Maurice Harkless,Portland Trail Blazers,New York Knicks,2019
Maurice Harkless,New York Knicks,Sacramento Kings,2020
Maurice Harkless,Sacramento Kings,Sacramento Kings,2021
Max Christie,Los Angeles Lakers,Los Angeles Lakers,2023
Max Christie,Los Angeles Lakers,Dallas Mavericks,2024
Max Christie,Dallas Mavericks,Dallas Mavericks,2025
Max Strus,Chicago Bulls,Miami Heat,2020
Max Strus,Miami Heat,Miami Heat,2021
Max Strus,Miami Heat,Miami Heat,2022
Max Strus,Miami Heat,Cleveland Cavaliers,2023
Max Strus,Cleveland Cavaliers,Cleveland Cavaliers,2024
Max Strus,Cleveland Cavaliers,Cleveland Cavaliers,2025
Maxi Kleber,Dallas Mavericks,Dallas Mavericks,2018
Maxi Kleber,Dallas Mavericks,Dallas Mavericks,2019
Maxi Kleber,Dallas Mavericks,Dallas Mavericks,2020
Maxi Kleber,Dallas Mavericks,Dallas Mavericks,2021
Maxi Kleber,Dallas Mavericks,Dallas Mavericks,2022
Maxi Kleber,Dallas Mavericks,Dallas Mavericks,2023
Maxi Kleber,Dallas Mavericks,Los Angeles Lakers,2024
Maxi Kleber,Los Angeles Lakers,Los Angeles Lakers,2025
Maxwell Lewis,Los Angeles Lakers,Brooklyn Nets,2024
McKinley Wright IV,Minnesota Timberwolves,Dallas Mavericks,2022
Melvin Ely,Charlotte Hornets,Charlotte Hornets,2005
Melvin Ely,Charlotte Hornets,San Antonio Spurs,2006
Melvin Ely,San Antonio Spurs,New Orleans Pelicans,2007
Melvin Ely,New Orleans Pelicans,New Orleans Pelicans,2008
Melvin Ely,New Orleans Pelicans,Denver Nuggets,2010
Melvin Ely,Denver Nuggets,New Orleans Pelicans,2013
Melvin Frazier Jr.,Orlando Magic,Orlando Magic,2019
Melvin Frazier Jr.,Orlando Magic,Oklahoma City Thunder,2021
Metta World Peace,Indiana Pacers,Sacramento Kings,2005
Metta World Peace,Sacramento Kings,Sacramento Kings,2006
Metta World Peace,Sacramento Kings,Sacramento Kings,2007
Metta World Peace,Sacramento Kings,Houston Rockets,2008
Metta World Peace,Houston Rockets,Los Angeles Lakers,2009
Metta World Peace,Los Angeles Lakers,Los Angeles Lakers,2010
Metta World Peace,Los Angeles Lakers,Los Angeles Lakers,2011
Metta World Peace,Los Angeles Lakers,Los Angeles Lakers,2012
Meyers Leonard,Portland Trail Blazers,Portland Trail Blazers,2016
Meyers Leonard,Portland Trail Blazers,Portland Trail Blazers,2017
Meyers Leonard,Portland Trail Blazers,Portland Trail Blazers,2018
Meyers Leonard,Portland Trail Blazers,Miami Heat,2019
Meyers Leonard,Miami Heat,Milwaukee Bucks,2022
Mfiondu Kabengele,Los Angeles Clippers,Cleveland Cavaliers,2020
Mfiondu Kabengele,Cleveland Cavaliers,Boston Celtics,2022
Michael Beasley,Miami Heat,Miami Heat,2009
Michael Beasley,Miami Heat,Minnesota Timberwolves,2010
Michael Beasley,Minnesota Timberwolves,Minnesota Timberwolves,2011
Michael Beasley,Minnesota Timberwolves,Phoenix Suns,2012
Michael Beasley,Phoenix Suns,Miami Heat,2013
Michael Beasley,Houston Rockets,Milwaukee Bucks,2016
Michael Beasley,Milwaukee Bucks,New York Knicks,2017
Michael Carter-Williams,Milwaukee Bucks,Chicago Bulls,2016
Michael Carter-Williams,Chicago Bulls,Charlotte Hornets,2017
Michael Carter-Williams,Charlotte Hornets,Orlando Magic,2018
Michael Carter-Williams,Orlando Magic,Orlando Magic,2019
Michael Carter-Williams,Orlando Magic,Orlando Magic,2020
Michael Carter-Williams,Orlando Magic,Orlando Magic,2022
Michael Doleac,Miami Heat,Miami Heat,2005
Michael Doleac,Miami Heat,Miami Heat,2006
Michael Doleac,Miami Heat,Minnesota Timberwolves,2007
Michael Finley,Dallas Mavericks,San Antonio Spurs,2005
Michael Finley,San Antonio Spurs,San Antonio Spurs,2006
Michael Finley,San Antonio Spurs,San Antonio Spurs,2007
Michael Finley,San Antonio Spurs,San Antonio Spurs,2008
Michael Finley,San Antonio Spurs,Boston Celtics,2009
Michael Kidd-Gilchrist,Charlotte Hornets,Charlotte Hornets,2016
Michael Kidd-Gilchrist,Charlotte Hornets,Charlotte Hornets,2017
Michael Kidd-Gilchrist,Charlotte Hornets,Charlotte Hornets,2018
Michael Kidd-Gilchrist,Charlotte Hornets,Dallas Mavericks,2019
Michael Olowokandi,Minnesota Timberwolves,Boston Celtics,2005
Michael Olowokandi,Boston Celtics,Boston Celtics,2006
Michael Porter Jr.,Denver Nuggets,Denver Nuggets,2019
Michael Porter Jr.,Denver Nuggets,Denver Nuggets,2020
Michael Porter Jr.,Denver Nuggets,Denver Nuggets,2021
Michael Porter Jr.,Denver Nuggets,Denver Nuggets,2022
Michael Porter Jr.,Denver Nuggets,Denver Nuggets,2023
Michael Porter Jr.,Denver Nuggets,Denver Nuggets,2024
Michael Porter Jr.,Denver Nuggets,Brooklyn Nets,2025
Michael Redd,Milwaukee Bucks,Milwaukee Bucks,2005
Michael Redd,Milwaukee Bucks,Milwaukee Bucks,2006
Michael Redd,Milwaukee Bucks,Milwaukee Bucks,2007
Michael Redd,Milwaukee Bucks,Milwaukee Bucks,2008
Michael Redd,Milwaukee Bucks,Milwaukee Bucks,2009
Michael Redd,Milwaukee Bucks,Milwaukee Bucks,2010
Michael Redd,Milwaukee Bucks,Phoenix Suns,2011
Michael Ruffin,Washington Wizards,Washington Wizards,2005
Michael Ruffin,Washington Wizards,Washington Wizards,2006
Michael Ruffin,Washington Wizards,Milwaukee Bucks,2007
Michael Ruffin,Milwaukee Bucks,Portland Trail Blazers,2008
Michael Sweetney,New York Knicks,Chicago Bulls,2005
Michael Sweetney,Chicago Bulls,Chicago Bulls,2006
Mickael Gelabale,Oklahoma City Thunder,Oklahoma City Thunder,2007
Mickael Gelabale,Oklahoma City Thunder,Minnesota Timberwolves,2012
Mickael Pietrus,Golden State Warriors,Golden State Warriors,2005
Mickael Pietrus,Golden State Warriors,Golden State Warriors,2006
Mickael Pietrus,Golden State Warriors,Golden State Warriors,2007
Mickael Pietrus,Golden State Warriors,Orlando Magic,2008
Mickael Pietrus,Orlando Magic,Orlando Magic,2009
Mickael Pietrus,Orlando Magic,Phoenix Suns,2010
Mickael Pietrus,Phoenix Suns,Boston Celtics,2011
Mickael Pietrus,Boston Celtics,Toronto Raptors,2012
Mikal Bridges,Phoenix Suns,Phoenix Suns,2019
Mikal Bridges,Phoenix Suns,Phoenix Suns,2020
Mikal Bridges,Phoenix Suns,Phoenix Suns,2021
Mikal Bridges,Phoenix Suns,Brooklyn Nets,2022
Mikal Bridges,Brooklyn Nets,Brooklyn Nets,2023
Mikal Bridges,Brooklyn Nets,New York Knicks,2024
Mikal Bridges,New York Knicks,New York Knicks,2025
Mike Bibby,Sacramento Kings,Sacramento Kings,2005
Mike Bibby,Sacramento Kings,Sacramento Kings,2006
Mike Bibby,Sacramento Kings,Atlanta Hawks,2007
Mike Bibby,Atlanta Hawks,Atlanta Hawks,2008
Mike Bibby,Atlanta Hawks,Atlanta Hawks,2009
Mike Bibby,Atlanta Hawks,Miami Heat,2010
Mike Bibby,Miami Heat,New York Knicks,2011
Mike Conley,Memphis Grizzlies,Memphis Grizzlies,2016
Mike Conley,Memphis Grizzlies,Memphis Grizzlies,2017
Mike Conley,Memphis Grizzlies,Memphis Grizzlies,2018
Mike Conley,Memphis Grizzlies,Utah Jazz,2019
Mike Conley,Utah Jazz,Utah Jazz,2020
Mike Conley,Utah Jazz,Utah Jazz,2021
Mike Conley,Utah Jazz,Minnesota Timberwolves,2022
Mike Conley,Minnesota Timberwolves,Minnesota Timberwolves,2023
Mike Conley,Minnesota Timberwolves,Minnesota Timberwolves,2024
Mike Conley,Minnesota Timberwolves,Minnesota Timberwolves,2025
Mike Dunleavy,Golden State Warriors,Golden State Warriors,2005
Mike Dunleavy,Golden State Warriors,Indiana Pacers,2006
Mike Dunleavy,Indiana Pacers,Indiana Pacers,2007
Mike Dunleavy,Indiana Pacers,Indiana Pacers,2008
Mike Dunleavy,Indiana Pacers,Indiana Pacers,2009
Mike Dunleavy,Indiana Pacers,Indiana Pacers,2010
Mike Dunleavy,Indiana Pacers,Milwaukee Bucks,2011
Mike Dunleavy,Milwaukee Bucks,Milwaukee Bucks,2012
Mike Dunleavy,Milwaukee Bucks,Chicago Bulls,2013
Mike Dunleavy,Chicago Bulls,Atlanta Hawks,2016
Mike James,Houston Rockets,Toronto Raptors,2005
Mike James,Toronto Raptors,New Orleans Pelicans,2007
Mike James,New Orleans Pelicans,Washington Wizards,2008
Mike James,Washington Wizards,Chicago Bulls,2011
Mike James,Chicago Bulls,Dallas Mavericks,2012
Mike James,Dallas Mavericks,Chicago Bulls,2013
Mike Miller,Memphis Grizzlies,Memphis Grizzlies,2005
Mike Miller,Memphis Grizzlies,Memphis Grizzlies,2006
Mike Miller,Memphis Grizzlies,Memphis Grizzlies,2007
Mike Miller,Memphis Grizzlies,Minnesota Timberwolves,2008
Mike Miller,Minnesota Timberwolves,Washington Wizards,2009
Mike Miller,Washington Wizards,Miami Heat,2010
Mike Miller,Miami Heat,Miami Heat,2011
Mike Miller,Miami Heat,Miami Heat,2012
Mike Miller,Miami Heat,Memphis Grizzlies,2013
Mike Muscala,Atlanta Hawks,Atlanta Hawks,2016
Mike Muscala,Atlanta Hawks,Atlanta Hawks,2017
Mike Muscala,Atlanta Hawks,Los Angeles Lakers,2018
Mike Muscala,Los Angeles Lakers,Oklahoma City Thunder,2019
Mike Muscala,Oklahoma City Thunder,Oklahoma City Thunder,2020
Mike Muscala,Oklahoma City Thunder,Oklahoma City Thunder,2021
Mike Muscala,Oklahoma City Thunder,Boston Celtics,2022
Mike Muscala,Boston Celtics,Oklahoma City Thunder,2023
Mike Scott,Atlanta Hawks,Washington Wizards,2017
Mike Scott,Washington Wizards,Philadelphia 76ers,2018
Mike Scott,Philadelphia 76ers,Philadelphia 76ers,2019
Mike Scott,Philadelphia 76ers,Philadelphia 76ers,2020
Mike Wilks,San Antonio Spurs,Oklahoma City Thunder,2005
Mike Wilks,Oklahoma City Thunder,Oklahoma City Thunder,2006
Mike Wilks,Oklahoma City Thunder,Memphis Grizzlies,2008
Mikki Moore,Los Angeles Clippers,Oklahoma City Thunder,2005
Mikki Moore,Oklahoma City Thunder,Brooklyn Nets,2006
Mikki Moore,Brooklyn Nets,Sacramento Kings,2007
Mikki Moore,Sacramento Kings,Boston Celtics,2008
Mikki Moore,Boston Celtics,Golden State Warriors,2011
Miles Plumlee,Indiana Pacers,Phoenix Suns,2013
Miles Plumlee,Milwaukee Bucks,Charlotte Hornets,2016
Miles Plumlee,Charlotte Hornets,Atlanta Hawks,2017
Miles Plumlee,Atlanta Hawks,Atlanta Hawks,2018
Milt Palacio,Toronto Raptors,Utah Jazz,2005
Mirza Teletovic,Phoenix Suns,Milwaukee Bucks,2016
Mo Bamba,Orlando Magic,Orlando Magic,2019
Mo Bamba,Orlando Magic,Orlando Magic,2020
Mo Bamba,Orlando Magic,Orlando Magic,2021
Mo Bamba,Orlando Magic,Los Angeles Lakers,2022
Mo Bamba,Los Angeles Lakers,Philadelphia 76ers,2023
Mo Williams,Milwaukee Bucks,Milwaukee Bucks,2005
Mo Williams,Milwaukee Bucks,Milwaukee Bucks,2006
Mo Williams,Milwaukee Bucks,Milwaukee Bucks,2007
Mo Williams,Milwaukee Bucks,Cleveland Cavaliers,2008
Mo Williams,Cleveland Cavaliers,Cleveland Cavaliers,2009
Mo Williams,Cleveland Cavaliers,Los Angeles Clippers,2010
Mo Williams,Los Angeles Clippers,Los Angeles Clippers,2011
Mo Williams,Los Angeles Clippers,Utah Jazz,2012
Mo Williams,Utah Jazz,Portland Trail Blazers,2013
Monta Ellis,Golden State Warriors,Golden State Warriors,2006
Monta Ellis,Golden State Warriors,Golden State Warriors,2007
Monta Ellis,Golden State Warriors,Golden State Warriors,2008
Monta Ellis,Golden State Warriors,Golden State Warriors,2009
Monta Ellis,Golden State Warriors,Golden State Warriors,2010
Monta Ellis,Golden State Warriors,Milwaukee Bucks,2011
Monta Ellis,Milwaukee Bucks,Milwaukee Bucks,2012
Monta Ellis,Milwaukee Bucks,Dallas Mavericks,2013
Montrezl Harrell,Houston Rockets,Houston Rockets,2016
Montrezl Harrell,Houston Rockets,Los Angeles Clippers,2017
Montrezl Harrell,Los Angeles Clippers,Los Angeles Clippers,2018
Montrezl Harrell,Los Angeles Clippers,Los Angeles Clippers,2019
Montrezl Harrell,Los Angeles Clippers,Los Angeles Lakers,2020
Montrezl Harrell,Los Angeles Lakers,Charlotte Hornets,2021
Montrezl Harrell,Charlotte Hornets,Philadelphia 76ers,2022
Monté Morris,Denver Nuggets,Denver Nuggets,2018
Monté Morris,Denver Nuggets,Denver Nuggets,2019
Monté Morris,Denver Nuggets,Denver Nuggets,2020
Monté Morris,Denver Nuggets,Denver Nuggets,2021
Monté Morris,Denver Nuggets,Washington Wizards,2022
Monté Morris,Washington Wizards,Minnesota Timberwolves,2023
Monté Morris,Minnesota Timberwolves,Phoenix Suns,2024
Moochie Norris,Houston Rockets,New Orleans Pelicans,2005
Moritz Wagner,Los Angeles Lakers,Washington Wizards,2019
Moritz Wagner,Washington Wizards,Orlando Magic,2020
Moritz Wagner,Orlando Magic,Orlando Magic,2021
Moritz Wagner,Orlando Magic,Orlando Magic,2022
Moritz Wagner,Orlando Magic,Orlando Magic,2023
Moritz Wagner,Orlando Magic,Orlando Magic,2024
Moritz Wagner,Orlando Magic,Orlando Magic,2025
Morris Almond,Utah Jazz,Utah Jazz,2008
Morris Almond,Utah Jazz,Washington Wizards,2011
Morris Peterson,Toronto Raptors,Toronto Raptors,2005
Morris Peterson,Toronto Raptors,Toronto Raptors,2006
Morris Peterson,Toronto Raptors,New Orleans Pelicans,2007
Morris Peterson,New Orleans Pelicans,New Orleans Pelicans,2008
Morris Peterson,New Orleans Pelicans,New Orleans Pelicans,2009
Moses Brown,Portland Trail Blazers,Boston Celtics,2020
Moses Brown,Boston Celtics,Cleveland Cavaliers,2021
Moses Brown,Cleveland Cavaliers,Portland Trail Blazers,2023
Mouhamed Sene,Oklahoma City Thunder,Oklahoma City Thunder,2007
Mouhamed Sene,Oklahoma City Thunder,New York Knicks,2008
Moussa Diabaté,Los Angeles Clippers,Los Angeles Clippers,2023
Moussa Diabaté,Los Angeles Clippers,Charlotte Hornets,2024
Moussa Diabaté,Charlotte Hornets,Charlotte Hornets,2025
Mustafa Shakur,Oklahoma City Thunder,Washington Wizards,2010
Mychal Mulder,Golden State Warriors,Golden State Warriors,2020
Mychal Mulder,Golden State Warriors,Miami Heat,2021
Myles Turner,Indiana Pacers,Indiana Pacers,2016
Myles Turner,Indiana Pacers,Indiana Pacers,2017
Myles Turner,Indiana Pacers,Indiana Pacers,2018
Myles Turner,Indiana Pacers,Indiana Pacers,2019
Myles Turner,Indiana Pacers,Indiana Pacers,2020
Myles Turner,Indiana Pacers,Indiana Pacers,2021
Myles Turner,Indiana Pacers,Indiana Pacers,2022
Myles Turner,Indiana Pacers,Indiana Pacers,2023
Myles Turner,Indiana Pacers,Indiana Pacers,2024
Myles Turner,Indiana Pacers,Milwaukee Bucks,2025
N'Faly Dante,Houston Rockets,Atlanta Hawks,2025
Naji Marshall,New Orleans Pelicans,New Orleans Pelicans,2021
Naji Marshall,New Orleans Pelicans,New Orleans Pelicans,2022
Naji Marshall,New Orleans Pelicans,New Orleans Pelicans,2023
Naji Marshall,New Orleans Pelicans,Dallas Mavericks,2024
Naji Marshall,Dallas Mavericks,Dallas Mavericks,2025
Nando De Colo,San Antonio Spurs,Toronto Raptors,2013
Nassir Little,Portland Trail Blazers,Portland Trail Blazers,2020
Nassir Little,Portland Trail Blazers,Portland Trail Blazers,2021
Nassir Little,Portland Trail Blazers,Portland Trail Blazers,2022
Nassir Little,Portland Trail Blazers,Phoenix Suns,2023
Nate Hinton,Dallas Mavericks,Indiana Pacers,2021
Nate Hinton,Indiana Pacers,Houston Rockets,2023
Nate Robinson,New York Knicks,New York Knicks,2006
Nate Robinson,New York Knicks,New York Knicks,2007
Nate Robinson,New York Knicks,New York Knicks,2008
Nate Robinson,New York Knicks,Boston Celtics,2009
Nate Robinson,Boston Celtics,Oklahoma City Thunder,2010
Nate Robinson,Oklahoma City Thunder,Golden State Warriors,2011
Nate Robinson,Golden State Warriors,Chicago Bulls,2012
Nate Robinson,Chicago Bulls,Denver Nuggets,2013
Nate Williams,Portland Trail Blazers,Houston Rockets,2023
Nate Williams,Houston Rockets,Houston Rockets,2024
Nathan Jawai,Toronto Raptors,Minnesota Timberwolves,2009
Nathan Knight,Atlanta Hawks,Minnesota Timberwolves,2021
Nathan Knight,Minnesota Timberwolves,Minnesota Timberwolves,2022
Naz Mitrou-Long,Utah Jazz,Indiana Pacers,2019
Nazr Mohammed,San Antonio Spurs,San Antonio Spurs,2005
Nazr Mohammed,San Antonio Spurs,Detroit Pistons,2006
Nazr Mohammed,Detroit Pistons,Charlotte Hornets,2007
Nazr Mohammed,Charlotte Hornets,Charlotte Hornets,2008
Nazr Mohammed,Charlotte Hornets,Charlotte Hornets,2009
Nazr Mohammed,Charlotte Hornets,Oklahoma City Thunder,2010
Nazr Mohammed,Oklahoma City Thunder,Oklahoma City Thunder,2011
Nazr Mohammed,Oklahoma City Thunder,Chicago Bulls,2012
Nazr Mohammed,Chicago Bulls,Chicago Bulls,2013
Neemias Queta,Sacramento Kings,Sacramento Kings,2022
Neemias Queta,Sacramento Kings,Boston Celtics,2023
Neemias Queta,Boston Celtics,Boston Celtics,2024
Neemias Queta,Boston Celtics,Boston Celtics,2025
Nemanja Bjelica,Minnesota Timberwolves,Minnesota Timberwolves,2016
Nemanja Bjelica,Minnesota Timberwolves,Minnesota Timberwolves,2017
Nemanja Bjelica,Minnesota Timberwolves,Sacramento Kings,2018
Nemanja Bjelica,Sacramento Kings,Sacramento Kings,2019
Nemanja Bjelica,Sacramento Kings,Miami Heat,2020
Nemanja Bjelica,Miami Heat,Golden State Warriors,2021
Nenad Krstic,Brooklyn Nets,Brooklyn Nets,2005
Nenad Krstic,Brooklyn Nets,Brooklyn Nets,2006
Nenad Krstic,Brooklyn Nets,Brooklyn Nets,2007
Nenad Krstic,Brooklyn Nets,Oklahoma City Thunder,2008
Nenad Krstic,Oklahoma City Thunder,Oklahoma City Thunder,2009
Nenad Krstic,Oklahoma City Thunder,Boston Celtics,2010
Nene,Denver Nuggets,Denver Nuggets,2005
Nene,Denver Nuggets,Denver Nuggets,2006
Nene,Denver Nuggets,Denver Nuggets,2007
Nene,Denver Nuggets,Denver Nuggets,2008
Nene,Denver Nuggets,Denver Nuggets,2009
Nene,Denver Nuggets,Denver Nuggets,2010
Nene,Denver Nuggets,Washington Wizards,2011
Nene,Washington Wizards,Washington Wizards,2012
Nene,Washington Wizards,Washington Wizards,2013
Nene,Washington Wizards,Houston Rockets,2016
Nene,Houston Rockets,Houston Rockets,2017
Nene,Houston Rockets,Houston Rockets,2018
Nerlens Noel,Philadelphia 76ers,Dallas Mavericks,2016
Nerlens Noel,Dallas Mavericks,Dallas Mavericks,2017
Nerlens Noel,Dallas Mavericks,Oklahoma City Thunder,2018
Nerlens Noel,Oklahoma City Thunder,Oklahoma City Thunder,2019
Nerlens Noel,Oklahoma City Thunder,New York Knicks,2020
Nerlens Noel,New York Knicks,New York Knicks,2021
Nick Richards,Charlotte Hornets,Charlotte Hornets,2021
Nick Richards,Charlotte Hornets,Charlotte Hornets,2022
Nick Richards,Charlotte Hornets,Charlotte Hornets,2023
Nick Richards,Charlotte Hornets,Phoenix Suns,2024
Nick Richards,Phoenix Suns,Phoenix Suns,2025
Nick Smith Jr.,Charlotte Hornets,Charlotte Hornets,2024
Nick Smith Jr.,Charlotte Hornets,Los Angeles Lakers,2025
Nick Young,Washington Wizards,Washington Wizards,2008
Nick Young,Washington Wizards,Washington Wizards,2009
Nick Young,Washington Wizards,Washington Wizards,2010
Nick Young,Washington Wizards,Los Angeles Clippers,2011
Nick Young,Los Angeles Clippers,Philadelphia 76ers,2012
Nick Young,Philadelphia 76ers,Los Angeles Lakers,2013
Nick Young,Los Angeles Lakers,Los Angeles Lakers,2016
Nick Young,Los Angeles Lakers,Golden State Warriors,2017
Nickeil Alexander-Walker,New Orleans Pelicans,New Orleans Pelicans,2020
Nickeil Alexander-Walker,New Orleans Pelicans,Utah Jazz,2021
Nickeil Alexander-Walker,Utah Jazz,Minnesota Timberwolves,2022
Nickeil Alexander-Walker,Minnesota Timberwolves,Minnesota Timberwolves,2023
Nickeil Alexander-Walker,Minnesota Timberwolves,Minnesota Timberwolves,2024
Nickeil Alexander-Walker,Minnesota Timberwolves,Atlanta Hawks,2025
Nicolas Batum,Charlotte Hornets,Charlotte Hornets,2016
Nicolas Batum,Charlotte Hornets,Charlotte Hornets,2017
Nicolas Batum,Charlotte Hornets,Charlotte Hornets,2018
Nicolas Batum,Charlotte Hornets,Charlotte Hornets,2019
Nicolas Batum,Charlotte Hornets,Los Angeles Clippers,2020
Nicolas Batum,Los Angeles Clippers,Los Angeles Clippers,2021
Nicolas Batum,Los Angeles Clippers,Los Angeles Clippers,2022
Nicolas Batum,Los Angeles Clippers,Philadelphia 76ers,2023
Nicolas Batum,Philadelphia 76ers,Los Angeles Clippers,2024
Nicolas Batum,Los Angeles Clippers,Los Angeles Clippers,2025
Nicolo Melli,New Orleans Pelicans,Dallas Mavericks,2020
Nigel Hayes-Davis,Sacramento Kings,Phoenix Suns,2025
Nik Stauskas,Philadelphia 76ers,Philadelphia 76ers,2016
Nik Stauskas,Philadelphia 76ers,Brooklyn Nets,2017
Nik Stauskas,Brooklyn Nets,Cleveland Cavaliers,2018
Nik Stauskas,Cleveland Cavaliers,Boston Celtics,2021
Nikola Mirotic,Chicago Bulls,Chicago Bulls,2016
Nikola Mirotic,Chicago Bulls,New Orleans Pelicans,2017
Nikola Mirotic,New Orleans Pelicans,Milwaukee Bucks,2018
Nikola Vučević,Philadelphia 76ers,Orlando Magic,2012
Nikola Vučević,Orlando Magic,Orlando Magic,2013
Nikola Vučević,Orlando Magic,Orlando Magic,2016
Nikola Vučević,Orlando Magic,Orlando Magic,2017
Nikola Vučević,Orlando Magic,Orlando Magic,2018
Nikola Vučević,Orlando Magic,Orlando Magic,2019
Nikola Vučević,Orlando Magic,Chicago Bulls,2020
Nikola Vučević,Chicago Bulls,Chicago Bulls,2021
Nikola Vučević,Chicago Bulls,Chicago Bulls,2022
Nikola Vučević,Chicago Bulls,Chicago Bulls,2023
Nikola Vučević,Chicago Bulls,Chicago Bulls,2024
Nikola Vučević,Chicago Bulls,Chicago Bulls,2025
Nikoloz Tskitishvili,Golden State Warriors,Phoenix Suns,2005
Noah Vonleh,Portland Trail Blazers,Portland Trail Blazers,2016
Noah Vonleh,Portland Trail Blazers,Chicago Bulls,2017
Noah Vonleh,Chicago Bulls,New York Knicks,2018
Noah Vonleh,New York Knicks,Denver Nuggets,2019
Norman Powell,Toronto Raptors,Toronto Raptors,2016
Norman Powell,Toronto Raptors,Toronto Raptors,2017
Norman Powell,Toronto Raptors,Toronto Raptors,2018
Norman Powell,Toronto Raptors,Toronto Raptors,2019
Norman Powell,Toronto Raptors,Portland Trail Blazers,2020
Norman Powell,Portland Trail Blazers,Los Angeles Clippers,2021
Norman Powell,Los Angeles Clippers,Los Angeles Clippers,2022
Norman Powell,Los Angeles Clippers,Los Angeles Clippers,2023
Norman Powell,Los Angeles Clippers,Los Angeles Clippers,2024
Norman Powell,Los Angeles Clippers,Miami Heat,2025
Norris Cole,New Orleans Pelicans,Oklahoma City Thunder,2016
Norvel Pelle,Philadelphia 76ers,New York Knicks,2020
O.J. Mayo,Memphis Grizzlies,Memphis Grizzlies,2009
O.J. Mayo,Memphis Grizzlies,Memphis Grizzlies,2010
O.J. Mayo,Memphis Grizzlies,Memphis Grizzlies,2011
O.J. Mayo,Memphis Grizzlies,Dallas Mavericks,2012
O.J. Mayo,Dallas Mavericks,Milwaukee Bucks,2013
OG Anunoby,Toronto Raptors,Toronto Raptors,2018
OG Anunoby,Toronto Raptors,Toronto Raptors,2019
OG Anunoby,Toronto Raptors,Toronto Raptors,2020
OG Anunoby,Toronto Raptors,Toronto Raptors,2021
OG Anunoby,Toronto Raptors,Toronto Raptors,2022
OG Anunoby,Toronto Raptors,New York Knicks,2023
OG Anunoby,New York Knicks,New York Knicks,2024
OG Anunoby,New York Knicks,New York Knicks,2025
Obi Toppin,New York Knicks,New York Knicks,2021
Obi Toppin,New York Knicks,New York Knicks,2022
Obi Toppin,New York Knicks,Indiana Pacers,2023
Obi Toppin,Indiana Pacers,Indiana Pacers,2024
Obi Toppin,Indiana Pacers,Indiana Pacers,2025
Ochai Agbaji,Utah Jazz,Toronto Raptors,2023
Ochai Agbaji,Toronto Raptors,Toronto Raptors,2024
Ochai Agbaji,Toronto Raptors,Toronto Raptors,2025
Okaro White,Miami Heat,Cleveland Cavaliers,2017
Oleksiy Pecherov,Washington Wizards,Washington Wizards,2008
Oleksiy Pecherov,Washington Wizards,Minnesota Timberwolves,2009
Olivier-Maxence Prosper,Dallas Mavericks,Dallas Mavericks,2024
Olivier-Maxence Prosper,Dallas Mavericks,Memphis Grizzlies,2025
Omari Spellman,Atlanta Hawks,Minnesota Timberwolves,2019
Omer Asik,Chicago Bulls,Chicago Bulls,2011
Omer Asik,Chicago Bulls,Houston Rockets,2012
Omer Asik,Houston Rockets,Houston Rockets,2013
Omer Asik,New Orleans Pelicans,New Orleans Pelicans,2016
Omer Asik,New Orleans Pelicans,Chicago Bulls,2017
Omer Yurtseven,Miami Heat,Miami Heat,2021
Omer Yurtseven,Miami Heat,Miami Heat,2022
Omer Yurtseven,Miami Heat,Utah Jazz,2023
Omri Casspi,Sacramento Kings,Sacramento Kings,2010
Omri Casspi,Sacramento Kings,Cleveland Cavaliers,2011
Omri Casspi,Cleveland Cavaliers,Cleveland Cavaliers,2012
Omri Casspi,Cleveland Cavaliers,Houston Rockets,2013
Omri Casspi,Sacramento Kings,Minnesota Timberwolves,2016
Orien Greene,Boston Celtics,Indiana Pacers,2006
Orlando Robinson,Miami Heat,Miami Heat,2023
Orlando Robinson,Miami Heat,Orlando Magic,2025
Oscar Tshiebwe,Indiana Pacers,Utah Jazz,2024
Oscar Tshiebwe,Utah Jazz,Utah Jazz,2025
Oshae Brissett,Toronto Raptors,Indiana Pacers,2020
Oshae Brissett,Indiana Pacers,Indiana Pacers,2021
Oshae Brissett,Indiana Pacers,Indiana Pacers,2022
Oshae Brissett,Indiana Pacers,Boston Celtics,2023
Othella Harrington,Chicago Bulls,Chicago Bulls,2005
Othella Harrington,Chicago Bulls,Charlotte Hornets,2006
Othella Harrington,Charlotte Hornets,Charlotte Hornets,2007
Othyus Jeffers,Utah Jazz,Washington Wizards,2010
Othyus Jeffers,Washington Wizards,Minnesota Timberwolves,2013
Otto Porter Jr.,Washington Wizards,Washington Wizards,2016
Otto Porter Jr.,Washington Wizards,Washington Wizards,2017
Otto Porter Jr.,Washington Wizards,Chicago Bulls,2018
Otto Porter Jr.,Chicago Bulls,Chicago Bulls,2019
Otto Porter Jr.,Chicago Bulls,Orlando Magic,2020
Otto Porter Jr.,Orlando Magic,Golden State Warriors,2021
Otto Porter Jr.,Golden State Warriors,Toronto Raptors,2022
P.J. Brown,New Orleans Pelicans,New Orleans Pelicans,2005
P.J. Brown,New Orleans Pelicans,Chicago Bulls,2006
P.J. Brown,Chicago Bulls,Boston Celtics,2007
P.J. Tucker,Phoenix Suns,Toronto Raptors,2016
P.J. Tucker,Toronto Raptors,Houston Rockets,2017
P.J. Tucker,Houston Rockets,Houston Rockets,2018
P.J. Tucker,Houston Rockets,Houston Rockets,2019
P.J. Tucker,Houston Rockets,Milwaukee Bucks,2020
P.J. Tucker,Milwaukee Bucks,Miami Heat,2021
P.J. Tucker,Miami Heat,Philadelphia 76ers,2022
P.J. Tucker,Philadelphia 76ers,Los Angeles Clippers,2023
P.J. Tucker,Los Angeles Clippers,New York Knicks,2024
P.J. Washington,Charlotte Hornets,Charlotte Hornets,2020
P.J. Washington,Charlotte Hornets,Charlotte Hornets,2021
P.J. Washington,Charlotte Hornets,Charlotte Hornets,2022
P.J. Washington,Charlotte Hornets,Dallas Mavericks,2023
P.J. Washington,Dallas Mavericks,Dallas Mavericks,2024
P.J. Washington,Dallas Mavericks,Dallas Mavericks,2025
PJ Dozier,Oklahoma City Thunder,Boston Celtics,2018
PJ Dozier,Boston Celtics,Denver Nuggets,2019
PJ Dozier,Denver Nuggets,Denver Nuggets,2020
PJ Dozier,Denver Nuggets,Sacramento Kings,2022
PJ Hall,Denver Nuggets,Memphis Grizzlies,2025
Pascal Siakam,Toronto Raptors,Toronto Raptors,2017
Pascal Siakam,Toronto Raptors,Toronto Raptors,2018
Pascal Siakam,Toronto Raptors,Toronto Raptors,2019
Pascal Siakam,Toronto Raptors,Toronto Raptors,2020
Pascal Siakam,Toronto Raptors,Toronto Raptors,2021
Pascal Siakam,Toronto Raptors,Toronto Raptors,2022
Pascal Siakam,Toronto Raptors,Indiana Pacers,2023
Pascal Siakam,Indiana Pacers,Indiana Pacers,2024
Pascal Siakam,Indiana Pacers,Indiana Pacers,2025
Pat Connaughton,Portland Trail Blazers,Portland Trail Blazers,2016
Pat Connaughton,Portland Trail Blazers,Portland Trail Blazers,2017
Pat Connaughton,Portland Trail Blazers,Milwaukee Bucks,2018
Pat Connaughton,Milwaukee Bucks,Milwaukee Bucks,2019
Pat Connaughton,Milwaukee Bucks,Milwaukee Bucks,2020
Pat Connaughton,Milwaukee Bucks,Milwaukee Bucks,2021
Pat Connaughton,Milwaukee Bucks,Milwaukee Bucks,2022
Pat Connaughton,Milwaukee Bucks,Milwaukee Bucks,2023
Pat Connaughton,Milwaukee Bucks,Milwaukee Bucks,2024
Pat Connaughton,Milwaukee Bucks,Charlotte Hornets,2025
Patrick Baldwin Jr.,Golden State Warriors,Washington Wizards,2023
Patrick Baldwin Jr.,Washington Wizards,Los Angeles Clippers,2024
Patrick Beverley,Houston Rockets,Houston Rockets,2016
Patrick Beverley,Houston Rockets,Los Angeles Clippers,2017
Patrick Beverley,Los Angeles Clippers,Los Angeles Clippers,2018
Patrick Beverley,Los Angeles Clippers,Los Angeles Clippers,2019
Patrick Beverley,Los Angeles Clippers,Los Angeles Clippers,2020
Patrick Beverley,Los Angeles Clippers,Minnesota Timberwolves,2021
Patrick Beverley,Minnesota Timberwolves,Chicago Bulls,2022
Patrick Beverley,Chicago Bulls,Milwaukee Bucks,2023
Patrick McCaw,Golden State Warriors,Golden State Warriors,2017
Patrick McCaw,Golden State Warriors,Toronto Raptors,2018
Patrick McCaw,Toronto Raptors,Toronto Raptors,2019
Patrick O'Bryant,Golden State Warriors,Golden State Warriors,2007
Patrick O'Bryant,Golden State Warriors,Toronto Raptors,2008
Patrick O'Bryant,Toronto Raptors,Toronto Raptors,2009
Patrick Patterson,Houston Rockets,Houston Rockets,2011
Patrick Patterson,Houston Rockets,Sacramento Kings,2012
Patrick Patterson,Sacramento Kings,Toronto Raptors,2013
Patrick Patterson,Toronto Raptors,Toronto Raptors,2016
Patrick Patterson,Toronto Raptors,Oklahoma City Thunder,2017
Patrick Patterson,Oklahoma City Thunder,Oklahoma City Thunder,2018
Patrick Patterson,Oklahoma City Thunder,Los Angeles Clippers,2019
Patrick Patterson,Los Angeles Clippers,Los Angeles Clippers,2020
Patty Mills,Portland Trail Blazers,Portland Trail Blazers,2010
Patty Mills,Portland Trail Blazers,San Antonio Spurs,2011
Patty Mills,San Antonio Spurs,San Antonio Spurs,2012
Patty Mills,San Antonio Spurs,San Antonio Spurs,2013
Patty Mills,San Antonio Spurs,San Antonio Spurs,2016
Patty Mills,San Antonio Spurs,San Antonio Spurs,2017
Patty Mills,San Antonio Spurs,San Antonio Spurs,2018
Patty Mills,San Antonio Spurs,San Antonio Spurs,2019
Patty Mills,San Antonio Spurs,San Antonio Spurs,2020
Patty Mills,San Antonio Spurs,Brooklyn Nets,2021
Patty Mills,Brooklyn Nets,Brooklyn Nets,2022
Patty Mills,Brooklyn Nets,Miami Heat,2023
Patty Mills,Miami Heat,Los Angeles Clippers,2024
Pau Gasol,Memphis Grizzlies,Memphis Grizzlies,2005
Pau Gasol,Memphis Grizzlies,Memphis Grizzlies,2006
Pau Gasol,Memphis Grizzlies,Los Angeles Lakers,2007
Pau Gasol,Los Angeles Lakers,Los Angeles Lakers,2008
Pau Gasol,Los Angeles Lakers,Los Angeles Lakers,2009
Pau Gasol,Los Angeles Lakers,Los Angeles Lakers,2010
Pau Gasol,Los Angeles Lakers,Los Angeles Lakers,2011
Pau Gasol,Los Angeles Lakers,Los Angeles Lakers,2012
Pau Gasol,Los Angeles Lakers,Los Angeles Lakers,2013
Pau Gasol,Chicago Bulls,San Antonio Spurs,2016
Pau Gasol,San Antonio Spurs,San Antonio Spurs,2017
Pau Gasol,San Antonio Spurs,Milwaukee Bucks,2018
Paul George,Indiana Pacers,Indiana Pacers,2016
Paul George,Indiana Pacers,Oklahoma City Thunder,2017
Paul George,Oklahoma City Thunder,Oklahoma City Thunder,2018
Paul George,Oklahoma City Thunder,Los Angeles Clippers,2019
Paul George,Los Angeles Clippers,Los Angeles Clippers,2020
Paul George,Los Angeles Clippers,Los Angeles Clippers,2021
Paul George,Los Angeles Clippers,Los Angeles Clippers,2022
Paul George,Los Angeles Clippers,Los Angeles Clippers,2023
Paul George,Los Angeles Clippers,Philadelphia 76ers,2024
Paul George,Philadelphia 76ers,Philadelphia 76ers,2025
Paul Millsap,Utah Jazz,Utah Jazz,2007
Paul Millsap,Utah Jazz,Utah Jazz,2008
Paul Millsap,Utah Jazz,Utah Jazz,2009
Paul Millsap,Utah Jazz,Utah Jazz,2010
Paul Millsap,Utah Jazz,Utah Jazz,2011
Paul Millsap,Utah Jazz,Utah Jazz,2012
Paul Millsap,Utah Jazz,Atlanta Hawks,2013
Paul Millsap,Atlanta Hawks,Atlanta Hawks,2016
Paul Millsap,Atlanta Hawks,Denver Nuggets,2017
Paul Millsap,Denver Nuggets,Denver Nuggets,2018
Paul Millsap,Denver Nuggets,Denver Nuggets,2019
Paul Millsap,Denver Nuggets,Denver Nuggets,2020
Paul Millsap,Denver Nuggets,Philadelphia 76ers,2021
Paul Pierce,Boston Celtics,Boston Celtics,2005
Paul Pierce,Boston Celtics,Boston Celtics,2006
Paul Pierce,Boston Celtics,Boston Celtics,2007
Paul Pierce,Boston Celtics,Boston Celtics,2008
Paul Pierce,Boston Celtics,Boston Celtics,2009
Paul Pierce,Boston Celtics,Boston Celtics,2010
Paul Pierce,Boston Celtics,Boston Celtics,2011
Paul Pierce,Boston Celtics,Boston Celtics,2012
Paul Pierce,Boston Celtics,Brooklyn Nets,2013
Paul Reed,Philadelphia 76ers,Philadelphia 76ers,2021
Paul Reed,Philadelphia 76ers,Philadelphia 76ers,2022
Paul Reed,Philadelphia 76ers,Philadelphia 76ers,2023
Paul Reed,Philadelphia 76ers,Detroit Pistons,2024
Paul Reed,Detroit Pistons,Detroit Pistons,2025
Peja Stojakovic,Sacramento Kings,Indiana Pacers,2005
Peja Stojakovic,Indiana Pacers,New Orleans Pelicans,2006
Peja Stojakovic,New Orleans Pelicans,New Orleans Pelicans,2007
Peja Stojakovic,New Orleans Pelicans,New Orleans Pelicans,2008
Peja Stojakovic,New Orleans Pelicans,New Orleans Pelicans,2009
Peja Stojakovic,New Orleans Pelicans,Dallas Mavericks,2010
Pete Nance,Cleveland Cavaliers,Milwaukee Bucks,2024
Pete Nance,Milwaukee Bucks,Milwaukee Bucks,2025
Pops Mensah-Bonsu,Dallas Mavericks,Toronto Raptors,2008
Precious Achiuwa,Miami Heat,Toronto Raptors,2021
Precious Achiuwa,Toronto Raptors,Toronto Raptors,2022
Precious Achiuwa,Toronto Raptors,New York Knicks,2023
Precious Achiuwa,New York Knicks,New York Knicks,2024
Primoz Brezec,Charlotte Hornets,Charlotte Hornets,2005
Primoz Brezec,Charlotte Hornets,Charlotte Hornets,2006
Primoz Brezec,Charlotte Hornets,Toronto Raptors,2007
Primoz Brezec,Toronto Raptors,Milwaukee Bucks,2009
Quentin Grimes,New York Knicks,New York Knicks,2022
Quentin Grimes,New York Knicks,Detroit Pistons,2023
Quentin Grimes,Detroit Pistons,Philadelphia 76ers,2024
Quentin Grimes,Philadelphia 76ers,Philadelphia 76ers,2025
Quentin Richardson,Phoenix Suns,New York Knicks,2005
Quentin Richardson,New York Knicks,New York Knicks,2006
Quentin Richardson,New York Knicks,New York Knicks,2007
Quentin Richardson,New York Knicks,New York Knicks,2008
Quentin Richardson,New York Knicks,Miami Heat,2009
Quentin Richardson,Miami Heat,Orlando Magic,2010
Quentin Richardson,Orlando Magic,Orlando Magic,2011
Quentin Richardson,Orlando Magic,New York Knicks,2012
Quenton Jackson,Washington Wizards,Indiana Pacers,2023
Quenton Jackson,Indiana Pacers,Indiana Pacers,2024
Quenton Jackson,Indiana Pacers,Indiana Pacers,2025
Quincy Acy,Toronto Raptors,Sacramento Kings,2013
Quincy Acy,Sacramento Kings,Brooklyn Nets,2016
Quincy Acy,Brooklyn Nets,Brooklyn Nets,2017
Quincy Douby,Sacramento Kings,Sacramento Kings,2007
Quincy Douby,Sacramento Kings,Toronto Raptors,2008
Quincy Pondexter,New Orleans Pelicans,Memphis Grizzlies,2011
Quincy Pondexter,Memphis Grizzlies,Memphis Grizzlies,2012
Quincy Pondexter,Memphis Grizzlies,Memphis Grizzlies,2013
Quincy Pondexter,New Orleans Pelicans,New Orleans Pelicans,2016
Quincy Pondexter,New Orleans Pelicans,San Antonio Spurs,2018
Quinn Cook,New Orleans Pelicans,Golden State Warriors,2017
Quinn Cook,Golden State Warriors,Golden State Warriors,2018
Quinn Cook,Golden State Warriors,Los Angeles Lakers,2019
Quinndary Weatherspoon,San Antonio Spurs,San Antonio Spurs,2020
Quinndary Weatherspoon,San Antonio Spurs,Golden State Warriors,2021
Quinton Ross,Los Angeles Clippers,Los Angeles Clippers,2005
Quinton Ross,Los Angeles Clippers,Los Angeles Clippers,2006
Quinton Ross,Los Angeles Clippers,Los Angeles Clippers,2007
Quinton Ross,Los Angeles Clippers,Memphis Grizzlies,2008
Quinton Ross,Memphis Grizzlies,Washington Wizards,2009
R.J. Hampton,Orlando Magic,Orlando Magic,2021
R.J. Hampton,Orlando Magic,Detroit Pistons,2022
RJ Barrett,New York Knicks,New York Knicks,2020
RJ Barrett,New York Knicks,New York Knicks,2021
RJ Barrett,New York Knicks,New York Knicks,2022
RJ Barrett,New York Knicks,Toronto Raptors,2023
RJ Barrett,Toronto Raptors,Toronto Raptors,2024
RJ Barrett,Toronto Raptors,Toronto Raptors,2025
RJ Hunter,Boston Celtics,Houston Rockets,2017
RJ Hunter,Houston Rockets,Boston Celtics,2018
Raef LaFrentz,Boston Celtics,Boston Celtics,2005
Raef LaFrentz,Boston Celtics,Portland Trail Blazers,2006
Raef LaFrentz,Portland Trail Blazers,Portland Trail Blazers,2007
Raef LaFrentz,Portland Trail Blazers,Portland Trail Blazers,2008
Rafael Araujo,Toronto Raptors,Utah Jazz,2005
Rafael Araujo,Utah Jazz,Utah Jazz,2006
Rafer Alston,Toronto Raptors,Houston Rockets,2005
Rafer Alston,Houston Rockets,Houston Rockets,2006
Rafer Alston,Houston Rockets,Houston Rockets,2007
Rafer Alston,Houston Rockets,Orlando Magic,2008
Rafer Alston,Orlando Magic,Miami Heat,2009
RaiQuan Gray,Brooklyn Nets,San Antonio Spurs,2023
Raja Bell,Utah Jazz,Phoenix Suns,2005
Raja Bell,Phoenix Suns,Phoenix Suns,2006
Raja Bell,Phoenix Suns,Phoenix Suns,2007
Raja Bell,Phoenix Suns,Charlotte Hornets,2008
Raja Bell,Charlotte Hornets,Utah Jazz,2010
Raja Bell,Utah Jazz,Utah Jazz,2011
Rajon Rondo,Sacramento Kings,Chicago Bulls,2016
Rajon Rondo,Chicago Bulls,New Orleans Pelicans,2017
Rajon Rondo,New Orleans Pelicans,Los Angeles Lakers,2018
Rajon Rondo,Los Angeles Lakers,Los Angeles Lakers,2019
Rajon Rondo,Los Angeles Lakers,Los Angeles Clippers,2020
Rajon Rondo,Los Angeles Clippers,Cleveland Cavaliers,2021
Ramon Sessions,Milwaukee Bucks,Milwaukee Bucks,2008
Ramon Sessions,Milwaukee Bucks,Minnesota Timberwolves,2009
Ramon Sessions,Minnesota Timberwolves,Cleveland Cavaliers,2010
Ramon Sessions,Cleveland Cavaliers,Los Angeles Lakers,2011
Ramon Sessions,Los Angeles Lakers,Charlotte Hornets,2012
Ramon Sessions,Charlotte Hornets,Milwaukee Bucks,2013
Ramon Sessions,Washington Wizards,Charlotte Hornets,2016
Ramon Sessions,Charlotte Hornets,Washington Wizards,2017
Randolph Morris,New York Knicks,New York Knicks,2007
Randolph Morris,New York Knicks,Atlanta Hawks,2008
Randolph Morris,Atlanta Hawks,Atlanta Hawks,2009
Randy Foye,Minnesota Timberwolves,Minnesota Timberwolves,2007
Randy Foye,Minnesota Timberwolves,Minnesota Timberwolves,2008
Randy Foye,Minnesota Timberwolves,Washington Wizards,2009
Randy Foye,Washington Wizards,Los Angeles Clippers,2010
Randy Foye,Los Angeles Clippers,Los Angeles Clippers,2011
Randy Foye,Los Angeles Clippers,Utah Jazz,2012
Randy Foye,Utah Jazz,Denver Nuggets,2013
Randy Foye,Oklahoma City Thunder,Brooklyn Nets,2016
Randy Livingston,Utah Jazz,Chicago Bulls,2005
Randy Livingston,Chicago Bulls,Oklahoma City Thunder,2006
Rashad McCants,Minnesota Timberwolves,Minnesota Timberwolves,2006
Rashad McCants,Minnesota Timberwolves,Minnesota Timberwolves,2007
Rashad McCants,Minnesota Timberwolves,Sacramento Kings,2008
Rashard Lewis,Oklahoma City Thunder,Oklahoma City Thunder,2005
Rashard Lewis,Oklahoma City Thunder,Oklahoma City Thunder,2006
Rashard Lewis,Oklahoma City Thunder,Orlando Magic,2007
Rashard Lewis,Orlando Magic,Orlando Magic,2008
Rashard Lewis,Orlando Magic,Orlando Magic,2009
Rashard Lewis,Orlando Magic,Washington Wizards,2010
Rashard Lewis,Washington Wizards,Washington Wizards,2011
Rashard Lewis,Washington Wizards,Miami Heat,2012
Rashard Lewis,Miami Heat,Miami Heat,2013
Rasheed Wallace,Detroit Pistons,Detroit Pistons,2005
Rasheed Wallace,Detroit Pistons,Detroit Pistons,2006
Rasheed Wallace,Detroit Pistons,Detroit Pistons,2007
Rasheed Wallace,Detroit Pistons,Detroit Pistons,2008
Rasheed Wallace,Detroit Pistons,Boston Celtics,2009
Rasho Nesterovic,San Antonio Spurs,Toronto Raptors,2005
Rasho Nesterovic,Toronto Raptors,Toronto Raptors,2006
Rasho Nesterovic,Toronto Raptors,Toronto Raptors,2007
Rasho Nesterovic,Toronto Raptors,Indiana Pacers,2008
Rasho Nesterovic,Indiana Pacers,Toronto Raptors,2009
Rasual Butler,Miami Heat,New Orleans Pelicans,2005
Rasual Butler,New Orleans Pelicans,New Orleans Pelicans,2006
Rasual Butler,New Orleans Pelicans,New Orleans Pelicans,2007
Rasual Butler,New Orleans Pelicans,New Orleans Pelicans,2008
Rasual Butler,New Orleans Pelicans,Los Angeles Clippers,2009
Rasual Butler,Los Angeles Clippers,Chicago Bulls,2010
Rasual Butler,Chicago Bulls,Indiana Pacers,2013
Raul Neto,Utah Jazz,Utah Jazz,2016
Raul Neto,Utah Jazz,Utah Jazz,2017
Raul Neto,Utah Jazz,Utah Jazz,2018
Raul Neto,Utah Jazz,Philadelphia 76ers,2019
Raul Neto,Philadelphia 76ers,Washington Wizards,2020
Raul Neto,Washington Wizards,Washington Wizards,2021
Raul Neto,Washington Wizards,Cleveland Cavaliers,2022
Ray Allen,Oklahoma City Thunder,Oklahoma City Thunder,2005
Ray Allen,Oklahoma City Thunder,Oklahoma City Thunder,2006
Ray Allen,Oklahoma City Thunder,Boston Celtics,2007
Ray Allen,Boston Celtics,Boston Celtics,2008
Ray Allen,Boston Celtics,Boston Celtics,2009
Ray Allen,Boston Celtics,Boston Celtics,2010
Ray Allen,Boston Celtics,Boston Celtics,2011
Ray Allen,Boston Celtics,Miami Heat,2012
Ray Allen,Miami Heat,Miami Heat,2013
Ray Spalding,Phoenix Suns,Charlotte Hornets,2019
Rayjon Tucker,Utah Jazz,Philadelphia 76ers,2020
Rayjon Tucker,Philadelphia 76ers,Milwaukee Bucks,2021
Raymond Felton,Charlotte Hornets,Charlotte Hornets,2006
Raymond Felton,Charlotte Hornets,Charlotte Hornets,2007
Raymond Felton,Charlotte Hornets,Charlotte Hornets,2008
Raymond Felton,Charlotte Hornets,Charlotte Hornets,2009
Raymond Felton,Charlotte Hornets,Denver Nuggets,2010
Raymond Felton,Denver Nuggets,Portland Trail Blazers,2011
Raymond Felton,Portland Trail Blazers,New York Knicks,2012
Raymond Felton,New York Knicks,Dallas Mavericks,2013
Raymond Felton,Dallas Mavericks,Los Angeles Clippers,2016
Raymond Felton,Los Angeles Clippers,Oklahoma City Thunder,2017
Raymond Felton,Oklahoma City Thunder,Oklahoma City Thunder,2018
Reggie Bullock Jr.,Detroit Pistons,Detroit Pistons,2016
Reggie Bullock Jr.,Detroit Pistons,Detroit Pistons,2017
Reggie Bullock Jr.,Detroit Pistons,Los Angeles Lakers,2018
Reggie Bullock Jr.,Los Angeles Lakers,New York Knicks,2019
Reggie Bullock Jr.,New York Knicks,New York Knicks,2020
Reggie Bullock Jr.,New York Knicks,Dallas Mavericks,2021
Reggie Bullock Jr.,Dallas Mavericks,Dallas Mavericks,2022
Reggie Bullock Jr.,Dallas Mavericks,Houston Rockets,2023
Reggie Evans,Oklahoma City Thunder,Denver Nuggets,2005
Reggie Evans,Denver Nuggets,Denver Nuggets,2006
Reggie Evans,Denver Nuggets,Philadelphia 76ers,2007
Reggie Evans,Philadelphia 76ers,Philadelphia 76ers,2008
Reggie Evans,Philadelphia 76ers,Toronto Raptors,2009
Reggie Evans,Toronto Raptors,Toronto Raptors,2010
Reggie Evans,Toronto Raptors,Los Angeles Clippers,2011
Reggie Evans,Los Angeles Clippers,Brooklyn Nets,2012
Reggie Evans,Brooklyn Nets,Sacramento Kings,2013
Reggie Jackson,Detroit Pistons,Detroit Pistons,2016
Reggie Jackson,Detroit Pistons,Detroit Pistons,2017
Reggie Jackson,Detroit Pistons,Detroit Pistons,2018
Reggie Jackson,Detroit Pistons,Los Angeles Clippers,2019
Reggie Jackson,Los Angeles Clippers,Los Angeles Clippers,2020
Reggie Jackson,Los Angeles Clippers,Los Angeles Clippers,2021
Reggie Jackson,Los Angeles Clippers,Denver Nuggets,2022
Reggie Jackson,Denver Nuggets,Denver Nuggets,2023
Reggie Williams,Golden State Warriors,Golden State Warriors,2010
Reggie Williams,Golden State Warriors,Charlotte Hornets,2011
Reggie Williams,Charlotte Hornets,Charlotte Hornets,2012
Renaldo Balkman,New York Knicks,New York Knicks,2007
Renaldo Balkman,New York Knicks,Denver Nuggets,2008
Renaldo Balkman,Denver Nuggets,Denver Nuggets,2009
Renaldo Balkman,Denver Nuggets,New York Knicks,2010
Richard Hamilton,Detroit Pistons,Detroit Pistons,2005
Richard Hamilton,Detroit Pistons,Detroit Pistons,2006
Richard Hamilton,Detroit Pistons,Detroit Pistons,2007
Richard Hamilton,Detroit Pistons,Detroit Pistons,2008
Richard Hamilton,Detroit Pistons,Detroit Pistons,2009
Richard Hamilton,Detroit Pistons,Detroit Pistons,2010
Richard Hamilton,Detroit Pistons,Chicago Bulls,2011
Richard Hamilton,Chicago Bulls,Chicago Bulls,2012
Richard Jefferson,Brooklyn Nets,Brooklyn Nets,2005
Richard Jefferson,Brooklyn Nets,Brooklyn Nets,2006
Richard Jefferson,Brooklyn Nets,Brooklyn Nets,2007
Richard Jefferson,Brooklyn Nets,Milwaukee Bucks,2008
Richard Jefferson,Milwaukee Bucks,San Antonio Spurs,2009
Richard Jefferson,San Antonio Spurs,San Antonio Spurs,2010
Richard Jefferson,San Antonio Spurs,Golden State Warriors,2011
Richard Jefferson,Golden State Warriors,Golden State Warriors,2012
Richard Jefferson,Golden State Warriors,Utah Jazz,2013
Richard Jefferson,Cleveland Cavaliers,Cleveland Cavaliers,2016
Richard Jefferson,Cleveland Cavaliers,Denver Nuggets,2017
Richaun Holmes,Philadelphia 76ers,Philadelphia 76ers,2016
Richaun Holmes,Philadelphia 76ers,Philadelphia 76ers,2017
Richaun Holmes,Philadelphia 76ers,Phoenix Suns,2018
Richaun Holmes,Phoenix Suns,Sacramento Kings,2019
Richaun Holmes,Sacramento Kings,Sacramento Kings,2020
Richaun Holmes,Sacramento Kings,Sacramento Kings,2021
Richaun Holmes,Sacramento Kings,Sacramento Kings,2022
Richaun Holmes,Sacramento Kings,Washington Wizards,2023
Richaun Holmes,Washington Wizards,Washington Wizards,2024
Richie Frahm,Portland Trail Blazers,Houston Rockets,2005
Rick Brunson,Los Angeles Clippers,Houston Rockets,2005
Ricky Davis,Boston Celtics,Minnesota Timberwolves,2005
Ricky Davis,Minnesota Timberwolves,Minnesota Timberwolves,2006
Ricky Davis,Minnesota Timberwolves,Miami Heat,2007
Ricky Davis,Miami Heat,Los Angeles Clippers,2008
Ricky Rubio,Minnesota Timberwolves,Minnesota Timberwolves,2016
Ricky Rubio,Minnesota Timberwolves,Utah Jazz,2017
Ricky Rubio,Utah Jazz,Utah Jazz,2018
Ricky Rubio,Utah Jazz,Phoenix Suns,2019
Ricky Rubio,Phoenix Suns,Minnesota Timberwolves,2020
Ricky Rubio,Minnesota Timberwolves,Indiana Pacers,2021
Ricky Rubio,Indiana Pacers,Cleveland Cavaliers,2022
Rob Kurz,Golden State Warriors,Chicago Bulls,2009
Robert Covington,Philadelphia 76ers,Philadelphia 76ers,2016
Robert Covington,Philadelphia 76ers,Philadelphia 76ers,2017
Robert Covington,Philadelphia 76ers,Minnesota Timberwolves,2018
Robert Covington,Minnesota Timberwolves,Houston Rockets,2019
Robert Covington,Houston Rockets,Portland Trail Blazers,2020
Robert Covington,Portland Trail Blazers,Los Angeles Clippers,2021
Robert Covington,Los Angeles Clippers,Los Angeles Clippers,2022
Robert Covington,Los Angeles Clippers,Philadelphia 76ers,2023
Robert Williams III,Boston Celtics,Boston Celtics,2019
Robert Williams III,Boston Celtics,Boston Celtics,2020
Robert Williams III,Boston Celtics,Boston Celtics,2021
Robert Williams III,Boston Celtics,Boston Celtics,2022
Robert Williams III,Boston Celtics,Portland Trail Blazers,2023
Robert Williams III,Portland Trail Blazers,Portland Trail Blazers,2024
Robert Williams III,Portland Trail Blazers,Portland Trail Blazers,2025
Robert Woodard II,Sacramento Kings,San Antonio Spurs,2021
Robin Lopez,Phoenix Suns,Phoenix Suns,2009
Robin Lopez,Phoenix Suns,Phoenix Suns,2010
Robin Lopez,Phoenix Suns,Phoenix Suns,2011
Robin Lopez,Phoenix Suns,New Orleans Pelicans,2012
Robin Lopez,New Orleans Pelicans,Portland Trail Blazers,2013
Robin Lopez,New York Knicks,Chicago Bulls,2016
Robin Lopez,Chicago Bulls,Chicago Bulls,2017
Robin Lopez,Chicago Bulls,Chicago Bulls,2018
Robin Lopez,Chicago Bulls,Milwaukee Bucks,2019
Robin Lopez,Milwaukee Bucks,Washington Wizards,2020
Robin Lopez,Washington Wizards,Orlando Magic,2021
Robin Lopez,Orlando Magic,Cleveland Cavaliers,2022
Rodney Carney,Philadelphia 76ers,Philadelphia 76ers,2007
Rodney Carney,Philadelphia 76ers,Minnesota Timberwolves,2008
Rodney Carney,Minnesota Timberwolves,Philadelphia 76ers,2009
Rodney Hood,Utah Jazz,Utah Jazz,2016
Rodney Hood,Utah Jazz,Cleveland Cavaliers,2017
Rodney Hood,Cleveland Cavaliers,Portland Trail Blazers,2018
Rodney Hood,Portland Trail Blazers,Portland Trail Blazers,2019
Rodney Hood,Portland Trail Blazers,Toronto Raptors,2020
Rodney Hood,Toronto Raptors,Los Angeles Clippers,2021
Rodney McGruder,Miami Heat,Miami Heat,2017
Rodney McGruder,Miami Heat,Los Angeles Clippers,2018
Rodney McGruder,Los Angeles Clippers,Los Angeles Clippers,2019
Rodney McGruder,Los Angeles Clippers,Detroit Pistons,2020
Rodney McGruder,Detroit Pistons,Detroit Pistons,2021
Rodney McGruder,Detroit Pistons,Detroit Pistons,2022
Roger Mason Jr.,Washington Wizards,Washington Wizards,2007
Roger Mason Jr.,Washington Wizards,San Antonio Spurs,2008
Roger Mason Jr.,San Antonio Spurs,San Antonio Spurs,2009
Roger Mason Jr.,San Antonio Spurs,New York Knicks,2010
Roger Mason Jr.,New York Knicks,New Orleans Pelicans,2012
Romeo Langford,Boston Celtics,Boston Celtics,2020
Romeo Langford,Boston Celtics,San Antonio Spurs,2021
Romeo Langford,San Antonio Spurs,San Antonio Spurs,2022
Ron Harper Jr.,Toronto Raptors,Detroit Pistons,2024
Ron Harper Jr.,Detroit Pistons,Boston Celtics,2025
Ronald Dupree,Detroit Pistons,Minnesota Timberwolves,2005
Ronald Dupree,Minnesota Timberwolves,Detroit Pistons,2006
Ronald Dupree,Detroit Pistons,Oklahoma City Thunder,2007
Rondae Hollis-Jefferson,Brooklyn Nets,Brooklyn Nets,2016
Rondae Hollis-Jefferson,Brooklyn Nets,Brooklyn Nets,2017
Rondae Hollis-Jefferson,Brooklyn Nets,Brooklyn Nets,2018
Rondae Hollis-Jefferson,Brooklyn Nets,Toronto Raptors,2019
Rondae Hollis-Jefferson,Toronto Raptors,Portland Trail Blazers,2020
Ronnie Brewer,Utah Jazz,Utah Jazz,2007
Ronnie Brewer,Utah Jazz,Utah Jazz,2008
Ronnie Brewer,Utah Jazz,Memphis Grizzlies,2009
Ronnie Brewer,Memphis Grizzlies,Chicago Bulls,2010
Ronnie Brewer,Chicago Bulls,Chicago Bulls,2011
Ronnie Brewer,Chicago Bulls,Oklahoma City Thunder,2012
Ronnie Brewer,Oklahoma City Thunder,Chicago Bulls,2013
Ronnie Price,Sacramento Kings,Sacramento Kings,2006
Ronnie Price,Sacramento Kings,Utah Jazz,2007
Ronnie Price,Utah Jazz,Utah Jazz,2008
Ronnie Price,Utah Jazz,Utah Jazz,2009
Ronnie Price,Utah Jazz,Utah Jazz,2010
Ronnie Price,Utah Jazz,Phoenix Suns,2011
Ronnie Price,Phoenix Suns,Orlando Magic,2013
Ronny Turiaf,Los Angeles Lakers,Los Angeles Lakers,2006
Ronny Turiaf,Los Angeles Lakers,Los Angeles Lakers,2007
Ronny Turiaf,Los Angeles Lakers,Golden State Warriors,2008
Ronny Turiaf,Golden State Warriors,Golden State Warriors,2009
Ronny Turiaf,Golden State Warriors,New York Knicks,2010
Ronny Turiaf,New York Knicks,Miami Heat,2011
Ronny Turiaf,Miami Heat,Los Angeles Clippers,2012
Ronny Turiaf,Los Angeles Clippers,Minnesota Timberwolves,2013
Roy Hibbert,Los Angeles Lakers,Denver Nuggets,2016
Royal Ivey,Atlanta Hawks,Atlanta Hawks,2005
Royal Ivey,Atlanta Hawks,Atlanta Hawks,2006
Royal Ivey,Atlanta Hawks,Milwaukee Bucks,2007
Royal Ivey,Milwaukee Bucks,Philadelphia 76ers,2008
Royal Ivey,Philadelphia 76ers,Milwaukee Bucks,2009
Royal Ivey,Milwaukee Bucks,Oklahoma City Thunder,2010
Royal Ivey,Oklahoma City Thunder,Oklahoma City Thunder,2011
Royal Ivey,Oklahoma City Thunder,Philadelphia 76ers,2012
Royce O'Neale,Utah Jazz,Utah Jazz,2018
Royce O'Neale,Utah Jazz,Utah Jazz,2019
Royce O'Neale,Utah Jazz,Utah Jazz,2020
Royce O'Neale,Utah Jazz,Utah Jazz,2021
Royce O'Neale,Utah Jazz,Brooklyn Nets,2022
Royce O'Neale,Brooklyn Nets,Phoenix Suns,2023
Royce O'Neale,Phoenix Suns,Phoenix Suns,2024
Royce O'Neale,Phoenix Suns,Phoenix Suns,2025
Ruben Patterson,Portland Trail Blazers,Denver Nuggets,2005
Ruben Patterson,Denver Nuggets,Milwaukee Bucks,2006
Rudy Fernandez,Portland Trail Blazers,Portland Trail Blazers,2009
Rudy Fernandez,Portland Trail Blazers,Portland Trail Blazers,2010
Rudy Fernandez,Portland Trail Blazers,Denver Nuggets,2011
Rudy Gay,Memphis Grizzlies,Memphis Grizzlies,2007
Rudy Gay,Memphis Grizzlies,Memphis Grizzlies,2008
Rudy Gay,Memphis Grizzlies,Memphis Grizzlies,2009
Rudy Gay,Memphis Grizzlies,Memphis Grizzlies,2010
Rudy Gay,Memphis Grizzlies,Memphis Grizzlies,2011
Rudy Gay,Memphis Grizzlies,Toronto Raptors,2012
Rudy Gay,Toronto Raptors,Sacramento Kings,2013
Rudy Gay,Sacramento Kings,Sacramento Kings,2016
Rudy Gay,Sacramento Kings,San Antonio Spurs,2017
Rudy Gay,San Antonio Spurs,San Antonio Spurs,2018
Rudy Gay,San Antonio Spurs,San Antonio Spurs,2019
Rudy Gay,San Antonio Spurs,San Antonio Spurs,2020
Rudy Gay,San Antonio Spurs,Utah Jazz,2021
Rudy Gay,Utah Jazz,Utah Jazz,2022
Rudy Gobert,Utah Jazz,Utah Jazz,2016
Rudy Gobert,Utah Jazz,Utah Jazz,2017
Rudy Gobert,Utah Jazz,Utah Jazz,2018
Rudy Gobert,Utah Jazz,Utah Jazz,2019
Rudy Gobert,Utah Jazz,Utah Jazz,2020
Rudy Gobert,Utah Jazz,Utah Jazz,2021
Rudy Gobert,Utah Jazz,Minnesota Timberwolves,2022
Rudy Gobert,Minnesota Timberwolves,Minnesota Timberwolves,2023
Rudy Gobert,Minnesota Timberwolves,Minnesota Timberwolves,2024
Rudy Gobert,Minnesota Timberwolves,Minnesota Timberwolves,2025
Rui Hachimura,Washington Wizards,Washington Wizards,2020
Rui Hachimura,Washington Wizards,Washington Wizards,2021
Rui Hachimura,Washington Wizards,Los Angeles Lakers,2022
Rui Hachimura,Los Angeles Lakers,Los Angeles Lakers,2023
Rui Hachimura,Los Angeles Lakers,Los Angeles Lakers,2024
Rui Hachimura,Los Angeles Lakers,Los Angeles Lakers,2025
Russell Westbrook,Oklahoma City Thunder,Oklahoma City Thunder,2016
Russell Westbrook,Oklahoma City Thunder,Oklahoma City Thunder,2017
Russell Westbrook,Oklahoma City Thunder,Oklahoma City Thunder,2018
Russell Westbrook,Oklahoma City Thunder,Houston Rockets,2019
Russell Westbrook,Houston Rockets,Washington Wizards,2020
Russell Westbrook,Washington Wizards,Los Angeles Lakers,2021
Russell Westbrook,Los Angeles Lakers,Los Angeles Clippers,2022
Russell Westbrook,Los Angeles Clippers,Los Angeles Clippers,2023
Russell Westbrook,Los Angeles Clippers,Denver Nuggets,2024
Russell Westbrook,Denver Nuggets,Sacramento Kings,2025
Ryan Anderson,Brooklyn Nets,Orlando Magic,2009
Ryan Anderson,Orlando Magic,Orlando Magic,2010
Ryan Anderson,Orlando Magic,Orlando Magic,2011
Ryan Anderson,Orlando Magic,New Orleans Pelicans,2012
Ryan Anderson,New Orleans Pelicans,New Orleans Pelicans,2013
Ryan Anderson,New Orleans Pelicans,Houston Rockets,2016
Ryan Anderson,Houston Rockets,Houston Rockets,2017
Ryan Anderson,Houston Rockets,Miami Heat,2018
Ryan Arcidiacono,Chicago Bulls,Chicago Bulls,2018
Ryan Arcidiacono,Chicago Bulls,Chicago Bulls,2019
Ryan Arcidiacono,Chicago Bulls,Chicago Bulls,2020
Ryan Arcidiacono,Chicago Bulls,New York Knicks,2021
Ryan Bowen,Houston Rockets,Houston Rockets,2005
Ryan Bowen,Houston Rockets,New Orleans Pelicans,2007
Ryan Bowen,New Orleans Pelicans,New Orleans Pelicans,2008
Ryan Broekhoff,Dallas Mavericks,Philadelphia 76ers,2019
Ryan Gomes,Boston Celtics,Boston Celtics,2006
Ryan Gomes,Boston Celtics,Minnesota Timberwolves,2007
Ryan Gomes,Minnesota Timberwolves,Minnesota Timberwolves,2008
Ryan Gomes,Minnesota Timberwolves,Minnesota Timberwolves,2009
Ryan Gomes,Minnesota Timberwolves,Los Angeles Clippers,2010
Ryan Gomes,Los Angeles Clippers,Los Angeles Clippers,2011
Ryan Hollins,Charlotte Hornets,Charlotte Hornets,2007
Ryan Hollins,Charlotte Hornets,Dallas Mavericks,2008
Ryan Hollins,Dallas Mavericks,Minnesota Timberwolves,2009
Ryan Hollins,Minnesota Timberwolves,Cleveland Cavaliers,2010
Ryan Hollins,Cleveland Cavaliers,Boston Celtics,2011
Ryan Hollins,Boston Celtics,Los Angeles Clippers,2012
Ryan Hollins,Los Angeles Clippers,Los Angeles Clippers,2013
Ryan Kelly,Los Angeles Lakers,Atlanta Hawks,2016
Ryan Rollins,Golden State Warriors,Milwaukee Bucks,2023
Ryan Rollins,Milwaukee Bucks,Milwaukee Bucks,2024
Ryan Rollins,Milwaukee Bucks,Milwaukee Bucks,2025
Saben Lee,Detroit Pistons,Detroit Pistons,2021
Saben Lee,Detroit Pistons,Phoenix Suns,2022
Saben Lee,Phoenix Suns,Phoenix Suns,2023
Saddiq Bey,Detroit Pistons,Detroit Pistons,2021
Saddiq Bey,Detroit Pistons,Atlanta Hawks,2022
Saddiq Bey,Atlanta Hawks,Atlanta Hawks,2023
Saddiq Bey,Atlanta Hawks,Washington Wizards,2024
Saddiq Bey,Washington Wizards,New Orleans Pelicans,2025
Salim Stoudamire,Atlanta Hawks,Atlanta Hawks,2006
Salim Stoudamire,Atlanta Hawks,Atlanta Hawks,2007
Salim Stoudamire,Atlanta Hawks,Milwaukee Bucks,2008
Sam Cassell,Minnesota Timberwolves,Los Angeles Clippers,2005
Sam Cassell,Los Angeles Clippers,Los Angeles Clippers,2006
Sam Cassell,Los Angeles Clippers,Boston Celtics,2007
Sam Dekker,Houston Rockets,Houston Rockets,2016
Sam Dekker,Houston Rockets,Los Angeles Clippers,2017
Sam Dekker,Los Angeles Clippers,Washington Wizards,2018
Sam Merrill,Milwaukee Bucks,Cleveland Cavaliers,2022
Sam Merrill,Cleveland Cavaliers,Cleveland Cavaliers,2023
Sam Merrill,Cleveland Cavaliers,Cleveland Cavaliers,2024
Sam Merrill,Cleveland Cavaliers,Cleveland Cavaliers,2025
Sam Young,Memphis Grizzlies,Memphis Grizzlies,2010
Sam Young,Memphis Grizzlies,Philadelphia 76ers,2011
Sam Young,Philadelphia 76ers,Indiana Pacers,2012
Samuel Dalembert,Philadelphia 76ers,Philadelphia 76ers,2005
Samuel Dalembert,Philadelphia 76ers,Philadelphia 76ers,2006
Samuel Dalembert,Philadelphia 76ers,Philadelphia 76ers,2007
Samuel Dalembert,Philadelphia 76ers,Philadelphia 76ers,2008
Samuel Dalembert,Philadelphia 76ers,Philadelphia 76ers,2009
Samuel Dalembert,Philadelphia 76ers,Sacramento Kings,2010
Samuel Dalembert,Sacramento Kings,Houston Rockets,2011
Samuel Dalembert,Houston Rockets,Milwaukee Bucks,2012
Samuel Dalembert,Milwaukee Bucks,New York Knicks,2013
Sandro Mamukelashvili,Milwaukee Bucks,San Antonio Spurs,2022
Sandro Mamukelashvili,San Antonio Spurs,San Antonio Spurs,2023
Sandro Mamukelashvili,San Antonio Spurs,San Antonio Spurs,2024
Sandro Mamukelashvili,San Antonio Spurs,Toronto Raptors,2025
Sarunas Jasikevicius,Indiana Pacers,Golden State Warriors,2006
Sasha Pavlovic,Cleveland Cavaliers,Cleveland Cavaliers,2005
Sasha Pavlovic,Cleveland Cavaliers,Cleveland Cavaliers,2006
Sasha Pavlovic,Cleveland Cavaliers,Cleveland Cavaliers,2007
Sasha Pavlovic,Cleveland Cavaliers,Cleveland Cavaliers,2008
Sasha Pavlovic,Cleveland Cavaliers,Minnesota Timberwolves,2009
Sasha Pavlovic,Minnesota Timberwolves,Boston Celtics,2010
Sasha Pavlovic,Boston Celtics,Boston Celtics,2011
Sasha Pavlovic,Boston Celtics,Portland Trail Blazers,2012
Sasha Vujacic,Los Angeles Lakers,Los Angeles Lakers,2005
Sasha Vujacic,Los Angeles Lakers,Los Angeles Lakers,2006
Sasha Vujacic,Los Angeles Lakers,Los Angeles Lakers,2007
Sasha Vujacic,Los Angeles Lakers,Los Angeles Lakers,2008
Sasha Vujacic,Los Angeles Lakers,Los Angeles Lakers,2009
Sasha Vujacic,Los Angeles Lakers,Brooklyn Nets,2010
Scot Pollard,Indiana Pacers,Indiana Pacers,2005
Scot Pollard,Indiana Pacers,Cleveland Cavaliers,2006
Scot Pollard,Cleveland Cavaliers,Boston Celtics,2007
Scott Padgett,Houston Rockets,Brooklyn Nets,2005
Scotty Pippen Jr.,Los Angeles Lakers,Memphis Grizzlies,2023
Scotty Pippen Jr.,Memphis Grizzlies,Memphis Grizzlies,2024
Scotty Pippen Jr.,Memphis Grizzlies,Memphis Grizzlies,2025
Sean Kilpatrick,Brooklyn Nets,Brooklyn Nets,2016
Sean Kilpatrick,Brooklyn Nets,Chicago Bulls,2017
Sean Marks,San Antonio Spurs,San Antonio Spurs,2005
Sean Marks,San Antonio Spurs,Phoenix Suns,2006
Sean Marks,Phoenix Suns,Phoenix Suns,2007
Sean Marks,Phoenix Suns,New Orleans Pelicans,2008
Sean Marks,New Orleans Pelicans,New Orleans Pelicans,2009
Sean May,Charlotte Hornets,Charlotte Hornets,2006
Sean May,Charlotte Hornets,Charlotte Hornets,2007
Sean May,Charlotte Hornets,Charlotte Hornets,2008
Sean May,Charlotte Hornets,Sacramento Kings,2009
Sean Williams,Brooklyn Nets,Brooklyn Nets,2008
Sean Williams,Brooklyn Nets,Boston Celtics,2011
Sebastian Telfair,Portland Trail Blazers,Portland Trail Blazers,2005
Sebastian Telfair,Portland Trail Blazers,Boston Celtics,2006
Sebastian Telfair,Boston Celtics,Minnesota Timberwolves,2007
Sebastian Telfair,Minnesota Timberwolves,Minnesota Timberwolves,2008
Sebastian Telfair,Minnesota Timberwolves,Cleveland Cavaliers,2009
Sebastian Telfair,Cleveland Cavaliers,Minnesota Timberwolves,2010
Sebastian Telfair,Minnesota Timberwolves,Phoenix Suns,2011
Sebastian Telfair,Phoenix Suns,Toronto Raptors,2012
Serge Ibaka,Oklahoma City Thunder,Toronto Raptors,2016
Serge Ibaka,Toronto Raptors,Toronto Raptors,2017
Serge Ibaka,Toronto Raptors,Toronto Raptors,2018
Serge Ibaka,Toronto Raptors,Toronto Raptors,2019
Serge Ibaka,Toronto Raptors,Los Angeles Clippers,2020
Serge Ibaka,Los Angeles Clippers,Milwaukee Bucks,2021
Sergio Rodriguez,Portland Trail Blazers,Portland Trail Blazers,2007
Sergio Rodriguez,Portland Trail Blazers,Portland Trail Blazers,2008
Sergio Rodriguez,Portland Trail Blazers,New York Knicks,2009
Seth Curry,Sacramento Kings,Dallas Mavericks,2016
Seth Curry,Dallas Mavericks,Dallas Mavericks,2017
Seth Curry,Dallas Mavericks,Portland Trail Blazers,2018
Seth Curry,Portland Trail Blazers,Dallas Mavericks,2019
Seth Curry,Dallas Mavericks,Philadelphia 76ers,2020
Seth Curry,Philadelphia 76ers,Brooklyn Nets,2021
Seth Curry,Brooklyn Nets,Brooklyn Nets,2022
Seth Curry,Brooklyn Nets,Charlotte Hornets,2023
Seth Curry,Charlotte Hornets,Charlotte Hornets,2024
Seth Lundy,Atlanta Hawks,Los Angeles Clippers,2024
Shabazz Muhammad,Minnesota Timberwolves,Minnesota Timberwolves,2016
Shabazz Muhammad,Minnesota Timberwolves,Milwaukee Bucks,2017
Shabazz Napier,Orlando Magic,Portland Trail Blazers,2016
Shabazz Napier,Portland Trail Blazers,Portland Trail Blazers,2017
Shabazz Napier,Portland Trail Blazers,Brooklyn Nets,2018
Shabazz Napier,Brooklyn Nets,Washington Wizards,2019
Shai Gilgeous-Alexander,Los Angeles Clippers,Oklahoma City Thunder,2019
Shai Gilgeous-Alexander,Oklahoma City Thunder,Oklahoma City Thunder,2020
Shai Gilgeous-Alexander,Oklahoma City Thunder,Oklahoma City Thunder,2021
Shai Gilgeous-Alexander,Oklahoma City Thunder,Oklahoma City Thunder,2022
Shai Gilgeous-Alexander,Oklahoma City Thunder,Oklahoma City Thunder,2023
Shai Gilgeous-Alexander,Oklahoma City Thunder,Oklahoma City Thunder,2024
Shai Gilgeous-Alexander,Oklahoma City Thunder,Oklahoma City Thunder,2025
Shake Milton,Philadelphia 76ers,Philadelphia 76ers,2019
Shake Milton,Philadelphia 76ers,Philadelphia 76ers,2020
Shake Milton,Philadelphia 76ers,Philadelphia 76ers,2021
Shake Milton,Philadelphia 76ers,Philadelphia 76ers,2022
Shake Milton,Philadelphia 76ers,New York Knicks,2023
Shake Milton,New York Knicks,Los Angeles Lakers,2024
Shane Battier,Memphis Grizzlies,Memphis Grizzlies,2005
Shane Battier,Memphis Grizzlies,Houston Rockets,2006
Shane Battier,Houston Rockets,Houston Rockets,2007
Shane Battier,Houston Rockets,Houston Rockets,2008
Shane Battier,Houston Rockets,Houston Rockets,2009
Shane Battier,Houston Rockets,Memphis Grizzlies,2010
Shane Battier,Memphis Grizzlies,Miami Heat,2011
Shane Battier,Miami Heat,Miami Heat,2012
Shane Battier,Miami Heat,Miami Heat,2013
Shane Larkin,Brooklyn Nets,Boston Celtics,2017
Shannon Brown,Cleveland Cavaliers,Chicago Bulls,2007
Shannon Brown,Chicago Bulls,Los Angeles Lakers,2008
Shannon Brown,Los Angeles Lakers,Los Angeles Lakers,2009
Shannon Brown,Los Angeles Lakers,Los Angeles Lakers,2010
Shannon Brown,Los Angeles Lakers,Phoenix Suns,2011
Shannon Brown,Phoenix Suns,Phoenix Suns,2012
Shannon Brown,Phoenix Suns,New York Knicks,2013
Shaquille Harrison,Phoenix Suns,Chicago Bulls,2018
Shaquille Harrison,Chicago Bulls,Chicago Bulls,2019
Shaquille Harrison,Chicago Bulls,Denver Nuggets,2020
Shaquille Harrison,Denver Nuggets,Los Angeles Lakers,2022
Shaquille O'Neal,Miami Heat,Miami Heat,2005
Shaquille O'Neal,Miami Heat,Miami Heat,2006
Shaquille O'Neal,Miami Heat,Phoenix Suns,2007
Shaquille O'Neal,Phoenix Suns,Phoenix Suns,2008
Shaquille O'Neal,Phoenix Suns,Cleveland Cavaliers,2009
Shaquille O'Neal,Cleveland Cavaliers,Boston Celtics,2010
Shareef Abdur-Rahim,Portland Trail Blazers,Sacramento Kings,2005
Shareef Abdur-Rahim,Sacramento Kings,Sacramento Kings,2006
Shareef Abdur-Rahim,Sacramento Kings,Sacramento Kings,2007
Sharife Cooper,Atlanta Hawks,Washington Wizards,2025
Shaun Livingston,Los Angeles Clippers,Los Angeles Clippers,2005
Shaun Livingston,Los Angeles Clippers,Los Angeles Clippers,2006
Shaun Livingston,Los Angeles Clippers,Los Angeles Clippers,2007
Shaun Livingston,Los Angeles Clippers,Oklahoma City Thunder,2008
Shaun Livingston,Oklahoma City Thunder,Washington Wizards,2009
Shaun Livingston,Washington Wizards,Charlotte Hornets,2010
Shaun Livingston,Charlotte Hornets,Milwaukee Bucks,2011
Shaun Livingston,Milwaukee Bucks,Cleveland Cavaliers,2012
Shaun Livingston,Cleveland Cavaliers,Brooklyn Nets,2013
Shavlik Randolph,Philadelphia 76ers,Philadelphia 76ers,2006
Shavlik Randolph,Philadelphia 76ers,Philadelphia 76ers,2007
Shavlik Randolph,Philadelphia 76ers,Portland Trail Blazers,2008
Shavlik Randolph,Portland Trail Blazers,Miami Heat,2009
Shavlik Randolph,Miami Heat,Boston Celtics,2012
Shavlik Randolph,Boston Celtics,Phoenix Suns,2013
Shawn Marion,Phoenix Suns,Phoenix Suns,2005
Shawn Marion,Phoenix Suns,Phoenix Suns,2006
Shawn Marion,Phoenix Suns,Miami Heat,2007
Shawn Marion,Miami Heat,Toronto Raptors,2008
Shawn Marion,Toronto Raptors,Dallas Mavericks,2009
Shawn Marion,Dallas Mavericks,Dallas Mavericks,2010
Shawn Marion,Dallas Mavericks,Dallas Mavericks,2011
Shawn Marion,Dallas Mavericks,Dallas Mavericks,2012
Shawn Marion,Dallas Mavericks,Dallas Mavericks,2013
Shawne Williams,Indiana Pacers,Indiana Pacers,2007
Shawne Williams,Indiana Pacers,Dallas Mavericks,2008
Shawne Williams,Dallas Mavericks,New York Knicks,2010
Shawne Williams,New York Knicks,Portland Trail Blazers,2011
Shelden Williams,Atlanta Hawks,Sacramento Kings,2007
Shelden Williams,Sacramento Kings,Minnesota Timberwolves,2008
Shelden Williams,Minnesota Timberwolves,Boston Celtics,2009
Shelden Williams,Boston Celtics,New York Knicks,2010
Shelden Williams,New York Knicks,Brooklyn Nets,2011
Shelvin Mack,Washington Wizards,Atlanta Hawks,2012
Shelvin Mack,Atlanta Hawks,Atlanta Hawks,2013
Shelvin Mack,Utah Jazz,Utah Jazz,2016
Shelvin Mack,Utah Jazz,Charlotte Hornets,2018
Sidy Cissoko,San Antonio Spurs,Portland Trail Blazers,2024
Sidy Cissoko,Portland Trail Blazers,Portland Trail Blazers,2025
Simone Fontecchio,Utah Jazz,Detroit Pistons,2023
Simone Fontecchio,Detroit Pistons,Detroit Pistons,2024
Simone Fontecchio,Detroit Pistons,Miami Heat,2025
Sindarius Thornwell,Los Angeles Clippers,Los Angeles Clippers,2018
Sindarius Thornwell,Los Angeles Clippers,New Orleans Pelicans,2019
Sindarius Thornwell,New Orleans Pelicans,Orlando Magic,2020
Skal Labissiere,Sacramento Kings,Sacramento Kings,2017
Skal Labissiere,Sacramento Kings,Portland Trail Blazers,2018
Skal Labissiere,Portland Trail Blazers,Atlanta Hawks,2019
Skylar Mays,Atlanta Hawks,Atlanta Hawks,2021
Skylar Mays,Atlanta Hawks,Los Angeles Lakers,2023
Slava Medvedenko,Los Angeles Lakers,Atlanta Hawks,2006
Smush Parker,Los Angeles Lakers,Los Angeles Lakers,2006
Smush Parker,Los Angeles Lakers,Los Angeles Clippers,2007
Solomon Hill,Indiana Pacers,New Orleans Pelicans,2016
Solomon Hill,New Orleans Pelicans,New Orleans Pelicans,2017
Solomon Hill,New Orleans Pelicans,New Orleans Pelicans,2018
Solomon Hill,New Orleans Pelicans,Miami Heat,2019
Solomon Hill,Miami Heat,Atlanta Hawks,2020
Solomon Jones,Atlanta Hawks,Atlanta Hawks,2007
Solomon Jones,Atlanta Hawks,Atlanta Hawks,2008
Solomon Jones,Atlanta Hawks,Indiana Pacers,2009
Solomon Jones,Indiana Pacers,Indiana Pacers,2010
Sonny Weems,Denver Nuggets,Toronto Raptors,2009
Sonny Weems,Toronto Raptors,Toronto Raptors,2010
Speedy Claxton,New Orleans Pelicans,Atlanta Hawks,2006
Speedy Claxton,Atlanta Hawks,Atlanta Hawks,2007
Speedy Claxton,Atlanta Hawks,Atlanta Hawks,2008
Spencer Dinwiddie,Chicago Bulls,Detroit Pistons,2015
Spencer Dinwiddie,Detroit Pistons,Brooklyn Nets,2016
Spencer Dinwiddie,Brooklyn Nets,Brooklyn Nets,2017
Spencer Dinwiddie,Brooklyn Nets,Brooklyn Nets,2018
Spencer Dinwiddie,Brooklyn Nets,Brooklyn Nets,2019
Spencer Dinwiddie,Brooklyn Nets,Brooklyn Nets,2020
Spencer Dinwiddie,Brooklyn Nets,Dallas Mavericks,2021
Spencer Dinwiddie,Dallas Mavericks,Brooklyn Nets,2022
Spencer Dinwiddie,Brooklyn Nets,Los Angeles Lakers,2023
Spencer Dinwiddie,Los Angeles Lakers,Dallas Mavericks,2024
Spencer Hawes,Sacramento Kings,Sacramento Kings,2008
Spencer Hawes,Sacramento Kings,Sacramento Kings,2009
Spencer Hawes,Sacramento Kings,Philadelphia 76ers,2010
Spencer Hawes,Philadelphia 76ers,Philadelphia 76ers,2011
Spencer Hawes,Philadelphia 76ers,Philadelphia 76ers,2012
Spencer Hawes,Philadelphia 76ers,Cleveland Cavaliers,2013
Spencer Hawes,Charlotte Hornets,Milwaukee Bucks,2016
Stanley Johnson,Detroit Pistons,Detroit Pistons,2016
Stanley Johnson,Detroit Pistons,Detroit Pistons,2017
Stanley Johnson,Detroit Pistons,New Orleans Pelicans,2018
Stanley Johnson,New Orleans Pelicans,Toronto Raptors,2019
Stanley Johnson,Toronto Raptors,Toronto Raptors,2020
Stanley Johnson,Toronto Raptors,Los Angeles Lakers,2021
Stanley Umude,Detroit Pistons,Milwaukee Bucks,2024
Stephen Graham,Cleveland Cavaliers,Indiana Pacers,2007
Stephen Graham,Indiana Pacers,Indiana Pacers,2008
Stephen Graham,Indiana Pacers,Charlotte Hornets,2009
Stephen Graham,Charlotte Hornets,Brooklyn Nets,2010
Stephen Jackson,Indiana Pacers,Indiana Pacers,2005
Stephen Jackson,Indiana Pacers,Golden State Warriors,2006
Stephen Jackson,Golden State Warriors,Golden State Warriors,2007
Stephen Jackson,Golden State Warriors,Golden State Warriors,2008
Stephen Jackson,Golden State Warriors,Charlotte Hornets,2009
Stephen Jackson,Charlotte Hornets,Charlotte Hornets,2010
Stephen Jackson,Charlotte Hornets,San Antonio Spurs,2011
Stephon Marbury,New York Knicks,New York Knicks,2005
Stephon Marbury,New York Knicks,New York Knicks,2006
Stephon Marbury,New York Knicks,New York Knicks,2007
Stephon Marbury,New York Knicks,Boston Celtics,2008
Sterling Brown,Milwaukee Bucks,Milwaukee Bucks,2018
Sterling Brown,Milwaukee Bucks,Milwaukee Bucks,2019
Sterling Brown,Milwaukee Bucks,Houston Rockets,2020
Sterling Brown,Houston Rockets,Dallas Mavericks,2021
Steve Blake,Washington Wizards,Portland Trail Blazers,2005
Steve Blake,Portland Trail Blazers,Denver Nuggets,2006
Steve Blake,Denver Nuggets,Portland Trail Blazers,2007
Steve Blake,Portland Trail Blazers,Portland Trail Blazers,2008
Steve Blake,Portland Trail Blazers,Los Angeles Clippers,2009
Steve Blake,Los Angeles Clippers,Los Angeles Lakers,2010
Steve Blake,Los Angeles Lakers,Los Angeles Lakers,2011
Steve Blake,Los Angeles Lakers,Los Angeles Lakers,2012
Steve Blake,Los Angeles Lakers,Golden State Warriors,2013
Steve Francis,Orlando Magic,New York Knicks,2005
Steve Francis,New York Knicks,New York Knicks,2006
Steve Francis,New York Knicks,Houston Rockets,2007
Steve Nash,Phoenix Suns,Phoenix Suns,2005
Steve Nash,Phoenix Suns,Phoenix Suns,2006
Steve Nash,Phoenix Suns,Phoenix Suns,2007
Steve Nash,Phoenix Suns,Phoenix Suns,2008
Steve Nash,Phoenix Suns,Phoenix Suns,2009
Steve Nash,Phoenix Suns,Phoenix Suns,2010
Steve Nash,Phoenix Suns,Phoenix Suns,2011
Steve Nash,Phoenix Suns,Los Angeles Lakers,2012
Steve Nash,Los Angeles Lakers,Los Angeles Lakers,2013
Steve Novak,Houston Rockets,Houston Rockets,2007
Steve Novak,Houston Rockets,Los Angeles Clippers,2008
Steve Novak,Los Angeles Clippers,Los Angeles Clippers,2009
Steve Novak,Los Angeles Clippers,San Antonio Spurs,2010
Steve Novak,San Antonio Spurs,New York Knicks,2011
Steve Novak,New York Knicks,New York Knicks,2012
Steve Novak,New York Knicks,Toronto Raptors,2013
Steven Adams,Oklahoma City Thunder,Oklahoma City Thunder,2016
Steven Adams,Oklahoma City Thunder,Oklahoma City Thunder,2017
Steven Adams,Oklahoma City Thunder,Oklahoma City Thunder,2018
Steven Adams,Oklahoma City Thunder,Oklahoma City Thunder,2019
Steven Adams,Oklahoma City Thunder,New Orleans Pelicans,2020
Steven Adams,New Orleans Pelicans,Memphis Grizzlies,2021
Steven Adams,Memphis Grizzlies,Memphis Grizzlies,2022
Steven Adams,Memphis Grizzlies,Houston Rockets,2023
Steven Adams,Houston Rockets,Houston Rockets,2024
Steven Adams,Houston Rockets,Houston Rockets,2025
Steven Hunter,Phoenix Suns,Philadelphia 76ers,2005
Steven Hunter,Philadelphia 76ers,Philadelphia 76ers,2006
Steven Hunter,Philadelphia 76ers,Denver Nuggets,2007
Steven Hunter,Denver Nuggets,Denver Nuggets,2008
Steven Hunter,Denver Nuggets,Memphis Grizzlies,2009
Stromile Swift,Memphis Grizzlies,Houston Rockets,2005
Stromile Swift,Houston Rockets,Memphis Grizzlies,2006
Stromile Swift,Memphis Grizzlies,Brooklyn Nets,2007
Stromile Swift,Brooklyn Nets,Phoenix Suns,2008
Sundiata Gaines,Utah Jazz,Brooklyn Nets,2010
Sundiata Gaines,Brooklyn Nets,Brooklyn Nets,2011
Svi Mykhailiuk,Detroit Pistons,Detroit Pistons,2019
Svi Mykhailiuk,Detroit Pistons,Oklahoma City Thunder,2020
Svi Mykhailiuk,Oklahoma City Thunder,Toronto Raptors,2021
Svi Mykhailiuk,Toronto Raptors,Charlotte Hornets,2022
Svi Mykhailiuk,Charlotte Hornets,Boston Celtics,2023
Svi Mykhailiuk,Boston Celtics,Utah Jazz,2024
Svi Mykhailiuk,Utah Jazz,Utah Jazz,2025
T.J. Ford,Milwaukee Bucks,Toronto Raptors,2006
T.J. Ford,Toronto Raptors,Toronto Raptors,2007
T.J. Ford,Toronto Raptors,Indiana Pacers,2008
T.J. Ford,Indiana Pacers,Indiana Pacers,2009
T.J. Ford,Indiana Pacers,Indiana Pacers,2010
T.J. Leaf,Indiana Pacers,Indiana Pacers,2018
T.J. Leaf,Indiana Pacers,Indiana Pacers,2019
T.J. Leaf,Indiana Pacers,Portland Trail Blazers,2020
T.J. McConnell,Philadelphia 76ers,Philadelphia 76ers,2016
T.J. McConnell,Philadelphia 76ers,Philadelphia 76ers,2017
T.J. McConnell,Philadelphia 76ers,Philadelphia 76ers,2018
T.J. McConnell,Philadelphia 76ers,Indiana Pacers,2019
T.J. McConnell,Indiana Pacers,Indiana Pacers,2020
T.J. McConnell,Indiana Pacers,Indiana Pacers,2021
T.J. McConnell,Indiana Pacers,Indiana Pacers,2022
T.J. McConnell,Indiana Pacers,Indiana Pacers,2023
T.J. McConnell,Indiana Pacers,Indiana Pacers,2024
T.J. McConnell,Indiana Pacers,Indiana Pacers,2025
T.J. Warren,Phoenix Suns,Phoenix Suns,2016
T.J. Warren,Phoenix Suns,Phoenix Suns,2017
T.J. Warren,Phoenix Suns,Phoenix Suns,2018
T.J. Warren,Phoenix Suns,Indiana Pacers,2019
T.J. Warren,Indiana Pacers,Indiana Pacers,2020
T.J. Warren,Indiana Pacers,Indiana Pacers,2021
T.J. Warren,Indiana Pacers,Phoenix Suns,2022
T.J. Warren,Phoenix Suns,Minnesota Timberwolves,2023
Taj Gibson,Chicago Bulls,Oklahoma City Thunder,2016
Taj Gibson,Oklahoma City Thunder,Minnesota Timberwolves,2017
Taj Gibson,Minnesota Timberwolves,Minnesota Timberwolves,2018
Taj Gibson,Minnesota Timberwolves,New York Knicks,2019
Taj Gibson,New York Knicks,New York Knicks,2020
Taj Gibson,New York Knicks,New York Knicks,2021
Taj Gibson,New York Knicks,Washington Wizards,2022
Taj Gibson,Washington Wizards,Detroit Pistons,2023
Taj Gibson,Detroit Pistons,Charlotte Hornets,2024
Talen Horton-Tucker,Los Angeles Lakers,Los Angeles Lakers,2020
Talen Horton-Tucker,Los Angeles Lakers,Los Angeles Lakers,2021
Talen Horton-Tucker,Los Angeles Lakers,Utah Jazz,2022
Talen Horton-Tucker,Utah Jazz,Utah Jazz,2023
Talen Horton-Tucker,Utah Jazz,Chicago Bulls,2024
Tarence Kinsey,Memphis Grizzlies,Cleveland Cavaliers,2008
Tarik Black,Los Angeles Lakers,Los Angeles Lakers,2016
Tarik Black,Los Angeles Lakers,Houston Rockets,2017
Taurean Prince,Atlanta Hawks,Atlanta Hawks,2017
Taurean Prince,Atlanta Hawks,Atlanta Hawks,2018
Taurean Prince,Atlanta Hawks,Brooklyn Nets,2019
Taurean Prince,Brooklyn Nets,Cleveland Cavaliers,2020
Taurean Prince,Cleveland Cavaliers,Minnesota Timberwolves,2021
Taurean Prince,Minnesota Timberwolves,Minnesota Timberwolves,2022
Taurean Prince,Minnesota Timberwolves,Los Angeles Lakers,2023
Taurean Prince,Los Angeles Lakers,Milwaukee Bucks,2024
Taurean Prince,Milwaukee Bucks,Milwaukee Bucks,2025
Tayshaun Prince,Detroit Pistons,Detroit Pistons,2005
Tayshaun Prince,Detroit Pistons,Detroit Pistons,2006
Tayshaun Prince,Detroit Pistons,Detroit Pistons,2007
Tayshaun Prince,Detroit Pistons,Detroit Pistons,2008
Tayshaun Prince,Detroit Pistons,Detroit Pistons,2009
Tayshaun Prince,Detroit Pistons,Detroit Pistons,2010
Tayshaun Prince,Detroit Pistons,Detroit Pistons,2011
Tayshaun Prince,Detroit Pistons,Memphis Grizzlies,2012
Tayshaun Prince,Memphis Grizzlies,Memphis Grizzlies,2013
Terance Mann,Los Angeles Clippers,Los Angeles Clippers,2020
Terance Mann,Los Angeles Clippers,Los Angeles Clippers,2021
Terance Mann,Los Angeles Clippers,Los Angeles Clippers,2022
Terance Mann,Los Angeles Clippers,Los Angeles Clippers,2023
Terance Mann,Los Angeles Clippers,Atlanta Hawks,2024
Terance Mann,Atlanta Hawks,Brooklyn Nets,2025
Terence Davis,Toronto Raptors,Sacramento Kings,2020
Terence Davis,Sacramento Kings,Sacramento Kings,2021
Terence Davis,Sacramento Kings,Sacramento Kings,2022
Terence Davis,Sacramento Kings,Sacramento Kings,2024
Terrel Harris,Miami Heat,New Orleans Pelicans,2012
Terrence Ross,Toronto Raptors,Orlando Magic,2016
Terrence Ross,Orlando Magic,Orlando Magic,2017
Terrence Ross,Orlando Magic,Orlando Magic,2018
Terrence Ross,Orlando Magic,Orlando Magic,2019
Terrence Ross,Orlando Magic,Orlando Magic,2020
Terrence Ross,Orlando Magic,Orlando Magic,2021
Terrence Ross,Orlando Magic,Phoenix Suns,2022
Terrence Williams,Brooklyn Nets,Houston Rockets,2010
Terrence Williams,Houston Rockets,Sacramento Kings,2011
Terrence Williams,Sacramento Kings,Boston Celtics,2012
Terry Rozier,Boston Celtics,Boston Celtics,2016
Terry Rozier,Boston Celtics,Boston Celtics,2017
Terry Rozier,Boston Celtics,Boston Celtics,2018
Terry Rozier,Boston Celtics,Charlotte Hornets,2019
Terry Rozier,Charlotte Hornets,Charlotte Hornets,2020
Terry Rozier,Charlotte Hornets,Charlotte Hornets,2021
Terry Rozier,Charlotte Hornets,Charlotte Hornets,2022
Terry Rozier,Charlotte Hornets,Miami Heat,2023
Terry Rozier,Miami Heat,Miami Heat,2024
Terry Rozier,Miami Heat,Miami Heat,2025
Terry Taylor,Indiana Pacers,Chicago Bulls,2022
Thabo Sefolosha,Chicago Bulls,Chicago Bulls,2007
Thabo Sefolosha,Chicago Bulls,Oklahoma City Thunder,2008
Thabo Sefolosha,Oklahoma City Thunder,Oklahoma City Thunder,2009
Thabo Sefolosha,Oklahoma City Thunder,Oklahoma City Thunder,2010
Thabo Sefolosha,Oklahoma City Thunder,Oklahoma City Thunder,2011
Thabo Sefolosha,Oklahoma City Thunder,Oklahoma City Thunder,2012
Thabo Sefolosha,Oklahoma City Thunder,Oklahoma City Thunder,2013
Thabo Sefolosha,Atlanta Hawks,Atlanta Hawks,2016
Thabo Sefolosha,Atlanta Hawks,Utah Jazz,2017
Thabo Sefolosha,Utah Jazz,Utah Jazz,2018
Thabo Sefolosha,Utah Jazz,Houston Rockets,2019
Thaddeus Young,Brooklyn Nets,Indiana Pacers,2016
Thaddeus Young,Indiana Pacers,Indiana Pacers,2017
Thaddeus Young,Indiana Pacers,Indiana Pacers,2018
Thaddeus Young,Indiana Pacers,Chicago Bulls,2019
Thaddeus Young,Chicago Bulls,Chicago Bulls,2020
Thaddeus Young,Chicago Bulls,Toronto Raptors,2021
Thaddeus Young,Toronto Raptors,Toronto Raptors,2022
Thaddeus Young,Toronto Raptors,Phoenix Suns,2023
Theo Maledon,Oklahoma City Thunder,Oklahoma City Thunder,2021
Theo Maledon,Oklahoma City Thunder,Charlotte Hornets,2022
Theo Pinson,Brooklyn Nets,New York Knicks,2019
Theo Pinson,New York Knicks,New York Knicks,2020
Theo Pinson,New York Knicks,Dallas Mavericks,2021
Theo Pinson,Dallas Mavericks,Dallas Mavericks,2022
Theo Ratliff,Portland Trail Blazers,Portland Trail Blazers,2005
Theo Ratliff,Portland Trail Blazers,Boston Celtics,2006
Theo Ratliff,Boston Celtics,Detroit Pistons,2007
Theo Ratliff,Detroit Pistons,Philadelphia 76ers,2008
Theo Ratliff,Philadelphia 76ers,Charlotte Hornets,2009
Theo Ratliff,Charlotte Hornets,Los Angeles Lakers,2010
Thomas Bryant,Los Angeles Lakers,Washington Wizards,2018
Thomas Bryant,Washington Wizards,Washington Wizards,2019
Thomas Bryant,Washington Wizards,Washington Wizards,2020
Thomas Bryant,Washington Wizards,Washington Wizards,2021
Thomas Bryant,Washington Wizards,Denver Nuggets,2022
Thomas Bryant,Denver Nuggets,Miami Heat,2023
Thomas Bryant,Miami Heat,Indiana Pacers,2024
Thomas Bryant,Indiana Pacers,Cleveland Cavaliers,2025
Thomas Robinson,Houston Rockets,Portland Trail Blazers,2013
Thomas Robinson,Brooklyn Nets,Los Angeles Lakers,2016
Thon Maker,Milwaukee Bucks,Milwaukee Bucks,2017
Thon Maker,Milwaukee Bucks,Detroit Pistons,2018
Thon Maker,Detroit Pistons,Detroit Pistons,2019
Tiago Splitter,Atlanta Hawks,Philadelphia 76ers,2016
Tim Frazier,New Orleans Pelicans,New Orleans Pelicans,2016
Tim Frazier,New Orleans Pelicans,Washington Wizards,2017
Tim Frazier,Washington Wizards,Milwaukee Bucks,2018
Tim Frazier,Milwaukee Bucks,Memphis Grizzlies,2020
Tim Hardaway Jr.,Atlanta Hawks,Atlanta Hawks,2016
Tim Hardaway Jr.,Atlanta Hawks,New York Knicks,2017
Tim Hardaway Jr.,New York Knicks,Dallas Mavericks,2018
Tim Hardaway Jr.,Dallas Mavericks,Dallas Mavericks,2019
Tim Hardaway Jr.,Dallas Mavericks,Dallas Mavericks,2020
Tim Hardaway Jr.,Dallas Mavericks,Dallas Mavericks,2021
Tim Hardaway Jr.,Dallas Mavericks,Dallas Mavericks,2022
Tim Hardaway Jr.,Dallas Mavericks,Dallas Mavericks,2023
Tim Hardaway Jr.,Dallas Mavericks,Detroit Pistons,2024
Tim Hardaway Jr.,Detroit Pistons,Denver Nuggets,2025
Tim Thomas,New York Knicks,Phoenix Suns,2005
Tim Thomas,Phoenix Suns,Los Angeles Clippers,2006
Tim Thomas,Los Angeles Clippers,Los Angeles Clippers,2007
Tim Thomas,Los Angeles Clippers,Chicago Bulls,2008
Tim Thomas,Chicago Bulls,Dallas Mavericks,2009
Timofey Mozgov,Cleveland Cavaliers,Los Angeles Lakers,2016
Timofey Mozgov,Los Angeles Lakers,Brooklyn Nets,2017
Timofey Mozgov,Brooklyn Nets,Orlando Magic,2018
Timothe Luwawu-Cabarrot,Philadelphia 76ers,Philadelphia 76ers,2017
Timothe Luwawu-Cabarrot,Philadelphia 76ers,Chicago Bulls,2018
Timothe Luwawu-Cabarrot,Chicago Bulls,Brooklyn Nets,2019
Timothe Luwawu-Cabarrot,Brooklyn Nets,Brooklyn Nets,2020
Timothe Luwawu-Cabarrot,Brooklyn Nets,Atlanta Hawks,2021
Tobias Harris,Milwaukee Bucks,Orlando Magic,2012
Tobias Harris,Orlando Magic,Orlando Magic,2013
Tobias Harris,Detroit Pistons,Detroit Pistons,2016
Tobias Harris,Detroit Pistons,Los Angeles Clippers,2017
Tobias Harris,Los Angeles Clippers,Philadelphia 76ers,2018
Tobias Harris,Philadelphia 76ers,Philadelphia 76ers,2019
Tobias Harris,Philadelphia 76ers,Philadelphia 76ers,2020
Tobias Harris,Philadelphia 76ers,Philadelphia 76ers,2021
Tobias Harris,Philadelphia 76ers,Philadelphia 76ers,2022
Tobias Harris,Philadelphia 76ers,Philadelphia 76ers,2023
Tobias Harris,Philadelphia 76ers,Detroit Pistons,2024
Tobias Harris,Detroit Pistons,Detroit Pistons,2025
Tomas Satoransky,Washington Wizards,Washington Wizards,2017
Tomas Satoransky,Washington Wizards,Washington Wizards,2018
Tomas Satoransky,Washington Wizards,Chicago Bulls,2019
Tomas Satoransky,Chicago Bulls,Chicago Bulls,2020
Tomas Satoransky,Chicago Bulls,Washington Wizards,2021
Toney Douglas,New York Knicks,New York Knicks,2010
Toney Douglas,New York Knicks,New York Knicks,2011
Toney Douglas,New York Knicks,Sacramento Kings,2012
Toney Douglas,Sacramento Kings,Miami Heat,2013
Tony Allen,Boston Celtics,Boston Celtics,2005
Tony Allen,Boston Celtics,Boston Celtics,2006
Tony Allen,Boston Celtics,Boston Celtics,2007
Tony Allen,Boston Celtics,Boston Celtics,2008
Tony Allen,Boston Celtics,Boston Celtics,2009
Tony Allen,Boston Celtics,Memphis Grizzlies,2010
Tony Allen,Memphis Grizzlies,Memphis Grizzlies,2011
Tony Allen,Memphis Grizzlies,Memphis Grizzlies,2012
Tony Allen,Memphis Grizzlies,Memphis Grizzlies,2013
Tony Battie,Orlando Magic,Orlando Magic,2005
Tony Battie,Orlando Magic,Orlando Magic,2006
Tony Battie,Orlando Magic,Orlando Magic,2007
Tony Battie,Orlando Magic,Orlando Magic,2008
Tony Battie,Orlando Magic,Brooklyn Nets,2009
Tony Battie,Brooklyn Nets,Philadelphia 76ers,2010
Tony Battie,Philadelphia 76ers,Philadelphia 76ers,2011
Tony Bradley,Utah Jazz,Utah Jazz,2018
Tony Bradley,Utah Jazz,Utah Jazz,2019
Tony Bradley,Utah Jazz,Oklahoma City Thunder,2020
Tony Bradley,Oklahoma City Thunder,Chicago Bulls,2021
Tony Bradley,Chicago Bulls,Indiana Pacers,2024
Tony Bradley,Indiana Pacers,Indiana Pacers,2025
Tony Delk,Atlanta Hawks,Detroit Pistons,2005
Tony Parker,San Antonio Spurs,San Antonio Spurs,2016
Tony Parker,San Antonio Spurs,San Antonio Spurs,2017
Tony Parker,San Antonio Spurs,Charlotte Hornets,2018
Tony Snell,Chicago Bulls,Milwaukee Bucks,2016
Tony Snell,Milwaukee Bucks,Milwaukee Bucks,2017
Tony Snell,Milwaukee Bucks,Milwaukee Bucks,2018
Tony Snell,Milwaukee Bucks,Detroit Pistons,2019
Tony Snell,Detroit Pistons,Atlanta Hawks,2020
Tony Snell,Atlanta Hawks,New Orleans Pelicans,2021
Tony Wroten,Memphis Grizzlies,Philadelphia 76ers,2013
Torrey Craig,Denver Nuggets,Denver Nuggets,2018
Torrey Craig,Denver Nuggets,Denver Nuggets,2019
Torrey Craig,Denver Nuggets,Phoenix Suns,2020
Torrey Craig,Phoenix Suns,Phoenix Suns,2021
Torrey Craig,Phoenix Suns,Phoenix Suns,2022
Torrey Craig,Phoenix Suns,Chicago Bulls,2023
Torrey Craig,Chicago Bulls,Boston Celtics,2024
Tosan Evbuomwan,Detroit Pistons,Brooklyn Nets,2024
Tosan Evbuomwan,Brooklyn Nets,New York Knicks,2025
Tracy McGrady,Houston Rockets,Houston Rockets,2005
Tracy McGrady,Houston Rockets,Houston Rockets,2006
Tracy McGrady,Houston Rockets,Houston Rockets,2007
Tracy McGrady,Houston Rockets,Houston Rockets,2008
Tracy McGrady,Houston Rockets,New York Knicks,2009
Tracy McGrady,New York Knicks,Detroit Pistons,2010
Tracy McGrady,Detroit Pistons,Atlanta Hawks,2011
Tracy McGrady,Atlanta Hawks,San Antonio Spurs,2012
Travis Diener,Orlando Magic,Orlando Magic,2006
Travis Diener,Orlando Magic,Indiana Pacers,2007
Travis Diener,Indiana Pacers,Indiana Pacers,2008
Travis Diener,Indiana Pacers,Portland Trail Blazers,2009
Travis Outlaw,Portland Trail Blazers,Portland Trail Blazers,2005
Travis Outlaw,Portland Trail Blazers,Portland Trail Blazers,2006
Travis Outlaw,Portland Trail Blazers,Portland Trail Blazers,2007
Travis Outlaw,Portland Trail Blazers,Portland Trail Blazers,2008
Travis Outlaw,Portland Trail Blazers,Los Angeles Clippers,2009
Travis Outlaw,Los Angeles Clippers,Brooklyn Nets,2010
Travis Outlaw,Brooklyn Nets,Sacramento Kings,2011
Travis Outlaw,Sacramento Kings,Sacramento Kings,2012
Travis Outlaw,Sacramento Kings,Sacramento Kings,2013
Tre Jones,San Antonio Spurs,San Antonio Spurs,2021
Tre Jones,San Antonio Spurs,San Antonio Spurs,2022
Tre Jones,San Antonio Spurs,San Antonio Spurs,2023
Tre Jones,San Antonio Spurs,Chicago Bulls,2024
Tre Jones,Chicago Bulls,Chicago Bulls,2025
Tre Mann,Oklahoma City Thunder,Oklahoma City Thunder,2022
Tre Mann,Oklahoma City Thunder,Charlotte Hornets,2023
Tre Mann,Charlotte Hornets,Charlotte Hornets,2024
Tre Mann,Charlotte Hornets,Charlotte Hornets,2025
Trendon Watford,Portland Trail Blazers,Portland Trail Blazers,2022
Trendon Watford,Portland Trail Blazers,Brooklyn Nets,2023
Trendon Watford,Brooklyn Nets,Brooklyn Nets,2024
Trendon Watford,Brooklyn Nets,Philadelphia 76ers,2025
Trent Forrest,Utah Jazz,Utah Jazz,2021
Trent Forrest,Utah Jazz,Atlanta Hawks,2022
Trent Forrest,Atlanta Hawks,Atlanta Hawks,2023
Trenton Hassell,Minnesota Timberwolves,Minnesota Timberwolves,2005
Trenton Hassell,Minnesota Timberwolves,Minnesota Timberwolves,2006
Trenton Hassell,Minnesota Timberwolves,Brooklyn Nets,2007
Trenton Hassell,Brooklyn Nets,Brooklyn Nets,2008
Trenton Hassell,Brooklyn Nets,Brooklyn Nets,2009
Trentyn Flowers,Los Angeles Clippers,Chicago Bulls,2025
Trevelin Queen,Houston Rockets,Orlando Magic,2023
Trevelin Queen,Orlando Magic,Orlando Magic,2024
Treveon Graham,Charlotte Hornets,Charlotte Hornets,2017
Treveon Graham,Charlotte Hornets,Brooklyn Nets,2018
Treveon Graham,Brooklyn Nets,Atlanta Hawks,2019
Trevor Ariza,New York Knicks,Orlando Magic,2005
Trevor Ariza,Orlando Magic,Orlando Magic,2006
Trevor Ariza,Orlando Magic,Los Angeles Lakers,2007
Trevor Ariza,Los Angeles Lakers,Los Angeles Lakers,2008
Trevor Ariza,Los Angeles Lakers,Houston Rockets,2009
Trevor Ariza,Houston Rockets,New Orleans Pelicans,2010
Trevor Ariza,New Orleans Pelicans,New Orleans Pelicans,2011
Trevor Ariza,New Orleans Pelicans,Washington Wizards,2012
Trevor Ariza,Washington Wizards,Washington Wizards,2013
Trevor Ariza,Houston Rockets,Houston Rockets,2016
Trevor Ariza,Houston Rockets,Houston Rockets,2017
Trevor Ariza,Houston Rockets,Washington Wizards,2018
Trevor Ariza,Washington Wizards,Portland Trail Blazers,2019
Trevor Ariza,Portland Trail Blazers,Miami Heat,2020
Trevor Booker,Utah Jazz,Brooklyn Nets,2016
Trevor Booker,Brooklyn Nets,Indiana Pacers,2017
Trey Alexander,Denver Nuggets,New Orleans Pelicans,2025
Trey Burke,Utah Jazz,Washington Wizards,2016
Trey Burke,Washington Wizards,New York Knicks,2017
Trey Burke,New York Knicks,Dallas Mavericks,2018
Trey Burke,Dallas Mavericks,Dallas Mavericks,2019
Trey Burke,Dallas Mavericks,Dallas Mavericks,2020
Trey Burke,Dallas Mavericks,Dallas Mavericks,2021
Trey Jemison III,Memphis Grizzlies,Los Angeles Lakers,2024
Trey Jemison III,Los Angeles Lakers,New York Knicks,2025
Trey Lyles,Utah Jazz,Utah Jazz,2016
Trey Lyles,Utah Jazz,Denver Nuggets,2017
Trey Lyles,Denver Nuggets,Denver Nuggets,2018
Trey Lyles,Denver Nuggets,San Antonio Spurs,2019
Trey Lyles,San Antonio Spurs,San Antonio Spurs,2020
Trey Lyles,San Antonio Spurs,Sacramento Kings,2021
Trey Lyles,Sacramento Kings,Sacramento Kings,2022
Trey Lyles,Sacramento Kings,Sacramento Kings,2023
Trey Lyles,Sacramento Kings,Sacramento Kings,2024
Tristan Thompson,Cleveland Cavaliers,Cleveland Cavaliers,2016
Tristan Thompson,Cleveland Cavaliers,Cleveland Cavaliers,2017
Tristan Thompson,Cleveland Cavaliers,Cleveland Cavaliers,2018
Tristan Thompson,Cleveland Cavaliers,Cleveland Cavaliers,2019
Tristan Thompson,Cleveland Cavaliers,Boston Celtics,2020
Tristan Thompson,Boston Celtics,Chicago Bulls,2021
Tristan Thompson,Chicago Bulls,Los Angeles Lakers,2022
Tristan Thompson,Los Angeles Lakers,Cleveland Cavaliers,2023
Tristan Thompson,Cleveland Cavaliers,Cleveland Cavaliers,2024
Troy Brown Jr.,Washington Wizards,Washington Wizards,2019
Troy Brown Jr.,Washington Wizards,Chicago Bulls,2020
Troy Brown Jr.,Chicago Bulls,Chicago Bulls,2021
Troy Brown Jr.,Chicago Bulls,Los Angeles Lakers,2022
Troy Brown Jr.,Los Angeles Lakers,Detroit Pistons,2023
Troy Daniels,Charlotte Hornets,Memphis Grizzlies,2016
Troy Daniels,Memphis Grizzlies,Phoenix Suns,2017
Troy Daniels,Phoenix Suns,Phoenix Suns,2018
Troy Daniels,Phoenix Suns,Denver Nuggets,2019
Troy Murphy,Golden State Warriors,Golden State Warriors,2005
Troy Murphy,Golden State Warriors,Indiana Pacers,2006
Troy Murphy,Indiana Pacers,Indiana Pacers,2007
Troy Murphy,Indiana Pacers,Indiana Pacers,2008
Troy Murphy,Indiana Pacers,Indiana Pacers,2009
Troy Murphy,Indiana Pacers,Boston Celtics,2010
Troy Murphy,Boston Celtics,Los Angeles Lakers,2011
Troy Williams,Houston Rockets,New York Knicks,2017
Troy Williams,New York Knicks,Sacramento Kings,2018
Ty Jerome,Phoenix Suns,Oklahoma City Thunder,2020
Ty Jerome,Oklahoma City Thunder,Oklahoma City Thunder,2021
Ty Jerome,Oklahoma City Thunder,Golden State Warriors,2022
Ty Jerome,Golden State Warriors,Cleveland Cavaliers,2023
Ty Jerome,Cleveland Cavaliers,Cleveland Cavaliers,2024
Ty Jerome,Cleveland Cavaliers,Memphis Grizzlies,2025
Ty Lawson,Indiana Pacers,Sacramento Kings,2016
Ty Lawson,Sacramento Kings,Washington Wizards,2017
TyTy Washington Jr.,Houston Rockets,Milwaukee Bucks,2023
TyTy Washington Jr.,Milwaukee Bucks,Phoenix Suns,2024
Tyler Cavanaugh,Atlanta Hawks,Utah Jazz,2018
Tyler Cook,Denver Nuggets,Detroit Pistons,2020
Tyler Cook,Detroit Pistons,Chicago Bulls,2021
Tyler Dorsey,Atlanta Hawks,Memphis Grizzlies,2018
Tyler Ennis,Milwaukee Bucks,Los Angeles Lakers,2016
Tyler Ennis,Los Angeles Lakers,Los Angeles Lakers,2017
Tyler Hansbrough,Indiana Pacers,Indiana Pacers,2010
Tyler Hansbrough,Indiana Pacers,Indiana Pacers,2011
Tyler Hansbrough,Indiana Pacers,Indiana Pacers,2012
Tyler Hansbrough,Indiana Pacers,Toronto Raptors,2013
Tyler Johnson,Miami Heat,Miami Heat,2016
Tyler Johnson,Miami Heat,Miami Heat,2017
Tyler Johnson,Miami Heat,Phoenix Suns,2018
Tyler Johnson,Phoenix Suns,Brooklyn Nets,2019
Tyler Johnson,Brooklyn Nets,Brooklyn Nets,2020
Tyler Zeller,Boston Celtics,Boston Celtics,2016
Tyler Zeller,Boston Celtics,Milwaukee Bucks,2017
Tyler Zeller,Milwaukee Bucks,Memphis Grizzlies,2018
Tyler Zeller,Memphis Grizzlies,San Antonio Spurs,2019
Tyreke Evans,Sacramento Kings,Sacramento Kings,2010
Tyreke Evans,Sacramento Kings,Sacramento Kings,2011
Tyreke Evans,Sacramento Kings,Sacramento Kings,2012
Tyreke Evans,Sacramento Kings,New Orleans Pelicans,2013
Tyreke Evans,New Orleans Pelicans,Sacramento Kings,2016
Tyreke Evans,Sacramento Kings,Memphis Grizzlies,2017
Tyrell Terry,Dallas Mavericks,Memphis Grizzlies,2021
Tyrese Haliburton,Sacramento Kings,Indiana Pacers,2021
Tyrese Haliburton,Indiana Pacers,Indiana Pacers,2022
Tyrese Haliburton,Indiana Pacers,Indiana Pacers,2023
Tyrese Haliburton,Indiana Pacers,Indiana Pacers,2024
Tyrese Haliburton,Indiana Pacers,Indiana Pacers,2025
Tyrese Martin,Atlanta Hawks,Brooklyn Nets,2024
Tyrese Martin,Brooklyn Nets,Brooklyn Nets,2025
Tyronn Lue,Atlanta Hawks,Atlanta Hawks,2005
Tyronn Lue,Atlanta Hawks,Atlanta Hawks,2006
Tyronn Lue,Atlanta Hawks,Dallas Mavericks,2007
Tyronn Lue,Dallas Mavericks,Orlando Magic,2008
Tyrus Thomas,Chicago Bulls,Chicago Bulls,2007
Tyrus Thomas,Chicago Bulls,Chicago Bulls,2008
Tyrus Thomas,Chicago Bulls,Charlotte Hornets,2009
Tyrus Thomas,Charlotte Hornets,Charlotte Hornets,2010
Tyrus Thomas,Charlotte Hornets,Charlotte Hornets,2011
Tyrus Thomas,Charlotte Hornets,Charlotte Hornets,2012
Tyson Chandler,Chicago Bulls,Chicago Bulls,2005
Tyson Chandler,Chicago Bulls,New Orleans Pelicans,2006
Tyson Chandler,New Orleans Pelicans,New Orleans Pelicans,2007
Tyson Chandler,New Orleans Pelicans,New Orleans Pelicans,2008
Tyson Chandler,New Orleans Pelicans,Charlotte Hornets,2009
Tyson Chandler,Charlotte Hornets,Dallas Mavericks,2010
Tyson Chandler,Dallas Mavericks,New York Knicks,2011
Tyson Chandler,New York Knicks,New York Knicks,2012
Tyson Chandler,New York Knicks,Dallas Mavericks,2013
Tyson Chandler,Phoenix Suns,Phoenix Suns,2016
Tyson Chandler,Phoenix Suns,Phoenix Suns,2017
Tyson Chandler,Phoenix Suns,Los Angeles Lakers,2018
Tyson Chandler,Los Angeles Lakers,Houston Rockets,2019
Tyus Jones,Minnesota Timberwolves,Minnesota Timberwolves,2016
Tyus Jones,Minnesota Timberwolves,Minnesota Timberwolves,2017
Tyus Jones,Minnesota Timberwolves,Minnesota Timberwolves,2018
Tyus Jones,Minnesota Timberwolves,Memphis Grizzlies,2019
Tyus Jones,Memphis Grizzlies,Memphis Grizzlies,2020
Tyus Jones,Memphis Grizzlies,Memphis Grizzlies,2021
Tyus Jones,Memphis Grizzlies,Memphis Grizzlies,2022
Tyus Jones,Memphis Grizzlies,Washington Wizards,2023
Tyus Jones,Washington Wizards,Phoenix Suns,2024
Tyus Jones,Phoenix Suns,Orlando Magic,2025
Udoka Azubuike,Utah Jazz,Utah Jazz,2021
Udoka Azubuike,Utah Jazz,Utah Jazz,2022
Udoka Azubuike,Utah Jazz,Phoenix Suns,2023
Usman Garuba,Houston Rockets,Houston Rockets,2022
Usman Garuba,Houston Rockets,Golden State Warriors,2023
Vasilije Micic,Charlotte Hornets,Phoenix Suns,2024
Vernon Carey Jr.,Charlotte Hornets,Washington Wizards,2021
Vernon Carey Jr.,Washington Wizards,Utah Jazz,2022
Victor Oladipo,Orlando Magic,Oklahoma City Thunder,2016
Victor Oladipo,Oklahoma City Thunder,Indiana Pacers,2017
Victor Oladipo,Indiana Pacers,Indiana Pacers,2018
Victor Oladipo,Indiana Pacers,Indiana Pacers,2019
Victor Oladipo,Indiana Pacers,Miami Heat,2020
Victor Oladipo,Miami Heat,Miami Heat,2021
Victor Oladipo,Miami Heat,Miami Heat,2022
Viktor Khryapa,Portland Trail Blazers,Portland Trail Blazers,2005
Viktor Khryapa,Portland Trail Blazers,Chicago Bulls,2006
Vin Baker,Houston Rockets,Los Angeles Clippers,2005
Vince Carter,Brooklyn Nets,Brooklyn Nets,2005
Vince Carter,Brooklyn Nets,Brooklyn Nets,2006
Vince Carter,Brooklyn Nets,Brooklyn Nets,2007
Vince Carter,Brooklyn Nets,Brooklyn Nets,2008
Vince Carter,Brooklyn Nets,Orlando Magic,2009
Vince Carter,Orlando Magic,Phoenix Suns,2010
Vince Carter,Phoenix Suns,Dallas Mavericks,2011
Vince Carter,Dallas Mavericks,Dallas Mavericks,2012
Vince Carter,Dallas Mavericks,Dallas Mavericks,2013
Vince Carter,Memphis Grizzlies,Memphis Grizzlies,2016
Vince Carter,Memphis Grizzlies,Sacramento Kings,2017
Vince Carter,Sacramento Kings,Atlanta Hawks,2018
Vince Carter,Atlanta Hawks,Atlanta Hawks,2019
Vitaly Potapenko,Oklahoma City Thunder,Sacramento Kings,2005
Vitaly Potapenko,Sacramento Kings,Sacramento Kings,2006
Vladimir Radmanovic,Oklahoma City Thunder,Los Angeles Clippers,2005
Vladimir Radmanovic,Los Angeles Clippers,Los Angeles Lakers,2006
Vladimir Radmanovic,Los Angeles Lakers,Los Angeles Lakers,2007
Vladimir Radmanovic,Los Angeles Lakers,Charlotte Hornets,2008
Vladimir Radmanovic,Charlotte Hornets,Golden State Warriors,2009
Vladimir Radmanovic,Golden State Warriors,Golden State Warriors,2010
Vladimir Radmanovic,Golden State Warriors,Atlanta Hawks,2011
Vladimir Radmanovic,Atlanta Hawks,Chicago Bulls,2012
Von Wafer,Denver Nuggets,Portland Trail Blazers,2007
Von Wafer,Portland Trail Blazers,Houston Rockets,2008
Von Wafer,Houston Rockets,Boston Celtics,2010
Von Wafer,Boston Celtics,Orlando Magic,2011
Voshon Lenard,Denver Nuggets,Portland Trail Blazers,2005
Vít Krejčí,Oklahoma City Thunder,Atlanta Hawks,2022
Vít Krejčí,Atlanta Hawks,Atlanta Hawks,2023
Vít Krejčí,Atlanta Hawks,Atlanta Hawks,2024
Vít Krejčí,Atlanta Hawks,Atlanta Hawks,2025
Wade Baldwin IV,Memphis Grizzlies,Portland Trail Blazers,2017
Wally Szczerbiak,Minnesota Timberwolves,Boston Celtics,2005
Wally Szczerbiak,Boston Celtics,Boston Celtics,2006
Wally Szczerbiak,Boston Celtics,Cleveland Cavaliers,2007
Wally Szczerbiak,Cleveland Cavaliers,Cleveland Cavaliers,2008
Walter Herrmann,Charlotte Hornets,Detroit Pistons,2007
Walter Herrmann,Detroit Pistons,Detroit Pistons,2008
Walter McCarty,Phoenix Suns,Los Angeles Clippers,2005
Wayne Ellington,Minnesota Timberwolves,Minnesota Timberwolves,2010
Wayne Ellington,Minnesota Timberwolves,Minnesota Timberwolves,2011
Wayne Ellington,Minnesota Timberwolves,Cleveland Cavaliers,2012
Wayne Ellington,Cleveland Cavaliers,New York Knicks,2013
Wayne Ellington,Brooklyn Nets,Miami Heat,2016
Wayne Ellington,Miami Heat,Miami Heat,2017
Wayne Ellington,Miami Heat,Detroit Pistons,2018
Wayne Ellington,Detroit Pistons,New York Knicks,2019
Wayne Ellington,New York Knicks,Detroit Pistons,2020
Wayne Ellington,Detroit Pistons,Los Angeles Lakers,2021
Wayne Selden,Memphis Grizzlies,Memphis Grizzlies,2017
Wayne Selden,Memphis Grizzlies,Chicago Bulls,2018
Wendell Carter Jr.,Chicago Bulls,Chicago Bulls,2019
Wendell Carter Jr.,Chicago Bulls,Orlando Magic,2020
Wendell Carter Jr.,Orlando Magic,Orlando Magic,2021
Wendell Carter Jr.,Orlando Magic,Orlando Magic,2022
Wendell Carter Jr.,Orlando Magic,Orlando Magic,2023
Wendell Carter Jr.,Orlando Magic,Orlando Magic,2024
Wendell Carter Jr.,Orlando Magic,Orlando Magic,2025
Wendell Moore Jr.,Minnesota Timberwolves,Minnesota Timberwolves,2023
Wendell Moore Jr.,Minnesota Timberwolves,Charlotte Hornets,2024
Wenyen Gabriel,Sacramento Kings,Portland Trail Blazers,2019
Wenyen Gabriel,Portland Trail Blazers,New Orleans Pelicans,2020
Wenyen Gabriel,New Orleans Pelicans,Los Angeles Lakers,2021
Wenyen Gabriel,Los Angeles Lakers,Los Angeles Lakers,2022
Wes Iwundu,Orlando Magic,Orlando Magic,2018
Wes Iwundu,Orlando Magic,Orlando Magic,2019
Wes Iwundu,Orlando Magic,New Orleans Pelicans,2020
Wesley Johnson,Minnesota Timberwolves,Minnesota Timberwolves,2011
Wesley Johnson,Minnesota Timberwolves,Phoenix Suns,2012
Wesley Johnson,Phoenix Suns,Los Angeles Lakers,2013
Wesley Johnson,Los Angeles Clippers,Los Angeles Clippers,2016
Wesley Johnson,Los Angeles Clippers,Los Angeles Clippers,2017
Wesley Johnson,Los Angeles Clippers,Washington Wizards,2018
Wesley Matthews,Utah Jazz,Portland Trail Blazers,2010
Wesley Matthews,Portland Trail Blazers,Portland Trail Blazers,2011
Wesley Matthews,Portland Trail Blazers,Portland Trail Blazers,2012
Wesley Matthews,Portland Trail Blazers,Portland Trail Blazers,2013
Wesley Matthews,Dallas Mavericks,Dallas Mavericks,2016
Wesley Matthews,Dallas Mavericks,Dallas Mavericks,2017
Wesley Matthews,Dallas Mavericks,Indiana Pacers,2018
Wesley Matthews,Indiana Pacers,Milwaukee Bucks,2019
Wesley Matthews,Milwaukee Bucks,Los Angeles Lakers,2020
Wesley Matthews,Los Angeles Lakers,Milwaukee Bucks,2021
Wesley Matthews,Milwaukee Bucks,Milwaukee Bucks,2022
Wesley Matthews,Milwaukee Bucks,Atlanta Hawks,2023
Will Barton,Denver Nuggets,Denver Nuggets,2016
Will Barton,Denver Nuggets,Denver Nuggets,2017
Will Barton,Denver Nuggets,Denver Nuggets,2018
Will Barton,Denver Nuggets,Denver Nuggets,2019
Will Barton,Denver Nuggets,Denver Nuggets,2020
Will Barton,Denver Nuggets,Denver Nuggets,2021
Will Barton,Denver Nuggets,Toronto Raptors,2022
Will Bynum,Golden State Warriors,Detroit Pistons,2008
Will Bynum,Detroit Pistons,Detroit Pistons,2009
Will Bynum,Detroit Pistons,Detroit Pistons,2010
Will Bynum,Detroit Pistons,Detroit Pistons,2011
Will Bynum,Detroit Pistons,Detroit Pistons,2012
Will Bynum,Detroit Pistons,Detroit Pistons,2013
Willie Cauley-Stein,Sacramento Kings,Sacramento Kings,2016
Willie Cauley-Stein,Sacramento Kings,Sacramento Kings,2017
Willie Cauley-Stein,Sacramento Kings,Sacramento Kings,2018
Willie Cauley-Stein,Sacramento Kings,Dallas Mavericks,2019
Willie Cauley-Stein,Dallas Mavericks,Dallas Mavericks,2020
Willie Cauley-Stein,Dallas Mavericks,Houston Rockets,2022
Willie Green,Philadelphia 76ers,Philadelphia 76ers,2005
Willie Green,Philadelphia 76ers,Philadelphia 76ers,2006
Willie Green,Philadelphia 76ers,Philadelphia 76ers,2007
Willie Green,Philadelphia 76ers,Philadelphia 76ers,2008
Willie Green,Philadelphia 76ers,Philadelphia 76ers,2009
Willie Green,Philadelphia 76ers,New Orleans Pelicans,2010
Willie Green,New Orleans Pelicans,Atlanta Hawks,2011
Willie Green,Atlanta Hawks,Los Angeles Clippers,2012
Willie Green,Los Angeles Clippers,Los Angeles Clippers,2013
Willie Reed,Memphis Grizzlies,Sacramento Kings,2013
Willie Reed,Brooklyn Nets,Miami Heat,2016
Willy Hernangomez,New York Knicks,Charlotte Hornets,2017
Willy Hernangomez,Charlotte Hornets,Charlotte Hornets,2018
Willy Hernangomez,Charlotte Hornets,Charlotte Hornets,2019
Willy Hernangomez,Charlotte Hornets,New Orleans Pelicans,2020
Willy Hernangomez,New Orleans Pelicans,New Orleans Pelicans,2021
Willy Hernangomez,New Orleans Pelicans,New Orleans Pelicans,2022
Wilson Chandler,New York Knicks,New York Knicks,2008
Wilson Chandler,New York Knicks,New York Knicks,2009
Wilson Chandler,New York Knicks,Denver Nuggets,2010
Wilson Chandler,Denver Nuggets,Denver Nuggets,2011
Wilson Chandler,Denver Nuggets,Denver Nuggets,2012
Wilson Chandler,Denver Nuggets,Denver Nuggets,2013
Wilson Chandler,Denver Nuggets,Denver Nuggets,2016
Wilson Chandler,Denver Nuggets,Denver Nuggets,2017
Wilson Chandler,Denver Nuggets,Los Angeles Clippers,2018
Wilson Chandler,Los Angeles Clippers,Brooklyn Nets,2019
Xavier Henry,Memphis Grizzlies,New Orleans Pelicans,2011
Xavier Henry,New Orleans Pelicans,New Orleans Pelicans,2012
Xavier Henry,New Orleans Pelicans,Los Angeles Lakers,2013
Xavier Munford,Memphis Grizzlies,Milwaukee Bucks,2017
Xavier Sneed,Utah Jazz,Charlotte Hornets,2022
Xavier Tillman,Memphis Grizzlies,Memphis Grizzlies,2021
Xavier Tillman,Memphis Grizzlies,Memphis Grizzlies,2022
Xavier Tillman,Memphis Grizzlies,Boston Celtics,2023
Xavier Tillman,Boston Celtics,Boston Celtics,2024
Xavier Tillman,Boston Celtics,Boston Celtics,2025
Yakhouba Diawara,Denver Nuggets,Denver Nuggets,2007
Yakhouba Diawara,Denver Nuggets,Miami Heat,2008
Yakhouba Diawara,Miami Heat,Miami Heat,2009
Yi Jianlian,Milwaukee Bucks,Brooklyn Nets,2008
Yi Jianlian,Brooklyn Nets,Brooklyn Nets,2009
Yi Jianlian,Brooklyn Nets,Washington Wizards,2010
Yi Jianlian,Washington Wizards,Dallas Mavericks,2011
Yogi Ferrell,Dallas Mavericks,Dallas Mavericks,2017
Yogi Ferrell,Dallas Mavericks,Sacramento Kings,2018
Yogi Ferrell,Sacramento Kings,Sacramento Kings,2019
Yogi Ferrell,Sacramento Kings,Los Angeles Clippers,2020
Yuta Watanabe,Memphis Grizzlies,Memphis Grizzlies,2019
Yuta Watanabe,Memphis Grizzlies,Toronto Raptors,2020
Yuta Watanabe,Toronto Raptors,Toronto Raptors,2021
Yuta Watanabe,Toronto Raptors,Brooklyn Nets,2022
Yuta Watanabe,Brooklyn Nets,Memphis Grizzlies,2023
Zach Collins,Portland Trail Blazers,Portland Trail Blazers,2018
Zach Collins,Portland Trail Blazers,Portland Trail Blazers,2019
Zach Collins,Portland Trail Blazers,Portland Trail Blazers,2020
Zach Collins,Portland Trail Blazers,San Antonio Spurs,2021
Zach Collins,San Antonio Spurs,San Antonio Spurs,2022
Zach Collins,San Antonio Spurs,San Antonio Spurs,2023
Zach Collins,San Antonio Spurs,Chicago Bulls,2024
Zach Collins,Chicago Bulls,Chicago Bulls,2025
Zach LaVine,Minnesota Timberwolves,Minnesota Timberwolves,2016
Zach LaVine,Minnesota Timberwolves,Chicago Bulls,2017
Zach LaVine,Chicago Bulls,Chicago Bulls,2018
Zach LaVine,Chicago Bulls,Chicago Bulls,2019
Zach LaVine,Chicago Bulls,Chicago Bulls,2020
Zach LaVine,Chicago Bulls,Chicago Bulls,2021
Zach LaVine,Chicago Bulls,Chicago Bulls,2022
Zach LaVine,Chicago Bulls,Chicago Bulls,2023
Zach LaVine,Chicago Bulls,Sacramento Kings,2024
Zach LaVine,Sacramento Kings,Sacramento Kings,2025
Zach Randolph,Portland Trail Blazers,Portland Trail Blazers,2006
Zach Randolph,Portland Trail Blazers,New York Knicks,2007
Zach Randolph,New York Knicks,Los Angeles Clippers,2008
Zach Randolph,Los Angeles Clippers,Memphis Grizzlies,2009
Zach Randolph,Memphis Grizzlies,Memphis Grizzlies,2010
Zach Randolph,Memphis Grizzlies,Memphis Grizzlies,2011
Zach Randolph,Memphis Grizzlies,Memphis Grizzlies,2012
Zach Randolph,Memphis Grizzlies,Memphis Grizzlies,2013
Zach Randolph,Memphis Grizzlies,Memphis Grizzlies,2016
Zach Randolph,Memphis Grizzlies,Sacramento Kings,2017
Zaza Pachulia,Milwaukee Bucks,Atlanta Hawks,2005
Zaza Pachulia,Atlanta Hawks,Atlanta Hawks,2006
Zaza Pachulia,Atlanta Hawks,Atlanta Hawks,2007
Zaza Pachulia,Atlanta Hawks,Atlanta Hawks,2008
Zaza Pachulia,Atlanta Hawks,Atlanta Hawks,2009
Zaza Pachulia,Atlanta Hawks,Atlanta Hawks,2010
Zaza Pachulia,Atlanta Hawks,Atlanta Hawks,2011
Zaza Pachulia,Atlanta Hawks,Atlanta Hawks,2012
Zaza Pachulia,Atlanta Hawks,Milwaukee Bucks,2013
Zaza Pachulia,Dallas Mavericks,Golden State Warriors,2016
Zaza Pachulia,Golden State Warriors,Golden State Warriors,2017
Zaza Pachulia,Golden State Warriors,Detroit Pistons,2018
Ziaire Williams,Memphis Grizzlies,Memphis Grizzlies,2022
Ziaire Williams,Memphis Grizzlies,Memphis Grizzlies,2023
Ziaire Williams,Memphis Grizzlies,Brooklyn Nets,2024
Ziaire Williams,Brooklyn Nets,Brooklyn Nets,2025
Zydrunas Ilgauskas,Cleveland Cavaliers,Cleveland Cavaliers,2005
Zydrunas Ilgauskas,Cleveland Cavaliers,Cleveland Cavaliers,2006
Zydrunas Ilgauskas,Cleveland Cavaliers,Cleveland Cavaliers,2007
Zydrunas Ilgauskas,Cleveland Cavaliers,Cleveland Cavaliers,2008
Zydrunas Ilgauskas,Cleveland Cavaliers,Cleveland Cavaliers,2009
Zydrunas Ilgauskas,Cleveland Cavaliers,Miami Heat,2010
